<?xml version="1.0" encoding="utf-8"?><gpx creator="Garmin Desktop App" version="1.1" xsi:schemaLocation="http://www.topografix.com/GPX/1/1 http://www.topografix.com/GPX/1/1/gpx.xsd http://www.garmin.com/xmlschemas/WaypointExtension/v1 http://www8.garmin.com/xmlschemas/WaypointExtensionv1.xsd http://www.garmin.com/xmlschemas/TrackPointExtension/v1 http://www.garmin.com/xmlschemas/TrackPointExtensionv1.xsd http://www.garmin.com/xmlschemas/GpxExtensions/v3 http://www8.garmin.com/xmlschemas/GpxExtensionsv3.xsd http://www.garmin.com/xmlschemas/ActivityExtension/v1 http://www8.garmin.com/xmlschemas/ActivityExtensionv1.xsd http://www.garmin.com/xmlschemas/AdventuresExtensions/v1 http://www8.garmin.com/xmlschemas/AdventuresExtensionv1.xsd http://www.garmin.com/xmlschemas/PressureExtension/v1 http://www.garmin.com/xmlschemas/PressureExtensionv1.xsd http://www.garmin.com/xmlschemas/TripExtensions/v1 http://www.garmin.com/xmlschemas/TripExtensionsv1.xsd http://www.garmin.com/xmlschemas/TripMetaDataExtensions/v1 http://www.garmin.com/xmlschemas/TripMetaDataExtensionsv1.xsd http://www.garmin.com/xmlschemas/ViaPointTransportationModeExtensions/v1 http://www.garmin.com/xmlschemas/ViaPointTransportationModeExtensionsv1.xsd http://www.garmin.com/xmlschemas/CreationTimeExtension/v1 http://www.garmin.com/xmlschemas/CreationTimeExtensionsv1.xsd http://www.garmin.com/xmlschemas/AccelerationExtension/v1 http://www.garmin.com/xmlschemas/AccelerationExtensionv1.xsd http://www.garmin.com/xmlschemas/PowerExtension/v1 http://www.garmin.com/xmlschemas/PowerExtensionv1.xsd http://www.garmin.com/xmlschemas/VideoExtension/v1 http://www.garmin.com/xmlschemas/VideoExtensionv1.xsd" xmlns="http://www.topografix.com/GPX/1/1" xmlns:xsi="http://www.w3.org/2001/XMLSchema-instance" xmlns:wptx1="http://www.garmin.com/xmlschemas/WaypointExtension/v1" xmlns:gpxtrx="http://www.garmin.com/xmlschemas/GpxExtensions/v3" xmlns:gpxtpx="http://www.garmin.com/xmlschemas/TrackPointExtension/v1" xmlns:gpxx="http://www.garmin.com/xmlschemas/GpxExtensions/v3" xmlns:trp="http://www.garmin.com/xmlschemas/TripExtensions/v1" xmlns:adv="http://www.garmin.com/xmlschemas/AdventuresExtensions/v1" xmlns:prs="http://www.garmin.com/xmlschemas/PressureExtension/v1" xmlns:tmd="http://www.garmin.com/xmlschemas/TripMetaDataExtensions/v1" xmlns:vptm="http://www.garmin.com/xmlschemas/ViaPointTransportationModeExtensions/v1" xmlns:ctx="http://www.garmin.com/xmlschemas/CreationTimeExtension/v1" xmlns:gpxacc="http://www.garmin.com/xmlschemas/AccelerationExtension/v1" xmlns:gpxpx="http://www.garmin.com/xmlschemas/PowerExtension/v1" xmlns:vidx1="http://www.garmin.com/xmlschemas/VideoExtension/v1">

  <metadata>
    <link href="http://www.garmin.com">
      <text>Garmin International</text>
    </link>
    <time>2026-06-28T17:44:07Z</time>
    <bounds maxlat="47.01784118078649" maxlon="5.709770964458585" minlat="46.711888974532485" minlon="5.518939420580864" />
  </metadata>

  <wpt lat="46.711888974532485" lon="5.632073991000652">
    <ele>296</ele>
    <time>2021-06-10T23:54:33Z</time>
    <name>Prendre le coteau de Face</name>
    <sym>Flag, Blue</sym>
    <type>user</type>
    <extensions>
      <gpxx:WaypointExtension>
        <gpxx:DisplayMode>SymbolAndName</gpxx:DisplayMode>
      </gpxx:WaypointExtension>
      <wptx1:WaypointExtension>
        <wptx1:DisplayMode>SymbolAndName</wptx1:DisplayMode>
      </wptx1:WaypointExtension>
      <ctx:CreationTimeExtension>
        <ctx:CreationTime>2021-06-10T23:54:33Z</ctx:CreationTime>
      </ctx:CreationTimeExtension>
    </extensions>
  </wpt>

  <wpt lat="46.753792036324739" lon="5.634652012959123">
    <ele>457</ele>
    <time>2021-06-10T23:54:33Z</time>
    <name>Sommet de combe</name>
    <sym>Flag, Blue</sym>
    <type>user</type>
    <extensions>
      <gpxx:WaypointExtension>
        <gpxx:DisplayMode>SymbolAndName</gpxx:DisplayMode>
      </gpxx:WaypointExtension>
      <wptx1:WaypointExtension>
        <wptx1:DisplayMode>SymbolAndName</wptx1:DisplayMode>
      </wptx1:WaypointExtension>
      <ctx:CreationTimeExtension>
        <ctx:CreationTime>2021-06-10T23:54:33Z</ctx:CreationTime>
      </ctx:CreationTimeExtension>
    </extensions>
  </wpt>

  <trk>
    <name>Nogeennaam</name>
    <extensions>
      <gpxx:TrackExtension>
        <gpxx:DisplayColor>Blue</gpxx:DisplayColor>
      </gpxx:TrackExtension>
      <gpxtrkx:TrackStatsExtension xmlns:gpxtrkx="http://www.garmin.com/xmlschemas/TrackStatsExtension/v1">
        <gpxtrkx:Distance>54057</gpxtrkx:Distance>
        <gpxtrkx:TimerTime>8001</gpxtrkx:TimerTime>
        <gpxtrkx:TotalElapsedTime>8006</gpxtrkx:TotalElapsedTime>
        <gpxtrkx:MovingTime>7030</gpxtrkx:MovingTime>
        <gpxtrkx:StoppedTime>972</gpxtrkx:StoppedTime>
        <gpxtrkx:MovingSpeed>7.69</gpxtrkx:MovingSpeed>
        <gpxtrkx:MaxSpeed>13.968</gpxtrkx:MaxSpeed>
        <gpxtrkx:MaxElevation>278.764</gpxtrkx:MaxElevation>
        <gpxtrkx:MinElevation>213.934</gpxtrkx:MinElevation>
        <gpxtrkx:Ascent>353</gpxtrkx:Ascent>
        <gpxtrkx:Descent>363.736</gpxtrkx:Descent>
        <gpxtrkx:AvgAscentRate>0.093</gpxtrkx:AvgAscentRate>
        <gpxtrkx:MaxAscentRate>0.517</gpxtrkx:MaxAscentRate>
        <gpxtrkx:AvgDescentRate>0.079</gpxtrkx:AvgDescentRate>
        <gpxtrkx:MaxDescentRate>-0.679</gpxtrkx:MaxDescentRate>
        <gpxtrkx:Calories>1835</gpxtrkx:Calories>
      </gpxtrkx:TrackStatsExtension>
    </extensions>
    <trkseg>
      <trkpt lat="46.862339358776808" lon="5.599206034094095">
        <ele>277.98000000000002</ele>
        <time>2022-04-30T12:15:03Z</time>
      </trkpt>
      <trkpt lat="46.86231748200953" lon="5.599541813135147">
        <ele>278.12</ele>
        <time>2022-04-30T12:16:55Z</time>
      </trkpt>
      <trkpt lat="46.86234095133841" lon="5.599487414583564">
        <ele>278.20999999999998</ele>
        <time>2022-04-30T12:17:03Z</time>
      </trkpt>
      <trkpt lat="46.862388560548425" lon="5.599425556138158">
        <ele>278.69</ele>
        <time>2022-04-30T12:17:19Z</time>
      </trkpt>
      <trkpt lat="46.862383112311363" lon="5.599403847008944">
        <ele>278.19</ele>
        <time>2022-04-30T12:18:06Z</time>
      </trkpt>
      <trkpt lat="46.862393002957106" lon="5.599365038797259">
        <ele>277.56</ele>
        <time>2022-04-30T12:19:01Z</time>
      </trkpt>
      <trkpt lat="46.862394344061613" lon="5.599394040182233">
        <ele>277.33999999999997</ele>
        <time>2022-04-30T12:20:26Z</time>
      </trkpt>
      <trkpt lat="46.862386800348759" lon="5.599398482590914">
        <ele>277</ele>
        <time>2022-04-30T12:21:02Z</time>
      </trkpt>
      <trkpt lat="46.862392835319042" lon="5.599378785118461">
        <ele>277.05000000000001</ele>
        <time>2022-04-30T12:21:40Z</time>
      </trkpt>
      <trkpt lat="46.862387638539076" lon="5.599373839795589">
        <ele>277.29000000000002</ele>
        <time>2022-04-30T12:22:10Z</time>
      </trkpt>
      <trkpt lat="46.862372551113367" lon="5.599346933886409">
        <ele>277.13</ele>
        <time>2022-04-30T12:22:27Z</time>
      </trkpt>
      <trkpt lat="46.862370790913701" lon="5.599337294697762">
        <ele>277.13999999999999</ele>
        <time>2022-04-30T12:22:28Z</time>
      </trkpt>
      <trkpt lat="46.8623380176723" lon="5.599267976358533">
        <ele>276.79000000000002</ele>
        <time>2022-04-30T12:22:36Z</time>
      </trkpt>
      <trkpt lat="46.862331060692668" lon="5.599262109026313">
        <ele>276.75</ele>
        <time>2022-04-30T12:22:47Z</time>
      </trkpt>
      <trkpt lat="46.862335419282317" lon="5.599237466230989">
        <ele>276.69999999999999</ele>
        <time>2022-04-30T12:22:58Z</time>
      </trkpt>
      <trkpt lat="46.862344471737742" lon="5.599202597513795">
        <ele>276.64999999999998</ele>
        <time>2022-04-30T12:23:00Z</time>
      </trkpt>
      <trkpt lat="46.862370455637574" lon="5.59914325363934">
        <ele>276.62</ele>
        <time>2022-04-30T12:23:02Z</time>
      </trkpt>
      <trkpt lat="46.862529963254929" lon="5.598837733268738">
        <ele>276.25</ele>
        <time>2022-04-30T12:23:09Z</time>
      </trkpt>
      <trkpt lat="46.86277387663722" lon="5.598355857655406">
        <ele>275.18000000000001</ele>
        <time>2022-04-30T12:23:18Z</time>
      </trkpt>
      <trkpt lat="46.863009408116341" lon="5.597812458872795">
        <ele>275.44</ele>
        <time>2022-04-30T12:23:26Z</time>
      </trkpt>
      <trkpt lat="46.863366644829512" lon="5.596980303525925">
        <ele>274.32999999999998</ele>
        <time>2022-04-30T12:23:36Z</time>
      </trkpt>
      <trkpt lat="46.863832930102944" lon="5.595948742702603">
        <ele>272.05000000000001</ele>
        <time>2022-04-30T12:23:49Z</time>
      </trkpt>
      <trkpt lat="46.864256970584393" lon="5.595218930393457">
        <ele>271.14999999999998</ele>
        <time>2022-04-30T12:23:59Z</time>
      </trkpt>
      <trkpt lat="46.864743959158659" lon="5.594497080892324">
        <ele>268.72000000000003</ele>
        <time>2022-04-30T12:24:08Z</time>
      </trkpt>
      <trkpt lat="46.865319879725575" lon="5.593991903588176">
        <ele>265.30000000000001</ele>
        <time>2022-04-30T12:24:16Z</time>
      </trkpt>
      <trkpt lat="46.865846430882812" lon="5.593576831743121">
        <ele>262.08999999999997</ele>
        <time>2022-04-30T12:24:23Z</time>
      </trkpt>
      <trkpt lat="46.866604741662741" lon="5.592980291694403">
        <ele>258.82999999999998</ele>
        <time>2022-04-30T12:24:33Z</time>
      </trkpt>
      <trkpt lat="46.867503868415952" lon="5.592269003391266">
        <ele>255.81</ele>
        <time>2022-04-30T12:24:45Z</time>
      </trkpt>
      <trkpt lat="46.868292354047298" lon="5.591654861345887">
        <ele>254.06</ele>
        <time>2022-04-30T12:24:56Z</time>
      </trkpt>
      <trkpt lat="46.869142195209861" lon="5.590983722358942">
        <ele>251.47999999999999</ele>
        <time>2022-04-30T12:25:08Z</time>
      </trkpt>
      <trkpt lat="46.870060097426176" lon="5.590246869251132">
        <ele>250.11000000000001</ele>
        <time>2022-04-30T12:25:21Z</time>
      </trkpt>
      <trkpt lat="46.870248690247536" lon="5.590008068829775">
        <ele>249.56999999999999</ele>
        <time>2022-04-30T12:25:24Z</time>
      </trkpt>
      <trkpt lat="46.870304178446531" lon="5.58991402387619">
        <ele>249.41999999999999</ele>
        <time>2022-04-30T12:25:25Z</time>
      </trkpt>
      <trkpt lat="46.870354721322656" lon="5.589817464351654">
        <ele>249.28999999999999</ele>
        <time>2022-04-30T12:25:26Z</time>
      </trkpt>
      <trkpt lat="46.870810193940997" lon="5.58882093988359">
        <ele>247.58000000000001</ele>
        <time>2022-04-30T12:25:36Z</time>
      </trkpt>
      <trkpt lat="46.871363064274192" lon="5.587609922513366">
        <ele>246.59999999999999</ele>
        <time>2022-04-30T12:25:49Z</time>
      </trkpt>
      <trkpt lat="46.87193957157433" lon="5.586354816332459">
        <ele>246.94999999999999</ele>
        <time>2022-04-30T12:26:03Z</time>
      </trkpt>
      <trkpt lat="46.87240619212389" lon="5.585352005437017">
        <ele>246.55000000000001</ele>
        <time>2022-04-30T12:26:15Z</time>
      </trkpt>
      <trkpt lat="46.872841296717525" lon="5.584466708824039">
        <ele>246.81</ele>
        <time>2022-04-30T12:26:27Z</time>
      </trkpt>
      <trkpt lat="46.873327782377601" lon="5.583546459674835">
        <ele>246.19</ele>
        <time>2022-04-30T12:26:39Z</time>
      </trkpt>
      <trkpt lat="46.873877886682749" lon="5.582499308511615">
        <ele>245.49000000000001</ele>
        <time>2022-04-30T12:26:52Z</time>
      </trkpt>
      <trkpt lat="46.874306788668036" lon="5.581789193674922">
        <ele>243.19999999999999</ele>
        <time>2022-04-30T12:27:00Z</time>
      </trkpt>
      <trkpt lat="46.874379459768534" lon="5.581712583079934">
        <ele>242.66999999999999</ele>
        <time>2022-04-30T12:27:01Z</time>
      </trkpt>
      <trkpt lat="46.874457411468029" lon="5.581642175093293">
        <ele>242.09</ele>
        <time>2022-04-30T12:27:02Z</time>
      </trkpt>
      <trkpt lat="46.874539218842983" lon="5.581579227000475">
        <ele>241.5</ele>
        <time>2022-04-30T12:27:03Z</time>
      </trkpt>
      <trkpt lat="46.874626474454999" lon="5.581527259200811">
        <ele>240.94</ele>
        <time>2022-04-30T12:27:04Z</time>
      </trkpt>
      <trkpt lat="46.874718507751822" lon="5.58148761279881">
        <ele>240.40000000000001</ele>
        <time>2022-04-30T12:27:05Z</time>
      </trkpt>
      <trkpt lat="46.874815067276359" lon="5.581455677747726">
        <ele>239.87</ele>
        <time>2022-04-30T12:27:06Z</time>
      </trkpt>
      <trkpt lat="46.874915063381195" lon="5.581434052437544">
        <ele>239.34</ele>
        <time>2022-04-30T12:27:07Z</time>
      </trkpt>
      <trkpt lat="46.875015562400222" lon="5.581417875364423">
        <ele>238.80000000000001</ele>
        <time>2022-04-30T12:27:08Z</time>
      </trkpt>
      <trkpt lat="46.875716540962458" lon="5.581181673333049">
        <ele>235.37</ele>
        <time>2022-04-30T12:27:15Z</time>
      </trkpt>
      <trkpt lat="46.876142425462604" lon="5.580789232626557">
        <ele>233.13</ele>
        <time>2022-04-30T12:27:20Z</time>
      </trkpt>
      <trkpt lat="46.8768126424402" lon="5.580137288197875">
        <ele>232.09</ele>
        <time>2022-04-30T12:27:29Z</time>
      </trkpt>
      <trkpt lat="46.877546645700932" lon="5.579418707638979">
        <ele>233.25</ele>
        <time>2022-04-30T12:27:40Z</time>
      </trkpt>
      <trkpt lat="46.878458932042122" lon="5.578533662483096">
        <ele>233.90000000000001</ele>
        <time>2022-04-30T12:27:54Z</time>
      </trkpt>
      <trkpt lat="46.87906863167882" lon="5.577927818521857">
        <ele>234.59</ele>
        <time>2022-04-30T12:28:04Z</time>
      </trkpt>
      <trkpt lat="46.879774639382958" lon="5.577235724776983">
        <ele>234.75999999999999</ele>
        <time>2022-04-30T12:28:16Z</time>
      </trkpt>
      <trkpt lat="46.880652811378241" lon="5.576390996575356">
        <ele>234.36000000000001</ele>
        <time>2022-04-30T12:28:31Z</time>
      </trkpt>
      <trkpt lat="46.8813197594136" lon="5.575766377151012">
        <ele>233.63999999999999</ele>
        <time>2022-04-30T12:28:42Z</time>
      </trkpt>
      <trkpt lat="46.88176198862493" lon="5.575552638620138">
        <ele>233.18000000000001</ele>
        <time>2022-04-30T12:28:48Z</time>
      </trkpt>
      <trkpt lat="46.882407898083329" lon="5.575407883152366">
        <ele>232.44</ele>
        <time>2022-04-30T12:28:57Z</time>
      </trkpt>
      <trkpt lat="46.883036457002163" lon="5.575227923691273">
        <ele>233.03999999999999</ele>
        <time>2022-04-30T12:29:06Z</time>
      </trkpt>
      <trkpt lat="46.883372319862247" lon="5.57507730089128">
        <ele>232.91</ele>
        <time>2022-04-30T12:29:11Z</time>
      </trkpt>
      <trkpt lat="46.883438704535365" lon="5.575076378881931">
        <ele>232.88999999999999</ele>
        <time>2022-04-30T12:29:12Z</time>
      </trkpt>
      <trkpt lat="46.883505592122674" lon="5.575090209022164">
        <ele>232.91999999999999</ele>
        <time>2022-04-30T12:29:13Z</time>
      </trkpt>
      <trkpt lat="46.883865846320987" lon="5.575213003903627">
        <ele>233.44999999999999</ele>
        <time>2022-04-30T12:29:18Z</time>
      </trkpt>
      <trkpt lat="46.883935751393437" lon="5.575260613113642">
        <ele>233.5</ele>
        <time>2022-04-30T12:29:19Z</time>
      </trkpt>
      <trkpt lat="46.884003980085254" lon="5.57531769387424">
        <ele>233.5</ele>
        <time>2022-04-30T12:29:20Z</time>
      </trkpt>
      <trkpt lat="46.884341100230813" lon="5.575620280578733">
        <ele>232.44</ele>
        <time>2022-04-30T12:29:25Z</time>
      </trkpt>
      <trkpt lat="46.884755417704582" lon="5.575846424326301">
        <ele>231.86000000000001</ele>
        <time>2022-04-30T12:29:31Z</time>
      </trkpt>
      <trkpt lat="46.884827753528953" lon="5.575847765430808">
        <ele>231.88</ele>
        <time>2022-04-30T12:29:32Z</time>
      </trkpt>
      <trkpt lat="46.88523662276566" lon="5.575923705473542">
        <ele>231.94</ele>
        <time>2022-04-30T12:29:38Z</time>
      </trkpt>
      <trkpt lat="46.885299487039447" lon="5.575946588069201">
        <ele>231.96000000000001</ele>
        <time>2022-04-30T12:29:39Z</time>
      </trkpt>
      <trkpt lat="46.885818997398019" lon="5.576061168685556">
        <ele>231.88</ele>
        <time>2022-04-30T12:29:47Z</time>
      </trkpt>
      <trkpt lat="46.88628176227212" lon="5.576188238337636">
        <ele>232.33000000000001</ele>
        <time>2022-04-30T12:29:53Z</time>
      </trkpt>
      <trkpt lat="46.88710318878293" lon="5.576477833092213">
        <ele>232.03</ele>
        <time>2022-04-30T12:30:03Z</time>
      </trkpt>
      <trkpt lat="46.887747840955853" lon="5.576703641563654">
        <ele>230.38999999999999</ele>
        <time>2022-04-30T12:30:11Z</time>
      </trkpt>
      <trkpt lat="46.888494081795216" lon="5.576963480561972">
        <ele>230.91999999999999</ele>
        <time>2022-04-30T12:30:20Z</time>
      </trkpt>
      <trkpt lat="46.889257337898016" lon="5.577148720622063">
        <ele>229.65000000000001</ele>
        <time>2022-04-30T12:30:29Z</time>
      </trkpt>
      <trkpt lat="46.890206253156066" lon="5.577244609594345">
        <ele>229.77000000000001</ele>
        <time>2022-04-30T12:30:41Z</time>
      </trkpt>
      <trkpt lat="46.891042096540332" lon="5.577227007597685">
        <ele>230.56</ele>
        <time>2022-04-30T12:30:52Z</time>
      </trkpt>
      <trkpt lat="46.892077093943954" lon="5.577213764190674">
        <ele>230.44999999999999</ele>
        <time>2022-04-30T12:31:06Z</time>
      </trkpt>
      <trkpt lat="46.892957696691155" lon="5.57719063013792">
        <ele>229.56</ele>
        <time>2022-04-30T12:31:18Z</time>
      </trkpt>
      <trkpt lat="46.89365322701633" lon="5.577153498306871">
        <ele>230.16999999999999</ele>
        <time>2022-04-30T12:31:27Z</time>
      </trkpt>
      <trkpt lat="46.894341967999935" lon="5.576982758939266">
        <ele>230.94999999999999</ele>
        <time>2022-04-30T12:31:37Z</time>
      </trkpt>
      <trkpt lat="46.895023416727781" lon="5.576727362349629">
        <ele>230.81999999999999</ele>
        <time>2022-04-30T12:31:47Z</time>
      </trkpt>
      <trkpt lat="46.895404458045959" lon="5.576389571651816">
        <ele>230.83000000000001</ele>
        <time>2022-04-30T12:31:54Z</time>
      </trkpt>
      <trkpt lat="46.895463550463319" lon="5.57637850753963">
        <ele>230.84999999999999</ele>
        <time>2022-04-30T12:31:55Z</time>
      </trkpt>
      <trkpt lat="46.895519541576505" lon="5.576410610228777">
        <ele>230.83000000000001</ele>
        <time>2022-04-30T12:31:56Z</time>
      </trkpt>
      <trkpt lat="46.895563546568155" lon="5.576472636312246">
        <ele>230.83000000000001</ele>
        <time>2022-04-30T12:31:57Z</time>
      </trkpt>
      <trkpt lat="46.895597157999873" lon="5.576557125896215">
        <ele>230.91999999999999</ele>
        <time>2022-04-30T12:31:58Z</time>
      </trkpt>
      <trkpt lat="46.895628422498703" lon="5.576652260497212">
        <ele>230.91999999999999</ele>
        <time>2022-04-30T12:31:59Z</time>
      </trkpt>
      <trkpt lat="46.895656920969486" lon="5.576755190268159">
        <ele>230.91999999999999</ele>
        <time>2022-04-30T12:32:00Z</time>
      </trkpt>
      <trkpt lat="46.89601625315845" lon="5.578042650595307">
        <ele>231.16999999999999</ele>
        <time>2022-04-30T12:32:12Z</time>
      </trkpt>
      <trkpt lat="46.896393606439233" lon="5.579327177256346">
        <ele>230.72999999999999</ele>
        <time>2022-04-30T12:32:24Z</time>
      </trkpt>
      <trkpt lat="46.896714046597481" lon="5.580338621512055">
        <ele>229.72</ele>
        <time>2022-04-30T12:32:33Z</time>
      </trkpt>
      <trkpt lat="46.897050747647882" lon="5.58139281347394">
        <ele>228.96000000000001</ele>
        <time>2022-04-30T12:32:42Z</time>
      </trkpt>
      <trkpt lat="46.897259037941694" lon="5.582022294402123">
        <ele>231.44</ele>
        <time>2022-04-30T12:32:49Z</time>
      </trkpt>
      <trkpt lat="46.897286111488938" lon="5.582098988816142">
        <ele>231.69</ele>
        <time>2022-04-30T12:32:50Z</time>
      </trkpt>
      <trkpt lat="46.897512255236506" lon="5.582777671515942">
        <ele>234.11000000000001</ele>
        <time>2022-04-30T12:32:58Z</time>
      </trkpt>
      <trkpt lat="46.897736471146345" lon="5.583434058353305">
        <ele>236.33000000000001</ele>
        <time>2022-04-30T12:33:06Z</time>
      </trkpt>
      <trkpt lat="46.897978456690907" lon="5.584177868440747">
        <ele>236.84999999999999</ele>
        <time>2022-04-30T12:33:14Z</time>
      </trkpt>
      <trkpt lat="46.898267213255167" lon="5.585042210295796">
        <ele>234.56999999999999</ele>
        <time>2022-04-30T12:33:21Z</time>
      </trkpt>
      <trkpt lat="46.898498553782701" lon="5.585737572982907">
        <ele>231.36000000000001</ele>
        <time>2022-04-30T12:33:26Z</time>
      </trkpt>
      <trkpt lat="46.898769708350301" lon="5.586555814370513">
        <ele>228.22999999999999</ele>
        <time>2022-04-30T12:33:32Z</time>
      </trkpt>
      <trkpt lat="46.899115797132254" lon="5.587678318843246">
        <ele>228.43000000000001</ele>
        <time>2022-04-30T12:33:41Z</time>
      </trkpt>
      <trkpt lat="46.899187043309212" lon="5.588336130604148">
        <ele>228.21000000000001</ele>
        <time>2022-04-30T12:33:46Z</time>
      </trkpt>
      <trkpt lat="46.899211434647441" lon="5.589745212346315">
        <ele>228.06999999999999</ele>
        <time>2022-04-30T12:33:57Z</time>
      </trkpt>
      <trkpt lat="46.899242112413049" lon="5.591148091480136">
        <ele>228.94999999999999</ele>
        <time>2022-04-30T12:34:08Z</time>
      </trkpt>
      <trkpt lat="46.899268515408039" lon="5.592474779114127">
        <ele>231.13</ele>
        <time>2022-04-30T12:34:19Z</time>
      </trkpt>
      <trkpt lat="46.899300115182996" lon="5.593612957745791">
        <ele>232.47999999999999</ele>
        <time>2022-04-30T12:34:29Z</time>
      </trkpt>
      <trkpt lat="46.899311766028404" lon="5.594588192179799">
        <ele>233.28999999999999</ele>
        <time>2022-04-30T12:34:38Z</time>
      </trkpt>
      <trkpt lat="46.899369098246098" lon="5.59561631642282">
        <ele>232.65000000000001</ele>
        <time>2022-04-30T12:34:47Z</time>
      </trkpt>
      <trkpt lat="46.899562887847424" lon="5.596742844209075">
        <ele>231.78</ele>
        <time>2022-04-30T12:34:57Z</time>
      </trkpt>
      <trkpt lat="46.899765226989985" lon="5.597942126914859">
        <ele>231.63</ele>
        <time>2022-04-30T12:35:08Z</time>
      </trkpt>
      <trkpt lat="46.899896655231714" lon="5.598775874823332">
        <ele>232.08000000000001</ele>
        <time>2022-04-30T12:35:16Z</time>
      </trkpt>
      <trkpt lat="46.900113159790635" lon="5.60000566765666">
        <ele>232.43000000000001</ele>
        <time>2022-04-30T12:35:27Z</time>
      </trkpt>
      <trkpt lat="46.90039386972785" lon="5.601610466837883">
        <ele>232.41999999999999</ele>
        <time>2022-04-30T12:35:41Z</time>
      </trkpt>
      <trkpt lat="46.900598974898458" lon="5.602791057899594">
        <ele>232.81</ele>
        <time>2022-04-30T12:35:52Z</time>
      </trkpt>
      <trkpt lat="46.900716405361891" lon="5.60348616912961">
        <ele>233.69</ele>
        <time>2022-04-30T12:36:00Z</time>
      </trkpt>
      <trkpt lat="46.900843475013971" lon="5.604247832670808">
        <ele>235.75</ele>
        <time>2022-04-30T12:36:10Z</time>
      </trkpt>
      <trkpt lat="46.900972640141845" lon="5.604981249198318">
        <ele>237.49000000000001</ele>
        <time>2022-04-30T12:36:20Z</time>
      </trkpt>
      <trkpt lat="46.901133321225643" lon="5.605914909392595">
        <ele>239.22</ele>
        <time>2022-04-30T12:36:33Z</time>
      </trkpt>
      <trkpt lat="46.901235328987241" lon="5.606605494394898">
        <ele>239.71000000000001</ele>
        <time>2022-04-30T12:36:42Z</time>
      </trkpt>
      <trkpt lat="46.901412857696414" lon="5.607581567019224">
        <ele>242.69</ele>
        <time>2022-04-30T12:36:55Z</time>
      </trkpt>
      <trkpt lat="46.901537580415606" lon="5.608316995203495">
        <ele>245.13</ele>
        <time>2022-04-30T12:37:05Z</time>
      </trkpt>
      <trkpt lat="46.901743356138468" lon="5.60905946418643">
        <ele>247.19999999999999</ele>
        <time>2022-04-30T12:37:15Z</time>
      </trkpt>
      <trkpt lat="46.90207771025598" lon="5.609613675624132">
        <ele>248.28</ele>
        <time>2022-04-30T12:37:24Z</time>
      </trkpt>
      <trkpt lat="46.902554724365473" lon="5.610232762992382">
        <ele>249.5</ele>
        <time>2022-04-30T12:37:35Z</time>
      </trkpt>
      <trkpt lat="46.903086472302675" lon="5.610812036320567">
        <ele>248.75999999999999</ele>
        <time>2022-04-30T12:37:45Z</time>
      </trkpt>
      <trkpt lat="46.90381670370698" lon="5.611504297703505">
        <ele>246.71000000000001</ele>
        <time>2022-04-30T12:37:57Z</time>
      </trkpt>
      <trkpt lat="46.904285755008459" lon="5.612089857459068">
        <ele>245.30000000000001</ele>
        <time>2022-04-30T12:38:05Z</time>
      </trkpt>
      <trkpt lat="46.904953541234136" lon="5.61326852068305">
        <ele>243.74000000000001</ele>
        <time>2022-04-30T12:38:18Z</time>
      </trkpt>
      <trkpt lat="46.905369618907571" lon="5.614174269139767">
        <ele>242.66999999999999</ele>
        <time>2022-04-30T12:38:27Z</time>
      </trkpt>
      <trkpt lat="46.905565587803721" lon="5.61512385495007">
        <ele>241.77000000000001</ele>
        <time>2022-04-30T12:38:35Z</time>
      </trkpt>
      <trkpt lat="46.90581226721406" lon="5.616390025243163">
        <ele>241.41999999999999</ele>
        <time>2022-04-30T12:38:46Z</time>
      </trkpt>
      <trkpt lat="46.905992729589343" lon="5.617331899702549">
        <ele>241.88999999999999</ele>
        <time>2022-04-30T12:38:55Z</time>
      </trkpt>
      <trkpt lat="46.9061020296067" lon="5.617930451408029">
        <ele>244.93000000000001</ele>
        <time>2022-04-30T12:39:02Z</time>
      </trkpt>
      <trkpt lat="46.906229350715876" lon="5.618557082489133">
        <ele>247.37</ele>
        <time>2022-04-30T12:39:10Z</time>
      </trkpt>
      <trkpt lat="46.906402772292495" lon="5.619156220927835">
        <ele>249.56999999999999</ele>
        <time>2022-04-30T12:39:18Z</time>
      </trkpt>
      <trkpt lat="46.906429762020707" lon="5.619227048009634">
        <ele>249.81</ele>
        <time>2022-04-30T12:39:19Z</time>
      </trkpt>
      <trkpt lat="46.906456751748919" lon="5.619300808757544">
        <ele>250.02000000000001</ele>
        <time>2022-04-30T12:39:20Z</time>
      </trkpt>
      <trkpt lat="46.906486675143242" lon="5.619376245886087">
        <ele>250.40000000000001</ele>
        <time>2022-04-30T12:39:21Z</time>
      </trkpt>
      <trkpt lat="46.906514838337898" lon="5.619449336081743">
        <ele>250.59</ele>
        <time>2022-04-30T12:39:22Z</time>
      </trkpt>
      <trkpt lat="46.906777778640389" lon="5.620117541402578">
        <ele>252.11000000000001</ele>
        <time>2022-04-30T12:39:31Z</time>
      </trkpt>
      <trkpt lat="46.907125543802977" lon="5.621014488860965">
        <ele>253</ele>
        <time>2022-04-30T12:39:42Z</time>
      </trkpt>
      <trkpt lat="46.907288488000631" lon="5.621812529861927">
        <ele>253.06999999999999</ele>
        <time>2022-04-30T12:39:50Z</time>
      </trkpt>
      <trkpt lat="46.907420502975583" lon="5.622511245310307">
        <ele>252.97</ele>
        <time>2022-04-30T12:39:56Z</time>
      </trkpt>
      <trkpt lat="46.907612448558211" lon="5.62359225936234">
        <ele>250.80000000000001</ele>
        <time>2022-04-30T12:40:04Z</time>
      </trkpt>
      <trkpt lat="46.907830880954862" lon="5.624680062755942">
        <ele>247.87</ele>
        <time>2022-04-30T12:40:12Z</time>
      </trkpt>
      <trkpt lat="46.908127767965198" lon="5.626210514456034">
        <ele>245.33000000000001</ele>
        <time>2022-04-30T12:40:23Z</time>
      </trkpt>
      <trkpt lat="46.908431863412261" lon="5.627738535404205">
        <ele>242.81</ele>
        <time>2022-04-30T12:40:34Z</time>
      </trkpt>
      <trkpt lat="46.908617438748479" lon="5.62875903211534">
        <ele>242.22</ele>
        <time>2022-04-30T12:40:42Z</time>
      </trkpt>
      <trkpt lat="46.908794632181525" lon="5.629649106413126">
        <ele>243.81999999999999</ele>
        <time>2022-04-30T12:40:50Z</time>
      </trkpt>
      <trkpt lat="46.909019770100713" lon="5.63032359816134">
        <ele>244.81</ele>
        <time>2022-04-30T12:40:57Z</time>
      </trkpt>
      <trkpt lat="46.909397039562464" lon="5.631029354408383">
        <ele>244.72999999999999</ele>
        <time>2022-04-30T12:41:05Z</time>
      </trkpt>
      <trkpt lat="46.909771878272295" lon="5.631694961339235">
        <ele>243.69999999999999</ele>
        <time>2022-04-30T12:41:13Z</time>
      </trkpt>
      <trkpt lat="46.910169515758753" lon="5.632397783920169">
        <ele>243.19999999999999</ele>
        <time>2022-04-30T12:41:22Z</time>
      </trkpt>
      <trkpt lat="46.910251574590802" lon="5.632547652348876">
        <ele>243.06999999999999</ele>
        <time>2022-04-30T12:41:26Z</time>
      </trkpt>
      <trkpt lat="46.910266494378448" lon="5.632586795836687">
        <ele>243.18000000000001</ele>
        <time>2022-04-30T12:41:30Z</time>
      </trkpt>
      <trkpt lat="46.910280995070934" lon="5.632613953202963">
        <ele>243.22</ele>
        <time>2022-04-30T12:41:31Z</time>
      </trkpt>
      <trkpt lat="46.91030278801918" lon="5.632645804435015">
        <ele>243.25999999999999</ele>
        <time>2022-04-30T12:41:32Z</time>
      </trkpt>
      <trkpt lat="46.910330196842551" lon="5.632684361189604">
        <ele>243.28999999999999</ele>
        <time>2022-04-30T12:41:33Z</time>
      </trkpt>
      <trkpt lat="46.910358024761081" lon="5.632731970399618">
        <ele>243.31</ele>
        <time>2022-04-30T12:41:34Z</time>
      </trkpt>
      <trkpt lat="46.91041661426425" lon="5.632838420569897">
        <ele>243.22</ele>
        <time>2022-04-30T12:41:36Z</time>
      </trkpt>
      <trkpt lat="46.910466738045216" lon="5.632972111925483">
        <ele>243.16</ele>
        <time>2022-04-30T12:41:38Z</time>
      </trkpt>
      <trkpt lat="46.910497415810823" lon="5.633131451904774">
        <ele>243.22</ele>
        <time>2022-04-30T12:41:40Z</time>
      </trkpt>
      <trkpt lat="46.910509234294295" lon="5.63329640775919">
        <ele>243.34999999999999</ele>
        <time>2022-04-30T12:41:42Z</time>
      </trkpt>
      <trkpt lat="46.910543348640203" lon="5.633990345522761">
        <ele>243.46000000000001</ele>
        <time>2022-04-30T12:41:50Z</time>
      </trkpt>
      <trkpt lat="46.910586096346378" lon="5.634595602750778">
        <ele>244</ele>
        <time>2022-04-30T12:41:57Z</time>
      </trkpt>
      <trkpt lat="46.910583581775427" lon="5.634769527241588">
        <ele>244.38999999999999</ele>
        <time>2022-04-30T12:41:59Z</time>
      </trkpt>
      <trkpt lat="46.910470509901643" lon="5.635376963764429">
        <ele>245.5</ele>
        <time>2022-04-30T12:42:06Z</time>
      </trkpt>
      <trkpt lat="46.910466067492962" lon="5.635555749759078">
        <ele>245.74000000000001</ele>
        <time>2022-04-30T12:42:08Z</time>
      </trkpt>
      <trkpt lat="46.910473862662911" lon="5.635643759742379">
        <ele>245.84</ele>
        <time>2022-04-30T12:42:09Z</time>
      </trkpt>
      <trkpt lat="46.910491716116667" lon="5.63572539947927">
        <ele>245.93000000000001</ele>
        <time>2022-04-30T12:42:10Z</time>
      </trkpt>
      <trkpt lat="46.910515101626515" lon="5.635802932083607">
        <ele>246.00999999999999</ele>
        <time>2022-04-30T12:42:11Z</time>
      </trkpt>
      <trkpt lat="46.910542258992791" lon="5.635878788307309">
        <ele>246.09</ele>
        <time>2022-04-30T12:42:12Z</time>
      </trkpt>
      <trkpt lat="46.91085054539144" lon="5.636477759107947">
        <ele>247.33000000000001</ele>
        <time>2022-04-30T12:42:21Z</time>
      </trkpt>
      <trkpt lat="46.91126243211329" lon="5.637232130393386">
        <ele>249.83000000000001</ele>
        <time>2022-04-30T12:42:33Z</time>
      </trkpt>
      <trkpt lat="46.911492263898253" lon="5.637661032378674">
        <ele>251.28</ele>
        <time>2022-04-30T12:42:40Z</time>
      </trkpt>
      <trkpt lat="46.911534424871206" lon="5.637710401788354">
        <ele>251.46000000000001</ele>
        <time>2022-04-30T12:42:41Z</time>
      </trkpt>
      <trkpt lat="46.911581195890903" lon="5.637749210000038">
        <ele>251.63</ele>
        <time>2022-04-30T12:42:42Z</time>
      </trkpt>
      <trkpt lat="46.911630565300584" lon="5.637780725955963">
        <ele>251.91999999999999</ele>
        <time>2022-04-30T12:42:43Z</time>
      </trkpt>
      <trkpt lat="46.911680940538645" lon="5.637807380408049">
        <ele>252.03999999999999</ele>
        <time>2022-04-30T12:42:44Z</time>
      </trkpt>
      <trkpt lat="46.911730729043484" lon="5.637828167527914">
        <ele>252.09</ele>
        <time>2022-04-30T12:42:45Z</time>
      </trkpt>
      <trkpt lat="46.911779176443815" lon="5.637846356257796">
        <ele>252.13999999999999</ele>
        <time>2022-04-30T12:42:46Z</time>
      </trkpt>
      <trkpt lat="46.912243030965328" lon="5.638083480298519">
        <ele>253.38</ele>
        <time>2022-04-30T12:42:56Z</time>
      </trkpt>
      <trkpt lat="46.912680314853787" lon="5.638325214385986">
        <ele>255.33000000000001</ele>
        <time>2022-04-30T12:43:05Z</time>
      </trkpt>
      <trkpt lat="46.913196304813027" lon="5.638612797483802">
        <ele>257.66000000000003</ele>
        <time>2022-04-30T12:43:15Z</time>
      </trkpt>
      <trkpt lat="46.913641886785626" lon="5.638826452195644">
        <ele>258.87</ele>
        <time>2022-04-30T12:43:23Z</time>
      </trkpt>
      <trkpt lat="46.914136167615652" lon="5.639136582612991">
        <ele>260.56</ele>
        <time>2022-04-30T12:43:32Z</time>
      </trkpt>
      <trkpt lat="46.914715860038996" lon="5.639459788799286">
        <ele>261.74000000000001</ele>
        <time>2022-04-30T12:43:42Z</time>
      </trkpt>
      <trkpt lat="46.915287086740136" lon="5.639581074938178">
        <ele>262.06</ele>
        <time>2022-04-30T12:43:51Z</time>
      </trkpt>
      <trkpt lat="46.915656561031938" lon="5.639732116833329">
        <ele>263.37</ele>
        <time>2022-04-30T12:43:58Z</time>
      </trkpt>
      <trkpt lat="46.915870802477002" lon="5.639941496774554">
        <ele>264.73000000000002</ele>
        <time>2022-04-30T12:44:04Z</time>
      </trkpt>
      <trkpt lat="46.915911622345448" lon="5.639985585585237">
        <ele>264.80000000000001</ele>
        <time>2022-04-30T12:44:05Z</time>
      </trkpt>
      <trkpt lat="46.916250335052609" lon="5.640343241393566">
        <ele>264.72000000000003</ele>
        <time>2022-04-30T12:44:12Z</time>
      </trkpt>
      <trkpt lat="46.916804630309343" lon="5.640916479751468">
        <ele>263.68000000000001</ele>
        <time>2022-04-30T12:44:22Z</time>
      </trkpt>
      <trkpt lat="46.917347023263574" lon="5.641496255993843">
        <ele>264.80000000000001</ele>
        <time>2022-04-30T12:44:32Z</time>
      </trkpt>
      <trkpt lat="46.91787994466722" lon="5.642061615362763">
        <ele>267.08999999999997</ele>
        <time>2022-04-30T12:44:43Z</time>
      </trkpt>
      <trkpt lat="46.918413955718279" lon="5.642608869820833">
        <ele>268.82999999999998</ele>
        <time>2022-04-30T12:44:54Z</time>
      </trkpt>
      <trkpt lat="46.919052321463823" lon="5.643283277750015">
        <ele>270.80000000000001</ele>
        <time>2022-04-30T12:45:07Z</time>
      </trkpt>
      <trkpt lat="46.919526569545269" lon="5.643797088414431">
        <ele>272.80000000000001</ele>
        <time>2022-04-30T12:45:16Z</time>
      </trkpt>
      <trkpt lat="46.919984724372625" lon="5.644349036738277">
        <ele>273.60000000000002</ele>
        <time>2022-04-30T12:45:25Z</time>
      </trkpt>
      <trkpt lat="46.920587886124849" lon="5.645151687785983">
        <ele>274.83999999999997</ele>
        <time>2022-04-30T12:45:37Z</time>
      </trkpt>
      <trkpt lat="46.921134470030665" lon="5.645794915035367">
        <ele>275.25</ele>
        <time>2022-04-30T12:45:47Z</time>
      </trkpt>
      <trkpt lat="46.92172204144299" lon="5.646374272182584">
        <ele>275.05000000000001</ele>
        <time>2022-04-30T12:45:56Z</time>
      </trkpt>
      <trkpt lat="46.922202492132783" lon="5.646806191653013">
        <ele>274.35000000000002</ele>
        <time>2022-04-30T12:46:03Z</time>
      </trkpt>
      <trkpt lat="46.922415476292372" lon="5.646982379257679">
        <ele>273.88</ele>
        <time>2022-04-30T12:46:06Z</time>
      </trkpt>
      <trkpt lat="46.922969268634915" lon="5.647365767508745">
        <ele>272.93000000000001</ele>
        <time>2022-04-30T12:46:13Z</time>
      </trkpt>
      <trkpt lat="46.923335054889321" lon="5.647702971473336">
        <ele>272.30000000000001</ele>
        <time>2022-04-30T12:46:18Z</time>
      </trkpt>
      <trkpt lat="46.923486851155758" lon="5.647837668657303">
        <ele>271.69</ele>
        <time>2022-04-30T12:46:20Z</time>
      </trkpt>
      <trkpt lat="46.924036787822843" lon="5.648281658068299">
        <ele>269.62</ele>
        <time>2022-04-30T12:46:27Z</time>
      </trkpt>
      <trkpt lat="46.924568116664886" lon="5.648548202589154">
        <ele>267.81</ele>
        <time>2022-04-30T12:46:33Z</time>
      </trkpt>
      <trkpt lat="46.925163986161351" lon="5.648799072951078">
        <ele>265.99000000000001</ele>
        <time>2022-04-30T12:46:39Z</time>
      </trkpt>
      <trkpt lat="46.925781145691872" lon="5.649045584723353">
        <ele>263.44</ele>
        <time>2022-04-30T12:46:45Z</time>
      </trkpt>
      <trkpt lat="46.926276851445436" lon="5.649265609681606">
        <ele>264.25999999999999</ele>
        <time>2022-04-30T12:46:51Z</time>
      </trkpt>
      <trkpt lat="46.926784794777632" lon="5.649485467001796">
        <ele>267.51999999999998</ele>
        <time>2022-04-30T12:46:58Z</time>
      </trkpt>
      <trkpt lat="46.927217552438378" lon="5.649636341258884">
        <ele>268.58999999999997</ele>
        <time>2022-04-30T12:47:04Z</time>
      </trkpt>
      <trkpt lat="46.927774781361222" lon="5.649881428107619">
        <ele>268.31999999999999</ele>
        <time>2022-04-30T12:47:11Z</time>
      </trkpt>
      <trkpt lat="46.928459666669369" lon="5.650183176621795">
        <ele>265.93000000000001</ele>
        <time>2022-04-30T12:47:19Z</time>
      </trkpt>
      <trkpt lat="46.92924739792943" lon="5.650644265115261">
        <ele>264.36000000000001</ele>
        <time>2022-04-30T12:47:28Z</time>
      </trkpt>
      <trkpt lat="46.930401753634214" lon="5.651366198435426">
        <ele>263.99000000000001</ele>
        <time>2022-04-30T12:47:42Z</time>
      </trkpt>
      <trkpt lat="46.931337593123317" lon="5.652192905545235">
        <ele>261.70999999999998</ele>
        <time>2022-04-30T12:47:54Z</time>
      </trkpt>
      <trkpt lat="46.932032452896237" lon="5.652726665139198">
        <ele>259.81999999999999</ele>
        <time>2022-04-30T12:48:03Z</time>
      </trkpt>
      <trkpt lat="46.932722367346287" lon="5.653175180777907">
        <ele>258.25999999999999</ele>
        <time>2022-04-30T12:48:12Z</time>
      </trkpt>
      <trkpt lat="46.933359894901514" lon="5.653656721115112">
        <ele>256.63</ele>
        <time>2022-04-30T12:48:21Z</time>
      </trkpt>
      <trkpt lat="46.934143602848053" lon="5.654267845675349">
        <ele>254.55000000000001</ele>
        <time>2022-04-30T12:48:32Z</time>
      </trkpt>
      <trkpt lat="46.934794457629323" lon="5.654620556160808">
        <ele>252.65000000000001</ele>
        <time>2022-04-30T12:48:41Z</time>
      </trkpt>
      <trkpt lat="46.935619069263339" lon="5.655026575550437">
        <ele>250.75</ele>
        <time>2022-04-30T12:48:52Z</time>
      </trkpt>
      <trkpt lat="46.936479555442929" lon="5.655425302684307">
        <ele>248.94999999999999</ele>
        <time>2022-04-30T12:49:04Z</time>
      </trkpt>
      <trkpt lat="46.937242476269603" lon="5.655760243535042">
        <ele>248.94</ele>
        <time>2022-04-30T12:49:15Z</time>
      </trkpt>
      <trkpt lat="46.9377969391644" lon="5.655992422252893">
        <ele>249.61000000000001</ele>
        <time>2022-04-30T12:49:24Z</time>
      </trkpt>
      <trkpt lat="46.938219973817468" lon="5.656166849657893">
        <ele>249.49000000000001</ele>
        <time>2022-04-30T12:49:31Z</time>
      </trkpt>
      <trkpt lat="46.9382752943784" lon="5.656202221289277">
        <ele>249.46000000000001</ele>
        <time>2022-04-30T12:49:32Z</time>
      </trkpt>
      <trkpt lat="46.938330866396427" lon="5.656247399747372">
        <ele>249.41999999999999</ele>
        <time>2022-04-30T12:49:33Z</time>
      </trkpt>
      <trkpt lat="46.93838476203382" lon="5.656301211565733">
        <ele>249.43000000000001</ele>
        <time>2022-04-30T12:49:34Z</time>
      </trkpt>
      <trkpt lat="46.938434131443501" lon="5.656361058354378">
        <ele>249.44</ele>
        <time>2022-04-30T12:49:35Z</time>
      </trkpt>
      <trkpt lat="46.938701849430799" lon="5.656675379723311">
        <ele>248.97</ele>
        <time>2022-04-30T12:49:40Z</time>
      </trkpt>
      <trkpt lat="46.938760858029127" lon="5.656717121601105">
        <ele>248.72</ele>
        <time>2022-04-30T12:49:41Z</time>
      </trkpt>
      <trkpt lat="46.939159082248807" lon="5.656913928687573">
        <ele>246.61000000000001</ele>
        <time>2022-04-30T12:49:47Z</time>
      </trkpt>
      <trkpt lat="46.939230915158987" lon="5.656917868182063">
        <ele>245.68000000000001</ele>
        <time>2022-04-30T12:49:48Z</time>
      </trkpt>
      <trkpt lat="46.939302496612072" lon="5.656907642260194">
        <ele>245.15000000000001</ele>
        <time>2022-04-30T12:49:49Z</time>
      </trkpt>
      <trkpt lat="46.939439456909895" lon="5.656889621168375">
        <ele>244.05000000000001</ele>
        <time>2022-04-30T12:49:51Z</time>
      </trkpt>
      <trkpt lat="46.939507685601711" lon="5.656900182366371">
        <ele>243.56</ele>
        <time>2022-04-30T12:49:52Z</time>
      </trkpt>
      <trkpt lat="46.939573902636766" lon="5.65692599862814">
        <ele>243.09</ele>
        <time>2022-04-30T12:49:53Z</time>
      </trkpt>
      <trkpt lat="46.939633162692189" lon="5.656969584524632">
        <ele>242.66</ele>
        <time>2022-04-30T12:49:54Z</time>
      </trkpt>
      <trkpt lat="46.939686052501202" lon="5.657024150714278">
        <ele>242.25</ele>
        <time>2022-04-30T12:49:55Z</time>
      </trkpt>
      <trkpt lat="46.939728716388345" lon="5.657100174576044">
        <ele>241.90000000000001</ele>
        <time>2022-04-30T12:49:56Z</time>
      </trkpt>
      <trkpt lat="46.939760651439428" lon="5.657189022749662">
        <ele>241.65000000000001</ele>
        <time>2022-04-30T12:49:57Z</time>
      </trkpt>
      <trkpt lat="46.939791329205036" lon="5.657285833731294">
        <ele>241.41999999999999</ele>
        <time>2022-04-30T12:49:58Z</time>
      </trkpt>
      <trkpt lat="46.940000709146261" lon="5.657971892505884">
        <ele>239.90000000000001</ele>
        <time>2022-04-30T12:50:05Z</time>
      </trkpt>
      <trkpt lat="46.940310671925545" lon="5.658687287941575">
        <ele>237.66999999999999</ele>
        <time>2022-04-30T12:50:13Z</time>
      </trkpt>
      <trkpt lat="46.940745357424021" lon="5.659403773024678">
        <ele>235.94999999999999</ele>
        <time>2022-04-30T12:50:22Z</time>
      </trkpt>
      <trkpt lat="46.941124219447374" lon="5.659902496263385">
        <ele>235.34999999999999</ele>
        <time>2022-04-30T12:50:29Z</time>
      </trkpt>
      <trkpt lat="46.941192699596286" lon="5.659953877329826">
        <ele>235.16999999999999</ele>
        <time>2022-04-30T12:50:30Z</time>
      </trkpt>
      <trkpt lat="46.941267633810639" lon="5.659988997504115">
        <ele>235.02000000000001</ele>
        <time>2022-04-30T12:50:31Z</time>
      </trkpt>
      <trkpt lat="46.941343070939183" lon="5.66001514904201">
        <ele>234.87</ele>
        <time>2022-04-30T12:50:32Z</time>
      </trkpt>
      <trkpt lat="46.941413814201951" lon="5.660034427419305">
        <ele>234.72</ele>
        <time>2022-04-30T12:50:33Z</time>
      </trkpt>
      <trkpt lat="46.941479863598943" lon="5.6600571423769">
        <ele>234.53999999999999</ele>
        <time>2022-04-30T12:50:34Z</time>
      </trkpt>
      <trkpt lat="46.941531328484416" lon="5.660093184560537">
        <ele>234.41999999999999</ele>
        <time>2022-04-30T12:50:35Z</time>
      </trkpt>
      <trkpt lat="46.941568544134498" lon="5.660135010257363">
        <ele>234.34</ele>
        <time>2022-04-30T12:50:36Z</time>
      </trkpt>
      <trkpt lat="46.941598216071725" lon="5.660169795155525">
        <ele>234.25999999999999</ele>
        <time>2022-04-30T12:50:37Z</time>
      </trkpt>
      <trkpt lat="46.941620595753193" lon="5.660190749913454">
        <ele>234.41999999999999</ele>
        <time>2022-04-30T12:50:38Z</time>
      </trkpt>
      <trkpt lat="46.941641634330153" lon="5.660207429900765">
        <ele>234.69</ele>
        <time>2022-04-30T12:50:39Z</time>
      </trkpt>
      <trkpt lat="46.941671222448349" lon="5.660214386880398">
        <ele>234.91</ele>
        <time>2022-04-30T12:50:40Z</time>
      </trkpt>
      <trkpt lat="46.941706845536828" lon="5.660199131816626">
        <ele>235.09</ele>
        <time>2022-04-30T12:50:41Z</time>
      </trkpt>
      <trkpt lat="46.941745989024639" lon="5.660161497071385">
        <ele>235.22999999999999</ele>
        <time>2022-04-30T12:50:42Z</time>
      </trkpt>
      <trkpt lat="46.941790077835321" lon="5.660111457109451">
        <ele>235.27000000000001</ele>
        <time>2022-04-30T12:50:43Z</time>
      </trkpt>
      <trkpt lat="46.94183693267405" lon="5.660055130720139">
        <ele>235.21000000000001</ele>
        <time>2022-04-30T12:50:44Z</time>
      </trkpt>
      <trkpt lat="46.942098950967193" lon="5.659737288951874">
        <ele>234.75</ele>
        <time>2022-04-30T12:50:49Z</time>
      </trkpt>
      <trkpt lat="46.942149996757507" lon="5.65965841524303">
        <ele>234.59</ele>
        <time>2022-04-30T12:50:50Z</time>
      </trkpt>
      <trkpt lat="46.942198276519775" lon="5.659570069983602">
        <ele>234.34999999999999</ele>
        <time>2022-04-30T12:50:51Z</time>
      </trkpt>
      <trkpt lat="46.942539419978857" lon="5.658936901018024">
        <ele>233.16</ele>
        <time>2022-04-30T12:50:58Z</time>
      </trkpt>
      <trkpt lat="46.942931022495031" lon="5.658289147540927">
        <ele>233.46000000000001</ele>
        <time>2022-04-30T12:51:06Z</time>
      </trkpt>
      <trkpt lat="46.943313237279654" lon="5.657674083486199">
        <ele>233.41</ele>
        <time>2022-04-30T12:51:14Z</time>
      </trkpt>
      <trkpt lat="46.943365707993507" lon="5.657612476497889">
        <ele>233.36000000000001</ele>
        <time>2022-04-30T12:51:15Z</time>
      </trkpt>
      <trkpt lat="46.943479366600513" lon="5.657509546726942">
        <ele>233.38999999999999</ele>
        <time>2022-04-30T12:51:17Z</time>
      </trkpt>
      <trkpt lat="46.94354172796011" lon="5.657467721030116">
        <ele>233.44</ele>
        <time>2022-04-30T12:51:18Z</time>
      </trkpt>
      <trkpt lat="46.943608615547419" lon="5.657434612512589">
        <ele>233.50999999999999</ele>
        <time>2022-04-30T12:51:19Z</time>
      </trkpt>
      <trkpt lat="46.943679191172123" lon="5.657415501773357">
        <ele>233.56999999999999</ele>
        <time>2022-04-30T12:51:20Z</time>
      </trkpt>
      <trkpt lat="46.943750940263271" lon="5.657412987202406">
        <ele>233.63999999999999</ele>
        <time>2022-04-30T12:51:21Z</time>
      </trkpt>
      <trkpt lat="46.943825203925371" lon="5.657429918646812">
        <ele>233.71000000000001</ele>
        <time>2022-04-30T12:51:22Z</time>
      </trkpt>
      <trkpt lat="46.943899132311344" lon="5.657465290278196">
        <ele>233.75</ele>
        <time>2022-04-30T12:51:23Z</time>
      </trkpt>
      <trkpt lat="46.943970378488302" lon="5.657516419887543">
        <ele>233.75999999999999</ele>
        <time>2022-04-30T12:51:24Z</time>
      </trkpt>
      <trkpt lat="46.944037768989801" lon="5.657578278332949">
        <ele>233.68000000000001</ele>
        <time>2022-04-30T12:51:25Z</time>
      </trkpt>
      <trkpt lat="46.944105578586459" lon="5.657644746825099">
        <ele>233.68000000000001</ele>
        <time>2022-04-30T12:51:26Z</time>
      </trkpt>
      <trkpt lat="46.944229966029525" lon="5.657796626910567">
        <ele>233.22</ele>
        <time>2022-04-30T12:51:28Z</time>
      </trkpt>
      <trkpt lat="46.944754254072905" lon="5.658553009852767">
        <ele>232.5</ele>
        <time>2022-04-30T12:51:37Z</time>
      </trkpt>
      <trkpt lat="46.945100845769048" lon="5.65925776027143">
        <ele>232.11000000000001</ele>
        <time>2022-04-30T12:51:44Z</time>
      </trkpt>
      <trkpt lat="46.945522958412766" lon="5.660139033570886">
        <ele>232.16</ele>
        <time>2022-04-30T12:51:53Z</time>
      </trkpt>
      <trkpt lat="46.945876674726605" lon="5.660603307187557">
        <ele>232.88</ele>
        <time>2022-04-30T12:51:59Z</time>
      </trkpt>
      <trkpt lat="46.94640557281673" lon="5.660982504487038">
        <ele>232.28</ele>
        <time>2022-04-30T12:52:06Z</time>
      </trkpt>
      <trkpt lat="46.947367563843727" lon="5.661502350121737">
        <ele>232.66999999999999</ele>
        <time>2022-04-30T12:52:19Z</time>
      </trkpt>
      <trkpt lat="46.948311701416969" lon="5.662011718377471">
        <ele>233.19</ele>
        <time>2022-04-30T12:52:32Z</time>
      </trkpt>
      <trkpt lat="46.949407383799553" lon="5.66260976716876">
        <ele>233.12</ele>
        <time>2022-04-30T12:52:47Z</time>
      </trkpt>
      <trkpt lat="46.950404578819871" lon="5.663155512884259">
        <ele>232.13999999999999</ele>
        <time>2022-04-30T12:53:00Z</time>
      </trkpt>
      <trkpt lat="46.951213181018829" lon="5.663590785115957">
        <ele>231.06</ele>
        <time>2022-04-30T12:53:11Z</time>
      </trkpt>
      <trkpt lat="46.952039133757353" lon="5.664121862500906">
        <ele>229.44</ele>
        <time>2022-04-30T12:53:23Z</time>
      </trkpt>
      <trkpt lat="46.952636009082198" lon="5.66476265899837">
        <ele>229.13999999999999</ele>
        <time>2022-04-30T12:53:33Z</time>
      </trkpt>
      <trkpt lat="46.953069604933262" lon="5.665231542661786">
        <ele>228.27000000000001</ele>
        <time>2022-04-30T12:53:40Z</time>
      </trkpt>
      <trkpt lat="46.953721130266786" lon="5.665978956967592">
        <ele>227.87</ele>
        <time>2022-04-30T12:53:51Z</time>
      </trkpt>
      <trkpt lat="46.953773768618703" lon="5.666057076305151">
        <ele>227.90000000000001</ele>
        <time>2022-04-30T12:53:52Z</time>
      </trkpt>
      <trkpt lat="46.954031763598323" lon="5.666614472866058">
        <ele>228.65000000000001</ele>
        <time>2022-04-30T12:53:58Z</time>
      </trkpt>
      <trkpt lat="46.954429652541876" lon="5.667543271556497">
        <ele>229.74000000000001</ele>
        <time>2022-04-30T12:54:08Z</time>
      </trkpt>
      <trkpt lat="46.954480027779937" lon="5.667622061446309">
        <ele>229.84999999999999</ele>
        <time>2022-04-30T12:54:09Z</time>
      </trkpt>
      <trkpt lat="46.954947151243687" lon="5.668215584009886">
        <ele>230.36000000000001</ele>
        <time>2022-04-30T12:54:17Z</time>
      </trkpt>
      <trkpt lat="46.955507146194577" lon="5.668931901454926">
        <ele>231.24000000000001</ele>
        <time>2022-04-30T12:54:27Z</time>
      </trkpt>
      <trkpt lat="46.95596119388938" lon="5.66946373321116">
        <ele>233.12</ele>
        <time>2022-04-30T12:54:36Z</time>
      </trkpt>
      <trkpt lat="46.956303929910064" lon="5.669741174206138">
        <ele>235.27000000000001</ele>
        <time>2022-04-30T12:54:43Z</time>
      </trkpt>
      <trkpt lat="46.956633171066642" lon="5.669981064274907">
        <ele>236.97</ele>
        <time>2022-04-30T12:54:49Z</time>
      </trkpt>
      <trkpt lat="46.956692431122065" lon="5.670010652393103">
        <ele>237.33000000000001</ele>
        <time>2022-04-30T12:54:50Z</time>
      </trkpt>
      <trkpt lat="46.956880521029234" lon="5.670080473646522">
        <ele>237.66999999999999</ele>
        <time>2022-04-30T12:54:53Z</time>
      </trkpt>
      <trkpt lat="46.957219736650586" lon="5.670097321271896">
        <ele>237.65000000000001</ele>
        <time>2022-04-30T12:54:58Z</time>
      </trkpt>
      <trkpt lat="46.957290060818195" lon="5.670080054551363">
        <ele>237.59</ele>
        <time>2022-04-30T12:54:59Z</time>
      </trkpt>
      <trkpt lat="46.957357116043568" lon="5.670053232461214">
        <ele>237.50999999999999</ele>
        <time>2022-04-30T12:55:00Z</time>
      </trkpt>
      <trkpt lat="46.957422075793147" lon="5.670030349865556">
        <ele>237.43000000000001</ele>
        <time>2022-04-30T12:55:01Z</time>
      </trkpt>
      <trkpt lat="46.957491058856249" lon="5.670007634907961">
        <ele>237.38</ele>
        <time>2022-04-30T12:55:02Z</time>
      </trkpt>
      <trkpt lat="46.957959607243538" lon="5.669816778972745">
        <ele>237.74000000000001</ele>
        <time>2022-04-30T12:55:09Z</time>
      </trkpt>
      <trkpt lat="46.958448607474566" lon="5.669633634388447">
        <ele>238.72</ele>
        <time>2022-04-30T12:55:16Z</time>
      </trkpt>
      <trkpt lat="46.958517674356699" lon="5.669607147574425">
        <ele>238.94</ele>
        <time>2022-04-30T12:55:17Z</time>
      </trkpt>
      <trkpt lat="46.958984630182385" lon="5.669410843402147">
        <ele>239.93000000000001</ele>
        <time>2022-04-30T12:55:24Z</time>
      </trkpt>
      <trkpt lat="46.959116645157337" lon="5.669364240020514">
        <ele>240.06</ele>
        <time>2022-04-30T12:55:26Z</time>
      </trkpt>
      <trkpt lat="46.959181353449821" lon="5.669341357424855">
        <ele>240.12</ele>
        <time>2022-04-30T12:55:27Z</time>
      </trkpt>
      <trkpt lat="46.959600951522589" lon="5.669280253350735">
        <ele>239.94999999999999</ele>
        <time>2022-04-30T12:55:33Z</time>
      </trkpt>
      <trkpt lat="46.960140326991677" lon="5.669312356039882">
        <ele>239.43000000000001</ele>
        <time>2022-04-30T12:55:40Z</time>
      </trkpt>
      <trkpt lat="46.960713397711515" lon="5.669384859502316">
        <ele>238.87</ele>
        <time>2022-04-30T12:55:47Z</time>
      </trkpt>
      <trkpt lat="46.961298706009984" lon="5.669443197548389">
        <ele>238.81999999999999</ele>
        <time>2022-04-30T12:55:54Z</time>
      </trkpt>
      <trkpt lat="46.961701540276408" lon="5.669470690190792">
        <ele>238.16999999999999</ele>
        <time>2022-04-30T12:55:59Z</time>
      </trkpt>
      <trkpt lat="46.962248543277383" lon="5.669535733759403">
        <ele>238.09999999999999</ele>
        <time>2022-04-30T12:56:06Z</time>
      </trkpt>
      <trkpt lat="46.962720276787877" lon="5.669589210301638">
        <ele>238.5</ele>
        <time>2022-04-30T12:56:12Z</time>
      </trkpt>
      <trkpt lat="46.963186897337437" lon="5.669651823118329">
        <ele>239.13999999999999</ele>
        <time>2022-04-30T12:56:18Z</time>
      </trkpt>
      <trkpt lat="46.963627282530069" lon="5.669701611623168">
        <ele>240.25999999999999</ele>
        <time>2022-04-30T12:56:24Z</time>
      </trkpt>
      <trkpt lat="46.964150061830878" lon="5.669755004346371">
        <ele>241.11000000000001</ele>
        <time>2022-04-30T12:56:31Z</time>
      </trkpt>
      <trkpt lat="46.964670494198799" lon="5.669843768700957">
        <ele>241.97</ele>
        <time>2022-04-30T12:56:38Z</time>
      </trkpt>
      <trkpt lat="46.965008368715644" lon="5.669912081211805">
        <ele>242.53999999999999</ele>
        <time>2022-04-30T12:56:43Z</time>
      </trkpt>
      <trkpt lat="46.965140299871564" lon="5.669930018484592">
        <ele>242.81999999999999</ele>
        <time>2022-04-30T12:56:45Z</time>
      </trkpt>
      <trkpt lat="46.965605830773711" lon="5.669953655451536">
        <ele>244.34999999999999</ele>
        <time>2022-04-30T12:56:52Z</time>
      </trkpt>
      <trkpt lat="46.966105224564672" lon="5.669998666271567">
        <ele>246.94999999999999</ele>
        <time>2022-04-30T12:57:00Z</time>
      </trkpt>
      <trkpt lat="46.966523313894868" lon="5.670022387057543">
        <ele>248.62</ele>
        <time>2022-04-30T12:57:07Z</time>
      </trkpt>
      <trkpt lat="46.966587770730257" lon="5.670009227469564">
        <ele>248.87</ele>
        <time>2022-04-30T12:57:08Z</time>
      </trkpt>
      <trkpt lat="46.96703645400703" lon="5.669890623539686">
        <ele>250.34999999999999</ele>
        <time>2022-04-30T12:57:15Z</time>
      </trkpt>
      <trkpt lat="46.967475078999996" lon="5.669716112315655">
        <ele>250.5</ele>
        <time>2022-04-30T12:57:21Z</time>
      </trkpt>
      <trkpt lat="46.967951422557235" lon="5.66951016895473">
        <ele>248.83000000000001</ele>
        <time>2022-04-30T12:57:27Z</time>
      </trkpt>
      <trkpt lat="46.968036498874426" lon="5.669474294409156">
        <ele>248.47</ele>
        <time>2022-04-30T12:57:28Z</time>
      </trkpt>
      <trkpt lat="46.968504628166556" lon="5.669321324676275">
        <ele>245.46000000000001</ele>
        <time>2022-04-30T12:57:33Z</time>
      </trkpt>
      <trkpt lat="46.968604624271393" lon="5.669317385181785">
        <ele>244.71000000000001</ele>
        <time>2022-04-30T12:57:34Z</time>
      </trkpt>
      <trkpt lat="46.969148693606257" lon="5.669344458729029">
        <ele>241.22999999999999</ele>
        <time>2022-04-30T12:57:39Z</time>
      </trkpt>
      <trkpt lat="46.969782281666994" lon="5.669398605823517">
        <ele>237.83000000000001</ele>
        <time>2022-04-30T12:57:44Z</time>
      </trkpt>
      <trkpt lat="46.97051452472806" lon="5.669402042403817">
        <ele>234.91999999999999</ele>
        <time>2022-04-30T12:57:50Z</time>
      </trkpt>
      <trkpt lat="46.97103638201952" lon="5.669359462335706">
        <ele>235.47999999999999</ele>
        <time>2022-04-30T12:57:55Z</time>
      </trkpt>
      <trkpt lat="46.971429577097297" lon="5.669313110411167">
        <ele>237.69</ele>
        <time>2022-04-30T12:58:00Z</time>
      </trkpt>
      <trkpt lat="46.971786897629499" lon="5.669282181188464">
        <ele>240.96000000000001</ele>
        <time>2022-04-30T12:58:06Z</time>
      </trkpt>
      <trkpt lat="46.972080934792757" lon="5.669234823435545">
        <ele>243.96000000000001</ele>
        <time>2022-04-30T12:58:12Z</time>
      </trkpt>
      <trkpt lat="46.972126783803105" lon="5.669241193681955">
        <ele>244.75999999999999</ele>
        <time>2022-04-30T12:58:13Z</time>
      </trkpt>
      <trkpt lat="46.972172297537327" lon="5.66924043931067">
        <ele>245.09999999999999</ele>
        <time>2022-04-30T12:58:14Z</time>
      </trkpt>
      <trkpt lat="46.9722945895046" lon="5.669238762930036">
        <ele>246.06999999999999</ele>
        <time>2022-04-30T12:58:17Z</time>
      </trkpt>
      <trkpt lat="46.972543280571699" lon="5.669281426817179">
        <ele>247.41999999999999</ele>
        <time>2022-04-30T12:58:23Z</time>
      </trkpt>
      <trkpt lat="46.972788954153657" lon="5.669316630810499">
        <ele>248.27000000000001</ele>
        <time>2022-04-30T12:58:28Z</time>
      </trkpt>
      <trkpt lat="46.972834635525942" lon="5.669321743771434">
        <ele>248.38999999999999</ele>
        <time>2022-04-30T12:58:29Z</time>
      </trkpt>
      <trkpt lat="46.973175946623087" lon="5.669424841180444">
        <ele>249.44999999999999</ele>
        <time>2022-04-30T12:58:36Z</time>
      </trkpt>
      <trkpt lat="46.973583726212382" lon="5.669546462595463">
        <ele>251.21000000000001</ele>
        <time>2022-04-30T12:58:44Z</time>
      </trkpt>
      <trkpt lat="46.973959906026721" lon="5.669640591368079">
        <ele>251.88999999999999</ele>
        <time>2022-04-30T12:58:51Z</time>
      </trkpt>
      <trkpt lat="46.974249668419361" lon="5.669703958556056">
        <ele>252.18000000000001</ele>
        <time>2022-04-30T12:58:56Z</time>
      </trkpt>
      <trkpt lat="46.974312448874116" lon="5.669710831716657">
        <ele>252.22</ele>
        <time>2022-04-30T12:58:57Z</time>
      </trkpt>
      <trkpt lat="46.974808908998966" lon="5.669816695153713">
        <ele>252.41</ele>
        <time>2022-04-30T12:59:05Z</time>
      </trkpt>
      <trkpt lat="46.974875209853053" lon="5.669841337949038">
        <ele>252.41999999999999</ele>
        <time>2022-04-30T12:59:06Z</time>
      </trkpt>
      <trkpt lat="46.974938912317157" lon="5.669861119240522">
        <ele>252.41999999999999</ele>
        <time>2022-04-30T12:59:07Z</time>
      </trkpt>
      <trkpt lat="46.97540519759059" lon="5.669977627694607">
        <ele>252.72999999999999</ele>
        <time>2022-04-30T12:59:15Z</time>
      </trkpt>
      <trkpt lat="46.975520784035325" lon="5.670006209984422">
        <ele>252.88999999999999</ele>
        <time>2022-04-30T12:59:17Z</time>
      </trkpt>
      <trkpt lat="46.975745838135481" lon="5.670048203319311">
        <ele>253.30000000000001</ele>
        <time>2022-04-30T12:59:21Z</time>
      </trkpt>
      <trkpt lat="46.975864190608263" lon="5.670069241896272">
        <ele>253.56999999999999</ele>
        <time>2022-04-30T12:59:23Z</time>
      </trkpt>
      <trkpt lat="46.976297618821263" lon="5.670094890519977">
        <ele>254.13999999999999</ele>
        <time>2022-04-30T12:59:30Z</time>
      </trkpt>
      <trkpt lat="46.976419491693377" lon="5.670089442282915">
        <ele>254.12</ele>
        <time>2022-04-30T12:59:32Z</time>
      </trkpt>
      <trkpt lat="46.97654128074646" lon="5.670087179169059">
        <ele>254.08000000000001</ele>
        <time>2022-04-30T12:59:34Z</time>
      </trkpt>
      <trkpt lat="46.976607330143452" lon="5.670083658769727">
        <ele>254.05000000000001</ele>
        <time>2022-04-30T12:59:35Z</time>
      </trkpt>
      <trkpt lat="46.976737333461642" lon="5.670075360685587">
        <ele>253.99000000000001</ele>
        <time>2022-04-30T12:59:37Z</time>
      </trkpt>
      <trkpt lat="46.976805394515395" lon="5.670074606314302">
        <ele>253.99000000000001</ele>
        <time>2022-04-30T12:59:38Z</time>
      </trkpt>
      <trkpt lat="46.97726639918983" lon="5.670034792274237">
        <ele>253.84999999999999</ele>
        <time>2022-04-30T12:59:45Z</time>
      </trkpt>
      <trkpt lat="46.977689936757088" lon="5.670007383450866">
        <ele>252.90000000000001</ele>
        <time>2022-04-30T12:59:51Z</time>
      </trkpt>
      <trkpt lat="46.977760512381792" lon="5.670002186670899">
        <ele>252.63</ele>
        <time>2022-04-30T12:59:52Z</time>
      </trkpt>
      <trkpt lat="46.978218331933022" lon="5.669946949928999">
        <ele>251.25999999999999</ele>
        <time>2022-04-30T12:59:58Z</time>
      </trkpt>
      <trkpt lat="46.978647317737341" lon="5.669917277991772">
        <ele>250.74000000000001</ele>
        <time>2022-04-30T13:00:04Z</time>
      </trkpt>
      <trkpt lat="46.97917403653264" lon="5.669872015714645">
        <ele>248.88999999999999</ele>
        <time>2022-04-30T13:00:11Z</time>
      </trkpt>
      <trkpt lat="46.97960008867085" lon="5.669828094542027">
        <ele>248.06</ele>
        <time>2022-04-30T13:00:16Z</time>
      </trkpt>
      <trkpt lat="46.980229569599032" lon="5.669744862243533">
        <ele>247.56999999999999</ele>
        <time>2022-04-30T13:00:23Z</time>
      </trkpt>
      <trkpt lat="46.980796940624714" lon="5.669667329639196">
        <ele>247.22</ele>
        <time>2022-04-30T13:00:29Z</time>
      </trkpt>
      <trkpt lat="46.981376716867089" lon="5.669581666588783">
        <ele>246.47999999999999</ele>
        <time>2022-04-30T13:00:35Z</time>
      </trkpt>
      <trkpt lat="46.981944255530834" lon="5.669551994651556">
        <ele>245.21000000000001</ele>
        <time>2022-04-30T13:00:41Z</time>
      </trkpt>
      <trkpt lat="46.982574909925461" lon="5.669492650777102">
        <ele>242.69999999999999</ele>
        <time>2022-04-30T13:00:47Z</time>
      </trkpt>
      <trkpt lat="46.983290137723088" lon="5.669429786503315">
        <ele>239.59</ele>
        <time>2022-04-30T13:00:54Z</time>
      </trkpt>
      <trkpt lat="46.984155150130391" lon="5.669316966086626">
        <ele>236.96000000000001</ele>
        <time>2022-04-30T13:01:02Z</time>
      </trkpt>
      <trkpt lat="46.984808268025517" lon="5.669241109862924">
        <ele>234.09</ele>
        <time>2022-04-30T13:01:08Z</time>
      </trkpt>
      <trkpt lat="46.98503072373569" lon="5.669198026880622">
        <ele>232.61000000000001</ele>
        <time>2022-04-30T13:01:10Z</time>
      </trkpt>
      <trkpt lat="46.9851338211447" lon="5.669146981090307">
        <ele>231.93000000000001</ele>
        <time>2022-04-30T13:01:11Z</time>
      </trkpt>
      <trkpt lat="46.985232140868902" lon="5.669082356616855">
        <ele>231.19999999999999</ele>
        <time>2022-04-30T13:01:12Z</time>
      </trkpt>
      <trkpt lat="46.985332136973739" lon="5.668993592262268">
        <ele>230.56</ele>
        <time>2022-04-30T13:01:13Z</time>
      </trkpt>
      <trkpt lat="46.985423415899277" lon="5.66888571716845">
        <ele>230.03999999999999</ele>
        <time>2022-04-30T13:01:14Z</time>
      </trkpt>
      <trkpt lat="46.985507737845182" lon="5.668773399665952">
        <ele>229.63</ele>
        <time>2022-04-30T13:01:15Z</time>
      </trkpt>
      <trkpt lat="46.985581498593092" lon="5.668658902868629">
        <ele>229.33000000000001</ele>
        <time>2022-04-30T13:01:16Z</time>
      </trkpt>
      <trkpt lat="46.985650649294257" lon="5.668542813509703">
        <ele>229.09999999999999</ele>
        <time>2022-04-30T13:01:17Z</time>
      </trkpt>
      <trkpt lat="46.986036216840148" lon="5.66789329983294">
        <ele>228.33000000000001</ele>
        <time>2022-04-30T13:01:23Z</time>
      </trkpt>
      <trkpt lat="46.986162951216102" lon="5.667727086693049">
        <ele>228.34999999999999</ele>
        <time>2022-04-30T13:01:25Z</time>
      </trkpt>
      <trkpt lat="46.986232018098235" lon="5.667665060609579">
        <ele>228.44999999999999</ele>
        <time>2022-04-30T13:01:26Z</time>
      </trkpt>
      <trkpt lat="46.986302928999066" lon="5.667616613209248">
        <ele>228.59999999999999</ele>
        <time>2022-04-30T13:01:27Z</time>
      </trkpt>
      <trkpt lat="46.986731411889195" lon="5.667433720082045">
        <ele>229.30000000000001</ele>
        <time>2022-04-30T13:01:33Z</time>
      </trkpt>
      <trkpt lat="46.987225441262126" lon="5.667390888556838">
        <ele>229.34</ele>
        <time>2022-04-30T13:01:39Z</time>
      </trkpt>
      <trkpt lat="46.98788233101368" lon="5.667424248531461">
        <ele>226.84</ele>
        <time>2022-04-30T13:01:46Z</time>
      </trkpt>
      <trkpt lat="46.988484738394618" lon="5.667275805026293">
        <ele>223.80000000000001</ele>
        <time>2022-04-30T13:01:52Z</time>
      </trkpt>
      <trkpt lat="46.988963428884745" lon="5.667134821414948">
        <ele>221.38</ele>
        <time>2022-04-30T13:01:57Z</time>
      </trkpt>
      <trkpt lat="46.989775383844972" lon="5.666932985186577">
        <ele>221.13</ele>
        <time>2022-04-30T13:02:06Z</time>
      </trkpt>
      <trkpt lat="46.990439649671316" lon="5.66676308400929">
        <ele>221.78</ele>
        <time>2022-04-30T13:02:14Z</time>
      </trkpt>
      <trkpt lat="46.990520870313048" lon="5.666776411235333">
        <ele>221.83000000000001</ele>
        <time>2022-04-30T13:02:15Z</time>
      </trkpt>
      <trkpt lat="46.990596223622561" lon="5.666807508096099">
        <ele>221.87</ele>
        <time>2022-04-30T13:02:16Z</time>
      </trkpt>
      <trkpt lat="46.990667134523392" lon="5.666857799515128">
        <ele>221.93000000000001</ele>
        <time>2022-04-30T13:02:17Z</time>
      </trkpt>
      <trkpt lat="46.990736871957779" lon="5.66692091524601">
        <ele>222.02000000000001</ele>
        <time>2022-04-30T13:02:18Z</time>
      </trkpt>
      <trkpt lat="46.990804178640246" lon="5.666989479213953">
        <ele>222.19</ele>
        <time>2022-04-30T13:02:19Z</time>
      </trkpt>
      <trkpt lat="46.99087131768465" lon="5.667060306295753">
        <ele>222.34</ele>
        <time>2022-04-30T13:02:20Z</time>
      </trkpt>
      <trkpt lat="46.991258142516017" lon="5.667485939338803">
        <ele>222.63</ele>
        <time>2022-04-30T13:02:26Z</time>
      </trkpt>
      <trkpt lat="46.991328382864594" lon="5.667526423931122">
        <ele>222.63</ele>
        <time>2022-04-30T13:02:27Z</time>
      </trkpt>
      <trkpt lat="46.99140340089798" lon="5.667542265728116">
        <ele>222.63</ele>
        <time>2022-04-30T13:02:28Z</time>
      </trkpt>
      <trkpt lat="46.991482945159078" lon="5.667535644024611">
        <ele>222.63</ele>
        <time>2022-04-30T13:02:29Z</time>
      </trkpt>
      <trkpt lat="46.991562405601144" lon="5.667515443637967">
        <ele>222.62</ele>
        <time>2022-04-30T13:02:30Z</time>
      </trkpt>
      <trkpt lat="46.991640944033861" lon="5.667487364262343">
        <ele>222.59</ele>
        <time>2022-04-30T13:02:31Z</time>
      </trkpt>
      <trkpt lat="46.992267658933997" lon="5.667246552184224">
        <ele>221.96000000000001</ele>
        <time>2022-04-30T13:02:39Z</time>
      </trkpt>
      <trkpt lat="46.99266018345952" lon="5.667081931605935">
        <ele>221.5</ele>
        <time>2022-04-30T13:02:44Z</time>
      </trkpt>
      <trkpt lat="46.993289077654481" lon="5.666866516694427">
        <ele>221.62</ele>
        <time>2022-04-30T13:02:52Z</time>
      </trkpt>
      <trkpt lat="46.993757877498865" lon="5.666723437607288">
        <ele>221.56</ele>
        <time>2022-04-30T13:02:59Z</time>
      </trkpt>
      <trkpt lat="46.994257187470794" lon="5.666529312729836">
        <ele>222.74000000000001</ele>
        <time>2022-04-30T13:03:08Z</time>
      </trkpt>
      <trkpt lat="46.994348047301173" lon="5.66649335436523">
        <ele>223.21000000000001</ele>
        <time>2022-04-30T13:03:12Z</time>
      </trkpt>
      <trkpt lat="46.994349053129554" lon="5.666491007432342">
        <ele>224.37</ele>
        <time>2022-04-30T13:03:20Z</time>
      </trkpt>
      <trkpt lat="46.994362296536565" lon="5.666491845622659">
        <ele>224.58000000000001</ele>
        <time>2022-04-30T13:03:23Z</time>
      </trkpt>
      <trkpt lat="46.994390711188316" lon="5.666472986340523">
        <ele>224.63999999999999</ele>
        <time>2022-04-30T13:03:25Z</time>
      </trkpt>
      <trkpt lat="46.994524151086807" lon="5.666382294148207">
        <ele>224.38</ele>
        <time>2022-04-30T13:03:29Z</time>
      </trkpt>
      <trkpt lat="46.994620459154248" lon="5.666343318298459">
        <ele>224.00999999999999</ele>
        <time>2022-04-30T13:03:31Z</time>
      </trkpt>
      <trkpt lat="46.995082637295127" lon="5.666234856471419">
        <ele>222.56999999999999</ele>
        <time>2022-04-30T13:03:39Z</time>
      </trkpt>
      <trkpt lat="46.995567195117474" lon="5.666207615286112">
        <ele>222.02000000000001</ele>
        <time>2022-04-30T13:03:46Z</time>
      </trkpt>
      <trkpt lat="46.996177146211267" lon="5.666207950562239">
        <ele>220.91999999999999</ele>
        <time>2022-04-30T13:03:54Z</time>
      </trkpt>
      <trkpt lat="46.996727334335446" lon="5.666217003017664">
        <ele>220.44</ele>
        <time>2022-04-30T13:04:01Z</time>
      </trkpt>
      <trkpt lat="46.997353546321392" lon="5.666307443752885">
        <ele>220.25999999999999</ele>
        <time>2022-04-30T13:04:09Z</time>
      </trkpt>
      <trkpt lat="46.997430492192507" lon="5.666339546442032">
        <ele>220.22999999999999</ele>
        <time>2022-04-30T13:04:10Z</time>
      </trkpt>
      <trkpt lat="46.997504588216543" lon="5.666388161480427">
        <ele>220.21000000000001</ele>
        <time>2022-04-30T13:04:11Z</time>
      </trkpt>
      <trkpt lat="46.997566530480981" lon="5.666460245847702">
        <ele>220.13</ele>
        <time>2022-04-30T13:04:12Z</time>
      </trkpt>
      <trkpt lat="46.997613301500678" lon="5.666553871706128">
        <ele>220.03999999999999</ele>
        <time>2022-04-30T13:04:13Z</time>
      </trkpt>
      <trkpt lat="46.997647415846586" lon="5.666657472029328">
        <ele>219.97</ele>
        <time>2022-04-30T13:04:14Z</time>
      </trkpt>
      <trkpt lat="46.997673902660608" lon="5.666766604408622">
        <ele>219.94999999999999</ele>
        <time>2022-04-30T13:04:15Z</time>
      </trkpt>
      <trkpt lat="46.997699970379472" lon="5.666877832263708">
        <ele>219.97999999999999</ele>
        <time>2022-04-30T13:04:16Z</time>
      </trkpt>
      <trkpt lat="46.997905913740396" lon="5.667731110006571">
        <ele>220.40000000000001</ele>
        <time>2022-04-30T13:04:24Z</time>
      </trkpt>
      <trkpt lat="46.997946733608842" lon="5.667826412245631">
        <ele>220.38999999999999</ele>
        <time>2022-04-30T13:04:25Z</time>
      </trkpt>
      <trkpt lat="46.99799501337111" lon="5.667914757505059">
        <ele>220.33000000000001</ele>
        <time>2022-04-30T13:04:26Z</time>
      </trkpt>
      <trkpt lat="46.998051926493645" lon="5.667995810508728">
        <ele>220.34</ele>
        <time>2022-04-30T13:04:27Z</time>
      </trkpt>
      <trkpt lat="46.998465908691287" lon="5.668572066351771">
        <ele>219.69</ele>
        <time>2022-04-30T13:04:34Z</time>
      </trkpt>
      <trkpt lat="46.998812416568398" lon="5.669068861752749">
        <ele>219.81</ele>
        <time>2022-04-30T13:04:40Z</time>
      </trkpt>
      <trkpt lat="46.998885255306959" lon="5.669121164828539">
        <ele>219.87</ele>
        <time>2022-04-30T13:04:41Z</time>
      </trkpt>
      <trkpt lat="46.998959351330996" lon="5.669158129021525">
        <ele>219.88999999999999</ele>
        <time>2022-04-30T13:04:42Z</time>
      </trkpt>
      <trkpt lat="46.999036129564047" lon="5.669176736846566">
        <ele>219.88999999999999</ele>
        <time>2022-04-30T13:04:43Z</time>
      </trkpt>
      <trkpt lat="46.999115841463208" lon="5.66917983815074">
        <ele>219.81</ele>
        <time>2022-04-30T13:04:44Z</time>
      </trkpt>
      <trkpt lat="46.999193876981735" lon="5.669172797352076">
        <ele>219.69999999999999</ele>
        <time>2022-04-30T13:04:45Z</time>
      </trkpt>
      <trkpt lat="47.00002770870924" lon="5.669035334140062">
        <ele>220.09</ele>
        <time>2022-04-30T13:04:56Z</time>
      </trkpt>
      <trkpt lat="47.000547638162971" lon="5.66897171549499">
        <ele>221.75</ele>
        <time>2022-04-30T13:05:03Z</time>
      </trkpt>
      <trkpt lat="47.001098161563277" lon="5.668864846229553">
        <ele>221.77000000000001</ele>
        <time>2022-04-30T13:05:10Z</time>
      </trkpt>
      <trkpt lat="47.001499738544226" lon="5.668634511530399">
        <ele>221.81999999999999</ele>
        <time>2022-04-30T13:05:16Z</time>
      </trkpt>
      <trkpt lat="47.001875163987279" lon="5.668232766911387">
        <ele>221.66</ele>
        <time>2022-04-30T13:05:23Z</time>
      </trkpt>
      <trkpt lat="47.002347400411963" lon="5.667768912389875">
        <ele>222.75999999999999</ele>
        <time>2022-04-30T13:05:32Z</time>
      </trkpt>
      <trkpt lat="47.002850063145161" lon="5.667360965162516">
        <ele>223.02000000000001</ele>
        <time>2022-04-30T13:05:41Z</time>
      </trkpt>
      <trkpt lat="47.003331184387207" lon="5.666976654902101">
        <ele>223.25999999999999</ele>
        <time>2022-04-30T13:05:49Z</time>
      </trkpt>
      <trkpt lat="47.003939123824239" lon="5.666573904454708">
        <ele>222.40000000000001</ele>
        <time>2022-04-30T13:05:58Z</time>
      </trkpt>
      <trkpt lat="47.004656447097659" lon="5.666181463748217">
        <ele>220.69999999999999</ele>
        <time>2022-04-30T13:06:08Z</time>
      </trkpt>
      <trkpt lat="47.00499608181417" lon="5.665754657238722">
        <ele>220.59999999999999</ele>
        <time>2022-04-30T13:06:14Z</time>
      </trkpt>
      <trkpt lat="47.005229350179434" lon="5.665200697258115">
        <ele>220.13999999999999</ele>
        <time>2022-04-30T13:06:20Z</time>
      </trkpt>
      <trkpt lat="47.005536127835512" lon="5.664191013202071">
        <ele>220.25</ele>
        <time>2022-04-30T13:06:30Z</time>
      </trkpt>
      <trkpt lat="47.00581063516438" lon="5.663279900327325">
        <ele>220.25999999999999</ele>
        <time>2022-04-30T13:06:39Z</time>
      </trkpt>
      <trkpt lat="47.006225539371371" lon="5.661972742527723">
        <ele>220.09999999999999</ele>
        <time>2022-04-30T13:06:52Z</time>
      </trkpt>
      <trkpt lat="47.006591074168682" lon="5.660808328539133">
        <ele>218.94999999999999</ele>
        <time>2022-04-30T13:07:03Z</time>
      </trkpt>
      <trkpt lat="47.006949987262487" lon="5.659686494618654">
        <ele>218.37</ele>
        <time>2022-04-30T13:07:14Z</time>
      </trkpt>
      <trkpt lat="47.00726380571723" lon="5.658544041216373">
        <ele>218.46000000000001</ele>
        <time>2022-04-30T13:07:25Z</time>
      </trkpt>
      <trkpt lat="47.007561111822724" lon="5.657353810966015">
        <ele>218.19</ele>
        <time>2022-04-30T13:07:36Z</time>
      </trkpt>
      <trkpt lat="47.007793039083481" lon="5.656390730291605">
        <ele>218.25</ele>
        <time>2022-04-30T13:07:45Z</time>
      </trkpt>
      <trkpt lat="47.00806176289916" lon="5.655378950759769">
        <ele>219.25999999999999</ele>
        <time>2022-04-30T13:07:55Z</time>
      </trkpt>
      <trkpt lat="47.008243901655078" lon="5.655023558065295">
        <ele>219.33000000000001</ele>
        <time>2022-04-30T13:07:59Z</time>
      </trkpt>
      <trkpt lat="47.008300814777613" lon="5.654949462041259">
        <ele>219.28</ele>
        <time>2022-04-30T13:08:00Z</time>
      </trkpt>
      <trkpt lat="47.009033896028996" lon="5.654113702476025">
        <ele>219.36000000000001</ele>
        <time>2022-04-30T13:08:12Z</time>
      </trkpt>
      <trkpt lat="47.009780975058675" lon="5.653289845213294">
        <ele>218.88</ele>
        <time>2022-04-30T13:08:24Z</time>
      </trkpt>
      <trkpt lat="47.010396709665656" lon="5.652582244947553">
        <ele>218.74000000000001</ele>
        <time>2022-04-30T13:08:34Z</time>
      </trkpt>
      <trkpt lat="47.010947484523058" lon="5.651905322447419">
        <ele>218.78999999999999</ele>
        <time>2022-04-30T13:08:43Z</time>
      </trkpt>
      <trkpt lat="47.011331962421536" lon="5.651180371642113">
        <ele>218.63999999999999</ele>
        <time>2022-04-30T13:08:51Z</time>
      </trkpt>
      <trkpt lat="47.011755583807826" lon="5.650292309001088">
        <ele>217.69</ele>
        <time>2022-04-30T13:09:00Z</time>
      </trkpt>
      <trkpt lat="47.012193538248539" lon="5.649287654086947">
        <ele>216.5</ele>
        <time>2022-04-30T13:09:10Z</time>
      </trkpt>
      <trkpt lat="47.012660494074225" lon="5.648049311712384">
        <ele>216.56</ele>
        <time>2022-04-30T13:09:22Z</time>
      </trkpt>
      <trkpt lat="47.013016138225794" lon="5.647271890193224">
        <ele>216.24000000000001</ele>
        <time>2022-04-30T13:09:30Z</time>
      </trkpt>
      <trkpt lat="47.013663807883859" lon="5.646237982437015">
        <ele>216.13999999999999</ele>
        <time>2022-04-30T13:09:42Z</time>
      </trkpt>
      <trkpt lat="47.014295719563961" lon="5.645260317251086">
        <ele>215.24000000000001</ele>
        <time>2022-04-30T13:09:54Z</time>
      </trkpt>
      <trkpt lat="47.01471196487546" lon="5.644503515213728">
        <ele>216.87</ele>
        <time>2022-04-30T13:10:03Z</time>
      </trkpt>
      <trkpt lat="47.01489963568747" lon="5.643788874149323">
        <ele>217.59</ele>
        <time>2022-04-30T13:10:10Z</time>
      </trkpt>
      <trkpt lat="47.015072973445058" lon="5.64306509681046">
        <ele>218.12</ele>
        <time>2022-04-30T13:10:17Z</time>
      </trkpt>
      <trkpt lat="47.015131143853068" lon="5.642863092944026">
        <ele>218.13999999999999</ele>
        <time>2022-04-30T13:10:19Z</time>
      </trkpt>
      <trkpt lat="47.015173053368926" lon="5.642771394923329">
        <ele>218.19999999999999</ele>
        <time>2022-04-30T13:10:20Z</time>
      </trkpt>
      <trkpt lat="47.015225356444716" lon="5.642688916996121">
        <ele>218.22</ele>
        <time>2022-04-30T13:10:21Z</time>
      </trkpt>
      <trkpt lat="47.015286544337869" lon="5.642624711617827">
        <ele>218.22</ele>
        <time>2022-04-30T13:10:22Z</time>
      </trkpt>
      <trkpt lat="47.015353851020336" lon="5.642577772960067">
        <ele>218.24000000000001</ele>
        <time>2022-04-30T13:10:23Z</time>
      </trkpt>
      <trkpt lat="47.015423672273755" lon="5.64254516735673">
        <ele>218.24000000000001</ele>
        <time>2022-04-30T13:10:24Z</time>
      </trkpt>
      <trkpt lat="47.015495840460062" lon="5.642523458227515">
        <ele>218.25</ele>
        <time>2022-04-30T13:10:25Z</time>
      </trkpt>
      <trkpt lat="47.015569601207972" lon="5.64250317402184">
        <ele>218.25</ele>
        <time>2022-04-30T13:10:26Z</time>
      </trkpt>
      <trkpt lat="47.016249541193247" lon="5.642289770767093">
        <ele>217.56</ele>
        <time>2022-04-30T13:10:35Z</time>
      </trkpt>
      <trkpt lat="47.016812302172184" lon="5.641946950927377">
        <ele>217.97</ele>
        <time>2022-04-30T13:10:43Z</time>
      </trkpt>
      <trkpt lat="47.017311025410891" lon="5.641707815229893">
        <ele>218.31999999999999</ele>
        <time>2022-04-30T13:10:50Z</time>
      </trkpt>
      <trkpt lat="47.017513448372483" lon="5.641695829108357">
        <ele>218.44999999999999</ele>
        <time>2022-04-30T13:10:53Z</time>
      </trkpt>
      <trkpt lat="47.017758870497346" lon="5.641682166606188">
        <ele>219.15000000000001</ele>
        <time>2022-04-30T13:10:58Z</time>
      </trkpt>
      <trkpt lat="47.017834978178144" lon="5.641635647043586">
        <ele>219.22999999999999</ele>
        <time>2022-04-30T13:11:01Z</time>
      </trkpt>
      <trkpt lat="47.01784118078649" lon="5.641592396423221">
        <ele>219.22999999999999</ele>
        <time>2022-04-30T13:11:02Z</time>
      </trkpt>
      <trkpt lat="47.017834894359112" lon="5.641533555462956">
        <ele>219.24000000000001</ele>
        <time>2022-04-30T13:11:03Z</time>
      </trkpt>
      <trkpt lat="47.017731461673975" lon="5.640982529148459">
        <ele>219.02000000000001</ele>
        <time>2022-04-30T13:11:10Z</time>
      </trkpt>
      <trkpt lat="47.017509927973151" lon="5.640024142339826">
        <ele>217.81</ele>
        <time>2022-04-30T13:11:20Z</time>
      </trkpt>
      <trkpt lat="47.017409177497029" lon="5.639540925621986">
        <ele>217.06</ele>
        <time>2022-04-30T13:11:25Z</time>
      </trkpt>
      <trkpt lat="47.01721765100956" lon="5.638648336753249">
        <ele>216.80000000000001</ele>
        <time>2022-04-30T13:11:34Z</time>
      </trkpt>
      <trkpt lat="47.016795622184873" lon="5.637531951069832">
        <ele>216.84999999999999</ele>
        <time>2022-04-30T13:11:46Z</time>
      </trkpt>
      <trkpt lat="47.016474595293403" lon="5.636698622256517">
        <ele>216.52000000000001</ele>
        <time>2022-04-30T13:11:55Z</time>
      </trkpt>
      <trkpt lat="47.016167147085071" lon="5.635965205729008">
        <ele>216.63</ele>
        <time>2022-04-30T13:12:03Z</time>
      </trkpt>
      <trkpt lat="47.015661550685763" lon="5.63516397960484">
        <ele>216.86000000000001</ele>
        <time>2022-04-30T13:12:13Z</time>
      </trkpt>
      <trkpt lat="47.015116726979613" lon="5.634435508400202">
        <ele>217.05000000000001</ele>
        <time>2022-04-30T13:12:23Z</time>
      </trkpt>
      <trkpt lat="47.014803159981966" lon="5.633957153186202">
        <ele>216.99000000000001</ele>
        <time>2022-04-30T13:12:29Z</time>
      </trkpt>
      <trkpt lat="47.014236124232411" lon="5.633333371952176">
        <ele>216.53</ele>
        <time>2022-04-30T13:12:39Z</time>
      </trkpt>
      <trkpt lat="47.013704124838114" lon="5.632864572107792">
        <ele>218.44999999999999</ele>
        <time>2022-04-30T13:12:48Z</time>
      </trkpt>
      <trkpt lat="47.013042876496911" lon="5.63219117000699">
        <ele>218.06999999999999</ele>
        <time>2022-04-30T13:12:59Z</time>
      </trkpt>
      <trkpt lat="47.012475002557039" lon="5.631574932485819">
        <ele>217.50999999999999</ele>
        <time>2022-04-30T13:13:09Z</time>
      </trkpt>
      <trkpt lat="47.011960437521338" lon="5.63104435801506">
        <ele>218.09999999999999</ele>
        <time>2022-04-30T13:13:18Z</time>
      </trkpt>
      <trkpt lat="47.011603619903326" lon="5.630670944228768">
        <ele>218.33000000000001</ele>
        <time>2022-04-30T13:13:24Z</time>
      </trkpt>
      <trkpt lat="47.011070866137743" lon="5.630109943449497">
        <ele>218.97999999999999</ele>
        <time>2022-04-30T13:13:33Z</time>
      </trkpt>
      <trkpt lat="47.010490503162146" lon="5.629461016505957">
        <ele>218.53</ele>
        <time>2022-04-30T13:13:43Z</time>
      </trkpt>
      <trkpt lat="47.010057913139462" lon="5.629053320735693">
        <ele>218.21000000000001</ele>
        <time>2022-04-30T13:13:51Z</time>
      </trkpt>
      <trkpt lat="47.009648876264691" lon="5.628810664638877">
        <ele>218.03999999999999</ele>
        <time>2022-04-30T13:13:57Z</time>
      </trkpt>
      <trkpt lat="47.00916406698525" lon="5.62870429828763">
        <ele>217.75</ele>
        <time>2022-04-30T13:14:03Z</time>
      </trkpt>
      <trkpt lat="47.009083349257708" lon="5.628713769838214">
        <ele>217.66999999999999</ele>
        <time>2022-04-30T13:14:04Z</time>
      </trkpt>
      <trkpt lat="47.009004224091768" lon="5.628731874749064">
        <ele>217.56999999999999</ele>
        <time>2022-04-30T13:14:05Z</time>
      </trkpt>
      <trkpt lat="47.00868864543736" lon="5.62887285836041">
        <ele>217.22</ele>
        <time>2022-04-30T13:14:10Z</time>
      </trkpt>
      <trkpt lat="47.008652687072754" lon="5.628904206678271">
        <ele>217.22999999999999</ele>
        <time>2022-04-30T13:14:11Z</time>
      </trkpt>
      <trkpt lat="47.008620835840702" lon="5.628933878615499">
        <ele>217.25</ele>
        <time>2022-04-30T13:14:12Z</time>
      </trkpt>
      <trkpt lat="47.008584542199969" lon="5.628956342115998">
        <ele>217.27000000000001</ele>
        <time>2022-04-30T13:14:13Z</time>
      </trkpt>
      <trkpt lat="47.008271981030703" lon="5.629069665446878">
        <ele>217.36000000000001</ele>
        <time>2022-04-30T13:14:19Z</time>
      </trkpt>
      <trkpt lat="47.00780083425343" lon="5.629244847223163">
        <ele>217.36000000000001</ele>
        <time>2022-04-30T13:14:26Z</time>
      </trkpt>
      <trkpt lat="47.007147716358304" lon="5.629503428936005">
        <ele>217.25999999999999</ele>
        <time>2022-04-30T13:14:35Z</time>
      </trkpt>
      <trkpt lat="47.007024250924587" lon="5.6295295804739">
        <ele>217.03</ele>
        <time>2022-04-30T13:14:37Z</time>
      </trkpt>
      <trkpt lat="47.006890056654811" lon="5.629516337066889">
        <ele>217.02000000000001</ele>
        <time>2022-04-30T13:14:39Z</time>
      </trkpt>
      <trkpt lat="47.006818475201726" lon="5.629528658464551">
        <ele>217.03</ele>
        <time>2022-04-30T13:14:40Z</time>
      </trkpt>
      <trkpt lat="47.006133506074548" lon="5.62976997345686">
        <ele>216.11000000000001</ele>
        <time>2022-04-30T13:14:49Z</time>
      </trkpt>
      <trkpt lat="47.005308140069246" lon="5.630069207400084">
        <ele>215.66</ele>
        <time>2022-04-30T13:14:59Z</time>
      </trkpt>
      <trkpt lat="47.004351262003183" lon="5.630420492962003">
        <ele>215.56</ele>
        <time>2022-04-30T13:15:10Z</time>
      </trkpt>
      <trkpt lat="47.00345104560256" lon="5.630789212882519">
        <ele>215.83000000000001</ele>
        <time>2022-04-30T13:15:21Z</time>
      </trkpt>
      <trkpt lat="47.002868670970201" lon="5.630989708006382">
        <ele>216.69999999999999</ele>
        <time>2022-04-30T13:15:29Z</time>
      </trkpt>
      <trkpt lat="47.002090495079756" lon="5.631280476227403">
        <ele>216.44</ele>
        <time>2022-04-30T13:15:39Z</time>
      </trkpt>
      <trkpt lat="47.001272505149245" lon="5.631593288853765">
        <ele>216.18000000000001</ele>
        <time>2022-04-30T13:15:50Z</time>
      </trkpt>
      <trkpt lat="47.000540932640433" lon="5.631828065961599">
        <ele>215.91</ele>
        <time>2022-04-30T13:16:00Z</time>
      </trkpt>
      <trkpt lat="46.999825872480869" lon="5.632073991000652">
        <ele>216.69999999999999</ele>
        <time>2022-04-30T13:16:10Z</time>
      </trkpt>
      <trkpt lat="46.999302171170712" lon="5.632083714008331">
        <ele>217.09</ele>
        <time>2022-04-30T13:16:17Z</time>
      </trkpt>
      <trkpt lat="46.99881300330162" lon="5.631841728463769">
        <ele>217.75999999999999</ele>
        <time>2022-04-30T13:16:24Z</time>
      </trkpt>
      <trkpt lat="46.998053351417184" lon="5.631286511197686">
        <ele>218.27000000000001</ele>
        <time>2022-04-30T13:16:35Z</time>
      </trkpt>
      <trkpt lat="46.997158415615559" lon="5.630607577040792">
        <ele>216.88999999999999</ele>
        <time>2022-04-30T13:16:48Z</time>
      </trkpt>
      <trkpt lat="46.996202040463686" lon="5.629877764731646">
        <ele>217.02000000000001</ele>
        <time>2022-04-30T13:17:02Z</time>
      </trkpt>
      <trkpt lat="46.995505755767226" lon="5.62934291549027">
        <ele>217.53999999999999</ele>
        <time>2022-04-30T13:17:12Z</time>
      </trkpt>
      <trkpt lat="46.994591876864433" lon="5.628652414306998">
        <ele>217.75999999999999</ele>
        <time>2022-04-30T13:17:25Z</time>
      </trkpt>
      <trkpt lat="46.993814622983336" lon="5.628057383000851">
        <ele>218.03999999999999</ele>
        <time>2022-04-30T13:17:36Z</time>
      </trkpt>
      <trkpt lat="46.992890434339643" lon="5.627377107739449">
        <ele>217.96000000000001</ele>
        <time>2022-04-30T13:17:49Z</time>
      </trkpt>
      <trkpt lat="46.992740230634809" lon="5.627326564863324">
        <ele>218.03999999999999</ele>
        <time>2022-04-30T13:17:51Z</time>
      </trkpt>
      <trkpt lat="46.99214855208993" lon="5.62728825956583">
        <ele>217.5</ele>
        <time>2022-04-30T13:17:58Z</time>
      </trkpt>
      <trkpt lat="46.991479592397809" lon="5.627266131341457">
        <ele>216.94999999999999</ele>
        <time>2022-04-30T13:18:06Z</time>
      </trkpt>
      <trkpt lat="46.990706697106361" lon="5.627239560708404">
        <ele>216.56999999999999</ele>
        <time>2022-04-30T13:18:16Z</time>
      </trkpt>
      <trkpt lat="46.990018961951137" lon="5.627197567373514">
        <ele>216.53999999999999</ele>
        <time>2022-04-30T13:18:26Z</time>
      </trkpt>
      <trkpt lat="46.989956684410572" lon="5.627170326188207">
        <ele>216.55000000000001</ele>
        <time>2022-04-30T13:18:27Z</time>
      </trkpt>
      <trkpt lat="46.989895161241293" lon="5.627135876566172">
        <ele>216.56</ele>
        <time>2022-04-30T13:18:28Z</time>
      </trkpt>
      <trkpt lat="46.989833554252982" lon="5.627100169658661">
        <ele>216.59</ele>
        <time>2022-04-30T13:18:29Z</time>
      </trkpt>
      <trkpt lat="46.989776305854321" lon="5.627055577933788">
        <ele>216.63999999999999</ele>
        <time>2022-04-30T13:18:30Z</time>
      </trkpt>
      <trkpt lat="46.989722913131118" lon="5.627006376162171">
        <ele>216.69</ele>
        <time>2022-04-30T13:18:31Z</time>
      </trkpt>
      <trkpt lat="46.989395432174206" lon="5.626545622944832">
        <ele>216.93000000000001</ele>
        <time>2022-04-30T13:18:38Z</time>
      </trkpt>
      <trkpt lat="46.988987484946847" lon="5.625938521698117">
        <ele>216.80000000000001</ele>
        <time>2022-04-30T13:18:47Z</time>
      </trkpt>
      <trkpt lat="46.988632092252374" lon="5.625436780974269">
        <ele>216.69</ele>
        <time>2022-04-30T13:18:55Z</time>
      </trkpt>
      <trkpt lat="46.988120712339878" lon="5.624686600640416">
        <ele>216.34999999999999</ele>
        <time>2022-04-30T13:19:06Z</time>
      </trkpt>
      <trkpt lat="46.987664736807346" lon="5.624130126088858">
        <ele>216.25999999999999</ele>
        <time>2022-04-30T13:19:15Z</time>
      </trkpt>
      <trkpt lat="46.987426271662116" lon="5.623988891020417">
        <ele>216.34999999999999</ele>
        <time>2022-04-30T13:19:19Z</time>
      </trkpt>
      <trkpt lat="46.986875580623746" lon="5.623899875208736">
        <ele>216.16999999999999</ele>
        <time>2022-04-30T13:19:27Z</time>
      </trkpt>
      <trkpt lat="46.986425472423434" lon="5.62382192350924">
        <ele>216.05000000000001</ele>
        <time>2022-04-30T13:19:34Z</time>
      </trkpt>
      <trkpt lat="46.986359171569347" lon="5.623784959316254">
        <ele>216.05000000000001</ele>
        <time>2022-04-30T13:19:35Z</time>
      </trkpt>
      <trkpt lat="46.986296977847815" lon="5.623731650412083">
        <ele>216</ele>
        <time>2022-04-30T13:19:36Z</time>
      </trkpt>
      <trkpt lat="46.986245764419436" lon="5.623662080615759">
        <ele>215.96000000000001</ele>
        <time>2022-04-30T13:19:37Z</time>
      </trkpt>
      <trkpt lat="46.986204860731959" lon="5.62357859686017">
        <ele>215.88999999999999</ele>
        <time>2022-04-30T13:19:38Z</time>
      </trkpt>
      <trkpt lat="46.98617359623313" lon="5.623485390096903">
        <ele>215.78</ele>
        <time>2022-04-30T13:19:39Z</time>
      </trkpt>
      <trkpt lat="46.986145935952663" lon="5.623388160020113">
        <ele>215.74000000000001</ele>
        <time>2022-04-30T13:19:40Z</time>
      </trkpt>
      <trkpt lat="46.985996654257178" lon="5.622633788734675">
        <ele>215.24000000000001</ele>
        <time>2022-04-30T13:19:47Z</time>
      </trkpt>
      <trkpt lat="46.985793728381395" lon="5.621647490188479">
        <ele>214.33000000000001</ele>
        <time>2022-04-30T13:19:56Z</time>
      </trkpt>
      <trkpt lat="46.985606644302607" lon="5.620754482224584">
        <ele>214.12</ele>
        <time>2022-04-30T13:20:04Z</time>
      </trkpt>
      <trkpt lat="46.985341189429164" lon="5.619491999968886">
        <ele>214.59999999999999</ele>
        <time>2022-04-30T13:20:15Z</time>
      </trkpt>
      <trkpt lat="46.985128037631512" lon="5.618493128567934">
        <ele>213.93000000000001</ele>
        <time>2022-04-30T13:20:24Z</time>
      </trkpt>
      <trkpt lat="46.984943132847548" lon="5.617609089240432">
        <ele>214.65000000000001</ele>
        <time>2022-04-30T13:20:33Z</time>
      </trkpt>
      <trkpt lat="46.984797287732363" lon="5.616940464824438">
        <ele>214.91999999999999</ele>
        <time>2022-04-30T13:20:40Z</time>
      </trkpt>
      <trkpt lat="46.984583465382457" lon="5.615937234833837">
        <ele>214.87</ele>
        <time>2022-04-30T13:20:50Z</time>
      </trkpt>
      <trkpt lat="46.984408115968108" lon="5.615229802206159">
        <ele>214.66</ele>
        <time>2022-04-30T13:20:57Z</time>
      </trkpt>
      <trkpt lat="46.984367715194821" lon="5.615136679261923">
        <ele>214.66</ele>
        <time>2022-04-30T13:20:58Z</time>
      </trkpt>
      <trkpt lat="46.984323039650917" lon="5.615048836916685">
        <ele>214.66999999999999</ele>
        <time>2022-04-30T13:20:59Z</time>
      </trkpt>
      <trkpt lat="46.984273670241237" lon="5.614971807226539">
        <ele>214.66999999999999</ele>
        <time>2022-04-30T13:21:00Z</time>
      </trkpt>
      <trkpt lat="46.984218265861273" lon="5.61490491963923">
        <ele>214.68000000000001</ele>
        <time>2022-04-30T13:21:01Z</time>
      </trkpt>
      <trkpt lat="46.984159843996167" lon="5.614846749231219">
        <ele>214.69</ele>
        <time>2022-04-30T13:21:02Z</time>
      </trkpt>
      <trkpt lat="46.984103936702013" lon="5.614797128364444">
        <ele>214.69999999999999</ele>
        <time>2022-04-30T13:21:03Z</time>
      </trkpt>
      <trkpt lat="46.983647709712386" lon="5.614416003227234">
        <ele>215.83000000000001</ele>
        <time>2022-04-30T13:21:11Z</time>
      </trkpt>
      <trkpt lat="46.98306449688971" lon="5.61385877430439">
        <ele>216.50999999999999</ele>
        <time>2022-04-30T13:21:21Z</time>
      </trkpt>
      <trkpt lat="46.982574658468366" lon="5.613275477662683">
        <ele>216.41</ele>
        <time>2022-04-30T13:21:30Z</time>
      </trkpt>
      <trkpt lat="46.982079623267055" lon="5.612555807456374">
        <ele>217.22</ele>
        <time>2022-04-30T13:21:40Z</time>
      </trkpt>
      <trkpt lat="46.981962444260716" lon="5.612328238785267">
        <ele>217.91999999999999</ele>
        <time>2022-04-30T13:21:43Z</time>
      </trkpt>
      <trkpt lat="46.981765385717154" lon="5.611654333770275">
        <ele>220.66</ele>
        <time>2022-04-30T13:21:51Z</time>
      </trkpt>
      <trkpt lat="46.981598921120167" lon="5.610745148733258">
        <ele>223.02000000000001</ele>
        <time>2022-04-30T13:22:01Z</time>
      </trkpt>
      <trkpt lat="46.981406304985285" lon="5.609679222106934">
        <ele>223.24000000000001</ele>
        <time>2022-04-30T13:22:12Z</time>
      </trkpt>
      <trkpt lat="46.981275379657745" lon="5.608883947134018">
        <ele>223</ele>
        <time>2022-04-30T13:22:20Z</time>
      </trkpt>
      <trkpt lat="46.981103802099824" lon="5.608056569471955">
        <ele>223.61000000000001</ele>
        <time>2022-04-30T13:22:28Z</time>
      </trkpt>
      <trkpt lat="46.981019899249077" lon="5.607636468484998">
        <ele>223.69</ele>
        <time>2022-04-30T13:22:32Z</time>
      </trkpt>
      <trkpt lat="46.980999195948243" lon="5.607531359419227">
        <ele>223.72999999999999</ele>
        <time>2022-04-30T13:22:33Z</time>
      </trkpt>
      <trkpt lat="46.980841532349586" lon="5.606590155512095">
        <ele>223.24000000000001</ele>
        <time>2022-04-30T13:22:41Z</time>
      </trkpt>
      <trkpt lat="46.980794928967953" lon="5.606206180527806">
        <ele>221.88</ele>
        <time>2022-04-30T13:22:44Z</time>
      </trkpt>
      <trkpt lat="46.9808011315763" lon="5.60607542283833">
        <ele>221.34999999999999</ele>
        <time>2022-04-30T13:22:45Z</time>
      </trkpt>
      <trkpt lat="46.980817811563611" lon="5.605944832786918">
        <ele>220.86000000000001</ele>
        <time>2022-04-30T13:22:46Z</time>
      </trkpt>
      <trkpt lat="46.980841113254428" lon="5.605816338211298">
        <ele>220.38999999999999</ele>
        <time>2022-04-30T13:22:47Z</time>
      </trkpt>
      <trkpt lat="46.980868941172957" lon="5.605686586350203">
        <ele>219.94</ele>
        <time>2022-04-30T13:22:48Z</time>
      </trkpt>
      <trkpt lat="46.981070609763265" lon="5.604851748794317">
        <ele>216.93000000000001</ele>
        <time>2022-04-30T13:22:54Z</time>
      </trkpt>
      <trkpt lat="46.98120036162436" lon="5.60432318598032">
        <ele>214.97</ele>
        <time>2022-04-30T13:22:58Z</time>
      </trkpt>
      <trkpt lat="46.981314104050398" lon="5.603847345337272">
        <ele>215.52000000000001</ele>
        <time>2022-04-30T13:23:03Z</time>
      </trkpt>
      <trkpt lat="46.981360204517841" lon="5.603686328977346">
        <ele>216.88999999999999</ele>
        <time>2022-04-30T13:23:07Z</time>
      </trkpt>
      <trkpt lat="46.981366407126188" lon="5.603632936254144">
        <ele>218.47999999999999</ele>
        <time>2022-04-30T13:23:13Z</time>
      </trkpt>
      <trkpt lat="46.981387697160244" lon="5.603617765009403">
        <ele>219.12</ele>
        <time>2022-04-30T13:23:27Z</time>
      </trkpt>
      <trkpt lat="46.981406221166253" lon="5.603551296517253">
        <ele>219.08000000000001</ele>
        <time>2022-04-30T13:23:29Z</time>
      </trkpt>
      <trkpt lat="46.981470258906484" lon="5.603238232433796">
        <ele>219.13999999999999</ele>
        <time>2022-04-30T13:23:34Z</time>
      </trkpt>
      <trkpt lat="46.981624737381935" lon="5.602592658251524">
        <ele>220.33000000000001</ele>
        <time>2022-04-30T13:23:42Z</time>
      </trkpt>
      <trkpt lat="46.98179991915822" lon="5.601943144574761">
        <ele>222.03999999999999</ele>
        <time>2022-04-30T13:23:50Z</time>
      </trkpt>
      <trkpt lat="46.981957079842687" lon="5.601188438013196">
        <ele>223.16999999999999</ele>
        <time>2022-04-30T13:23:58Z</time>
      </trkpt>
      <trkpt lat="46.982154808938503" lon="5.600273134186864">
        <ele>221.69</ele>
        <time>2022-04-30T13:24:06Z</time>
      </trkpt>
      <trkpt lat="46.982296295464039" lon="5.599575089290738">
        <ele>219.88</ele>
        <time>2022-04-30T13:24:12Z</time>
      </trkpt>
      <trkpt lat="46.982455551624298" lon="5.598817532882094">
        <ele>217.16999999999999</ele>
        <time>2022-04-30T13:24:18Z</time>
      </trkpt>
      <trkpt lat="46.982519002631307" lon="5.598457530140877">
        <ele>216.27000000000001</ele>
        <time>2022-04-30T13:24:21Z</time>
      </trkpt>
      <trkpt lat="46.98252403177321" lon="5.598345967009664">
        <ele>216.08000000000001</ele>
        <time>2022-04-30T13:24:22Z</time>
      </trkpt>
      <trkpt lat="46.982506681233644" lon="5.598243372514844">
        <ele>215.88</ele>
        <time>2022-04-30T13:24:23Z</time>
      </trkpt>
      <trkpt lat="46.98246980085969" lon="5.598149579018354">
        <ele>215.72999999999999</ele>
        <time>2022-04-30T13:24:24Z</time>
      </trkpt>
      <trkpt lat="46.982421185821295" lon="5.598060730844736">
        <ele>215.61000000000001</ele>
        <time>2022-04-30T13:24:25Z</time>
      </trkpt>
      <trkpt lat="46.982367038726807" lon="5.597980432212353">
        <ele>215.52000000000001</ele>
        <time>2022-04-30T13:24:26Z</time>
      </trkpt>
      <trkpt lat="46.982308952137828" lon="5.59790700674057">
        <ele>215.47999999999999</ele>
        <time>2022-04-30T13:24:27Z</time>
      </trkpt>
      <trkpt lat="46.982249775901437" lon="5.597841292619705">
        <ele>215.46000000000001</ele>
        <time>2022-04-30T13:24:28Z</time>
      </trkpt>
      <trkpt lat="46.982182804495096" lon="5.597781194373965">
        <ele>215.46000000000001</ele>
        <time>2022-04-30T13:24:29Z</time>
      </trkpt>
      <trkpt lat="46.982116252183914" lon="5.597726376727223">
        <ele>215.49000000000001</ele>
        <time>2022-04-30T13:24:30Z</time>
      </trkpt>
      <trkpt lat="46.982048191130161" lon="5.597678180783987">
        <ele>215.53</ele>
        <time>2022-04-30T13:24:31Z</time>
      </trkpt>
      <trkpt lat="46.981978453695774" lon="5.597633337602019">
        <ele>215.55000000000001</ele>
        <time>2022-04-30T13:24:32Z</time>
      </trkpt>
      <trkpt lat="46.981413513422012" lon="5.59726738370955">
        <ele>216.44</ele>
        <time>2022-04-30T13:24:40Z</time>
      </trkpt>
      <trkpt lat="46.980795599520206" lon="5.596868069842458">
        <ele>216.96000000000001</ele>
        <time>2022-04-30T13:24:49Z</time>
      </trkpt>
      <trkpt lat="46.980301905423403" lon="5.596494991332293">
        <ele>217.44</ele>
        <time>2022-04-30T13:24:57Z</time>
      </trkpt>
      <trkpt lat="46.979754734784365" lon="5.596037674695253">
        <ele>218.59</ele>
        <time>2022-04-30T13:25:06Z</time>
      </trkpt>
      <trkpt lat="46.979084936901927" lon="5.595475751906633">
        <ele>219.69</ele>
        <time>2022-04-30T13:25:17Z</time>
      </trkpt>
      <trkpt lat="46.978687047958374" lon="5.595075767487288">
        <ele>220.22</ele>
        <time>2022-04-30T13:25:24Z</time>
      </trkpt>
      <trkpt lat="46.978365434333682" lon="5.594578385353088">
        <ele>221.25999999999999</ele>
        <time>2022-04-30T13:25:31Z</time>
      </trkpt>
      <trkpt lat="46.978099476546049" lon="5.593923842534423">
        <ele>222.27000000000001</ele>
        <time>2022-04-30T13:25:39Z</time>
      </trkpt>
      <trkpt lat="46.97779068723321" lon="5.593042653053999">
        <ele>224.16999999999999</ele>
        <time>2022-04-30T13:25:50Z</time>
      </trkpt>
      <trkpt lat="46.97749849408865" lon="5.592220304533839">
        <ele>226.19999999999999</ele>
        <time>2022-04-30T13:26:01Z</time>
      </trkpt>
      <trkpt lat="46.977225495502353" lon="5.591436177492142">
        <ele>228.28999999999999</ele>
        <time>2022-04-30T13:26:11Z</time>
      </trkpt>
      <trkpt lat="46.976923579350114" lon="5.590596729889512">
        <ele>229.78</ele>
        <time>2022-04-30T13:26:22Z</time>
      </trkpt>
      <trkpt lat="46.976638427004218" lon="5.589823164045811">
        <ele>231.38</ele>
        <time>2022-04-30T13:26:32Z</time>
      </trkpt>
      <trkpt lat="46.976352436468005" lon="5.589027469977737">
        <ele>233.49000000000001</ele>
        <time>2022-04-30T13:26:43Z</time>
      </trkpt>
      <trkpt lat="46.976120257750154" lon="5.58841684833169">
        <ele>235.05000000000001</ele>
        <time>2022-04-30T13:26:51Z</time>
      </trkpt>
      <trkpt lat="46.975840721279383" lon="5.587635152041912">
        <ele>236.69999999999999</ele>
        <time>2022-04-30T13:27:01Z</time>
      </trkpt>
      <trkpt lat="46.975546013563871" lon="5.586813557893038">
        <ele>238.00999999999999</ele>
        <time>2022-04-30T13:27:11Z</time>
      </trkpt>
      <trkpt lat="46.97517167776823" lon="5.585792306810617">
        <ele>239.09999999999999</ele>
        <time>2022-04-30T13:27:23Z</time>
      </trkpt>
      <trkpt lat="46.974919885396957" lon="5.58510641567409">
        <ele>240.02000000000001</ele>
        <time>2022-04-30T13:27:31Z</time>
      </trkpt>
      <trkpt lat="46.974637247622013" lon="5.584297897294164">
        <ele>240.5</ele>
        <time>2022-04-30T13:27:40Z</time>
      </trkpt>
      <trkpt lat="46.974246734753251" lon="5.583225265145302">
        <ele>241.31</ele>
        <time>2022-04-30T13:27:52Z</time>
      </trkpt>
      <trkpt lat="46.973972646519542" lon="5.582487573847175">
        <ele>241.94999999999999</ele>
        <time>2022-04-30T13:28:00Z</time>
      </trkpt>
      <trkpt lat="46.973641142249107" lon="5.581568917259574">
        <ele>241.93000000000001</ele>
        <time>2022-04-30T13:28:09Z</time>
      </trkpt>
      <trkpt lat="46.973319612443447" lon="5.58067549020052">
        <ele>240.75</ele>
        <time>2022-04-30T13:28:17Z</time>
      </trkpt>
      <trkpt lat="46.973013756796718" lon="5.57983947917819">
        <ele>238.33000000000001</ele>
        <time>2022-04-30T13:28:24Z</time>
      </trkpt>
      <trkpt lat="46.972669176757336" lon="5.578905986621976">
        <ele>236</ele>
        <time>2022-04-30T13:28:31Z</time>
      </trkpt>
      <trkpt lat="46.972325602546334" lon="5.577945336699486">
        <ele>232.77000000000001</ele>
        <time>2022-04-30T13:28:38Z</time>
      </trkpt>
      <trkpt lat="46.971986889839172" lon="5.577014526352286">
        <ele>230.91</ele>
        <time>2022-04-30T13:28:45Z</time>
      </trkpt>
      <trkpt lat="46.971630994230509" lon="5.576017582789064">
        <ele>230.97999999999999</ele>
        <time>2022-04-30T13:28:53Z</time>
      </trkpt>
      <trkpt lat="46.971272081136703" lon="5.57504452764988">
        <ele>230.94</ele>
        <time>2022-04-30T13:29:01Z</time>
      </trkpt>
      <trkpt lat="46.970957340672612" lon="5.574157387018204">
        <ele>229.59999999999999</ele>
        <time>2022-04-30T13:29:08Z</time>
      </trkpt>
      <trkpt lat="46.970530031248927" lon="5.572973946109414">
        <ele>227.24000000000001</ele>
        <time>2022-04-30T13:29:17Z</time>
      </trkpt>
      <trkpt lat="46.970147145912051" lon="5.571893937885761">
        <ele>225.06999999999999</ele>
        <time>2022-04-30T13:29:25Z</time>
      </trkpt>
      <trkpt lat="46.969735594466329" lon="5.570737486705184">
        <ele>224.93000000000001</ele>
        <time>2022-04-30T13:29:34Z</time>
      </trkpt>
      <trkpt lat="46.969413394108415" lon="5.569871133193374">
        <ele>224.91999999999999</ele>
        <time>2022-04-30T13:29:41Z</time>
      </trkpt>
      <trkpt lat="46.969058252871037" lon="5.568883325904608">
        <ele>224.52000000000001</ele>
        <time>2022-04-30T13:29:49Z</time>
      </trkpt>
      <trkpt lat="46.968706212937832" lon="5.567925106734037">
        <ele>226.59999999999999</ele>
        <time>2022-04-30T13:29:58Z</time>
      </trkpt>
      <trkpt lat="46.968345372006297" lon="5.566898239776492">
        <ele>228.81</ele>
        <time>2022-04-30T13:30:08Z</time>
      </trkpt>
      <trkpt lat="46.968105565756559" lon="5.566239254549146">
        <ele>228.99000000000001</ele>
        <time>2022-04-30T13:30:14Z</time>
      </trkpt>
      <trkpt lat="46.967852599918842" lon="5.565546406432986">
        <ele>227.84999999999999</ele>
        <time>2022-04-30T13:30:20Z</time>
      </trkpt>
      <trkpt lat="46.967574320733547" lon="5.564803685992956">
        <ele>225.47999999999999</ele>
        <time>2022-04-30T13:30:26Z</time>
      </trkpt>
      <trkpt lat="46.967253126204014" lon="5.563896512612701">
        <ele>224.59999999999999</ele>
        <time>2022-04-30T13:30:33Z</time>
      </trkpt>
      <trkpt lat="46.966925309970975" lon="5.563001073896885">
        <ele>225.13</ele>
        <time>2022-04-30T13:30:41Z</time>
      </trkpt>
      <trkpt lat="46.966613922268152" lon="5.562136899679899">
        <ele>226.44999999999999</ele>
        <time>2022-04-30T13:30:50Z</time>
      </trkpt>
      <trkpt lat="46.966340336948633" lon="5.561375403776765">
        <ele>227.09999999999999</ele>
        <time>2022-04-30T13:30:58Z</time>
      </trkpt>
      <trkpt lat="46.966118467971683" lon="5.560780204832554">
        <ele>227.03</ele>
        <time>2022-04-30T13:31:04Z</time>
      </trkpt>
      <trkpt lat="46.965791489928961" lon="5.559847550466657">
        <ele>227.24000000000001</ele>
        <time>2022-04-30T13:31:13Z</time>
      </trkpt>
      <trkpt lat="46.965501978993416" lon="5.559024196118116">
        <ele>226.50999999999999</ele>
        <time>2022-04-30T13:31:21Z</time>
      </trkpt>
      <trkpt lat="46.96529695764184" lon="5.558431511744857">
        <ele>227.58000000000001</ele>
        <time>2022-04-30T13:31:27Z</time>
      </trkpt>
      <trkpt lat="46.964987749233842" lon="5.557576641440392">
        <ele>229.16</ele>
        <time>2022-04-30T13:31:36Z</time>
      </trkpt>
      <trkpt lat="46.964715672656894" lon="5.556800980120897">
        <ele>230.61000000000001</ele>
        <time>2022-04-30T13:31:44Z</time>
      </trkpt>
      <trkpt lat="46.964508136734366" lon="5.556157501414418">
        <ele>231.97</ele>
        <time>2022-04-30T13:31:51Z</time>
      </trkpt>
      <trkpt lat="46.964391293004155" lon="5.55582289583981">
        <ele>232.46000000000001</ele>
        <time>2022-04-30T13:31:55Z</time>
      </trkpt>
      <trkpt lat="46.964256428182125" lon="5.555496755987406">
        <ele>232.96000000000001</ele>
        <time>2022-04-30T13:31:59Z</time>
      </trkpt>
      <trkpt lat="46.964054675772786" lon="5.554928127676249">
        <ele>234.43000000000001</ele>
        <time>2022-04-30T13:32:06Z</time>
      </trkpt>
      <trkpt lat="46.963837333023548" lon="5.554281380027533">
        <ele>235.53999999999999</ele>
        <time>2022-04-30T13:32:14Z</time>
      </trkpt>
      <trkpt lat="46.963811684399843" lon="5.554201249033213">
        <ele>235.84</ele>
        <time>2022-04-30T13:32:15Z</time>
      </trkpt>
      <trkpt lat="46.963649159297347" lon="5.553723480552435">
        <ele>237.18000000000001</ele>
        <time>2022-04-30T13:32:21Z</time>
      </trkpt>
      <trkpt lat="46.963451262563467" lon="5.553113780915737">
        <ele>238.16999999999999</ele>
        <time>2022-04-30T13:32:28Z</time>
      </trkpt>
      <trkpt lat="46.963254874572158" lon="5.552498968318105">
        <ele>239.08000000000001</ele>
        <time>2022-04-30T13:32:35Z</time>
      </trkpt>
      <trkpt lat="46.963062761351466" lon="5.551850125193596">
        <ele>239.41</ele>
        <time>2022-04-30T13:32:42Z</time>
      </trkpt>
      <trkpt lat="46.962864110246301" lon="5.551287867128849">
        <ele>239.50999999999999</ele>
        <time>2022-04-30T13:32:48Z</time>
      </trkpt>
      <trkpt lat="46.962597314268351" lon="5.550495022907853">
        <ele>239.88999999999999</ele>
        <time>2022-04-30T13:32:56Z</time>
      </trkpt>
      <trkpt lat="46.962352395057678" lon="5.549760684370995">
        <ele>239.78999999999999</ele>
        <time>2022-04-30T13:33:03Z</time>
      </trkpt>
      <trkpt lat="46.962138991802931" lon="5.549095245078206">
        <ele>239.24000000000001</ele>
        <time>2022-04-30T13:33:09Z</time>
      </trkpt>
      <trkpt lat="46.961871106177568" lon="5.548246493563056">
        <ele>239.03</ele>
        <time>2022-04-30T13:33:17Z</time>
      </trkpt>
      <trkpt lat="46.961615541949868" lon="5.547353234142065">
        <ele>239.91999999999999</ele>
        <time>2022-04-30T13:33:25Z</time>
      </trkpt>
      <trkpt lat="46.961422590538859" lon="5.546590816229582">
        <ele>240.38</ele>
        <time>2022-04-30T13:33:32Z</time>
      </trkpt>
      <trkpt lat="46.961229974403977" lon="5.545789925381541">
        <ele>240.69999999999999</ele>
        <time>2022-04-30T13:33:39Z</time>
      </trkpt>
      <trkpt lat="46.960955047979951" lon="5.544797088950872">
        <ele>241.03999999999999</ele>
        <time>2022-04-30T13:33:48Z</time>
      </trkpt>
      <trkpt lat="46.960729910060763" lon="5.544036431238055">
        <ele>241.50999999999999</ele>
        <time>2022-04-30T13:33:55Z</time>
      </trkpt>
      <trkpt lat="46.960451295599341" lon="5.5430066306144">
        <ele>239.90000000000001</ele>
        <time>2022-04-30T13:34:04Z</time>
      </trkpt>
      <trkpt lat="46.96014828979969" lon="5.541978254914284">
        <ele>238.40000000000001</ele>
        <time>2022-04-30T13:34:12Z</time>
      </trkpt>
      <trkpt lat="46.959835728630424" lon="5.540978126227856">
        <ele>238.84</ele>
        <time>2022-04-30T13:34:20Z</time>
      </trkpt>
      <trkpt lat="46.959680998697877" lon="5.540436068549752">
        <ele>240.12</ele>
        <time>2022-04-30T13:34:25Z</time>
      </trkpt>
      <trkpt lat="46.959428871050477" lon="5.539556723088026">
        <ele>241.63999999999999</ele>
        <time>2022-04-30T13:34:33Z</time>
      </trkpt>
      <trkpt lat="46.959181688725948" lon="5.538616944104433">
        <ele>241.44</ele>
        <time>2022-04-30T13:34:41Z</time>
      </trkpt>
      <trkpt lat="46.958919083699584" lon="5.537627963349223">
        <ele>240.58000000000001</ele>
        <time>2022-04-30T13:34:49Z</time>
      </trkpt>
      <trkpt lat="46.958539467304945" lon="5.53621125407517">
        <ele>238.78999999999999</ele>
        <time>2022-04-30T13:35:00Z</time>
      </trkpt>
      <trkpt lat="46.958285830914974" lon="5.535319000482559">
        <ele>237.47</ele>
        <time>2022-04-30T13:35:07Z</time>
      </trkpt>
      <trkpt lat="46.957978215068579" lon="5.534150814637542">
        <ele>235.38</ele>
        <time>2022-04-30T13:35:16Z</time>
      </trkpt>
      <trkpt lat="46.957621481269598" lon="5.532833933830261">
        <ele>234.03999999999999</ele>
        <time>2022-04-30T13:35:26Z</time>
      </trkpt>
      <trkpt lat="46.957302382215858" lon="5.53178577683866">
        <ele>232.72999999999999</ele>
        <time>2022-04-30T13:35:34Z</time>
      </trkpt>
      <trkpt lat="46.956866439431906" lon="5.530810123309493">
        <ele>230.88</ele>
        <time>2022-04-30T13:35:42Z</time>
      </trkpt>
      <trkpt lat="46.956512974575162" lon="5.530052483081818">
        <ele>229.43000000000001</ele>
        <time>2022-04-30T13:35:48Z</time>
      </trkpt>
      <trkpt lat="46.956036714836955" lon="5.529051935300231">
        <ele>229.11000000000001</ele>
        <time>2022-04-30T13:35:56Z</time>
      </trkpt>
      <trkpt lat="46.955694314092398" lon="5.528332684189081">
        <ele>229.06</ele>
        <time>2022-04-30T13:36:02Z</time>
      </trkpt>
      <trkpt lat="46.955379657447338" lon="5.527642434462905">
        <ele>228.66</ele>
        <time>2022-04-30T13:36:08Z</time>
      </trkpt>
      <trkpt lat="46.954955784603953" lon="5.52673383615911">
        <ele>228.34999999999999</ele>
        <time>2022-04-30T13:36:16Z</time>
      </trkpt>
      <trkpt lat="46.954519674181938" lon="5.52577611990273">
        <ele>226.87</ele>
        <time>2022-04-30T13:36:24Z</time>
      </trkpt>
      <trkpt lat="46.954201832413673" lon="5.525077152997255">
        <ele>225.94</ele>
        <time>2022-04-30T13:36:30Z</time>
      </trkpt>
      <trkpt lat="46.953968983143568" lon="5.52435765042901">
        <ele>225.22999999999999</ele>
        <time>2022-04-30T13:36:36Z</time>
      </trkpt>
      <trkpt lat="46.953710233792663" lon="5.523368837311864">
        <ele>224.40000000000001</ele>
        <time>2022-04-30T13:36:44Z</time>
      </trkpt>
      <trkpt lat="46.953654242679477" lon="5.523114027455449">
        <ele>223.93000000000001</ele>
        <time>2022-04-30T13:36:46Z</time>
      </trkpt>
      <trkpt lat="46.953439330682158" lon="5.522224372252822">
        <ele>223.30000000000001</ele>
        <time>2022-04-30T13:36:53Z</time>
      </trkpt>
      <trkpt lat="46.953133894130588" lon="5.521041434258223">
        <ele>222.21000000000001</ele>
        <time>2022-04-30T13:37:02Z</time>
      </trkpt>
      <trkpt lat="46.952899033203721" lon="5.520151192322373">
        <ele>219.50999999999999</ele>
        <time>2022-04-30T13:37:09Z</time>
      </trkpt>
      <trkpt lat="46.952723851427436" lon="5.51952900364995">
        <ele>217.99000000000001</ele>
        <time>2022-04-30T13:37:15Z</time>
      </trkpt>
      <trkpt lat="46.952530313283205" lon="5.518990885466337">
        <ele>216.78999999999999</ele>
        <time>2022-04-30T13:37:21Z</time>
      </trkpt>
      <trkpt lat="46.952481530606747" lon="5.518940845504403">
        <ele>216.56</ele>
        <time>2022-04-30T13:37:22Z</time>
      </trkpt>
      <trkpt lat="46.952430149540305" lon="5.518939420580864">
        <ele>216.31</ele>
        <time>2022-04-30T13:37:23Z</time>
      </trkpt>
      <trkpt lat="46.952377175912261" lon="5.518965823575854">
        <ele>216.06</ele>
        <time>2022-04-30T13:37:24Z</time>
      </trkpt>
      <trkpt lat="46.952325459569693" lon="5.519005218520761">
        <ele>215.63</ele>
        <time>2022-04-30T13:37:25Z</time>
      </trkpt>
      <trkpt lat="46.952275335788727" lon="5.519052240997553">
        <ele>215.63</ele>
        <time>2022-04-30T13:37:26Z</time>
      </trkpt>
      <trkpt lat="46.951831430196762" lon="5.519468821585178">
        <ele>215.08000000000001</ele>
        <time>2022-04-30T13:37:35Z</time>
      </trkpt>
      <trkpt lat="46.951449299231172" lon="5.519817089661956">
        <ele>215.56999999999999</ele>
        <time>2022-04-30T13:37:44Z</time>
      </trkpt>
      <trkpt lat="46.951370509341359" lon="5.519893281161785">
        <ele>215.63</ele>
        <time>2022-04-30T13:37:46Z</time>
      </trkpt>
      <trkpt lat="46.950930962339044" lon="5.520294774323702">
        <ele>216.06999999999999</ele>
        <time>2022-04-30T13:37:57Z</time>
      </trkpt>
      <trkpt lat="46.950768521055579" lon="5.520497700199485">
        <ele>216.77000000000001</ele>
        <time>2022-04-30T13:38:04Z</time>
      </trkpt>
      <trkpt lat="46.950759217143059" lon="5.520539693534374">
        <ele>217.13</ele>
        <time>2022-04-30T13:38:10Z</time>
      </trkpt>
      <trkpt lat="46.950770784169436" lon="5.520563079044223">
        <ele>216.99000000000001</ele>
        <time>2022-04-30T13:38:19Z</time>
      </trkpt>
      <trkpt lat="46.950778579339385" lon="5.520552769303322">
        <ele>216.34</ele>
        <time>2022-04-30T13:38:28Z</time>
      </trkpt>
      <trkpt lat="46.95077346637845" lon="5.520547740161419">
        <ele>216.86000000000001</ele>
        <time>2022-04-30T13:38:45Z</time>
      </trkpt>
      <trkpt lat="46.950802216306329" lon="5.520550590008497">
        <ele>216.84</ele>
        <time>2022-04-30T13:39:21Z</time>
      </trkpt>
      <trkpt lat="46.950789643451571" lon="5.520538603886962">
        <ele>216.93000000000001</ele>
        <time>2022-04-30T13:39:48Z</time>
      </trkpt>
      <trkpt lat="46.950786039233208" lon="5.520550757646561">
        <ele>217.13999999999999</ele>
        <time>2022-04-30T13:40:18Z</time>
      </trkpt>
      <trkpt lat="46.950769945979118" lon="5.520567521452904">
        <ele>217.44</ele>
        <time>2022-04-30T13:40:56Z</time>
      </trkpt>
      <trkpt lat="46.950755445286632" lon="5.520561318844557">
        <ele>217.21000000000001</ele>
        <time>2022-04-30T13:41:29Z</time>
      </trkpt>
      <trkpt lat="46.950763156637549" lon="5.520581183955073">
        <ele>217.27000000000001</ele>
        <time>2022-04-30T13:41:55Z</time>
      </trkpt>
      <trkpt lat="46.950779249891639" lon="5.520562324672937">
        <ele>217.55000000000001</ele>
        <time>2022-04-30T13:42:28Z</time>
      </trkpt>
      <trkpt lat="46.950774220749736" lon="5.520574310794473">
        <ele>217.46000000000001</ele>
        <time>2022-04-30T13:42:59Z</time>
      </trkpt>
      <trkpt lat="46.950761396437883" lon="5.520567437633872">
        <ele>217.44999999999999</ele>
        <time>2022-04-30T13:43:24Z</time>
      </trkpt>
      <trkpt lat="46.950772209092975" lon="5.520559642463923">
        <ele>217.55000000000001</ele>
        <time>2022-04-30T13:43:57Z</time>
      </trkpt>
      <trkpt lat="46.950791236013174" lon="5.520579004660249">
        <ele>217.63</ele>
        <time>2022-04-30T13:44:31Z</time>
      </trkpt>
      <trkpt lat="46.950815292075276" lon="5.520576238632202">
        <ele>217.28999999999999</ele>
        <time>2022-04-30T13:45:04Z</time>
      </trkpt>
      <trkpt lat="46.950825015082955" lon="5.520569868385792">
        <ele>217.44</ele>
        <time>2022-04-30T13:45:39Z</time>
      </trkpt>
      <trkpt lat="46.950831469148397" lon="5.520556541159749">
        <ele>217.22</ele>
        <time>2022-04-30T13:46:17Z</time>
      </trkpt>
      <trkpt lat="46.950859129428864" lon="5.52054975181818">
        <ele>217.50999999999999</ele>
        <time>2022-04-30T13:47:02Z</time>
      </trkpt>
      <trkpt lat="46.95084965787828" lon="5.520550506189466">
        <ele>217.50999999999999</ele>
        <time>2022-04-30T13:47:19Z</time>
      </trkpt>
      <trkpt lat="46.950803222134709" lon="5.520515637472272">
        <ele>217.50999999999999</ele>
        <time>2022-04-30T13:47:33Z</time>
      </trkpt>
      <trkpt lat="46.950782937929034" lon="5.520496610552073">
        <ele>217.53</ele>
        <time>2022-04-30T13:47:35Z</time>
      </trkpt>
      <trkpt lat="46.950766509398818" lon="5.520497281104326">
        <ele>217.53999999999999</ele>
        <time>2022-04-30T13:47:36Z</time>
      </trkpt>
      <trkpt lat="46.950746979564428" lon="5.520510943606496">
        <ele>217.55000000000001</ele>
        <time>2022-04-30T13:47:37Z</time>
      </trkpt>
      <trkpt lat="46.950570791959763" lon="5.520664500072599">
        <ele>217.63</ele>
        <time>2022-04-30T13:47:43Z</time>
      </trkpt>
      <trkpt lat="46.950525529682636" lon="5.520697860047221">
        <ele>217.59</ele>
        <time>2022-04-30T13:47:47Z</time>
      </trkpt>
      <trkpt lat="46.950462330132723" lon="5.520765585824847">
        <ele>217.12</ele>
        <time>2022-04-30T13:47:56Z</time>
      </trkpt>
      <trkpt lat="46.950436430051923" lon="5.520789725705981">
        <ele>217.05000000000001</ele>
        <time>2022-04-30T13:47:57Z</time>
      </trkpt>
      <trkpt lat="46.950343810021877" lon="5.520888129249215">
        <ele>216.84</ele>
        <time>2022-04-30T13:48:00Z</time>
      </trkpt>
      <trkpt lat="46.950023705139756" lon="5.521187782287598">
        <ele>215.68000000000001</ele>
        <time>2022-04-30T13:48:07Z</time>
      </trkpt>
      <trkpt lat="46.949727823957801" lon="5.521638644859195">
        <ele>214.55000000000001</ele>
        <time>2022-04-30T13:48:14Z</time>
      </trkpt>
      <trkpt lat="46.949518695473671" lon="5.521991355344653">
        <ele>214.44</ele>
        <time>2022-04-30T13:48:19Z</time>
      </trkpt>
      <trkpt lat="46.949337981641293" lon="5.522359320893884">
        <ele>214.68000000000001</ele>
        <time>2022-04-30T13:48:24Z</time>
      </trkpt>
      <trkpt lat="46.949119800701737" lon="5.522968601435423">
        <ele>215.28</ele>
        <time>2022-04-30T13:48:32Z</time>
      </trkpt>
      <trkpt lat="46.948920479044318" lon="5.523493140935898">
        <ele>216.28</ele>
        <time>2022-04-30T13:48:39Z</time>
      </trkpt>
      <trkpt lat="46.948641445487738" lon="5.524015920236707">
        <ele>216.81</ele>
        <time>2022-04-30T13:48:46Z</time>
      </trkpt>
      <trkpt lat="46.948410356417298" lon="5.524433255195618">
        <ele>218</ele>
        <time>2022-04-30T13:48:52Z</time>
      </trkpt>
      <trkpt lat="46.948068207129836" lon="5.525226853787899">
        <ele>219.18000000000001</ele>
        <time>2022-04-30T13:49:03Z</time>
      </trkpt>
      <trkpt lat="46.947685237973928" lon="5.525873266160488">
        <ele>220.99000000000001</ele>
        <time>2022-04-30T13:49:13Z</time>
      </trkpt>
      <trkpt lat="46.947273099794984" lon="5.526327565312386">
        <ele>220.56999999999999</ele>
        <time>2022-04-30T13:49:21Z</time>
      </trkpt>
      <trkpt lat="46.947142509743571" lon="5.526407361030579">
        <ele>220.40000000000001</ele>
        <time>2022-04-30T13:49:23Z</time>
      </trkpt>
      <trkpt lat="46.947072520852089" lon="5.526435021311045">
        <ele>220.36000000000001</ele>
        <time>2022-04-30T13:49:24Z</time>
      </trkpt>
      <trkpt lat="46.94699976593256" lon="5.526455137878656">
        <ele>220.31999999999999</ele>
        <time>2022-04-30T13:49:25Z</time>
      </trkpt>
      <trkpt lat="46.94692449644208" lon="5.526467794552445">
        <ele>220.28999999999999</ele>
        <time>2022-04-30T13:49:26Z</time>
      </trkpt>
      <trkpt lat="46.946849310770631" lon="5.526475086808205">
        <ele>220.27000000000001</ele>
        <time>2022-04-30T13:49:27Z</time>
      </trkpt>
      <trkpt lat="46.94641244597733" lon="5.526552870869637">
        <ele>219.97</ele>
        <time>2022-04-30T13:49:33Z</time>
      </trkpt>
      <trkpt lat="46.946344301104546" lon="5.526591930538416">
        <ele>219.96000000000001</ele>
        <time>2022-04-30T13:49:34Z</time>
      </trkpt>
      <trkpt lat="46.946277497336268" lon="5.526635516434908">
        <ele>219.97</ele>
        <time>2022-04-30T13:49:35Z</time>
      </trkpt>
      <trkpt lat="46.946153864264488" lon="5.526736099272966">
        <ele>220.00999999999999</ele>
        <time>2022-04-30T13:49:37Z</time>
      </trkpt>
      <trkpt lat="46.945620439946651" lon="5.527311433106661">
        <ele>221.09</ele>
        <time>2022-04-30T13:49:47Z</time>
      </trkpt>
      <trkpt lat="46.94505549967289" lon="5.527844605967403">
        <ele>222.06999999999999</ele>
        <time>2022-04-30T13:49:57Z</time>
      </trkpt>
      <trkpt lat="46.944538587704301" lon="5.528184827417135">
        <ele>221.33000000000001</ele>
        <time>2022-04-30T13:50:05Z</time>
      </trkpt>
      <trkpt lat="46.944473208859563" lon="5.528248613700271">
        <ele>221.15000000000001</ele>
        <time>2022-04-30T13:50:06Z</time>
      </trkpt>
      <trkpt lat="46.94441101513803" lon="5.528324553743005">
        <ele>220.94</ele>
        <time>2022-04-30T13:50:07Z</time>
      </trkpt>
      <trkpt lat="46.94435334764421" lon="5.528411222621799">
        <ele>220.66999999999999</ele>
        <time>2022-04-30T13:50:08Z</time>
      </trkpt>
      <trkpt lat="46.94429961964488" lon="5.528509374707937">
        <ele>220.37</ele>
        <time>2022-04-30T13:50:09Z</time>
      </trkpt>
      <trkpt lat="46.944251423701644" lon="5.52861699834466">
        <ele>220.06</ele>
        <time>2022-04-30T13:50:10Z</time>
      </trkpt>
      <trkpt lat="46.944209933280945" lon="5.528730656951666">
        <ele>219.72999999999999</ele>
        <time>2022-04-30T13:50:11Z</time>
      </trkpt>
      <trkpt lat="46.944174477830529" lon="5.528849679976702">
        <ele>219.34999999999999</ele>
        <time>2022-04-30T13:50:12Z</time>
      </trkpt>
      <trkpt lat="46.944143213331699" lon="5.528973313048482">
        <ele>218.88999999999999</ele>
        <time>2022-04-30T13:50:13Z</time>
      </trkpt>
      <trkpt lat="46.943953447043896" lon="5.529777389019728">
        <ele>217.38999999999999</ele>
        <time>2022-04-30T13:50:20Z</time>
      </trkpt>
      <trkpt lat="46.943733338266611" lon="5.530486246570945">
        <ele>219.56</ele>
        <time>2022-04-30T13:50:28Z</time>
      </trkpt>
      <trkpt lat="46.943487664684653" lon="5.531154703348875">
        <ele>221.58000000000001</ele>
        <time>2022-04-30T13:50:36Z</time>
      </trkpt>
      <trkpt lat="46.943026324734092" lon="5.532216019928455">
        <ele>220.25</ele>
        <time>2022-04-30T13:50:47Z</time>
      </trkpt>
      <trkpt lat="46.942700436338782" lon="5.532885817810893">
        <ele>221</ele>
        <time>2022-04-30T13:50:55Z</time>
      </trkpt>
      <trkpt lat="46.942628435790539" lon="5.533023197203875">
        <ele>221.53999999999999</ele>
        <time>2022-04-30T13:50:57Z</time>
      </trkpt>
      <trkpt lat="46.942591136321425" lon="5.533085810020566">
        <ele>221.86000000000001</ele>
        <time>2022-04-30T13:50:58Z</time>
      </trkpt>
      <trkpt lat="46.942219063639641" lon="5.533532649278641">
        <ele>223.69999999999999</ele>
        <time>2022-04-30T13:51:06Z</time>
      </trkpt>
      <trkpt lat="46.941713131964207" lon="5.534113682806492">
        <ele>224.59</ele>
        <time>2022-04-30T13:51:16Z</time>
      </trkpt>
      <trkpt lat="46.941665941849351" lon="5.534185515716672">
        <ele>224.56999999999999</ele>
        <time>2022-04-30T13:51:17Z</time>
      </trkpt>
      <trkpt lat="46.941332928836346" lon="5.534706450998783">
        <ele>224.09999999999999</ele>
        <time>2022-04-30T13:51:24Z</time>
      </trkpt>
      <trkpt lat="46.940904781222343" lon="5.535444477573037">
        <ele>223.05000000000001</ele>
        <time>2022-04-30T13:51:33Z</time>
      </trkpt>
      <trkpt lat="46.94051418453455" lon="5.53617705591023">
        <ele>220.40000000000001</ele>
        <time>2022-04-30T13:51:40Z</time>
      </trkpt>
      <trkpt lat="46.940153762698174" lon="5.536786084994674">
        <ele>217.63999999999999</ele>
        <time>2022-04-30T13:51:46Z</time>
      </trkpt>
      <trkpt lat="46.940087713301182" lon="5.536858420819044">
        <ele>217.41999999999999</ele>
        <time>2022-04-30T13:51:47Z</time>
      </trkpt>
      <trkpt lat="46.939504081383348" lon="5.537407854571939">
        <ele>217.59999999999999</ele>
        <time>2022-04-30T13:51:56Z</time>
      </trkpt>
      <trkpt lat="46.939102001488209" lon="5.537744890898466">
        <ele>219.31</ele>
        <time>2022-04-30T13:52:03Z</time>
      </trkpt>
      <trkpt lat="46.938566649332643" lon="5.538256773725152">
        <ele>221.24000000000001</ele>
        <time>2022-04-30T13:52:13Z</time>
      </trkpt>
      <trkpt lat="46.938261883333325" lon="5.538728507235646">
        <ele>222.00999999999999</ele>
        <time>2022-04-30T13:52:20Z</time>
      </trkpt>
      <trkpt lat="46.937892995774746" lon="5.539438119158149">
        <ele>222.78999999999999</ele>
        <time>2022-04-30T13:52:30Z</time>
      </trkpt>
      <trkpt lat="46.93757900968194" lon="5.540125099942088">
        <ele>222.69</ele>
        <time>2022-04-30T13:52:38Z</time>
      </trkpt>
      <trkpt lat="46.937273489311337" lon="5.540768075734377">
        <ele>221.59999999999999</ele>
        <time>2022-04-30T13:52:45Z</time>
      </trkpt>
      <trkpt lat="46.936855316162109" lon="5.541477603837848">
        <ele>218.97999999999999</ele>
        <time>2022-04-30T13:52:53Z</time>
      </trkpt>
      <trkpt lat="46.936608217656612" lon="5.54176745004952">
        <ele>218.12</ele>
        <time>2022-04-30T13:52:57Z</time>
      </trkpt>
      <trkpt lat="46.936535378918052" lon="5.541823105886579">
        <ele>217.94</ele>
        <time>2022-04-30T13:52:58Z</time>
      </trkpt>
      <trkpt lat="46.936368495225906" lon="5.541916061192751">
        <ele>217.58000000000001</ele>
        <time>2022-04-30T13:53:00Z</time>
      </trkpt>
      <trkpt lat="46.936275288462639" lon="5.541941290721297">
        <ele>217.31999999999999</ele>
        <time>2022-04-30T13:53:01Z</time>
      </trkpt>
      <trkpt lat="46.936181494966149" lon="5.541947493329644">
        <ele>216.94999999999999</ele>
        <time>2022-04-30T13:53:02Z</time>
      </trkpt>
      <trkpt lat="46.935659386217594" lon="5.541906589642167">
        <ele>214.47</ele>
        <time>2022-04-30T13:53:08Z</time>
      </trkpt>
      <trkpt lat="46.935584619641304" lon="5.541940284892917">
        <ele>214.28</ele>
        <time>2022-04-30T13:53:09Z</time>
      </trkpt>
      <trkpt lat="46.935519408434629" lon="5.542006334289908">
        <ele>214.13</ele>
        <time>2022-04-30T13:53:10Z</time>
      </trkpt>
      <trkpt lat="46.935459058731794" lon="5.542086381465197">
        <ele>214.03999999999999</ele>
        <time>2022-04-30T13:53:11Z</time>
      </trkpt>
      <trkpt lat="46.93540072068572" lon="5.542171960696578">
        <ele>213.99000000000001</ele>
        <time>2022-04-30T13:53:12Z</time>
      </trkpt>
      <trkpt lat="46.935342131182551" lon="5.542258126661181">
        <ele>213.99000000000001</ele>
        <time>2022-04-30T13:53:13Z</time>
      </trkpt>
      <trkpt lat="46.935137696564198" lon="5.542602287605405">
        <ele>214.24000000000001</ele>
        <time>2022-04-30T13:53:17Z</time>
      </trkpt>
      <trkpt lat="46.935016242787242" lon="5.54284879937768">
        <ele>215.24000000000001</ele>
        <time>2022-04-30T13:53:20Z</time>
      </trkpt>
      <trkpt lat="46.93474936299026" lon="5.543592860922217">
        <ele>216.77000000000001</ele>
        <time>2022-04-30T13:53:28Z</time>
      </trkpt>
      <trkpt lat="46.934472257271409" lon="5.544314375147224">
        <ele>217.56999999999999</ele>
        <time>2022-04-30T13:53:36Z</time>
      </trkpt>
      <trkpt lat="46.93405207246542" lon="5.544906053692102">
        <ele>219.28</ele>
        <time>2022-04-30T13:53:45Z</time>
      </trkpt>
      <trkpt lat="46.933636832982302" lon="5.545313581824303">
        <ele>220.88</ele>
        <time>2022-04-30T13:53:53Z</time>
      </trkpt>
      <trkpt lat="46.933317650109529" lon="5.545841557905078">
        <ele>222.59999999999999</ele>
        <time>2022-04-30T13:54:01Z</time>
      </trkpt>
      <trkpt lat="46.932888329029083" lon="5.546631636098027">
        <ele>223.08000000000001</ele>
        <time>2022-04-30T13:54:12Z</time>
      </trkpt>
      <trkpt lat="46.932343253865838" lon="5.547313671559095">
        <ele>222.71000000000001</ele>
        <time>2022-04-30T13:54:22Z</time>
      </trkpt>
      <trkpt lat="46.931666918098927" lon="5.548043064773083">
        <ele>221.91999999999999</ele>
        <time>2022-04-30T13:54:33Z</time>
      </trkpt>
      <trkpt lat="46.931074736639857" lon="5.548510942608118">
        <ele>221.44999999999999</ele>
        <time>2022-04-30T13:54:42Z</time>
      </trkpt>
      <trkpt lat="46.930601745843887" lon="5.54873138666153">
        <ele>222.05000000000001</ele>
        <time>2022-04-30T13:54:49Z</time>
      </trkpt>
      <trkpt lat="46.930149625986814" lon="5.549026178196073">
        <ele>223.16</ele>
        <time>2022-04-30T13:54:56Z</time>
      </trkpt>
      <trkpt lat="46.929358039051294" lon="5.549664795398712">
        <ele>223.33000000000001</ele>
        <time>2022-04-30T13:55:08Z</time>
      </trkpt>
      <trkpt lat="46.928825536742806" lon="5.550137367099524">
        <ele>221.91</ele>
        <time>2022-04-30T13:55:15Z</time>
      </trkpt>
      <trkpt lat="46.928607104346156" lon="5.550419250503182">
        <ele>220.55000000000001</ele>
        <time>2022-04-30T13:55:18Z</time>
      </trkpt>
      <trkpt lat="46.928487326949835" lon="5.550628378987312">
        <ele>219.72999999999999</ele>
        <time>2022-04-30T13:55:20Z</time>
      </trkpt>
      <trkpt lat="46.928209802135825" lon="5.551202958449721">
        <ele>219.93000000000001</ele>
        <time>2022-04-30T13:55:26Z</time>
      </trkpt>
      <trkpt lat="46.927822390571237" lon="5.551884323358536">
        <ele>221.38999999999999</ele>
        <time>2022-04-30T13:55:34Z</time>
      </trkpt>
      <trkpt lat="46.927459454163909" lon="5.552607094869018">
        <ele>221.33000000000001</ele>
        <time>2022-04-30T13:55:42Z</time>
      </trkpt>
      <trkpt lat="46.927157705649734" lon="5.553337996825576">
        <ele>222.16999999999999</ele>
        <time>2022-04-30T13:55:50Z</time>
      </trkpt>
      <trkpt lat="46.926935082301497" lon="5.554009303450584">
        <ele>223.65000000000001</ele>
        <time>2022-04-30T13:55:58Z</time>
      </trkpt>
      <trkpt lat="46.92664934322238" lon="5.554943634197116">
        <ele>225.84</ele>
        <time>2022-04-30T13:56:09Z</time>
      </trkpt>
      <trkpt lat="46.926384139806032" lon="5.555659616366029">
        <ele>225.44</ele>
        <time>2022-04-30T13:56:16Z</time>
      </trkpt>
      <trkpt lat="46.92626629024744" lon="5.555857345461845">
        <ele>224.78999999999999</ele>
        <time>2022-04-30T13:56:18Z</time>
      </trkpt>
      <trkpt lat="46.926197307184339" lon="5.555947450920939">
        <ele>224.40000000000001</ele>
        <time>2022-04-30T13:56:19Z</time>
      </trkpt>
      <trkpt lat="46.926123294979334" lon="5.556030515581369">
        <ele>224.02000000000001</ele>
        <time>2022-04-30T13:56:20Z</time>
      </trkpt>
      <trkpt lat="46.926044505089521" lon="5.556101677939296">
        <ele>223.61000000000001</ele>
        <time>2022-04-30T13:56:21Z</time>
      </trkpt>
      <trkpt lat="46.925962278619409" lon="5.556168984621763">
        <ele>223.16999999999999</ele>
        <time>2022-04-30T13:56:22Z</time>
      </trkpt>
      <trkpt lat="46.925633121281862" lon="5.556454304605722">
        <ele>221.09999999999999</ele>
        <time>2022-04-30T13:56:26Z</time>
      </trkpt>
      <trkpt lat="46.925559192895889" lon="5.556544912979007">
        <ele>220.63</ele>
        <time>2022-04-30T13:56:27Z</time>
      </trkpt>
      <trkpt lat="46.925490545108914" lon="5.556643651798368">
        <ele>220.21000000000001</ele>
        <time>2022-04-30T13:56:28Z</time>
      </trkpt>
      <trkpt lat="46.925428099930286" lon="5.556749934330583">
        <ele>219.84</ele>
        <time>2022-04-30T13:56:29Z</time>
      </trkpt>
      <trkpt lat="46.925372192636132" lon="5.556861748918891">
        <ele>219.53999999999999</ele>
        <time>2022-04-30T13:56:30Z</time>
      </trkpt>
      <trkpt lat="46.925320727750659" lon="5.556976245716214">
        <ele>219.28</ele>
        <time>2022-04-30T13:56:31Z</time>
      </trkpt>
      <trkpt lat="46.925270687788725" lon="5.557096023112536">
        <ele>219.09</ele>
        <time>2022-04-30T13:56:32Z</time>
      </trkpt>
      <trkpt lat="46.925040856003761" lon="5.55784092284739">
        <ele>218.09</ele>
        <time>2022-04-30T13:56:38Z</time>
      </trkpt>
      <trkpt lat="46.924942033365369" lon="5.558587750419974">
        <ele>218.27000000000001</ele>
        <time>2022-04-30T13:56:44Z</time>
      </trkpt>
      <trkpt lat="46.924822926521301" lon="5.559564745053649">
        <ele>219.36000000000001</ele>
        <time>2022-04-30T13:56:53Z</time>
      </trkpt>
      <trkpt lat="46.924791242927313" lon="5.55977881886065">
        <ele>219.71000000000001</ele>
        <time>2022-04-30T13:56:55Z</time>
      </trkpt>
      <trkpt lat="46.924736090004444" lon="5.560224317014217">
        <ele>220.28</ele>
        <time>2022-04-30T13:56:59Z</time>
      </trkpt>
      <trkpt lat="46.924721505492926" lon="5.560342166572809">
        <ele>220.34</ele>
        <time>2022-04-30T13:57:00Z</time>
      </trkpt>
      <trkpt lat="46.924708681181073" lon="5.560460099950433">
        <ele>220.36000000000001</ele>
        <time>2022-04-30T13:57:01Z</time>
      </trkpt>
      <trkpt lat="46.924665682017803" lon="5.560695128515363">
        <ele>220.08000000000001</ele>
        <time>2022-04-30T13:57:03Z</time>
      </trkpt>
      <trkpt lat="46.924629975110292" lon="5.560807446017861">
        <ele>219.86000000000001</ele>
        <time>2022-04-30T13:57:04Z</time>
      </trkpt>
      <trkpt lat="46.924585467204452" lon="5.560912219807506">
        <ele>219.62</ele>
        <time>2022-04-30T13:57:05Z</time>
      </trkpt>
      <trkpt lat="46.924534421414137" lon="5.561009701341391">
        <ele>219.37</ele>
        <time>2022-04-30T13:57:06Z</time>
      </trkpt>
      <trkpt lat="46.924476251006126" lon="5.561102069914341">
        <ele>219.13</ele>
        <time>2022-04-30T13:57:07Z</time>
      </trkpt>
      <trkpt lat="46.924416152760386" lon="5.561191756278276">
        <ele>218.90000000000001</ele>
        <time>2022-04-30T13:57:08Z</time>
      </trkpt>
      <trkpt lat="46.92390862852335" lon="5.561982588842511">
        <ele>217.03999999999999</ele>
        <time>2022-04-30T13:57:17Z</time>
      </trkpt>
      <trkpt lat="46.923489030450583" lon="5.562633275985718">
        <ele>217.97999999999999</ele>
        <time>2022-04-30T13:57:25Z</time>
      </trkpt>
      <trkpt lat="46.923216199502349" lon="5.563225960358977">
        <ele>219.21000000000001</ele>
        <time>2022-04-30T13:57:32Z</time>
      </trkpt>
      <trkpt lat="46.923198346048594" lon="5.563322268426418">
        <ele>219.38</ele>
        <time>2022-04-30T13:57:33Z</time>
      </trkpt>
      <trkpt lat="46.923187784850597" lon="5.563417235389352">
        <ele>219.52000000000001</ele>
        <time>2022-04-30T13:57:34Z</time>
      </trkpt>
      <trkpt lat="46.923183677718043" lon="5.563510609790683">
        <ele>219.58000000000001</ele>
        <time>2022-04-30T13:57:35Z</time>
      </trkpt>
      <trkpt lat="46.923185437917709" lon="5.563603146001697">
        <ele>219.68000000000001</ele>
        <time>2022-04-30T13:57:36Z</time>
      </trkpt>
      <trkpt lat="46.923190969973803" lon="5.563694844022393">
        <ele>219.77000000000001</ele>
        <time>2022-04-30T13:57:37Z</time>
      </trkpt>
      <trkpt lat="46.923276381567121" lon="5.564395403489471">
        <ele>220.59999999999999</ele>
        <time>2022-04-30T13:57:45Z</time>
      </trkpt>
      <trkpt lat="46.923367660492659" lon="5.56510291993618">
        <ele>222.03</ele>
        <time>2022-04-30T13:57:53Z</time>
      </trkpt>
      <trkpt lat="46.923468997702003" lon="5.566024761646986">
        <ele>222.72</ele>
        <time>2022-04-30T13:58:03Z</time>
      </trkpt>
      <trkpt lat="46.923463884741068" lon="5.566210923716426">
        <ele>222.84</ele>
        <time>2022-04-30T13:58:05Z</time>
      </trkpt>
      <trkpt lat="46.923451647162437" lon="5.566303040832281">
        <ele>222.87</ele>
        <time>2022-04-30T13:58:06Z</time>
      </trkpt>
      <trkpt lat="46.92343320697546" lon="5.566393146291375">
        <ele>222.91</ele>
        <time>2022-04-30T13:58:07Z</time>
      </trkpt>
      <trkpt lat="46.92340973764658" lon="5.566479898989201">
        <ele>222.97</ele>
        <time>2022-04-30T13:58:08Z</time>
      </trkpt>
      <trkpt lat="46.923379981890321" lon="5.566564304754138">
        <ele>223</ele>
        <time>2022-04-30T13:58:09Z</time>
      </trkpt>
      <trkpt lat="46.923345616087317" lon="5.566640915349126">
        <ele>223.03</ele>
        <time>2022-04-30T13:58:10Z</time>
      </trkpt>
      <trkpt lat="46.923307897523046" lon="5.566713334992528">
        <ele>223.06</ele>
        <time>2022-04-30T13:58:11Z</time>
      </trkpt>
      <trkpt lat="46.923265485092998" lon="5.566780809313059">
        <ele>223.13999999999999</ele>
        <time>2022-04-30T13:58:12Z</time>
      </trkpt>
      <trkpt lat="46.923219049349427" lon="5.566844427958131">
        <ele>223.25</ele>
        <time>2022-04-30T13:58:13Z</time>
      </trkpt>
      <trkpt lat="46.923168757930398" lon="5.566903101280332">
        <ele>223.38999999999999</ele>
        <time>2022-04-30T13:58:14Z</time>
      </trkpt>
      <trkpt lat="46.923114024102688" lon="5.566956577822566">
        <ele>223.68000000000001</ele>
        <time>2022-04-30T13:58:15Z</time>
      </trkpt>
      <trkpt lat="46.923056356608868" lon="5.567004941403866">
        <ele>223.80000000000001</ele>
        <time>2022-04-30T13:58:16Z</time>
      </trkpt>
      <trkpt lat="46.922995587810874" lon="5.567043079063296">
        <ele>223.93000000000001</ele>
        <time>2022-04-30T13:58:17Z</time>
      </trkpt>
      <trkpt lat="46.922932807356119" lon="5.567073840647936">
        <ele>224.06</ele>
        <time>2022-04-30T13:58:18Z</time>
      </trkpt>
      <trkpt lat="46.92253609187901" lon="5.567148774862289">
        <ele>224.27000000000001</ele>
        <time>2022-04-30T13:58:24Z</time>
      </trkpt>
      <trkpt lat="46.922397371381521" lon="5.567188337445259">
        <ele>224.15000000000001</ele>
        <time>2022-04-30T13:58:26Z</time>
      </trkpt>
      <trkpt lat="46.922328723594546" lon="5.567223876714706">
        <ele>224.02000000000001</ele>
        <time>2022-04-30T13:58:27Z</time>
      </trkpt>
      <trkpt lat="46.922262422740459" lon="5.567268887534738">
        <ele>223.84999999999999</ele>
        <time>2022-04-30T13:58:28Z</time>
      </trkpt>
      <trkpt lat="46.922197043895721" lon="5.567321442067623">
        <ele>223.68000000000001</ele>
        <time>2022-04-30T13:58:29Z</time>
      </trkpt>
      <trkpt lat="46.922132503241301" lon="5.567380618304014">
        <ele>223.50999999999999</ele>
        <time>2022-04-30T13:58:30Z</time>
      </trkpt>
      <trkpt lat="46.92160913720727" lon="5.567924184724689">
        <ele>222.16999999999999</ele>
        <time>2022-04-30T13:58:38Z</time>
      </trkpt>
      <trkpt lat="46.921533197164536" lon="5.567973302677274">
        <ele>221.86000000000001</ele>
        <time>2022-04-30T13:58:39Z</time>
      </trkpt>
      <trkpt lat="46.921452395617962" lon="5.568011943250895">
        <ele>221.72999999999999</ele>
        <time>2022-04-30T13:58:40Z</time>
      </trkpt>
      <trkpt lat="46.921370001509786" lon="5.568038346245885">
        <ele>221.61000000000001</ele>
        <time>2022-04-30T13:58:41Z</time>
      </trkpt>
      <trkpt lat="46.92128911614418" lon="5.568054104223847">
        <ele>221.50999999999999</ele>
        <time>2022-04-30T13:58:42Z</time>
      </trkpt>
      <trkpt lat="46.92120747640729" lon="5.568068018183112">
        <ele>221.44</ele>
        <time>2022-04-30T13:58:43Z</time>
      </trkpt>
      <trkpt lat="46.920549497008324" lon="5.568181592971087">
        <ele>221.81</ele>
        <time>2022-04-30T13:58:52Z</time>
      </trkpt>
      <trkpt lat="46.920289993286133" lon="5.568311596289277">
        <ele>222.56</ele>
        <time>2022-04-30T13:58:56Z</time>
      </trkpt>
      <trkpt lat="46.919838124886155" lon="5.568796405568719">
        <ele>223.88999999999999</ele>
        <time>2022-04-30T13:59:04Z</time>
      </trkpt>
      <trkpt lat="46.919200932607055" lon="5.569512974470854">
        <ele>222.94</ele>
        <time>2022-04-30T13:59:14Z</time>
      </trkpt>
      <trkpt lat="46.918481849133968" lon="5.570340184494853">
        <ele>221.03</ele>
        <time>2022-04-30T13:59:25Z</time>
      </trkpt>
      <trkpt lat="46.9181003049016" lon="5.570818204432726">
        <ele>222.03</ele>
        <time>2022-04-30T13:59:32Z</time>
      </trkpt>
      <trkpt lat="46.917606862261891" lon="5.571371158584952">
        <ele>222.78</ele>
        <time>2022-04-30T13:59:40Z</time>
      </trkpt>
      <trkpt lat="46.917059607803822" lon="5.571696292608976">
        <ele>221.97999999999999</ele>
        <time>2022-04-30T13:59:47Z</time>
      </trkpt>
      <trkpt lat="46.916896998882294" lon="5.571748930960894">
        <ele>221.66999999999999</ele>
        <time>2022-04-30T13:59:49Z</time>
      </trkpt>
      <trkpt lat="46.916814437136054" lon="5.571760665625334">
        <ele>221.5</ele>
        <time>2022-04-30T13:59:50Z</time>
      </trkpt>
      <trkpt lat="46.916732713580132" lon="5.571759575977922">
        <ele>221.33000000000001</ele>
        <time>2022-04-30T13:59:51Z</time>
      </trkpt>
      <trkpt lat="46.91665249876678" lon="5.571745075285435">
        <ele>221.16999999999999</ele>
        <time>2022-04-30T13:59:52Z</time>
      </trkpt>
      <trkpt lat="46.916572954505682" lon="5.571722947061062">
        <ele>221.02000000000001</ele>
        <time>2022-04-30T13:59:53Z</time>
      </trkpt>
      <trkpt lat="46.916250502690673" lon="5.571656310930848">
        <ele>220.5</ele>
        <time>2022-04-30T13:59:57Z</time>
      </trkpt>
      <trkpt lat="46.916167018935084" lon="5.571669805794954">
        <ele>220.44</ele>
        <time>2022-04-30T13:59:58Z</time>
      </trkpt>
      <trkpt lat="46.916087558493018" lon="5.571704674512148">
        <ele>220.38999999999999</ele>
        <time>2022-04-30T13:59:59Z</time>
      </trkpt>
      <trkpt lat="46.916013127192855" lon="5.571762677282095">
        <ele>220.36000000000001</ele>
        <time>2022-04-30T14:00:00Z</time>
      </trkpt>
      <trkpt lat="46.915946993976831" lon="5.571840545162559">
        <ele>220.33000000000001</ele>
        <time>2022-04-30T14:00:01Z</time>
      </trkpt>
      <trkpt lat="46.915889577940106" lon="5.571932327002287">
        <ele>220.31</ele>
        <time>2022-04-30T14:00:02Z</time>
      </trkpt>
      <trkpt lat="46.915838113054633" lon="5.572028802707791">
        <ele>220.34999999999999</ele>
        <time>2022-04-30T14:00:03Z</time>
      </trkpt>
      <trkpt lat="46.915481882169843" lon="5.572734139859676">
        <ele>220.99000000000001</ele>
        <time>2022-04-30T14:00:11Z</time>
      </trkpt>
      <trkpt lat="46.915181893855333" lon="5.573178296908736">
        <ele>221.62</ele>
        <time>2022-04-30T14:00:17Z</time>
      </trkpt>
      <trkpt lat="46.915117856115103" lon="5.573241161182523">
        <ele>221.65000000000001</ele>
        <time>2022-04-30T14:00:18Z</time>
      </trkpt>
      <trkpt lat="46.914621060714126" lon="5.57363192550838">
        <ele>220.37</ele>
        <time>2022-04-30T14:00:25Z</time>
      </trkpt>
      <trkpt lat="46.914324341341853" lon="5.57382739149034">
        <ele>219.37</ele>
        <time>2022-04-30T14:00:29Z</time>
      </trkpt>
      <trkpt lat="46.914248736575246" lon="5.573849016800523">
        <ele>219.21000000000001</ele>
        <time>2022-04-30T14:00:30Z</time>
      </trkpt>
      <trkpt lat="46.914172880351543" lon="5.573851196095347">
        <ele>219.12</ele>
        <time>2022-04-30T14:00:31Z</time>
      </trkpt>
      <trkpt lat="46.914099957793951" lon="5.573838204145432">
        <ele>219.03999999999999</ele>
        <time>2022-04-30T14:00:32Z</time>
      </trkpt>
      <trkpt lat="46.914033237844706" lon="5.573808783665299">
        <ele>219.03</ele>
        <time>2022-04-30T14:00:33Z</time>
      </trkpt>
      <trkpt lat="46.913971798494458" lon="5.573760336264968">
        <ele>219.00999999999999</ele>
        <time>2022-04-30T14:00:34Z</time>
      </trkpt>
      <trkpt lat="46.913916561752558" lon="5.573699818924069">
        <ele>219.06</ele>
        <time>2022-04-30T14:00:35Z</time>
      </trkpt>
      <trkpt lat="46.91386585123837" lon="5.573636703193188">
        <ele>219.09999999999999</ele>
        <time>2022-04-30T14:00:36Z</time>
      </trkpt>
      <trkpt lat="46.91377155482769" lon="5.573513070121408">
        <ele>219.16</ele>
        <time>2022-04-30T14:00:38Z</time>
      </trkpt>
      <trkpt lat="46.913725370541215" lon="5.573468897491694">
        <ele>219.22999999999999</ele>
        <time>2022-04-30T14:00:39Z</time>
      </trkpt>
      <trkpt lat="46.913686143234372" lon="5.573437381535769">
        <ele>219.30000000000001</ele>
        <time>2022-04-30T14:00:40Z</time>
      </trkpt>
      <trkpt lat="46.913657560944557" lon="5.573412990197539">
        <ele>219.38999999999999</ele>
        <time>2022-04-30T14:00:41Z</time>
      </trkpt>
      <trkpt lat="46.91363375633955" lon="5.573383737355471">
        <ele>219.44999999999999</ele>
        <time>2022-04-30T14:00:42Z</time>
      </trkpt>
      <trkpt lat="46.913612717762589" lon="5.57334610261023">
        <ele>219.63999999999999</ele>
        <time>2022-04-30T14:00:43Z</time>
      </trkpt>
      <trkpt lat="46.913596205413342" lon="5.57330310344696">
        <ele>219.63999999999999</ele>
        <time>2022-04-30T14:00:44Z</time>
      </trkpt>
      <trkpt lat="46.913584135472775" lon="5.573254823684692">
        <ele>219.74000000000001</ele>
        <time>2022-04-30T14:00:45Z</time>
      </trkpt>
      <trkpt lat="46.913573825731874" lon="5.573204196989536">
        <ele>219.77000000000001</ele>
        <time>2022-04-30T14:00:46Z</time>
      </trkpt>
      <trkpt lat="46.913546165451407" lon="5.573045276105404">
        <ele>219.83000000000001</ele>
        <time>2022-04-30T14:00:49Z</time>
      </trkpt>
      <trkpt lat="46.913415575399995" lon="5.57260044850409">
        <ele>219.16</ele>
        <time>2022-04-30T14:00:56Z</time>
      </trkpt>
      <trkpt lat="46.913373665884137" lon="5.57248855009675">
        <ele>219.00999999999999</ele>
        <time>2022-04-30T14:00:58Z</time>
      </trkpt>
      <trkpt lat="46.913216589018703" lon="5.572055792436004">
        <ele>219.00999999999999</ele>
        <time>2022-04-30T14:01:06Z</time>
      </trkpt>
      <trkpt lat="46.913026152178645" lon="5.571533683687449">
        <ele>218.72999999999999</ele>
        <time>2022-04-30T14:01:15Z</time>
      </trkpt>
      <trkpt lat="46.912797577679157" lon="5.570886349305511">
        <ele>218.41</ele>
        <time>2022-04-30T14:01:25Z</time>
      </trkpt>
      <trkpt lat="46.912590879946947" lon="5.570369772613049">
        <ele>218.52000000000001</ele>
        <time>2022-04-30T14:01:33Z</time>
      </trkpt>
      <trkpt lat="46.912550646811724" lon="5.570312775671482">
        <ele>218.56</ele>
        <time>2022-04-30T14:01:34Z</time>
      </trkpt>
      <trkpt lat="46.912508737295866" lon="5.570264160633087">
        <ele>218.59999999999999</ele>
        <time>2022-04-30T14:01:35Z</time>
      </trkpt>
      <trkpt lat="46.912464648485184" lon="5.570220742374659">
        <ele>218.63999999999999</ele>
        <time>2022-04-30T14:01:36Z</time>
      </trkpt>
      <trkpt lat="46.912416955456138" lon="5.570177491754293">
        <ele>218.71000000000001</ele>
        <time>2022-04-30T14:01:37Z</time>
      </trkpt>
      <trkpt lat="46.912036500871181" lon="5.569871636107564">
        <ele>218.63</ele>
        <time>2022-04-30T14:01:45Z</time>
      </trkpt>
      <trkpt lat="46.911895433440804" lon="5.569767616689205">
        <ele>218.52000000000001</ele>
        <time>2022-04-30T14:01:48Z</time>
      </trkpt>
      <trkpt lat="46.9118473213166" lon="5.569737106561661">
        <ele>218.5</ele>
        <time>2022-04-30T14:01:49Z</time>
      </trkpt>
      <trkpt lat="46.911803735420108" lon="5.569702154025435">
        <ele>218.5</ele>
        <time>2022-04-30T14:01:50Z</time>
      </trkpt>
      <trkpt lat="46.911305263638496" lon="5.569341229274869">
        <ele>218.75</ele>
        <time>2022-04-30T14:02:00Z</time>
      </trkpt>
      <trkpt lat="46.910801427438855" lon="5.5689752753824">
        <ele>218.59999999999999</ele>
        <time>2022-04-30T14:02:10Z</time>
      </trkpt>
      <trkpt lat="46.910399850457907" lon="5.568671766668558">
        <ele>218.38999999999999</ele>
        <time>2022-04-30T14:02:19Z</time>
      </trkpt>
      <trkpt lat="46.910326927900314" lon="5.568590378388763">
        <ele>218.44999999999999</ele>
        <time>2022-04-30T14:02:21Z</time>
      </trkpt>
      <trkpt lat="46.910298513248563" lon="5.568542098626494">
        <ele>218.44999999999999</ele>
        <time>2022-04-30T14:02:22Z</time>
      </trkpt>
      <trkpt lat="46.910245791077614" lon="5.568449562415481">
        <ele>218.53</ele>
        <time>2022-04-30T14:02:24Z</time>
      </trkpt>
      <trkpt lat="46.91021385602653" lon="5.568415783345699">
        <ele>218.65000000000001</ele>
        <time>2022-04-30T14:02:25Z</time>
      </trkpt>
      <trkpt lat="46.909959129989147" lon="5.568249151110649">
        <ele>218.93000000000001</ele>
        <time>2022-04-30T14:02:32Z</time>
      </trkpt>
      <trkpt lat="46.909924764186144" lon="5.568217802792788">
        <ele>218.93000000000001</ele>
        <time>2022-04-30T14:02:33Z</time>
      </trkpt>
      <trkpt lat="46.909889560192823" lon="5.568185448646545">
        <ele>218.88</ele>
        <time>2022-04-30T14:02:34Z</time>
      </trkpt>
      <trkpt lat="46.909501478075981" lon="5.567872552201152">
        <ele>219.13</ele>
        <time>2022-04-30T14:02:43Z</time>
      </trkpt>
      <trkpt lat="46.909121191129088" lon="5.567559571936727">
        <ele>218.88</ele>
        <time>2022-04-30T14:02:51Z</time>
      </trkpt>
      <trkpt lat="46.908831764012575" lon="5.567322112619877">
        <ele>221.28</ele>
        <time>2022-04-30T14:02:59Z</time>
      </trkpt>
      <trkpt lat="46.908535296097398" lon="5.567079707980156">
        <ele>223.50999999999999</ele>
        <time>2022-04-30T14:03:08Z</time>
      </trkpt>
      <trkpt lat="46.908233966678381" lon="5.566844344139099">
        <ele>225.53</ele>
        <time>2022-04-30T14:03:17Z</time>
      </trkpt>
      <trkpt lat="46.908026179298759" lon="5.566684333607554">
        <ele>226.75999999999999</ele>
        <time>2022-04-30T14:03:24Z</time>
      </trkpt>
      <trkpt lat="46.90766952931881" lon="5.566396247595549">
        <ele>227.53</ele>
        <time>2022-04-30T14:03:34Z</time>
      </trkpt>
      <trkpt lat="46.907407678663731" lon="5.566184436902404">
        <ele>226.90000000000001</ele>
        <time>2022-04-30T14:03:43Z</time>
      </trkpt>
      <trkpt lat="46.907086735591292" lon="5.565926944836974">
        <ele>225.25</ele>
        <time>2022-04-30T14:03:52Z</time>
      </trkpt>
      <trkpt lat="46.906761266291142" lon="5.565655203536153">
        <ele>223.19</ele>
        <time>2022-04-30T14:03:59Z</time>
      </trkpt>
      <trkpt lat="46.90628475509584" lon="5.565261086449027">
        <ele>221.03</ele>
        <time>2022-04-30T14:04:09Z</time>
      </trkpt>
      <trkpt lat="46.905893655493855" lon="5.564938634634018">
        <ele>220.56999999999999</ele>
        <time>2022-04-30T14:04:18Z</time>
      </trkpt>
      <trkpt lat="46.905637001618743" lon="5.564725315198302">
        <ele>220.66999999999999</ele>
        <time>2022-04-30T14:04:24Z</time>
      </trkpt>
      <trkpt lat="46.90522444434464" lon="5.564410407096148">
        <ele>220.69999999999999</ele>
        <time>2022-04-30T14:04:33Z</time>
      </trkpt>
      <trkpt lat="46.904783304780722" lon="5.564185017719865">
        <ele>220.97</ele>
        <time>2022-04-30T14:04:42Z</time>
      </trkpt>
      <trkpt lat="46.904650032520294" lon="5.564118130132556">
        <ele>220.93000000000001</ele>
        <time>2022-04-30T14:04:45Z</time>
      </trkpt>
      <trkpt lat="46.904519107192755" lon="5.564011093229055">
        <ele>220.75</ele>
        <time>2022-04-30T14:04:48Z</time>
      </trkpt>
      <trkpt lat="46.904448866844177" lon="5.56393020786345">
        <ele>220.63</ele>
        <time>2022-04-30T14:04:50Z</time>
      </trkpt>
      <trkpt lat="46.904422296211123" lon="5.56388670578599">
        <ele>220.56</ele>
        <time>2022-04-30T14:04:51Z</time>
      </trkpt>
      <trkpt lat="46.90440402366221" lon="5.563839767128229">
        <ele>220.50999999999999</ele>
        <time>2022-04-30T14:04:52Z</time>
      </trkpt>
      <trkpt lat="46.904381392523646" lon="5.563673134893179">
        <ele>220.38999999999999</ele>
        <time>2022-04-30T14:04:55Z</time>
      </trkpt>
      <trkpt lat="46.904426906257868" lon="5.563104171305895">
        <ele>219.43000000000001</ele>
        <time>2022-04-30T14:05:04Z</time>
      </trkpt>
      <trkpt lat="46.904441993683577" lon="5.562854977324605">
        <ele>218.88</ele>
        <time>2022-04-30T14:05:08Z</time>
      </trkpt>
      <trkpt lat="46.904414081946015" lon="5.562555994838476">
        <ele>218.78</ele>
        <time>2022-04-30T14:05:12Z</time>
      </trkpt>
      <trkpt lat="46.904392875730991" lon="5.562474774196744">
        <ele>218.90000000000001</ele>
        <time>2022-04-30T14:05:13Z</time>
      </trkpt>
      <trkpt lat="46.904365550726652" lon="5.562393805012107">
        <ele>219.03</ele>
        <time>2022-04-30T14:05:14Z</time>
      </trkpt>
      <trkpt lat="46.904058018699288" lon="5.561814615502954">
        <ele>219.37</ele>
        <time>2022-04-30T14:05:22Z</time>
      </trkpt>
      <trkpt lat="46.903920639306307" lon="5.561644546687603">
        <ele>219.36000000000001</ele>
        <time>2022-04-30T14:05:25Z</time>
      </trkpt>
      <trkpt lat="46.903867078945041" lon="5.561600206419826">
        <ele>219.41999999999999</ele>
        <time>2022-04-30T14:05:26Z</time>
      </trkpt>
      <trkpt lat="46.903809076175094" lon="5.561562739312649">
        <ele>219.50999999999999</ele>
        <time>2022-04-30T14:05:27Z</time>
      </trkpt>
      <trkpt lat="46.903747385367751" lon="5.561533067375422">
        <ele>219.63</ele>
        <time>2022-04-30T14:05:28Z</time>
      </trkpt>
      <trkpt lat="46.903684604912996" lon="5.561513788998127">
        <ele>219.72</ele>
        <time>2022-04-30T14:05:29Z</time>
      </trkpt>
      <trkpt lat="46.903619728982449" lon="5.561503227800131">
        <ele>219.80000000000001</ele>
        <time>2022-04-30T14:05:30Z</time>
      </trkpt>
      <trkpt lat="46.903555858880281" lon="5.561495516449213">
        <ele>219.88</ele>
        <time>2022-04-30T14:05:31Z</time>
      </trkpt>
      <trkpt lat="46.903432980179787" lon="5.561465257778764">
        <ele>220.03999999999999</ele>
        <time>2022-04-30T14:05:33Z</time>
      </trkpt>
      <trkpt lat="46.903376653790474" lon="5.561434915289283">
        <ele>220.11000000000001</ele>
        <time>2022-04-30T14:05:34Z</time>
      </trkpt>
      <trkpt lat="46.903323261067271" lon="5.561392502859235">
        <ele>220.15000000000001</ele>
        <time>2022-04-30T14:05:35Z</time>
      </trkpt>
      <trkpt lat="46.903271544724703" lon="5.561340618878603">
        <ele>220.19999999999999</ele>
        <time>2022-04-30T14:05:36Z</time>
      </trkpt>
      <trkpt lat="46.903220750391483" lon="5.561284879222512">
        <ele>220.27000000000001</ele>
        <time>2022-04-30T14:05:37Z</time>
      </trkpt>
      <trkpt lat="46.903069876134396" lon="5.561116402968764">
        <ele>220.30000000000001</ele>
        <time>2022-04-30T14:05:40Z</time>
      </trkpt>
      <trkpt lat="46.902577439323068" lon="5.560690183192492">
        <ele>220.69999999999999</ele>
        <time>2022-04-30T14:05:49Z</time>
      </trkpt>
      <trkpt lat="46.902437042444944" lon="5.560579709708691">
        <ele>220.81999999999999</ele>
        <time>2022-04-30T14:05:52Z</time>
      </trkpt>
      <trkpt lat="46.902390858158469" lon="5.5605757702142">
        <ele>220.88</ele>
        <time>2022-04-30T14:05:53Z</time>
      </trkpt>
      <trkpt lat="46.902346517890692" lon="5.560600413009524">
        <ele>220.91999999999999</ele>
        <time>2022-04-30T14:05:54Z</time>
      </trkpt>
      <trkpt lat="46.902314499020576" lon="5.560656823217869">
        <ele>220.96000000000001</ele>
        <time>2022-04-30T14:05:55Z</time>
      </trkpt>
      <trkpt lat="46.90228633582592" lon="5.560724716633558">
        <ele>220.96000000000001</ele>
        <time>2022-04-30T14:05:56Z</time>
      </trkpt>
      <trkpt lat="46.902258675545454" lon="5.560794621706009">
        <ele>220.99000000000001</ele>
        <time>2022-04-30T14:05:57Z</time>
      </trkpt>
      <trkpt lat="46.902228584513068" lon="5.560862515121698">
        <ele>221.00999999999999</ele>
        <time>2022-04-30T14:05:58Z</time>
      </trkpt>
      <trkpt lat="46.901987688615918" lon="5.561480261385441">
        <ele>221.74000000000001</ele>
        <time>2022-04-30T14:06:07Z</time>
      </trkpt>
      <trkpt lat="46.901746625080705" lon="5.562116196379066">
        <ele>224.11000000000001</ele>
        <time>2022-04-30T14:06:16Z</time>
      </trkpt>
      <trkpt lat="46.901551997289062" lon="5.562650375068188">
        <ele>226.74000000000001</ele>
        <time>2022-04-30T14:06:24Z</time>
      </trkpt>
      <trkpt lat="46.901472955942154" lon="5.562841566279531">
        <ele>227.69</ele>
        <time>2022-04-30T14:06:27Z</time>
      </trkpt>
      <trkpt lat="46.90143465064466" lon="5.562887331470847">
        <ele>227.97999999999999</ele>
        <time>2022-04-30T14:06:28Z</time>
      </trkpt>
      <trkpt lat="46.901391819119453" lon="5.562919601798058">
        <ele>228.25</ele>
        <time>2022-04-30T14:06:29Z</time>
      </trkpt>
      <trkpt lat="46.901346975937486" lon="5.562938880175352">
        <ele>228.52000000000001</ele>
        <time>2022-04-30T14:06:30Z</time>
      </trkpt>
      <trkpt lat="46.901301210746169" lon="5.562949776649475">
        <ele>228.81999999999999</ele>
        <time>2022-04-30T14:06:31Z</time>
      </trkpt>
      <trkpt lat="46.901252847164869" lon="5.562949944287539">
        <ele>229.13</ele>
        <time>2022-04-30T14:06:32Z</time>
      </trkpt>
      <trkpt lat="46.901203980669379" lon="5.562940808013082">
        <ele>229.41999999999999</ele>
        <time>2022-04-30T14:06:33Z</time>
      </trkpt>
      <trkpt lat="46.901156874373555" lon="5.56292655877769">
        <ele>229.69</ele>
        <time>2022-04-30T14:06:34Z</time>
      </trkpt>
      <trkpt lat="46.901108846068382" lon="5.562902335077524">
        <ele>230.13999999999999</ele>
        <time>2022-04-30T14:06:35Z</time>
      </trkpt>
      <trkpt lat="46.901060650125146" lon="5.562879368662834">
        <ele>230.34</ele>
        <time>2022-04-30T14:06:36Z</time>
      </trkpt>
      <trkpt lat="46.901008347049356" lon="5.562858665362001">
        <ele>230.53999999999999</ele>
        <time>2022-04-30T14:06:37Z</time>
      </trkpt>
      <trkpt lat="46.900520604103804" lon="5.562688261270523">
        <ele>231.53999999999999</ele>
        <time>2022-04-30T14:06:46Z</time>
      </trkpt>
      <trkpt lat="46.900401581078768" lon="5.562655907124281">
        <ele>231.66999999999999</ele>
        <time>2022-04-30T14:06:48Z</time>
      </trkpt>
      <trkpt lat="46.900063790380955" lon="5.562686584889889">
        <ele>232.05000000000001</ele>
        <time>2022-04-30T14:06:54Z</time>
      </trkpt>
      <trkpt lat="46.899735806509852" lon="5.562811559066176">
        <ele>233.19</ele>
        <time>2022-04-30T14:07:01Z</time>
      </trkpt>
      <trkpt lat="46.89939072355628" lon="5.563042983412743">
        <ele>233.91</ele>
        <time>2022-04-30T14:07:08Z</time>
      </trkpt>
      <trkpt lat="46.898966515436769" lon="5.563254207372665">
        <ele>234.38</ele>
        <time>2022-04-30T14:07:16Z</time>
      </trkpt>
      <trkpt lat="46.898911194875836" lon="5.563258733600378">
        <ele>234.44</ele>
        <time>2022-04-30T14:07:17Z</time>
      </trkpt>
      <trkpt lat="46.898467792198062" lon="5.563207687810063">
        <ele>235.18000000000001</ele>
        <time>2022-04-30T14:07:25Z</time>
      </trkpt>
      <trkpt lat="46.897934284061193" lon="5.563092939555645">
        <ele>235.46000000000001</ele>
        <time>2022-04-30T14:07:34Z</time>
      </trkpt>
      <trkpt lat="46.897482164204121" lon="5.562979867681861">
        <ele>235.63</ele>
        <time>2022-04-30T14:07:42Z</time>
      </trkpt>
      <trkpt lat="46.897419383749366" lon="5.562979364767671">
        <ele>235.61000000000001</ele>
        <time>2022-04-30T14:07:43Z</time>
      </trkpt>
      <trkpt lat="46.897355932742357" lon="5.56298615410924">
        <ele>235.58000000000001</ele>
        <time>2022-04-30T14:07:44Z</time>
      </trkpt>
      <trkpt lat="46.897292146459222" lon="5.562998810783029">
        <ele>235.52000000000001</ele>
        <time>2022-04-30T14:07:45Z</time>
      </trkpt>
      <trkpt lat="46.896675070747733" lon="5.563142476603389">
        <ele>234.72999999999999</ele>
        <time>2022-04-30T14:07:54Z</time>
      </trkpt>
      <trkpt lat="46.896449597552419" lon="5.563126467168331">
        <ele>234.18000000000001</ele>
        <time>2022-04-30T14:07:57Z</time>
      </trkpt>
      <trkpt lat="46.896379776299" lon="5.56310635060072">
        <ele>234</ele>
        <time>2022-04-30T14:07:58Z</time>
      </trkpt>
      <trkpt lat="46.896030502393842" lon="5.562951117753983">
        <ele>233.25999999999999</ele>
        <time>2022-04-30T14:08:04Z</time>
      </trkpt>
      <trkpt lat="46.895930673927069" lon="5.562921529635787">
        <ele>233.13999999999999</ele>
        <time>2022-04-30T14:08:06Z</time>
      </trkpt>
      <trkpt lat="46.895888848230243" lon="5.562924211844802">
        <ele>233.09</ele>
        <time>2022-04-30T14:08:07Z</time>
      </trkpt>
      <trkpt lat="46.89585205167532" lon="5.562937455251813">
        <ele>233.03999999999999</ele>
        <time>2022-04-30T14:08:08Z</time>
      </trkpt>
      <trkpt lat="46.895817099139094" lon="5.562958493828774">
        <ele>233</ele>
        <time>2022-04-30T14:08:09Z</time>
      </trkpt>
      <trkpt lat="46.895783487707376" lon="5.562990177422762">
        <ele>232.96000000000001</ele>
        <time>2022-04-30T14:08:10Z</time>
      </trkpt>
      <trkpt lat="46.895751468837261" lon="5.563033428043127">
        <ele>232.93000000000001</ele>
        <time>2022-04-30T14:08:11Z</time>
      </trkpt>
      <trkpt lat="46.895718025043607" lon="5.5630848929286">
        <ele>232.90000000000001</ele>
        <time>2022-04-30T14:08:12Z</time>
      </trkpt>
      <trkpt lat="46.895681982859969" lon="5.563145494088531">
        <ele>232.86000000000001</ele>
        <time>2022-04-30T14:08:13Z</time>
      </trkpt>
      <trkpt lat="46.895420718938112" lon="5.563621837645769">
        <ele>231.88999999999999</ele>
        <time>2022-04-30T14:08:19Z</time>
      </trkpt>
      <trkpt lat="46.895038839429617" lon="5.564320385456085">
        <ele>228.53</ele>
        <time>2022-04-30T14:08:26Z</time>
      </trkpt>
      <trkpt lat="46.894468367099762" lon="5.56535261683166">
        <ele>226.13</ele>
        <time>2022-04-30T14:08:36Z</time>
      </trkpt>
      <trkpt lat="46.894018929451704" lon="5.566123500466347">
        <ele>225.08000000000001</ele>
        <time>2022-04-30T14:08:44Z</time>
      </trkpt>
      <trkpt lat="46.893881214782596" lon="5.566421393305063">
        <ele>224.81999999999999</ele>
        <time>2022-04-30T14:08:47Z</time>
      </trkpt>
      <trkpt lat="46.893821200355887" lon="5.566499596461654">
        <ele>224.77000000000001</ele>
        <time>2022-04-30T14:08:48Z</time>
      </trkpt>
      <trkpt lat="46.893749451264739" lon="5.566548798233271">
        <ele>224.75</ele>
        <time>2022-04-30T14:08:49Z</time>
      </trkpt>
      <trkpt lat="46.893673595041037" lon="5.566583415493369">
        <ele>224.78999999999999</ele>
        <time>2022-04-30T14:08:50Z</time>
      </trkpt>
      <trkpt lat="46.893596816807985" lon="5.566620966419578">
        <ele>224.90000000000001</ele>
        <time>2022-04-30T14:08:51Z</time>
      </trkpt>
      <trkpt lat="46.893521128222346" lon="5.566665977239609">
        <ele>225</ele>
        <time>2022-04-30T14:08:52Z</time>
      </trkpt>
      <trkpt lat="46.89344703219831" lon="5.566715262830257">
        <ele>225.09</ele>
        <time>2022-04-30T14:08:53Z</time>
      </trkpt>
      <trkpt lat="46.892858035862446" lon="5.567059759050608">
        <ele>225.06</ele>
        <time>2022-04-30T14:09:01Z</time>
      </trkpt>
      <trkpt lat="46.892333747819066" lon="5.567353628575802">
        <ele>226.5</ele>
        <time>2022-04-30T14:09:09Z</time>
      </trkpt>
      <trkpt lat="46.891692196950316" lon="5.567873558029532">
        <ele>228.31</ele>
        <time>2022-04-30T14:09:20Z</time>
      </trkpt>
      <trkpt lat="46.890998343005776" lon="5.568463392555714">
        <ele>227.50999999999999</ele>
        <time>2022-04-30T14:09:31Z</time>
      </trkpt>
      <trkpt lat="46.890332819893956" lon="5.569040905684233">
        <ele>226.91</ele>
        <time>2022-04-30T14:09:41Z</time>
      </trkpt>
      <trkpt lat="46.8895517103374" lon="5.5697126314044">
        <ele>227.38999999999999</ele>
        <time>2022-04-30T14:09:53Z</time>
      </trkpt>
      <trkpt lat="46.888718716800213" lon="5.570422578603029">
        <ele>228.43000000000001</ele>
        <time>2022-04-30T14:10:06Z</time>
      </trkpt>
      <trkpt lat="46.887889327481389" lon="5.571133699268103">
        <ele>228.34</ele>
        <time>2022-04-30T14:10:18Z</time>
      </trkpt>
      <trkpt lat="46.887191869318485" lon="5.571722444146872">
        <ele>229.15000000000001</ele>
        <time>2022-04-30T14:10:29Z</time>
      </trkpt>
      <trkpt lat="46.886609075590968" lon="5.572232231497765">
        <ele>230.02000000000001</ele>
        <time>2022-04-30T14:10:39Z</time>
      </trkpt>
      <trkpt lat="46.886553838849068" lon="5.572289144620299">
        <ele>230.02000000000001</ele>
        <time>2022-04-30T14:10:40Z</time>
      </trkpt>
      <trkpt lat="46.886499272659421" lon="5.572347566485405">
        <ele>230.03</ele>
        <time>2022-04-30T14:10:41Z</time>
      </trkpt>
      <trkpt lat="46.885942546650767" lon="5.572914937511087">
        <ele>229.86000000000001</ele>
        <time>2022-04-30T14:10:50Z</time>
      </trkpt>
      <trkpt lat="46.885279370471835" lon="5.573612228035927">
        <ele>228.84</ele>
        <time>2022-04-30T14:11:01Z</time>
      </trkpt>
      <trkpt lat="46.884783329442143" lon="5.574093014001846">
        <ele>228.31</ele>
        <time>2022-04-30T14:11:10Z</time>
      </trkpt>
      <trkpt lat="46.884747622534633" lon="5.574106676504016">
        <ele>228.31</ele>
        <time>2022-04-30T14:11:11Z</time>
      </trkpt>
      <trkpt lat="46.884718453511596" lon="5.574090331792831">
        <ele>228.31999999999999</ele>
        <time>2022-04-30T14:11:12Z</time>
      </trkpt>
      <trkpt lat="46.884696912020445" lon="5.574053199961782">
        <ele>228.34999999999999</ele>
        <time>2022-04-30T14:11:13Z</time>
      </trkpt>
      <trkpt lat="46.884676292538643" lon="5.574003327637911">
        <ele>228.38999999999999</ele>
        <time>2022-04-30T14:11:14Z</time>
      </trkpt>
      <trkpt lat="46.884656343609095" lon="5.573944319039583">
        <ele>228.46000000000001</ele>
        <time>2022-04-30T14:11:15Z</time>
      </trkpt>
      <trkpt lat="46.884477054700255" lon="5.57343696244061">
        <ele>229.03</ele>
        <time>2022-04-30T14:11:23Z</time>
      </trkpt>
      <trkpt lat="46.884294161573052" lon="5.572993475943804">
        <ele>229.49000000000001</ele>
        <time>2022-04-30T14:11:29Z</time>
      </trkpt>
      <trkpt lat="46.884022001177073" lon="5.572357792407274">
        <ele>229.97</ele>
        <time>2022-04-30T14:11:37Z</time>
      </trkpt>
      <trkpt lat="46.883670212700963" lon="5.571517171338201">
        <ele>231.16</ele>
        <time>2022-04-30T14:11:48Z</time>
      </trkpt>
      <trkpt lat="46.883395705372095" lon="5.570815522223711">
        <ele>233.13999999999999</ele>
        <time>2022-04-30T14:11:58Z</time>
      </trkpt>
      <trkpt lat="46.883153719827533" lon="5.570221999660134">
        <ele>236.22</ele>
        <time>2022-04-30T14:12:07Z</time>
      </trkpt>
      <trkpt lat="46.882901759818196" lon="5.56973023340106">
        <ele>237.94999999999999</ele>
        <time>2022-04-30T14:12:16Z</time>
      </trkpt>
      <trkpt lat="46.8825389072299" lon="5.569302421063185">
        <ele>237.83000000000001</ele>
        <time>2022-04-30T14:12:25Z</time>
      </trkpt>
      <trkpt lat="46.882311422377825" lon="5.569076109677553">
        <ele>237.49000000000001</ele>
        <time>2022-04-30T14:12:31Z</time>
      </trkpt>
      <trkpt lat="46.881992239505053" lon="5.568754747509956">
        <ele>236.80000000000001</ele>
        <time>2022-04-30T14:12:39Z</time>
      </trkpt>
      <trkpt lat="46.881516566500068" lon="5.568268513306975">
        <ele>235.31999999999999</ele>
        <time>2022-04-30T14:12:49Z</time>
      </trkpt>
      <trkpt lat="46.881105350330472" lon="5.567845478653908">
        <ele>232.24000000000001</ele>
        <time>2022-04-30T14:12:57Z</time>
      </trkpt>
      <trkpt lat="46.880659013986588" lon="5.567384725436568">
        <ele>229.11000000000001</ele>
        <time>2022-04-30T14:13:04Z</time>
      </trkpt>
      <trkpt lat="46.880482407286763" lon="5.5671292450279">
        <ele>227.78999999999999</ele>
        <time>2022-04-30T14:13:07Z</time>
      </trkpt>
      <trkpt lat="46.880122823640704" lon="5.566289713606238">
        <ele>224.71000000000001</ele>
        <time>2022-04-30T14:13:15Z</time>
      </trkpt>
      <trkpt lat="46.879716468974948" lon="5.565407769754529">
        <ele>222.69</ele>
        <time>2022-04-30T14:13:24Z</time>
      </trkpt>
      <trkpt lat="46.879360741004348" lon="5.564835369586945">
        <ele>222.72999999999999</ele>
        <time>2022-04-30T14:13:32Z</time>
      </trkpt>
      <trkpt lat="46.87888640910387" lon="5.564112095162273">
        <ele>223.11000000000001</ele>
        <time>2022-04-30T14:13:44Z</time>
      </trkpt>
      <trkpt lat="46.878540152683854" lon="5.56355738081038">
        <ele>222.87</ele>
        <time>2022-04-30T14:13:53Z</time>
      </trkpt>
      <trkpt lat="46.87827561981976" lon="5.563172064721584">
        <ele>223.31</ele>
        <time>2022-04-30T14:14:01Z</time>
      </trkpt>
      <trkpt lat="46.877905055880547" lon="5.56260603480041">
        <ele>222.69</ele>
        <time>2022-04-30T14:14:11Z</time>
      </trkpt>
      <trkpt lat="46.877518985420465" lon="5.562010165303946">
        <ele>220.72</ele>
        <time>2022-04-30T14:14:20Z</time>
      </trkpt>
      <trkpt lat="46.877166358754039" lon="5.561348581686616">
        <ele>218.44999999999999</ele>
        <time>2022-04-30T14:14:28Z</time>
      </trkpt>
      <trkpt lat="46.87713953666389" lon="5.561247328296304">
        <ele>218.13999999999999</ele>
        <time>2022-04-30T14:14:29Z</time>
      </trkpt>
      <trkpt lat="46.877118749544024" lon="5.561141632497311">
        <ele>217.84</ele>
        <time>2022-04-30T14:14:30Z</time>
      </trkpt>
      <trkpt lat="46.877101231366396" lon="5.561034427955747">
        <ele>217.55000000000001</ele>
        <time>2022-04-30T14:14:31Z</time>
      </trkpt>
      <trkpt lat="46.877088323235512" lon="5.560927977785468">
        <ele>217.27000000000001</ele>
        <time>2022-04-30T14:14:32Z</time>
      </trkpt>
      <trkpt lat="46.877079186961055" lon="5.560824377462268">
        <ele>217.05000000000001</ele>
        <time>2022-04-30T14:14:33Z</time>
      </trkpt>
      <trkpt lat="46.87701883725822" lon="5.559902619570494">
        <ele>215.86000000000001</ele>
        <time>2022-04-30T14:14:43Z</time>
      </trkpt>
      <trkpt lat="46.876984722912312" lon="5.55950665846467">
        <ele>215.66</ele>
        <time>2022-04-30T14:14:48Z</time>
      </trkpt>
      <trkpt lat="46.876943567767739" lon="5.55880157276988">
        <ele>215.50999999999999</ele>
        <time>2022-04-30T14:14:56Z</time>
      </trkpt>
      <trkpt lat="46.87690157443285" lon="5.558159351348877">
        <ele>215.77000000000001</ele>
        <time>2022-04-30T14:15:04Z</time>
      </trkpt>
      <trkpt lat="46.876846086233854" lon="5.557357789948583">
        <ele>216.75</ele>
        <time>2022-04-30T14:15:16Z</time>
      </trkpt>
      <trkpt lat="46.876790765672922" lon="5.556448353454471">
        <ele>218.74000000000001</ele>
        <time>2022-04-30T14:15:29Z</time>
      </trkpt>
      <trkpt lat="46.876720944419503" lon="5.555546712130308">
        <ele>221.44999999999999</ele>
        <time>2022-04-30T14:15:41Z</time>
      </trkpt>
      <trkpt lat="46.876671742647886" lon="5.554863754659891">
        <ele>223.61000000000001</ele>
        <time>2022-04-30T14:15:51Z</time>
      </trkpt>
      <trkpt lat="46.876636957749724" lon="5.554610537365079">
        <ele>224.46000000000001</ele>
        <time>2022-04-30T14:15:58Z</time>
      </trkpt>
      <trkpt lat="46.876552887260914" lon="5.554265789687634">
        <ele>225.30000000000001</ele>
        <time>2022-04-30T14:16:05Z</time>
      </trkpt>
      <trkpt lat="46.876384159550071" lon="5.553989103063941">
        <ele>225.87</ele>
        <time>2022-04-30T14:16:12Z</time>
      </trkpt>
      <trkpt lat="46.87620579265058" lon="5.553860357031226">
        <ele>226.02000000000001</ele>
        <time>2022-04-30T14:16:18Z</time>
      </trkpt>
      <trkpt lat="46.876058271154761" lon="5.554026318714023">
        <ele>226.08000000000001</ele>
        <time>2022-04-30T14:16:23Z</time>
      </trkpt>
      <trkpt lat="46.875966237857938" lon="5.554161015897989">
        <ele>226.21000000000001</ele>
        <time>2022-04-30T14:16:26Z</time>
      </trkpt>
      <trkpt lat="46.875708159059286" lon="5.554516157135367">
        <ele>226.78999999999999</ele>
        <time>2022-04-30T14:16:34Z</time>
      </trkpt>
      <trkpt lat="46.875666920095682" lon="5.554550103843212">
        <ele>226.88</ele>
        <time>2022-04-30T14:16:35Z</time>
      </trkpt>
      <trkpt lat="46.875583436340094" lon="5.554622188210487">
        <ele>227.05000000000001</ele>
        <time>2022-04-30T14:16:37Z</time>
      </trkpt>
      <trkpt lat="46.875294763594866" lon="5.555010940879583">
        <ele>227.53</ele>
        <time>2022-04-30T14:16:45Z</time>
      </trkpt>
      <trkpt lat="46.875256290659308" lon="5.555043714120984">
        <ele>227.58000000000001</ele>
        <time>2022-04-30T14:16:46Z</time>
      </trkpt>
      <trkpt lat="46.875213291496038" lon="5.555054945871234">
        <ele>227.65000000000001</ele>
        <time>2022-04-30T14:16:47Z</time>
      </trkpt>
      <trkpt lat="46.875169202685356" lon="5.555041367188096">
        <ele>227.69</ele>
        <time>2022-04-30T14:16:48Z</time>
      </trkpt>
      <trkpt lat="46.875127209350467" lon="5.555005576461554">
        <ele>227.75999999999999</ele>
        <time>2022-04-30T14:16:49Z</time>
      </trkpt>
      <trkpt lat="46.875085886567831" lon="5.554959727451205">
        <ele>227.78999999999999</ele>
        <time>2022-04-30T14:16:50Z</time>
      </trkpt>
      <trkpt lat="46.875045737251639" lon="5.554908346384764">
        <ele>227.78999999999999</ele>
        <time>2022-04-30T14:16:51Z</time>
      </trkpt>
      <trkpt lat="46.874785562977195" lon="5.554559659212828">
        <ele>227.46000000000001</ele>
        <time>2022-04-30T14:16:58Z</time>
      </trkpt>
      <trkpt lat="46.874747341498733" lon="5.554530071094632">
        <ele>227.38</ele>
        <time>2022-04-30T14:16:59Z</time>
      </trkpt>
      <trkpt lat="46.874705431982875" lon="5.554519174620509">
        <ele>227.33000000000001</ele>
        <time>2022-04-30T14:17:00Z</time>
      </trkpt>
      <trkpt lat="46.8746592476964" lon="5.554528813809156">
        <ele>227.28</ele>
        <time>2022-04-30T14:17:01Z</time>
      </trkpt>
      <trkpt lat="46.874617170542479" lon="5.554559156298637">
        <ele>227.25999999999999</ele>
        <time>2022-04-30T14:17:02Z</time>
      </trkpt>
      <trkpt lat="46.874578194692731" lon="5.554606849327683">
        <ele>227.24000000000001</ele>
        <time>2022-04-30T14:17:03Z</time>
      </trkpt>
      <trkpt lat="46.874540643766522" lon="5.554658649489284">
        <ele>227.24000000000001</ele>
        <time>2022-04-30T14:17:04Z</time>
      </trkpt>
      <trkpt lat="46.874293964356184" lon="5.554960062727332">
        <ele>227.53</ele>
        <time>2022-04-30T14:17:11Z</time>
      </trkpt>
      <trkpt lat="46.874228836968541" lon="5.555041367188096">
        <ele>227.80000000000001</ele>
        <time>2022-04-30T14:17:13Z</time>
      </trkpt>
      <trkpt lat="46.873897584155202" lon="5.555461551994085">
        <ele>228.36000000000001</ele>
        <time>2022-04-30T14:17:21Z</time>
      </trkpt>
      <trkpt lat="46.873526433482766" lon="5.555868493393064">
        <ele>228.84999999999999</ele>
        <time>2022-04-30T14:17:29Z</time>
      </trkpt>
      <trkpt lat="46.873202556744218" lon="5.556079549714923">
        <ele>229.53999999999999</ele>
        <time>2022-04-30T14:17:35Z</time>
      </trkpt>
      <trkpt lat="46.873141536489129" lon="5.556093212217093">
        <ele>229.59999999999999</ele>
        <time>2022-04-30T14:17:36Z</time>
      </trkpt>
      <trkpt lat="46.873078420758247" lon="5.556093044579029">
        <ele>229.65000000000001</ele>
        <time>2022-04-30T14:17:37Z</time>
      </trkpt>
      <trkpt lat="46.873015472665429" lon="5.556077370420098">
        <ele>229.69</ele>
        <time>2022-04-30T14:17:38Z</time>
      </trkpt>
      <trkpt lat="46.872954620048404" lon="5.556050045415759">
        <ele>229.72999999999999</ele>
        <time>2022-04-30T14:17:39Z</time>
      </trkpt>
      <trkpt lat="46.872895276173949" lon="5.556019535288215">
        <ele>229.75999999999999</ele>
        <time>2022-04-30T14:17:40Z</time>
      </trkpt>
      <trkpt lat="46.872391942888498" lon="5.555855752900243">
        <ele>230.25999999999999</ele>
        <time>2022-04-30T14:17:48Z</time>
      </trkpt>
      <trkpt lat="46.871924316510558" lon="5.555851981043816">
        <ele>230.13999999999999</ele>
        <time>2022-04-30T14:17:55Z</time>
      </trkpt>
      <trkpt lat="46.87140547670424" lon="5.555693814530969">
        <ele>229.33000000000001</ele>
        <time>2022-04-30T14:18:03Z</time>
      </trkpt>
      <trkpt lat="46.871007420122623" lon="5.555596668273211">
        <ele>229.56999999999999</ele>
        <time>2022-04-30T14:18:09Z</time>
      </trkpt>
      <trkpt lat="46.870516492053866" lon="5.555487787351012">
        <ele>229.47999999999999</ele>
        <time>2022-04-30T14:18:16Z</time>
      </trkpt>
      <trkpt lat="46.870447508990765" lon="5.555469179525971">
        <ele>229.44</ele>
        <time>2022-04-30T14:18:17Z</time>
      </trkpt>
      <trkpt lat="46.869895560666919" lon="5.555326016619802">
        <ele>229.5</ele>
        <time>2022-04-30T14:18:25Z</time>
      </trkpt>
      <trkpt lat="46.869646869599819" lon="5.55525510571897">
        <ele>229.46000000000001</ele>
        <time>2022-04-30T14:18:29Z</time>
      </trkpt>
      <trkpt lat="46.869588363915682" lon="5.555240018293262">
        <ele>229.46000000000001</ele>
        <time>2022-04-30T14:18:30Z</time>
      </trkpt>
      <trkpt lat="46.869533210992813" lon="5.555227193981409">
        <ele>229.43000000000001</ele>
        <time>2022-04-30T14:18:31Z</time>
      </trkpt>
      <trkpt lat="46.869476046413183" lon="5.555217303335667">
        <ele>229.41</ele>
        <time>2022-04-30T14:18:32Z</time>
      </trkpt>
      <trkpt lat="46.869419384747744" lon="5.555195845663548">
        <ele>229.44</ele>
        <time>2022-04-30T14:18:33Z</time>
      </trkpt>
      <trkpt lat="46.869364064186811" lon="5.555182518437505">
        <ele>229.46000000000001</ele>
        <time>2022-04-30T14:18:34Z</time>
      </trkpt>
      <trkpt lat="46.869314862415195" lon="5.555171119049192">
        <ele>229.47999999999999</ele>
        <time>2022-04-30T14:18:35Z</time>
      </trkpt>
      <trkpt lat="46.869263146072626" lon="5.555146727710962">
        <ele>229.53</ele>
        <time>2022-04-30T14:18:36Z</time>
      </trkpt>
      <trkpt lat="46.869209837168455" lon="5.555122504010797">
        <ele>229.55000000000001</ele>
        <time>2022-04-30T14:18:37Z</time>
      </trkpt>
      <trkpt lat="46.869158372282982" lon="5.555106913670898">
        <ele>229.56</ele>
        <time>2022-04-30T14:18:38Z</time>
      </trkpt>
      <trkpt lat="46.869106739759445" lon="5.555090233683586">
        <ele>229.56999999999999</ele>
        <time>2022-04-30T14:18:39Z</time>
      </trkpt>
      <trkpt lat="46.869061142206192" lon="5.555075984448195">
        <ele>229.58000000000001</ele>
        <time>2022-04-30T14:18:40Z</time>
      </trkpt>
      <trkpt lat="46.869012862443924" lon="5.555044552311301">
        <ele>229.59</ele>
        <time>2022-04-30T14:18:41Z</time>
      </trkpt>
      <trkpt lat="46.868928289040923" lon="5.555045306682587">
        <ele>229.65000000000001</ele>
        <time>2022-04-30T14:18:44Z</time>
      </trkpt>
      <trkpt lat="46.868908507749438" lon="5.555077828466892">
        <ele>229.69</ele>
        <time>2022-04-30T14:18:45Z</time>
      </trkpt>
      <trkpt lat="46.868889145553112" lon="5.5551344063133">
        <ele>229.71000000000001</ele>
        <time>2022-04-30T14:18:46Z</time>
      </trkpt>
      <trkpt lat="46.86887925490737" lon="5.555204730480909">
        <ele>229.72999999999999</ele>
        <time>2022-04-30T14:18:47Z</time>
      </trkpt>
      <trkpt lat="46.868880428373814" lon="5.555281927809119">
        <ele>229.74000000000001</ele>
        <time>2022-04-30T14:18:48Z</time>
      </trkpt>
      <trkpt lat="46.868884451687336" lon="5.555368512868881">
        <ele>229.72999999999999</ele>
        <time>2022-04-30T14:18:49Z</time>
      </trkpt>
      <trkpt lat="46.86888612806797" lon="5.555965891107917">
        <ele>229.16999999999999</ele>
        <time>2022-04-30T14:18:55Z</time>
      </trkpt>
      <trkpt lat="46.868895515799522" lon="5.556609453633428">
        <ele>227.59</ele>
        <time>2022-04-30T14:19:01Z</time>
      </trkpt>
      <trkpt lat="46.86889392323792" lon="5.556716239079833">
        <ele>227.47</ele>
        <time>2022-04-30T14:19:02Z</time>
      </trkpt>
      <trkpt lat="46.868893001228571" lon="5.556823862716556">
        <ele>227.37</ele>
        <time>2022-04-30T14:19:03Z</time>
      </trkpt>
      <trkpt lat="46.868872465565801" lon="5.557248154655099">
        <ele>227.22999999999999</ele>
        <time>2022-04-30T14:19:07Z</time>
      </trkpt>
      <trkpt lat="46.868866514414549" lon="5.557351419702172">
        <ele>227.22999999999999</ele>
        <time>2022-04-30T14:19:08Z</time>
      </trkpt>
      <trkpt lat="46.868860982358456" lon="5.557655850425363">
        <ele>227.36000000000001</ele>
        <time>2022-04-30T14:19:11Z</time>
      </trkpt>
      <trkpt lat="46.868883781135082" lon="5.55806765332818">
        <ele>227.56999999999999</ele>
        <time>2022-04-30T14:19:15Z</time>
      </trkpt>
      <trkpt lat="46.868873136118054" lon="5.55837107822299">
        <ele>227.61000000000001</ele>
        <time>2022-04-30T14:19:18Z</time>
      </trkpt>
      <trkpt lat="46.868884200230241" lon="5.55910985916853">
        <ele>227.49000000000001</ele>
        <time>2022-04-30T14:19:25Z</time>
      </trkpt>
      <trkpt lat="46.868891241028905" lon="5.559876384213567">
        <ele>227.09999999999999</ele>
        <time>2022-04-30T14:19:32Z</time>
      </trkpt>
      <trkpt lat="46.868898198008537" lon="5.560687584802508">
        <ele>226.18000000000001</ele>
        <time>2022-04-30T14:19:39Z</time>
      </trkpt>
      <trkpt lat="46.868899120017886" lon="5.56104876101017">
        <ele>225.69</ele>
        <time>2022-04-30T14:19:42Z</time>
      </trkpt>
      <trkpt lat="46.868903059512377" lon="5.561870187520981">
        <ele>223.38999999999999</ele>
        <time>2022-04-30T14:19:48Z</time>
      </trkpt>
      <trkpt lat="46.868927283212543" lon="5.562641825526953">
        <ele>219.72</ele>
        <time>2022-04-30T14:19:53Z</time>
      </trkpt>
      <trkpt lat="46.868965923786163" lon="5.56380364112556">
        <ele>216.81999999999999</ele>
        <time>2022-04-30T14:20:01Z</time>
      </trkpt>
      <trkpt lat="46.86894572339952" lon="5.563923250883818">
        <ele>216.84999999999999</ele>
        <time>2022-04-30T14:20:02Z</time>
      </trkpt>
      <trkpt lat="46.868915967643261" lon="5.56403573602438">
        <ele>216.97999999999999</ele>
        <time>2022-04-30T14:20:03Z</time>
      </trkpt>
      <trkpt lat="46.86871949583292" lon="5.564854145050049">
        <ele>217.43000000000001</ele>
        <time>2022-04-30T14:20:10Z</time>
      </trkpt>
      <trkpt lat="46.868714466691017" lon="5.564976772293448">
        <ele>217.38999999999999</ele>
        <time>2022-04-30T14:20:11Z</time>
      </trkpt>
      <trkpt lat="46.868716645985842" lon="5.565096717327833">
        <ele>217.33000000000001</ele>
        <time>2022-04-30T14:20:12Z</time>
      </trkpt>
      <trkpt lat="46.868780599907041" lon="5.565848154947162">
        <ele>218.03</ele>
        <time>2022-04-30T14:20:19Z</time>
      </trkpt>
      <trkpt lat="46.86883432790637" lon="5.566458189859986">
        <ele>220.81999999999999</ele>
        <time>2022-04-30T14:20:26Z</time>
      </trkpt>
      <trkpt lat="46.868887469172478" lon="5.567182470113039">
        <ele>223.43000000000001</ele>
        <time>2022-04-30T14:20:35Z</time>
      </trkpt>
      <trkpt lat="46.868894007056952" lon="5.567263355478644">
        <ele>223.63</ele>
        <time>2022-04-30T14:20:36Z</time>
      </trkpt>
      <trkpt lat="46.868941616266966" lon="5.567829553037882">
        <ele>225.16999999999999</ele>
        <time>2022-04-30T14:20:43Z</time>
      </trkpt>
      <trkpt lat="46.869010766968131" lon="5.568552240729332">
        <ele>227.22999999999999</ele>
        <time>2022-04-30T14:20:52Z</time>
      </trkpt>
      <trkpt lat="46.868966929614544" lon="5.569190606474876">
        <ele>229.22</ele>
        <time>2022-04-30T14:21:00Z</time>
      </trkpt>
      <trkpt lat="46.86892518773675" lon="5.56969553232193">
        <ele>231.68000000000001</ele>
        <time>2022-04-30T14:21:06Z</time>
      </trkpt>
      <trkpt lat="46.868832232430577" lon="5.57054478675127">
        <ele>231.81</ele>
        <time>2022-04-30T14:21:15Z</time>
      </trkpt>
      <trkpt lat="46.868805242702365" lon="5.570957260206342">
        <ele>231.34999999999999</ele>
        <time>2022-04-30T14:21:19Z</time>
      </trkpt>
      <trkpt lat="46.86883675865829" lon="5.571959484368563">
        <ele>231.5</ele>
        <time>2022-04-30T14:21:29Z</time>
      </trkpt>
      <trkpt lat="46.868826532736421" lon="5.57275383733213">
        <ele>232.63999999999999</ele>
        <time>2022-04-30T14:21:37Z</time>
      </trkpt>
      <trkpt lat="46.868800716474652" lon="5.572858527302742">
        <ele>232.69</ele>
        <time>2022-04-30T14:21:38Z</time>
      </trkpt>
      <trkpt lat="46.868761321529746" lon="5.572948381304741">
        <ele>232.66</ele>
        <time>2022-04-30T14:21:39Z</time>
      </trkpt>
      <trkpt lat="46.868713712319732" lon="5.573020130395889">
        <ele>232.62</ele>
        <time>2022-04-30T14:21:40Z</time>
      </trkpt>
      <trkpt lat="46.868659062311053" lon="5.573075534775853">
        <ele>232.59</ele>
        <time>2022-04-30T14:21:41Z</time>
      </trkpt>
      <trkpt lat="46.868605334311724" lon="5.573120713233948">
        <ele>232.69999999999999</ele>
        <time>2022-04-30T14:21:42Z</time>
      </trkpt>
      <trkpt lat="46.868552779778838" lon="5.573159521445632">
        <ele>232.87</ele>
        <time>2022-04-30T14:21:43Z</time>
      </trkpt>
      <trkpt lat="46.868151286616921" lon="5.573462108150125">
        <ele>235.21000000000001</ele>
        <time>2022-04-30T14:21:51Z</time>
      </trkpt>
      <trkpt lat="46.86810334213078" lon="5.573494713753462">
        <ele>235.59</ele>
        <time>2022-04-30T14:21:52Z</time>
      </trkpt>
      <trkpt lat="46.868002507835627" lon="5.573543161153793">
        <ele>236.72999999999999</ele>
        <time>2022-04-30T14:21:54Z</time>
      </trkpt>
      <trkpt lat="46.867952132597566" lon="5.573560260236263">
        <ele>237.05000000000001</ele>
        <time>2022-04-30T14:21:55Z</time>
      </trkpt>
      <trkpt lat="46.867794217541814" lon="5.573607869446278">
        <ele>237.75999999999999</ele>
        <time>2022-04-30T14:21:58Z</time>
      </trkpt>
      <trkpt lat="46.867556422948837" lon="5.573667213320732">
        <ele>238.05000000000001</ele>
        <time>2022-04-30T14:22:02Z</time>
      </trkpt>
      <trkpt lat="46.867493558675051" lon="5.573701662942767">
        <ele>237.96000000000001</ele>
        <time>2022-04-30T14:22:03Z</time>
      </trkpt>
      <trkpt lat="46.867429856210947" lon="5.573753798380494">
        <ele>237.83000000000001</ele>
        <time>2022-04-30T14:22:04Z</time>
      </trkpt>
      <trkpt lat="46.867367243394256" lon="5.573819428682327">
        <ele>237.69</ele>
        <time>2022-04-30T14:22:05Z</time>
      </trkpt>
      <trkpt lat="46.867309659719467" lon="5.573893105611205">
        <ele>237.55000000000001</ele>
        <time>2022-04-30T14:22:06Z</time>
      </trkpt>
      <trkpt lat="46.867258111014962" lon="5.573976086452603">
        <ele>237.37</ele>
        <time>2022-04-30T14:22:07Z</time>
      </trkpt>
      <trkpt lat="46.867214860394597" lon="5.574070466682315">
        <ele>237.13</ele>
        <time>2022-04-30T14:22:08Z</time>
      </trkpt>
      <trkpt lat="46.86717932112515" lon="5.574172725901008">
        <ele>236.87</ele>
        <time>2022-04-30T14:22:09Z</time>
      </trkpt>
      <trkpt lat="46.86715149320662" lon="5.574281103909016">
        <ele>236.61000000000001</ele>
        <time>2022-04-30T14:22:10Z</time>
      </trkpt>
      <trkpt lat="46.867127940058708" lon="5.57439124211669">
        <ele>236.34</ele>
        <time>2022-04-30T14:22:11Z</time>
      </trkpt>
      <trkpt lat="46.867108913138509" lon="5.574502050876617">
        <ele>236.12</ele>
        <time>2022-04-30T14:22:12Z</time>
      </trkpt>
      <trkpt lat="46.867096172645688" lon="5.574611434713006">
        <ele>235.93000000000001</ele>
        <time>2022-04-30T14:22:13Z</time>
      </trkpt>
      <trkpt lat="46.867090724408627" lon="5.575336217880249">
        <ele>235.72999999999999</ele>
        <time>2022-04-30T14:22:20Z</time>
      </trkpt>
      <trkpt lat="46.8671715259552" lon="5.576400887221098">
        <ele>236.24000000000001</ele>
        <time>2022-04-30T14:22:30Z</time>
      </trkpt>
      <trkpt lat="46.86720228753984" lon="5.576791064813733">
        <ele>236.58000000000001</ele>
        <time>2022-04-30T14:22:34Z</time>
      </trkpt>
      <trkpt lat="46.867148224264383" lon="5.577799743041396">
        <ele>238.06</ele>
        <time>2022-04-30T14:22:44Z</time>
      </trkpt>
      <trkpt lat="46.867033978924155" lon="5.578863993287087">
        <ele>237.25</ele>
        <time>2022-04-30T14:22:54Z</time>
      </trkpt>
      <trkpt lat="46.867002379149199" lon="5.579879293218255">
        <ele>237.34</ele>
        <time>2022-04-30T14:23:04Z</time>
      </trkpt>
      <trkpt lat="46.866992488503456" lon="5.581056782975793">
        <ele>237.69999999999999</ele>
        <time>2022-04-30T14:23:15Z</time>
      </trkpt>
      <trkpt lat="46.867065746337175" lon="5.581749882549048">
        <ele>236.84</ele>
        <time>2022-04-30T14:23:21Z</time>
      </trkpt>
      <trkpt lat="46.867297422140837" lon="5.582906669005752">
        <ele>235.5</ele>
        <time>2022-04-30T14:23:31Z</time>
      </trkpt>
      <trkpt lat="46.8672941531986" lon="5.58368006721139">
        <ele>235.22999999999999</ele>
        <time>2022-04-30T14:23:38Z</time>
      </trkpt>
      <trkpt lat="46.867273030802608" lon="5.584408957511187">
        <ele>237.27000000000001</ele>
        <time>2022-04-30T14:23:46Z</time>
      </trkpt>
      <trkpt lat="46.867240173742175" lon="5.585235999897122">
        <ele>240.03999999999999</ele>
        <time>2022-04-30T14:23:56Z</time>
      </trkpt>
      <trkpt lat="46.867225589230657" lon="5.58577093295753">
        <ele>242.84</ele>
        <time>2022-04-30T14:24:04Z</time>
      </trkpt>
      <trkpt lat="46.86720916070044" lon="5.586255574598908">
        <ele>245.22</ele>
        <time>2022-04-30T14:24:12Z</time>
      </trkpt>
      <trkpt lat="46.86719935387373" lon="5.58681070804596">
        <ele>246.81</ele>
        <time>2022-04-30T14:24:20Z</time>
      </trkpt>
      <trkpt lat="46.86721745878458" lon="5.587535658851266">
        <ele>248.86000000000001</ele>
        <time>2022-04-30T14:24:30Z</time>
      </trkpt>
      <trkpt lat="46.867234306409955" lon="5.588217945769429">
        <ele>248.91999999999999</ele>
        <time>2022-04-30T14:24:38Z</time>
      </trkpt>
      <trkpt lat="46.867238329723477" lon="5.588908027857542">
        <ele>248.84</ele>
        <time>2022-04-30T14:24:46Z</time>
      </trkpt>
      <trkpt lat="46.867223829030991" lon="5.588997211307287">
        <ele>248.87</ele>
        <time>2022-04-30T14:24:47Z</time>
      </trkpt>
      <trkpt lat="46.867201533168554" lon="5.589081700891256">
        <ele>248.90000000000001</ele>
        <time>2022-04-30T14:24:48Z</time>
      </trkpt>
      <trkpt lat="46.867173621430993" lon="5.589161412790418">
        <ele>248.97999999999999</ele>
        <time>2022-04-30T14:24:49Z</time>
      </trkpt>
      <trkpt lat="46.867142273113132" lon="5.589237017557025">
        <ele>249.06999999999999</ele>
        <time>2022-04-30T14:24:50Z</time>
      </trkpt>
      <trkpt lat="46.867109332233667" lon="5.589310023933649">
        <ele>249.19999999999999</ele>
        <time>2022-04-30T14:24:51Z</time>
      </trkpt>
      <trkpt lat="46.866736086085439" lon="5.590106304734945">
        <ele>250.08000000000001</ele>
        <time>2022-04-30T14:25:02Z</time>
      </trkpt>
      <trkpt lat="46.866325791925192" lon="5.590959917753935">
        <ele>250.90000000000001</ele>
        <time>2022-04-30T14:25:13Z</time>
      </trkpt>
      <trkpt lat="46.865928992629051" lon="5.591804394498467">
        <ele>251.53999999999999</ele>
        <time>2022-04-30T14:25:24Z</time>
      </trkpt>
      <trkpt lat="46.865529762580991" lon="5.592651888728142">
        <ele>252.80000000000001</ele>
        <time>2022-04-30T14:25:35Z</time>
      </trkpt>
      <trkpt lat="46.865111757069826" lon="5.593537772074342">
        <ele>254.09999999999999</ele>
        <time>2022-04-30T14:25:46Z</time>
      </trkpt>
      <trkpt lat="46.864808583632112" lon="5.594177814200521">
        <ele>255.84</ele>
        <time>2022-04-30T14:25:55Z</time>
      </trkpt>
      <trkpt lat="46.864607082679868" lon="5.594602106139064">
        <ele>258.63999999999999</ele>
        <time>2022-04-30T14:26:03Z</time>
      </trkpt>
      <trkpt lat="46.864336850121617" lon="5.595037378370762">
        <ele>261.20999999999998</ele>
        <time>2022-04-30T14:26:12Z</time>
      </trkpt>
      <trkpt lat="46.863916581496596" lon="5.595760820433497">
        <ele>263.68000000000001</ele>
        <time>2022-04-30T14:26:25Z</time>
      </trkpt>
      <trkpt lat="46.863597650080919" lon="5.59639080427587">
        <ele>265.38999999999999</ele>
        <time>2022-04-30T14:26:35Z</time>
      </trkpt>
      <trkpt lat="46.863333201035857" lon="5.597004443407059">
        <ele>265.89999999999998</ele>
        <time>2022-04-30T14:26:44Z</time>
      </trkpt>
      <trkpt lat="46.862949142232537" lon="5.597903402522206">
        <ele>266.16000000000003</ele>
        <time>2022-04-30T14:26:57Z</time>
      </trkpt>
      <trkpt lat="46.862771278247237" lon="5.598312942311168">
        <ele>267.48000000000002</ele>
        <time>2022-04-30T14:27:04Z</time>
      </trkpt>
      <trkpt lat="46.862523425370455" lon="5.59881929308176">
        <ele>268.44999999999999</ele>
        <time>2022-04-30T14:27:13Z</time>
      </trkpt>
      <trkpt lat="46.862408677116036" lon="5.599092207849026">
        <ele>267.88</ele>
        <time>2022-04-30T14:27:19Z</time>
      </trkpt>
      <trkpt lat="46.862368192523718" lon="5.599178541451693">
        <ele>267.83999999999997</ele>
        <time>2022-04-30T14:27:22Z</time>
      </trkpt>
      <trkpt lat="46.862365258857608" lon="5.599196646362543">
        <ele>267.82999999999998</ele>
        <time>2022-04-30T14:27:23Z</time>
      </trkpt>
      <trkpt lat="46.862359391525388" lon="5.59921408072114">
        <ele>267.80000000000001</ele>
        <time>2022-04-30T14:27:24Z</time>
      </trkpt>
      <trkpt lat="46.862352266907692" lon="5.599228162318468">
        <ele>267.80000000000001</ele>
        <time>2022-04-30T14:27:25Z</time>
      </trkpt>
      <trkpt lat="46.862347321584821" lon="5.599238388240337">
        <ele>267.60000000000002</ele>
        <time>2022-04-30T14:27:32Z</time>
      </trkpt>
      <trkpt lat="46.862347489222884" lon="5.599236125126481">
        <ele>267.79000000000002</ele>
        <time>2022-04-30T14:27:55Z</time>
      </trkpt>
      <trkpt lat="46.862346064299345" lon="5.599274011328816">
        <ele>267.88</ele>
        <time>2022-04-30T14:28:07Z</time>
      </trkpt>
      <trkpt lat="46.862367941066623" lon="5.599334361031652">
        <ele>267.72000000000003</ele>
        <time>2022-04-30T14:28:16Z</time>
      </trkpt>
      <trkpt lat="46.862393254414201" lon="5.599356656894088">
        <ele>267.94</ele>
        <time>2022-04-30T14:28:25Z</time>
      </trkpt>
      <trkpt lat="46.862392667680979" lon="5.599359422922134">
        <ele>252.63999999999999</ele>
        <time>2022-04-30T14:28:27Z</time>
      </trkpt>
    </trkseg>
  </trk>

  <trk>
    <name>Wandeling Poligny</name>
    <extensions>
      <gpxx:TrackExtension>
        <gpxx:DisplayColor>Red</gpxx:DisplayColor>
      </gpxx:TrackExtension>
    </extensions>
    <trkseg>
      <trkpt lat="46.837981129065156" lon="5.687850778922439">
        <ele>272.38</ele>
        <time>2022-05-05T12:30:12Z</time>
      </trkpt>
      <trkpt lat="46.837969310581684" lon="5.687868716195226">
        <ele>272.37</ele>
        <time>2022-05-05T12:30:25Z</time>
      </trkpt>
      <trkpt lat="46.837968304753304" lon="5.687924874946475">
        <ele>272.39999999999998</ele>
        <time>2022-05-05T12:30:37Z</time>
      </trkpt>
      <trkpt lat="46.837912565097213" lon="5.68804582580924">
        <ele>272.54000000000002</ele>
        <time>2022-05-05T12:30:47Z</time>
      </trkpt>
      <trkpt lat="46.837862776592374" lon="5.688121179118753">
        <ele>272.61000000000001</ele>
        <time>2022-05-05T12:30:53Z</time>
      </trkpt>
      <trkpt lat="46.837848611176014" lon="5.688158981502056">
        <ele>272.61000000000001</ele>
        <time>2022-05-05T12:30:56Z</time>
      </trkpt>
      <trkpt lat="46.83784157037735" lon="5.68834975361824">
        <ele>273.00999999999999</ele>
        <time>2022-05-05T12:31:06Z</time>
      </trkpt>
      <trkpt lat="46.837840564548969" lon="5.688483444973826">
        <ele>273.25</ele>
        <time>2022-05-05T12:31:12Z</time>
      </trkpt>
      <trkpt lat="46.837838804349303" lon="5.688628284260631">
        <ele>273.52999999999997</ele>
        <time>2022-05-05T12:31:20Z</time>
      </trkpt>
      <trkpt lat="46.837845258414745" lon="5.688814194872975">
        <ele>273.55000000000001</ele>
        <time>2022-05-05T12:31:30Z</time>
      </trkpt>
      <trkpt lat="46.837850203737617" lon="5.688831210136414">
        <ele>273.57999999999998</ele>
        <time>2022-05-05T12:31:31Z</time>
      </trkpt>
      <trkpt lat="46.837853221222758" lon="5.688848895952106">
        <ele>273.57999999999998</ele>
        <time>2022-05-05T12:31:32Z</time>
      </trkpt>
      <trkpt lat="46.837837547063828" lon="5.689094485715032">
        <ele>273.35000000000002</ele>
        <time>2022-05-05T12:31:43Z</time>
      </trkpt>
      <trkpt lat="46.837799157947302" lon="5.689300429075956">
        <ele>273.24000000000001</ele>
        <time>2022-05-05T12:31:53Z</time>
      </trkpt>
      <trkpt lat="46.837760685011744" lon="5.689466306939721">
        <ele>273.36000000000001</ele>
        <time>2022-05-05T12:32:03Z</time>
      </trkpt>
      <trkpt lat="46.837742999196053" lon="5.689604692161083">
        <ele>272.97000000000003</ele>
        <time>2022-05-05T12:32:10Z</time>
      </trkpt>
      <trkpt lat="46.837728833779693" lon="5.689682308584452">
        <ele>272.73000000000002</ele>
        <time>2022-05-05T12:32:14Z</time>
      </trkpt>
      <trkpt lat="46.837674435228109" lon="5.689871069043875">
        <ele>271.41000000000003</ele>
        <time>2022-05-05T12:32:25Z</time>
      </trkpt>
      <trkpt lat="46.837595896795392" lon="5.690063433721662">
        <ele>271.10000000000002</ele>
        <time>2022-05-05T12:32:36Z</time>
      </trkpt>
      <trkpt lat="46.837519453838468" lon="5.69025638513267">
        <ele>270.88</ele>
        <time>2022-05-05T12:32:47Z</time>
      </trkpt>
      <trkpt lat="46.837431695312262" lon="5.690394770354033">
        <ele>271.12</ele>
        <time>2022-05-05T12:32:57Z</time>
      </trkpt>
      <trkpt lat="46.837337398901582" lon="5.690527204424143">
        <ele>271.52999999999997</ele>
        <time>2022-05-05T12:33:08Z</time>
      </trkpt>
      <trkpt lat="46.837262716144323" lon="5.690682353451848">
        <ele>271.88999999999999</ele>
        <time>2022-05-05T12:33:18Z</time>
      </trkpt>
      <trkpt lat="46.837215609848499" lon="5.690809926018119">
        <ele>272.06</ele>
        <time>2022-05-05T12:33:26Z</time>
      </trkpt>
      <trkpt lat="46.837198929861188" lon="5.690931044518948">
        <ele>272.22000000000003</ele>
        <time>2022-05-05T12:33:33Z</time>
      </trkpt>
      <trkpt lat="46.837200438603759" lon="5.69104109890759">
        <ele>272.25</ele>
        <time>2022-05-05T12:33:39Z</time>
      </trkpt>
      <trkpt lat="46.837255172431469" lon="5.691156098619103">
        <ele>272.33999999999997</ele>
        <time>2022-05-05T12:33:48Z</time>
      </trkpt>
      <trkpt lat="46.837292974814773" lon="5.691172778606415">
        <ele>272.38999999999999</ele>
        <time>2022-05-05T12:33:51Z</time>
      </trkpt>
      <trkpt lat="46.83739791624248" lon="5.691188368946314">
        <ele>272.29000000000002</ele>
        <time>2022-05-05T12:33:59Z</time>
      </trkpt>
      <trkpt lat="46.837466061115265" lon="5.691188285127282">
        <ele>272.16000000000003</ele>
        <time>2022-05-05T12:34:06Z</time>
      </trkpt>
      <trkpt lat="46.837553065270185" lon="5.691185770556331">
        <ele>271.99000000000001</ele>
        <time>2022-05-05T12:34:14Z</time>
      </trkpt>
      <trkpt lat="46.837639985606074" lon="5.691244527697563">
        <ele>271.97000000000003</ele>
        <time>2022-05-05T12:34:21Z</time>
      </trkpt>
      <trkpt lat="46.837684996426105" lon="5.691281910985708">
        <ele>272.00999999999999</ele>
        <time>2022-05-05T12:34:28Z</time>
      </trkpt>
      <trkpt lat="46.837718775495887" lon="5.691290376707912">
        <ele>272.54000000000002</ele>
        <time>2022-05-05T12:34:42Z</time>
      </trkpt>
      <trkpt lat="46.837747944518924" lon="5.691305128857493">
        <ele>272.48000000000002</ele>
        <time>2022-05-05T12:34:53Z</time>
      </trkpt>
      <trkpt lat="46.837822292000055" lon="5.691431192681193">
        <ele>272.13999999999999</ele>
        <time>2022-05-05T12:35:02Z</time>
      </trkpt>
      <trkpt lat="46.837893621996045" lon="5.691550048068166">
        <ele>272.31999999999999</ele>
        <time>2022-05-05T12:35:10Z</time>
      </trkpt>
      <trkpt lat="46.83798523619771" lon="5.691633867099881">
        <ele>272.25999999999999</ele>
        <time>2022-05-05T12:35:19Z</time>
      </trkpt>
      <trkpt lat="46.838075509294868" lon="5.691697150468826">
        <ele>272.81999999999999</ele>
        <time>2022-05-05T12:35:27Z</time>
      </trkpt>
      <trkpt lat="46.838151449337602" lon="5.691741239279509">
        <ele>273.18000000000001</ele>
        <time>2022-05-05T12:35:33Z</time>
      </trkpt>
      <trkpt lat="46.83826326392591" lon="5.691791027784348">
        <ele>273.29000000000002</ele>
        <time>2022-05-05T12:35:42Z</time>
      </trkpt>
      <trkpt lat="46.838372983038425" lon="5.691843582317233">
        <ele>273.50999999999999</ele>
        <time>2022-05-05T12:35:51Z</time>
      </trkpt>
      <trkpt lat="46.838480103760958" lon="5.6918815523386">
        <ele>273.88999999999999</ele>
        <time>2022-05-05T12:35:59Z</time>
      </trkpt>
      <trkpt lat="46.838536513969302" lon="5.691890940070152">
        <ele>273.94999999999999</ele>
        <time>2022-05-05T12:36:06Z</time>
      </trkpt>
      <trkpt lat="46.838547578081489" lon="5.691896472126246">
        <ele>274.06999999999999</ele>
        <time>2022-05-05T12:36:12Z</time>
      </trkpt>
      <trkpt lat="46.838614381849766" lon="5.691905440762639">
        <ele>274.06999999999999</ele>
        <time>2022-05-05T12:36:20Z</time>
      </trkpt>
      <trkpt lat="46.83863902464509" lon="5.691909296438098">
        <ele>274.20999999999998</ele>
        <time>2022-05-05T12:36:23Z</time>
      </trkpt>
      <trkpt lat="46.838774057105184" lon="5.691974340006709">
        <ele>274.49000000000001</ele>
        <time>2022-05-05T12:36:34Z</time>
      </trkpt>
      <trkpt lat="46.838875310495496" lon="5.692032594233751">
        <ele>274.77999999999997</ele>
        <time>2022-05-05T12:36:42Z</time>
      </trkpt>
      <trkpt lat="46.838986538350582" lon="5.692072743549943">
        <ele>274.81999999999999</ele>
        <time>2022-05-05T12:36:51Z</time>
      </trkpt>
      <trkpt lat="46.839098436757922" lon="5.692105013877153">
        <ele>274.88</ele>
        <time>2022-05-05T12:37:00Z</time>
      </trkpt>
      <trkpt lat="46.839179154485464" lon="5.692130494862795">
        <ele>275.14999999999998</ele>
        <time>2022-05-05T12:37:07Z</time>
      </trkpt>
      <trkpt lat="46.839187871664762" lon="5.692127645015717">
        <ele>275.17000000000002</ele>
        <time>2022-05-05T12:37:09Z</time>
      </trkpt>
      <trkpt lat="46.839245371520519" lon="5.692157568410039">
        <ele>275.18000000000001</ele>
        <time>2022-05-05T12:37:17Z</time>
      </trkpt>
      <trkpt lat="46.839264230802655" lon="5.692169638350606">
        <ele>275.29000000000002</ele>
        <time>2022-05-05T12:37:24Z</time>
      </trkpt>
      <trkpt lat="46.839376045390964" lon="5.692212386056781">
        <ele>275.13</ele>
        <time>2022-05-05T12:37:33Z</time>
      </trkpt>
      <trkpt lat="46.839497666805983" lon="5.692242980003357">
        <ele>274.70999999999998</ele>
        <time>2022-05-05T12:37:42Z</time>
      </trkpt>
      <trkpt lat="46.8396021053195" lon="5.692280195653439">
        <ele>274.44999999999999</ele>
        <time>2022-05-05T12:37:50Z</time>
      </trkpt>
      <trkpt lat="46.839691288769245" lon="5.69231984205544">
        <ele>274.27999999999997</ele>
        <time>2022-05-05T12:37:57Z</time>
      </trkpt>
      <trkpt lat="46.839759349822998" lon="5.692412545904517">
        <ele>274.5</ele>
        <time>2022-05-05T12:38:05Z</time>
      </trkpt>
      <trkpt lat="46.839786507189274" lon="5.692596361041069">
        <ele>274.55000000000001</ele>
        <time>2022-05-05T12:38:15Z</time>
      </trkpt>
      <trkpt lat="46.839787093922496" lon="5.69261304102838">
        <ele>274.54000000000002</ele>
        <time>2022-05-05T12:38:16Z</time>
      </trkpt>
      <trkpt lat="46.839812574908137" lon="5.692803813144565">
        <ele>274.49000000000001</ele>
        <time>2022-05-05T12:38:27Z</time>
      </trkpt>
      <trkpt lat="46.839832188561559" lon="5.692982599139214">
        <ele>274.36000000000001</ele>
        <time>2022-05-05T12:38:37Z</time>
      </trkpt>
      <trkpt lat="46.839864710345864" lon="5.69316029548645">
        <ele>274.63</ele>
        <time>2022-05-05T12:38:48Z</time>
      </trkpt>
      <trkpt lat="46.839886754751205" lon="5.693322150036693">
        <ele>274.63</ele>
        <time>2022-05-05T12:38:58Z</time>
      </trkpt>
      <trkpt lat="46.839919192716479" lon="5.693498002365232">
        <ele>274.76999999999998</ele>
        <time>2022-05-05T12:39:08Z</time>
      </trkpt>
      <trkpt lat="46.839957498013973" lon="5.693663209676743">
        <ele>274.73000000000002</ele>
        <time>2022-05-05T12:39:17Z</time>
      </trkpt>
      <trkpt lat="46.839998234063387" lon="5.693834032863379">
        <ele>274.93000000000001</ele>
        <time>2022-05-05T12:39:26Z</time>
      </trkpt>
      <trkpt lat="46.840050537139177" lon="5.694010723382235">
        <ele>275.69999999999999</ele>
        <time>2022-05-05T12:39:36Z</time>
      </trkpt>
      <trkpt lat="46.840105438604951" lon="5.694187832996249">
        <ele>276.08999999999997</ele>
        <time>2022-05-05T12:39:46Z</time>
      </trkpt>
      <trkpt lat="46.840142067521811" lon="5.694314735010266">
        <ele>276.16000000000003</ele>
        <time>2022-05-05T12:39:53Z</time>
      </trkpt>
      <trkpt lat="46.840195041149855" lon="5.69449813105166">
        <ele>276.01999999999998</ele>
        <time>2022-05-05T12:40:03Z</time>
      </trkpt>
      <trkpt lat="46.840201076120138" lon="5.694514894858003">
        <ele>276.04000000000002</ele>
        <time>2022-05-05T12:40:04Z</time>
      </trkpt>
      <trkpt lat="46.840257318690419" lon="5.694679599255323">
        <ele>276.61000000000001</ele>
        <time>2022-05-05T12:40:13Z</time>
      </trkpt>
      <trkpt lat="46.840292606502771" lon="5.694795437157154">
        <ele>276.58999999999997</ele>
        <time>2022-05-05T12:40:20Z</time>
      </trkpt>
      <trkpt lat="46.840361170470715" lon="5.694951340556145">
        <ele>276.75999999999999</ele>
        <time>2022-05-05T12:40:29Z</time>
      </trkpt>
      <trkpt lat="46.840445827692747" lon="5.69513289257884">
        <ele>276.85000000000002</ele>
        <time>2022-05-05T12:40:40Z</time>
      </trkpt>
      <trkpt lat="46.840465608984232" lon="5.695181088522077">
        <ele>276.87</ele>
        <time>2022-05-05T12:40:43Z</time>
      </trkpt>
      <trkpt lat="46.840538028627634" lon="5.695307487621903">
        <ele>277</ele>
        <time>2022-05-05T12:40:51Z</time>
      </trkpt>
      <trkpt lat="46.84060575440526" lon="5.695447633042932">
        <ele>277.17000000000002</ele>
        <time>2022-05-05T12:41:00Z</time>
      </trkpt>
      <trkpt lat="46.840675072744489" lon="5.695578726008534">
        <ele>277.38999999999999</ele>
        <time>2022-05-05T12:41:09Z</time>
      </trkpt>
      <trkpt lat="46.840695776045322" lon="5.695618959143758">
        <ele>277.45999999999998</ele>
        <time>2022-05-05T12:41:12Z</time>
      </trkpt>
      <trkpt lat="46.840732237324119" lon="5.695688277482987">
        <ele>277.72000000000003</ele>
        <time>2022-05-05T12:41:17Z</time>
      </trkpt>
      <trkpt lat="46.840797699987888" lon="5.695762373507023">
        <ele>277.83999999999997</ele>
        <time>2022-05-05T12:41:23Z</time>
      </trkpt>
      <trkpt lat="46.840873472392559" lon="5.695926491171122">
        <ele>277.87</ele>
        <time>2022-05-05T12:41:33Z</time>
      </trkpt>
      <trkpt lat="46.84092627838254" lon="5.696026990190148">
        <ele>278.06999999999999</ele>
        <time>2022-05-05T12:41:40Z</time>
      </trkpt>
      <trkpt lat="46.840972797945142" lon="5.696115754544735">
        <ele>278.44999999999999</ele>
        <time>2022-05-05T12:41:46Z</time>
      </trkpt>
      <trkpt lat="46.841027280315757" lon="5.696129417046905">
        <ele>278.86000000000001</ele>
        <time>2022-05-05T12:41:50Z</time>
      </trkpt>
      <trkpt lat="46.841128366068006" lon="5.696061858907342">
        <ele>278.64999999999998</ele>
        <time>2022-05-05T12:41:59Z</time>
      </trkpt>
      <trkpt lat="46.841254429891706" lon="5.695995474234223">
        <ele>278.30000000000001</ele>
        <time>2022-05-05T12:42:07Z</time>
      </trkpt>
      <trkpt lat="46.841289130970836" lon="5.695966389030218">
        <ele>278.22000000000003</ele>
        <time>2022-05-05T12:42:13Z</time>
      </trkpt>
      <trkpt lat="46.841308493167162" lon="5.696001425385475">
        <ele>278.55000000000001</ele>
        <time>2022-05-05T12:42:29Z</time>
      </trkpt>
      <trkpt lat="46.841318383812904" lon="5.695999413728714">
        <ele>278.54000000000002</ele>
        <time>2022-05-05T12:42:36Z</time>
      </trkpt>
      <trkpt lat="46.841336488723755" lon="5.695986757054925">
        <ele>278.38</ele>
        <time>2022-05-05T12:42:38Z</time>
      </trkpt>
      <trkpt lat="46.841422319412231" lon="5.695878630504012">
        <ele>277.10000000000002</ele>
        <time>2022-05-05T12:42:46Z</time>
      </trkpt>
      <trkpt lat="46.841458529233932" lon="5.695838565006852">
        <ele>276.91000000000003</ele>
        <time>2022-05-05T12:42:49Z</time>
      </trkpt>
      <trkpt lat="46.841564895585179" lon="5.695764217525721">
        <ele>276.41000000000003</ele>
        <time>2022-05-05T12:42:58Z</time>
      </trkpt>
      <trkpt lat="46.841680649667978" lon="5.695708645507693">
        <ele>276.04000000000002</ele>
        <time>2022-05-05T12:43:06Z</time>
      </trkpt>
      <trkpt lat="46.841807384043932" lon="5.695588700473309">
        <ele>275.91000000000003</ele>
        <time>2022-05-05T12:43:16Z</time>
      </trkpt>
      <trkpt lat="46.841899836435914" lon="5.695409495383501">
        <ele>275.99000000000001</ele>
        <time>2022-05-05T12:43:27Z</time>
      </trkpt>
      <trkpt lat="46.841973345726728" lon="5.695184776559472">
        <ele>275.75</ele>
        <time>2022-05-05T12:43:39Z</time>
      </trkpt>
      <trkpt lat="46.84203059412539" lon="5.69497698917985">
        <ele>275.54000000000002</ele>
        <time>2022-05-05T12:43:49Z</time>
      </trkpt>
      <trkpt lat="46.842068731784821" lon="5.694840531796217">
        <ele>275.37</ele>
        <time>2022-05-05T12:43:56Z</time>
      </trkpt>
      <trkpt lat="46.84209949336946" lon="5.694703822955489">
        <ele>275.05000000000001</ele>
        <time>2022-05-05T12:44:03Z</time>
      </trkpt>
      <trkpt lat="46.842144336551428" lon="5.694575915113092">
        <ele>274.73000000000002</ele>
        <time>2022-05-05T12:44:10Z</time>
      </trkpt>
      <trkpt lat="46.842167219147086" lon="5.694493688642979">
        <ele>274.56999999999999</ele>
        <time>2022-05-05T12:44:14Z</time>
      </trkpt>
      <trkpt lat="46.842192783951759" lon="5.694385729730129">
        <ele>274.41000000000003</ele>
        <time>2022-05-05T12:44:20Z</time>
      </trkpt>
      <trkpt lat="46.842199573293328" lon="5.694347340613604">
        <ele>274.23000000000002</ele>
        <time>2022-05-05T12:44:22Z</time>
      </trkpt>
      <trkpt lat="46.842242237180471" lon="5.694225719198585">
        <ele>273.75999999999999</ele>
        <time>2022-05-05T12:44:29Z</time>
      </trkpt>
      <trkpt lat="46.842313315719366" lon="5.694068223237991">
        <ele>273.37</ele>
        <time>2022-05-05T12:44:38Z</time>
      </trkpt>
      <trkpt lat="46.842384561896324" lon="5.693962275981903">
        <ele>273.05000000000001</ele>
        <time>2022-05-05T12:44:46Z</time>
      </trkpt>
      <trkpt lat="46.842497801408172" lon="5.693845516070724">
        <ele>272.45999999999998</ele>
        <time>2022-05-05T12:44:55Z</time>
      </trkpt>
      <trkpt lat="46.842610035091639" lon="5.69377837702632">
        <ele>272.01999999999998</ele>
        <time>2022-05-05T12:45:03Z</time>
      </trkpt>
      <trkpt lat="46.842622859403491" lon="5.693772258237004">
        <ele>271.99000000000001</ele>
        <time>2022-05-05T12:45:04Z</time>
      </trkpt>
      <trkpt lat="46.842752611264586" lon="5.69374225102365">
        <ele>271.57999999999998</ele>
        <time>2022-05-05T12:45:13Z</time>
      </trkpt>
      <trkpt lat="46.842805752530694" lon="5.693747447803617">
        <ele>271.20999999999998</ele>
        <time>2022-05-05T12:45:17Z</time>
      </trkpt>
      <trkpt lat="46.84291354380548" lon="5.693772509694099">
        <ele>270.47000000000003</ele>
        <time>2022-05-05T12:45:25Z</time>
      </trkpt>
      <trkpt lat="46.843047738075256" lon="5.693763624876738">
        <ele>270.06999999999999</ele>
        <time>2022-05-05T12:45:34Z</time>
      </trkpt>
      <trkpt lat="46.843167934566736" lon="5.693803187459707">
        <ele>269.44</ele>
        <time>2022-05-05T12:45:43Z</time>
      </trkpt>
      <trkpt lat="46.843279665336013" lon="5.693862615153194">
        <ele>269.10000000000002</ele>
        <time>2022-05-05T12:45:51Z</time>
      </trkpt>
      <trkpt lat="46.843390809372067" lon="5.693924305960536">
        <ele>268.55000000000001</ele>
        <time>2022-05-05T12:45:59Z</time>
      </trkpt>
      <trkpt lat="46.843493152409792" lon="5.693987170234323">
        <ele>268.30000000000001</ele>
        <time>2022-05-05T12:46:07Z</time>
      </trkpt>
      <trkpt lat="46.843628687784076" lon="5.694055734202266">
        <ele>267.73000000000002</ele>
        <time>2022-05-05T12:46:17Z</time>
      </trkpt>
      <trkpt lat="46.843741927295923" lon="5.694152126088738">
        <ele>267.27999999999997</ele>
        <time>2022-05-05T12:46:26Z</time>
      </trkpt>
      <trkpt lat="46.843834463506937" lon="5.694221695885062">
        <ele>266.79000000000002</ele>
        <time>2022-05-05T12:46:34Z</time>
      </trkpt>
      <trkpt lat="46.843896321952343" lon="5.694280788302422">
        <ele>266.68000000000001</ele>
        <time>2022-05-05T12:46:40Z</time>
      </trkpt>
      <trkpt lat="46.844018781557679" lon="5.694362176582217">
        <ele>266.16000000000003</ele>
        <time>2022-05-05T12:46:49Z</time>
      </trkpt>
      <trkpt lat="46.844085333868861" lon="5.694386819377542">
        <ele>266.06999999999999</ele>
        <time>2022-05-05T12:46:54Z</time>
      </trkpt>
      <trkpt lat="46.844194550067186" lon="5.694485306739807">
        <ele>265.87</ele>
        <time>2022-05-05T12:47:03Z</time>
      </trkpt>
      <trkpt lat="46.84430762194097" lon="5.694571053609252">
        <ele>265.70999999999998</ele>
        <time>2022-05-05T12:47:12Z</time>
      </trkpt>
      <trkpt lat="46.844405271112919" lon="5.694640623405576">
        <ele>265.57999999999998</ele>
        <time>2022-05-05T12:47:20Z</time>
      </trkpt>
      <trkpt lat="46.844511553645134" lon="5.694709103554487">
        <ele>265.29000000000002</ele>
        <time>2022-05-05T12:47:29Z</time>
      </trkpt>
      <trkpt lat="46.844603251665831" lon="5.694663338363171">
        <ele>264.87</ele>
        <time>2022-05-05T12:47:37Z</time>
      </trkpt>
      <trkpt lat="46.844647340476513" lon="5.694504166021943">
        <ele>264.38999999999999</ele>
        <time>2022-05-05T12:47:45Z</time>
      </trkpt>
      <trkpt lat="46.844687154516578" lon="5.694354632869363">
        <ele>263.98000000000002</ele>
        <time>2022-05-05T12:47:53Z</time>
      </trkpt>
      <trkpt lat="46.844719676300883" lon="5.694224629551172">
        <ele>263.72000000000003</ele>
        <time>2022-05-05T12:48:00Z</time>
      </trkpt>
      <trkpt lat="46.844766950234771" lon="5.694034108892083">
        <ele>263.56999999999999</ele>
        <time>2022-05-05T12:48:10Z</time>
      </trkpt>
      <trkpt lat="46.844792766496539" lon="5.693864040076733">
        <ele>263.24000000000001</ele>
        <time>2022-05-05T12:48:18Z</time>
      </trkpt>
      <trkpt lat="46.844815481454134" lon="5.693716770038009">
        <ele>262.98000000000002</ele>
        <time>2022-05-05T12:48:26Z</time>
      </trkpt>
      <trkpt lat="46.844844566658139" lon="5.693562291562557">
        <ele>263.12</ele>
        <time>2022-05-05T12:48:34Z</time>
      </trkpt>
      <trkpt lat="46.844866694882512" lon="5.693382499739528">
        <ele>263.55000000000001</ele>
        <time>2022-05-05T12:48:43Z</time>
      </trkpt>
      <trkpt lat="46.844908855855465" lon="5.693221315741539">
        <ele>263.5</ele>
        <time>2022-05-05T12:48:52Z</time>
      </trkpt>
      <trkpt lat="46.84494866989553" lon="5.693046217784286">
        <ele>263.51999999999998</ele>
        <time>2022-05-05T12:49:02Z</time>
      </trkpt>
      <trkpt lat="46.844966020435095" lon="5.692895259708166">
        <ele>263.45999999999998</ele>
        <time>2022-05-05T12:49:09Z</time>
      </trkpt>
      <trkpt lat="46.844992423430085" lon="5.692708427086473">
        <ele>263.29000000000002</ele>
        <time>2022-05-05T12:49:18Z</time>
      </trkpt>
      <trkpt lat="46.844997871667147" lon="5.692684957757592">
        <ele>263.25</ele>
        <time>2022-05-05T12:49:19Z</time>
      </trkpt>
      <trkpt lat="46.845046738162637" lon="5.692512290552259">
        <ele>263.13999999999999</ele>
        <time>2022-05-05T12:49:27Z</time>
      </trkpt>
      <trkpt lat="46.845088480040431" lon="5.692359572276473">
        <ele>263.06</ele>
        <time>2022-05-05T12:49:36Z</time>
      </trkpt>
      <trkpt lat="46.845119744539261" lon="5.692255301401019">
        <ele>263.19</ele>
        <time>2022-05-05T12:49:43Z</time>
      </trkpt>
      <trkpt lat="46.84515880420804" lon="5.692132757976651">
        <ele>263.35000000000002</ele>
        <time>2022-05-05T12:49:50Z</time>
      </trkpt>
      <trkpt lat="46.845265757292509" lon="5.692049860954285">
        <ele>263.14999999999998</ele>
        <time>2022-05-05T12:49:59Z</time>
      </trkpt>
      <trkpt lat="46.845397017896175" lon="5.691957073286176">
        <ele>262.37</ele>
        <time>2022-05-05T12:50:09Z</time>
      </trkpt>
      <trkpt lat="46.845546551048756" lon="5.691894879564643">
        <ele>262.31999999999999</ele>
        <time>2022-05-05T12:50:20Z</time>
      </trkpt>
      <trkpt lat="46.845656018704176" lon="5.691932095214725">
        <ele>262.38</ele>
        <time>2022-05-05T12:50:28Z</time>
      </trkpt>
      <trkpt lat="46.845761714503169" lon="5.691935196518898">
        <ele>262.49000000000001</ele>
        <time>2022-05-05T12:50:36Z</time>
      </trkpt>
      <trkpt lat="46.845801277086139" lon="5.691923210397363">
        <ele>262.48000000000002</ele>
        <time>2022-05-05T12:50:41Z</time>
      </trkpt>
      <trkpt lat="46.845829105004668" lon="5.691919773817062">
        <ele>262.41000000000003</ele>
        <time>2022-05-05T12:50:43Z</time>
      </trkpt>
      <trkpt lat="46.845844443887472" lon="5.691918265074492">
        <ele>262.39999999999998</ele>
        <time>2022-05-05T12:50:44Z</time>
      </trkpt>
      <trkpt lat="46.845858609303832" lon="5.691916085779667">
        <ele>262.43000000000001</ele>
        <time>2022-05-05T12:50:45Z</time>
      </trkpt>
      <trkpt lat="46.845978805795312" lon="5.69186151959002">
        <ele>262.5</ele>
        <time>2022-05-05T12:50:53Z</time>
      </trkpt>
      <trkpt lat="46.84607301838696" lon="5.691838720813394">
        <ele>262.44999999999999</ele>
        <time>2022-05-05T12:51:00Z</time>
      </trkpt>
      <trkpt lat="46.846203356981277" lon="5.691848695278168">
        <ele>262.64999999999998</ele>
        <time>2022-05-05T12:51:09Z</time>
      </trkpt>
      <trkpt lat="46.846314081922174" lon="5.691835284233093">
        <ele>262.72000000000003</ele>
        <time>2022-05-05T12:51:17Z</time>
      </trkpt>
      <trkpt lat="46.846404438838363" lon="5.691798152402043">
        <ele>262.87</ele>
        <time>2022-05-05T12:51:23Z</time>
      </trkpt>
      <trkpt lat="46.846415670588613" lon="5.691789854317904">
        <ele>262.86000000000001</ele>
        <time>2022-05-05T12:51:24Z</time>
      </trkpt>
      <trkpt lat="46.84642774052918" lon="5.691785998642445">
        <ele>262.85000000000002</ele>
        <time>2022-05-05T12:51:25Z</time>
      </trkpt>
      <trkpt lat="46.846441570669413" lon="5.691783986985683">
        <ele>262.85000000000002</ele>
        <time>2022-05-05T12:51:26Z</time>
      </trkpt>
      <trkpt lat="46.846462273970246" lon="5.691763702780008">
        <ele>262.85000000000002</ele>
        <time>2022-05-05T12:51:28Z</time>
      </trkpt>
      <trkpt lat="46.846576854586601" lon="5.691715590655804">
        <ele>263</ele>
        <time>2022-05-05T12:51:36Z</time>
      </trkpt>
      <trkpt lat="46.846700822934508" lon="5.691683487966657">
        <ele>263.24000000000001</ele>
        <time>2022-05-05T12:51:45Z</time>
      </trkpt>
      <trkpt lat="46.846828646957874" lon="5.691636046394706">
        <ele>262.63999999999999</ele>
        <time>2022-05-05T12:51:54Z</time>
      </trkpt>
      <trkpt lat="46.846952950581908" lon="5.691581312566996">
        <ele>262.39999999999998</ele>
        <time>2022-05-05T12:52:03Z</time>
      </trkpt>
      <trkpt lat="46.847031489014626" lon="5.691529093310237">
        <ele>262.54000000000002</ele>
        <time>2022-05-05T12:52:10Z</time>
      </trkpt>
      <trkpt lat="46.847105249762535" lon="5.691474778577685">
        <ele>262.57999999999998</ele>
        <time>2022-05-05T12:52:16Z</time>
      </trkpt>
      <trkpt lat="46.847114972770214" lon="5.691465390846133">
        <ele>262.61000000000001</ele>
        <time>2022-05-05T12:52:17Z</time>
      </trkpt>
      <trkpt lat="46.847125450149179" lon="5.691460780799389">
        <ele>262.60000000000002</ele>
        <time>2022-05-05T12:52:18Z</time>
      </trkpt>
      <trkpt lat="46.847136095166206" lon="5.691456086933613">
        <ele>262.56999999999999</ele>
        <time>2022-05-05T12:52:19Z</time>
      </trkpt>
      <trkpt lat="46.847145650535822" lon="5.691446028649807">
        <ele>262.55000000000001</ele>
        <time>2022-05-05T12:52:20Z</time>
      </trkpt>
      <trkpt lat="46.847153613343835" lon="5.691434629261494">
        <ele>262.54000000000002</ele>
        <time>2022-05-05T12:52:21Z</time>
      </trkpt>
      <trkpt lat="46.847196696326137" lon="5.691351732239127">
        <ele>262.39999999999998</ele>
        <time>2022-05-05T12:52:28Z</time>
      </trkpt>
      <trkpt lat="46.847198205068707" lon="5.691255675628781">
        <ele>261.94</ele>
        <time>2022-05-05T12:52:36Z</time>
      </trkpt>
      <trkpt lat="46.847223099321127" lon="5.691257771104574">
        <ele>261.50999999999999</ele>
        <time>2022-05-05T12:52:53Z</time>
      </trkpt>
      <trkpt lat="46.84723156504333" lon="5.691263219341636">
        <ele>261.5</ele>
        <time>2022-05-05T12:52:54Z</time>
      </trkpt>
      <trkpt lat="46.847242210060358" lon="5.69127612747252">
        <ele>261.5</ele>
        <time>2022-05-05T12:52:55Z</time>
      </trkpt>
      <trkpt lat="46.847255704924464" lon="5.691283671185374">
        <ele>261.51999999999998</ele>
        <time>2022-05-05T12:52:56Z</time>
      </trkpt>
      <trkpt lat="46.847342876717448" lon="5.691300770267844">
        <ele>261.81999999999999</ele>
        <time>2022-05-05T12:53:02Z</time>
      </trkpt>
      <trkpt lat="46.847356036305428" lon="5.691295238211751">
        <ele>261.88999999999999</ele>
        <time>2022-05-05T12:53:03Z</time>
      </trkpt>
      <trkpt lat="46.847369112074375" lon="5.691290460526943">
        <ele>261.94999999999999</ele>
        <time>2022-05-05T12:53:04Z</time>
      </trkpt>
      <trkpt lat="46.84738252311945" lon="5.69128543138504">
        <ele>262.01999999999998</ele>
        <time>2022-05-05T12:53:05Z</time>
      </trkpt>
      <trkpt lat="46.84739668853581" lon="5.69127855822444">
        <ele>262.06999999999999</ele>
        <time>2022-05-05T12:53:06Z</time>
      </trkpt>
      <trkpt lat="46.84752132743597" lon="5.691232038661838">
        <ele>262.19999999999999</ele>
        <time>2022-05-05T12:53:15Z</time>
      </trkpt>
      <trkpt lat="46.847667926922441" lon="5.6911666598171">
        <ele>261.99000000000001</ele>
        <time>2022-05-05T12:53:25Z</time>
      </trkpt>
      <trkpt lat="46.847694162279367" lon="5.691151572391391">
        <ele>261.88999999999999</ele>
        <time>2022-05-05T12:53:27Z</time>
      </trkpt>
      <trkpt lat="46.847723918035626" lon="5.691142436116934">
        <ele>261.80000000000001</ele>
        <time>2022-05-05T12:53:29Z</time>
      </trkpt>
      <trkpt lat="46.847736658528447" lon="5.691132629290223">
        <ele>261.75</ele>
        <time>2022-05-05T12:53:30Z</time>
      </trkpt>
      <trkpt lat="46.847797846421599" lon="5.691090887412429">
        <ele>261.54000000000002</ele>
        <time>2022-05-05T12:53:35Z</time>
      </trkpt>
      <trkpt lat="46.847863979637623" lon="5.691006146371365">
        <ele>261.37</ele>
        <time>2022-05-05T12:53:43Z</time>
      </trkpt>
      <trkpt lat="46.847922820597887" lon="5.690923249348998">
        <ele>261.11000000000001</ele>
        <time>2022-05-05T12:53:49Z</time>
      </trkpt>
      <trkpt lat="46.847940506413579" lon="5.690902629867196">
        <ele>260.98000000000002</ele>
        <time>2022-05-05T12:53:51Z</time>
      </trkpt>
      <trkpt lat="46.847946876659989" lon="5.690889218822122">
        <ele>260.92000000000002</ele>
        <time>2022-05-05T12:53:52Z</time>
      </trkpt>
      <trkpt lat="46.847955761477351" lon="5.690874299034476">
        <ele>260.82999999999998</ele>
        <time>2022-05-05T12:53:53Z</time>
      </trkpt>
      <trkpt lat="46.847961293533444" lon="5.690859043970704">
        <ele>260.76999999999998</ele>
        <time>2022-05-05T12:53:54Z</time>
      </trkpt>
      <trkpt lat="46.847969172522426" lon="5.690845297649503">
        <ele>260.69</ele>
        <time>2022-05-05T12:53:55Z</time>
      </trkpt>
      <trkpt lat="46.8479791469872" lon="5.690830713137984">
        <ele>260.62</ele>
        <time>2022-05-05T12:53:56Z</time>
      </trkpt>
      <trkpt lat="46.847986271604896" lon="5.690813697874546">
        <ele>260.55000000000001</ele>
        <time>2022-05-05T12:53:57Z</time>
      </trkpt>
      <trkpt lat="46.848068917170167" lon="5.690687466412783">
        <ele>260.10000000000002</ele>
        <time>2022-05-05T12:54:04Z</time>
      </trkpt>
      <trkpt lat="46.848144019022584" lon="5.690577244386077">
        <ele>260.18000000000001</ele>
        <time>2022-05-05T12:54:12Z</time>
      </trkpt>
      <trkpt lat="46.848190035670996" lon="5.690511614084244">
        <ele>260.02999999999997</ele>
        <time>2022-05-05T12:54:16Z</time>
      </trkpt>
      <trkpt lat="46.848211577162147" lon="5.690465262159705">
        <ele>259.95999999999998</ele>
        <time>2022-05-05T12:54:19Z</time>
      </trkpt>
      <trkpt lat="46.848270753398538" lon="5.690359231084585">
        <ele>259.72000000000003</ele>
        <time>2022-05-05T12:54:26Z</time>
      </trkpt>
      <trkpt lat="46.848306879401207" lon="5.690318746492267">
        <ele>259.60000000000002</ele>
        <time>2022-05-05T12:54:29Z</time>
      </trkpt>
      <trkpt lat="46.848318446427584" lon="5.690304664894939">
        <ele>259.56999999999999</ele>
        <time>2022-05-05T12:54:30Z</time>
      </trkpt>
      <trkpt lat="46.84832951053977" lon="5.690287901088595">
        <ele>259.55000000000001</ele>
        <time>2022-05-05T12:54:31Z</time>
      </trkpt>
      <trkpt lat="46.848349459469318" lon="5.69027004763484">
        <ele>259.50999999999999</ele>
        <time>2022-05-05T12:54:32Z</time>
      </trkpt>
      <trkpt lat="46.848362702876329" lon="5.690254122018814">
        <ele>259.50999999999999</ele>
        <time>2022-05-05T12:54:33Z</time>
      </trkpt>
      <trkpt lat="46.848380053415895" lon="5.690226461738348">
        <ele>259.44999999999999</ele>
        <time>2022-05-05T12:54:35Z</time>
      </trkpt>
      <trkpt lat="46.848447360098362" lon="5.690119005739689">
        <ele>259.16000000000003</ele>
        <time>2022-05-05T12:54:42Z</time>
      </trkpt>
      <trkpt lat="46.848517181351781" lon="5.690000737085939">
        <ele>259.00999999999999</ele>
        <time>2022-05-05T12:54:50Z</time>
      </trkpt>
      <trkpt lat="46.848529754206538" lon="5.689985817298293">
        <ele>259</ele>
        <time>2022-05-05T12:54:51Z</time>
      </trkpt>
      <trkpt lat="46.848538806661963" lon="5.689972741529346">
        <ele>258.98000000000002</ele>
        <time>2022-05-05T12:54:52Z</time>
      </trkpt>
      <trkpt lat="46.848598066717386" lon="5.689834943041205">
        <ele>258.81999999999999</ele>
        <time>2022-05-05T12:55:00Z</time>
      </trkpt>
      <trkpt lat="46.848654979839921" lon="5.689699491485953">
        <ele>258.77999999999997</ele>
        <time>2022-05-05T12:55:08Z</time>
      </trkpt>
      <trkpt lat="46.848666295409203" lon="5.689662527292967">
        <ele>258.85000000000002</ele>
        <time>2022-05-05T12:55:10Z</time>
      </trkpt>
      <trkpt lat="46.848670653998852" lon="5.689643500372767">
        <ele>258.87</ele>
        <time>2022-05-05T12:55:11Z</time>
      </trkpt>
      <trkpt lat="46.848722957074642" lon="5.689473766833544">
        <ele>258.61000000000001</ele>
        <time>2022-05-05T12:55:20Z</time>
      </trkpt>
      <trkpt lat="46.848792694509029" lon="5.689340997487307">
        <ele>258.19</ele>
        <time>2022-05-05T12:55:28Z</time>
      </trkpt>
      <trkpt lat="46.84885036200285" lon="5.689200349152088">
        <ele>257.98000000000002</ele>
        <time>2022-05-05T12:55:36Z</time>
      </trkpt>
      <trkpt lat="46.848909454420209" lon="5.689069340005517">
        <ele>257.68000000000001</ele>
        <time>2022-05-05T12:55:44Z</time>
      </trkpt>
      <trkpt lat="46.848962176591158" lon="5.688920980319381">
        <ele>257.08999999999997</ele>
        <time>2022-05-05T12:55:52Z</time>
      </trkpt>
      <trkpt lat="46.848972821608186" lon="5.688892900943756">
        <ele>257.06</ele>
        <time>2022-05-05T12:55:54Z</time>
      </trkpt>
      <trkpt lat="46.848965026438236" lon="5.688837245106697">
        <ele>257.23000000000002</ele>
        <time>2022-05-05T12:56:01Z</time>
      </trkpt>
      <trkpt lat="46.848977180197835" lon="5.688812350854278">
        <ele>257.23000000000002</ele>
        <time>2022-05-05T12:56:13Z</time>
      </trkpt>
      <trkpt lat="46.848984640091658" lon="5.688797431066632">
        <ele>257.19999999999999</ele>
        <time>2022-05-05T12:56:14Z</time>
      </trkpt>
      <trkpt lat="46.848993021994829" lon="5.688779074698687">
        <ele>257.14999999999998</ele>
        <time>2022-05-05T12:56:15Z</time>
      </trkpt>
      <trkpt lat="46.849003499373794" lon="5.688760718330741">
        <ele>257.11000000000001</ele>
        <time>2022-05-05T12:56:16Z</time>
      </trkpt>
      <trkpt lat="46.849012551829219" lon="5.688743703067303">
        <ele>257.10000000000002</ele>
        <time>2022-05-05T12:56:17Z</time>
      </trkpt>
      <trkpt lat="46.849022693932056" lon="5.688728196546435">
        <ele>257.19</ele>
        <time>2022-05-05T12:56:18Z</time>
      </trkpt>
      <trkpt lat="46.849030656740069" lon="5.688715456053615">
        <ele>257.22000000000003</ele>
        <time>2022-05-05T12:56:19Z</time>
      </trkpt>
      <trkpt lat="46.849039541557431" lon="5.688702128827572">
        <ele>257.25</ele>
        <time>2022-05-05T12:56:20Z</time>
      </trkpt>
      <trkpt lat="46.84904876165092" lon="5.688685867935419">
        <ele>257.26999999999998</ele>
        <time>2022-05-05T12:56:21Z</time>
      </trkpt>
      <trkpt lat="46.849057730287313" lon="5.688670193776488">
        <ele>257.29000000000002</ele>
        <time>2022-05-05T12:56:22Z</time>
      </trkpt>
      <trkpt lat="46.849116906523705" lon="5.688516050577164">
        <ele>256.98000000000002</ele>
        <time>2022-05-05T12:56:30Z</time>
      </trkpt>
      <trkpt lat="46.84918899089098" lon="5.688368529081345">
        <ele>256.81</ele>
        <time>2022-05-05T12:56:39Z</time>
      </trkpt>
      <trkpt lat="46.849263506010175" lon="5.688224108889699">
        <ele>256.51999999999998</ele>
        <time>2022-05-05T12:56:48Z</time>
      </trkpt>
      <trkpt lat="46.849320670589805" lon="5.688095530495048">
        <ele>256.22000000000003</ele>
        <time>2022-05-05T12:56:56Z</time>
      </trkpt>
      <trkpt lat="46.849410021677613" lon="5.687911547720432">
        <ele>255.74000000000001</ele>
        <time>2022-05-05T12:57:07Z</time>
      </trkpt>
      <trkpt lat="46.849493505433202" lon="5.687725134193897">
        <ele>255.38999999999999</ele>
        <time>2022-05-05T12:57:18Z</time>
      </trkpt>
      <trkpt lat="46.849567852914333" lon="5.687536373734474">
        <ele>255.06</ele>
        <time>2022-05-05T12:57:29Z</time>
      </trkpt>
      <trkpt lat="46.849621161818504" lon="5.687359934672713">
        <ele>254.83000000000001</ele>
        <time>2022-05-05T12:57:39Z</time>
      </trkpt>
      <trkpt lat="46.84968494810164" lon="5.687192631885409">
        <ele>254.66</ele>
        <time>2022-05-05T12:57:49Z</time>
      </trkpt>
      <trkpt lat="46.849716547876596" lon="5.68704703822732">
        <ele>254.75999999999999</ele>
        <time>2022-05-05T12:57:57Z</time>
      </trkpt>
      <trkpt lat="46.849787542596459" lon="5.686885854229331">
        <ele>254.5</ele>
        <time>2022-05-05T12:58:07Z</time>
      </trkpt>
      <trkpt lat="46.849854933097959" lon="5.686719557270408">
        <ele>254.47</ele>
        <time>2022-05-05T12:58:17Z</time>
      </trkpt>
      <trkpt lat="46.849903296679258" lon="5.686556696891785">
        <ele>254.37</ele>
        <time>2022-05-05T12:58:26Z</time>
      </trkpt>
      <trkpt lat="46.849969262257218" lon="5.686357542872429">
        <ele>254.31999999999999</ele>
        <time>2022-05-05T12:58:37Z</time>
      </trkpt>
      <trkpt lat="46.849986696615815" lon="5.686209769919515">
        <ele>254.22</ele>
        <time>2022-05-05T12:58:44Z</time>
      </trkpt>
      <trkpt lat="46.849983930587769" lon="5.686193089932203">
        <ele>254.19999999999999</ele>
        <time>2022-05-05T12:58:45Z</time>
      </trkpt>
      <trkpt lat="46.849984098225832" lon="5.686124945059419">
        <ele>254.13999999999999</ele>
        <time>2022-05-05T12:58:53Z</time>
      </trkpt>
      <trkpt lat="46.849962389096618" lon="5.686077671125531">
        <ele>254.22</ele>
        <time>2022-05-05T12:59:02Z</time>
      </trkpt>
      <trkpt lat="46.849963227286935" lon="5.686062332242727">
        <ele>254.22</ele>
        <time>2022-05-05T12:59:03Z</time>
      </trkpt>
      <trkpt lat="46.849962053820491" lon="5.686045065522194">
        <ele>254.21000000000001</ele>
        <time>2022-05-05T12:59:04Z</time>
      </trkpt>
      <trkpt lat="46.849960209801793" lon="5.686025703325868">
        <ele>254.19</ele>
        <time>2022-05-05T12:59:05Z</time>
      </trkpt>
      <trkpt lat="46.849960880354047" lon="5.686008855700493">
        <ele>254.16</ele>
        <time>2022-05-05T12:59:06Z</time>
      </trkpt>
      <trkpt lat="46.849965071305633" lon="5.685982955619693">
        <ele>254.12</ele>
        <time>2022-05-05T12:59:08Z</time>
      </trkpt>
      <trkpt lat="46.849967082962394" lon="5.685966443270445">
        <ele>254.09</ele>
        <time>2022-05-05T12:59:09Z</time>
      </trkpt>
      <trkpt lat="46.849972363561392" lon="5.685949930921197">
        <ele>254.06999999999999</ele>
        <time>2022-05-05T12:59:10Z</time>
      </trkpt>
      <trkpt lat="46.850038412958384" lon="5.685856640338898">
        <ele>253.91</ele>
        <time>2022-05-05T12:59:18Z</time>
      </trkpt>
      <trkpt lat="46.85008023865521" lon="5.685833338648081">
        <ele>253.34999999999999</ele>
        <time>2022-05-05T12:59:30Z</time>
      </trkpt>
      <trkpt lat="46.850090799853206" lon="5.685822106897831">
        <ele>253.31</ele>
        <time>2022-05-05T12:59:31Z</time>
      </trkpt>
      <trkpt lat="46.850100690498948" lon="5.685809534043074">
        <ele>253.28999999999999</ele>
        <time>2022-05-05T12:59:32Z</time>
      </trkpt>
      <trkpt lat="46.850191634148359" lon="5.685709957033396">
        <ele>253.18000000000001</ele>
        <time>2022-05-05T12:59:41Z</time>
      </trkpt>
      <trkpt lat="46.850230609998107" lon="5.685674166306853">
        <ele>253.21000000000001</ele>
        <time>2022-05-05T12:59:45Z</time>
      </trkpt>
      <trkpt lat="46.85024150647223" lon="5.685665030032396">
        <ele>253.22</ele>
        <time>2022-05-05T12:59:46Z</time>
      </trkpt>
      <trkpt lat="46.850273609161377" lon="5.685632340610027">
        <ele>253.21000000000001</ele>
        <time>2022-05-05T12:59:49Z</time>
      </trkpt>
      <trkpt lat="46.850285511463881" lon="5.685616414994001">
        <ele>253.19</ele>
        <time>2022-05-05T12:59:50Z</time>
      </trkpt>
      <trkpt lat="46.85038760304451" lon="5.685487166047096">
        <ele>253.08000000000001</ele>
        <time>2022-05-05T13:00:00Z</time>
      </trkpt>
      <trkpt lat="46.850483743473887" lon="5.685334531590343">
        <ele>252.97</ele>
        <time>2022-05-05T13:00:10Z</time>
      </trkpt>
      <trkpt lat="46.850546859204769" lon="5.685203187167645">
        <ele>252.69999999999999</ele>
        <time>2022-05-05T13:00:18Z</time>
      </trkpt>
      <trkpt lat="46.850586086511612" lon="5.685081565752626">
        <ele>252.59999999999999</ele>
        <time>2022-05-05T13:00:25Z</time>
      </trkpt>
      <trkpt lat="46.850617183372378" lon="5.684966566041112">
        <ele>252.61000000000001</ele>
        <time>2022-05-05T13:00:32Z</time>
      </trkpt>
      <trkpt lat="46.850654734298587" lon="5.684850811958313">
        <ele>252.43000000000001</ele>
        <time>2022-05-05T13:00:38Z</time>
      </trkpt>
      <trkpt lat="46.850663032382727" lon="5.684833209961653">
        <ele>252.43000000000001</ele>
        <time>2022-05-05T13:00:39Z</time>
      </trkpt>
      <trkpt lat="46.850670157000422" lon="5.684816278517246">
        <ele>252.43000000000001</ele>
        <time>2022-05-05T13:00:40Z</time>
      </trkpt>
      <trkpt lat="46.850677616894245" lon="5.684797083958983">
        <ele>252.41</ele>
        <time>2022-05-05T13:00:41Z</time>
      </trkpt>
      <trkpt lat="46.850683903321624" lon="5.684776632115245">
        <ele>252.41</ele>
        <time>2022-05-05T13:00:42Z</time>
      </trkpt>
      <trkpt lat="46.85069153085351" lon="5.684761628508568">
        <ele>252.37</ele>
        <time>2022-05-05T13:00:43Z</time>
      </trkpt>
      <trkpt lat="46.850699409842491" lon="5.684747966006398">
        <ele>252.34</ele>
        <time>2022-05-05T13:00:44Z</time>
      </trkpt>
      <trkpt lat="46.850706869736314" lon="5.684730364009738">
        <ele>252.31</ele>
        <time>2022-05-05T13:00:45Z</time>
      </trkpt>
      <trkpt lat="46.850713826715946" lon="5.684715025126934">
        <ele>252.28999999999999</ele>
        <time>2022-05-05T13:00:46Z</time>
      </trkpt>
      <trkpt lat="46.850720280781388" lon="5.684701194986701">
        <ele>252.28</ele>
        <time>2022-05-05T13:00:47Z</time>
      </trkpt>
      <trkpt lat="46.850727153941989" lon="5.684683509171009">
        <ele>252.27000000000001</ele>
        <time>2022-05-05T13:00:48Z</time>
      </trkpt>
      <trkpt lat="46.850735452026129" lon="5.684666996821761">
        <ele>252.27000000000001</ele>
        <time>2022-05-05T13:00:49Z</time>
      </trkpt>
      <trkpt lat="46.850743247196078" lon="5.684634055942297">
        <ele>252.30000000000001</ele>
        <time>2022-05-05T13:00:51Z</time>
      </trkpt>
      <trkpt lat="46.850748360157013" lon="5.684613855555654">
        <ele>252.31999999999999</ele>
        <time>2022-05-05T13:00:52Z</time>
      </trkpt>
      <trkpt lat="46.850752299651504" lon="5.684595499187708">
        <ele>252.31999999999999</ele>
        <time>2022-05-05T13:00:53Z</time>
      </trkpt>
      <trkpt lat="46.850757747888565" lon="5.684576136991382">
        <ele>252.33000000000001</ele>
        <time>2022-05-05T13:00:54Z</time>
      </trkpt>
      <trkpt lat="46.850761855021119" lon="5.684556188061833">
        <ele>252.34</ele>
        <time>2022-05-05T13:00:55Z</time>
      </trkpt>
      <trkpt lat="46.850766129791737" lon="5.684534395113587">
        <ele>252.34999999999999</ele>
        <time>2022-05-05T13:00:56Z</time>
      </trkpt>
      <trkpt lat="46.8507697340101" lon="5.684512266889215">
        <ele>252.34999999999999</ele>
        <time>2022-05-05T13:00:57Z</time>
      </trkpt>
      <trkpt lat="46.850773757323623" lon="5.684492317959666">
        <ele>252.34999999999999</ele>
        <time>2022-05-05T13:00:58Z</time>
      </trkpt>
      <trkpt lat="46.850800830870867" lon="5.684326607733965">
        <ele>252.47</ele>
        <time>2022-05-05T13:01:06Z</time>
      </trkpt>
      <trkpt lat="46.850826228037477" lon="5.684160059317946">
        <ele>252.31999999999999</ele>
        <time>2022-05-05T13:01:15Z</time>
      </trkpt>
      <trkpt lat="46.850843327119946" lon="5.684083951637149">
        <ele>252.5</ele>
        <time>2022-05-05T13:01:20Z</time>
      </trkpt>
      <trkpt lat="46.850845841690898" lon="5.684062745422125">
        <ele>252.50999999999999</ele>
        <time>2022-05-05T13:01:21Z</time>
      </trkpt>
      <trkpt lat="46.850832682102919" lon="5.683880187571049">
        <ele>252.18000000000001</ele>
        <time>2022-05-05T13:01:30Z</time>
      </trkpt>
      <trkpt lat="46.850789934396744" lon="5.683744652196765">
        <ele>251.77000000000001</ele>
        <time>2022-05-05T13:01:37Z</time>
      </trkpt>
      <trkpt lat="46.850758250802755" lon="5.683578858152032">
        <ele>251.49000000000001</ele>
        <time>2022-05-05T13:01:45Z</time>
      </trkpt>
      <trkpt lat="46.850754646584392" lon="5.683534853160381">
        <ele>251.53</ele>
        <time>2022-05-05T13:01:47Z</time>
      </trkpt>
      <trkpt lat="46.850753892213106" lon="5.683510210365057">
        <ele>251.56999999999999</ele>
        <time>2022-05-05T13:01:48Z</time>
      </trkpt>
      <trkpt lat="46.850752718746662" lon="5.683485567569733">
        <ele>251.63</ele>
        <time>2022-05-05T13:01:49Z</time>
      </trkpt>
      <trkpt lat="46.850748527795076" lon="5.68346000276506">
        <ele>251.68000000000001</ele>
        <time>2022-05-05T13:01:50Z</time>
      </trkpt>
      <trkpt lat="46.850743079558015" lon="5.683441730216146">
        <ele>251.75</ele>
        <time>2022-05-05T13:01:51Z</time>
      </trkpt>
      <trkpt lat="46.850706953555346" lon="5.683275517076254">
        <ele>252</ele>
        <time>2022-05-05T13:02:00Z</time>
      </trkpt>
      <trkpt lat="46.850704522803426" lon="5.683255651965737">
        <ele>252</ele>
        <time>2022-05-05T13:02:01Z</time>
      </trkpt>
      <trkpt lat="46.850698320195079" lon="5.683221621438861">
        <ele>252.02000000000001</ele>
        <time>2022-05-05T13:02:03Z</time>
      </trkpt>
      <trkpt lat="46.850681137293577" lon="5.683057587593794">
        <ele>251.91</ele>
        <time>2022-05-05T13:02:11Z</time>
      </trkpt>
      <trkpt lat="46.850648615509272" lon="5.682911491021514">
        <ele>251.86000000000001</ele>
        <time>2022-05-05T13:02:19Z</time>
      </trkpt>
      <trkpt lat="46.850633779540658" lon="5.682791126891971">
        <ele>251.75999999999999</ele>
        <time>2022-05-05T13:02:26Z</time>
      </trkpt>
      <trkpt lat="46.85063092969358" lon="5.682774782180786">
        <ele>251.77000000000001</ele>
        <time>2022-05-05T13:02:27Z</time>
      </trkpt>
      <trkpt lat="46.850629756227136" lon="5.682756509631872">
        <ele>251.75999999999999</ele>
        <time>2022-05-05T13:02:28Z</time>
      </trkpt>
      <trkpt lat="46.850630259141326" lon="5.682736393064261">
        <ele>251.74000000000001</ele>
        <time>2022-05-05T13:02:29Z</time>
      </trkpt>
      <trkpt lat="46.850629169493914" lon="5.682714181020856">
        <ele>251.72</ele>
        <time>2022-05-05T13:02:30Z</time>
      </trkpt>
      <trkpt lat="46.850624727085233" lon="5.682655088603497">
        <ele>251.59</ele>
        <time>2022-05-05T13:02:34Z</time>
      </trkpt>
      <trkpt lat="46.850622799247503" lon="5.682635474950075">
        <ele>251.56999999999999</ele>
        <time>2022-05-05T13:02:35Z</time>
      </trkpt>
      <trkpt lat="46.850606957450509" lon="5.682468339800835">
        <ele>251.40000000000001</ele>
        <time>2022-05-05T13:02:44Z</time>
      </trkpt>
      <trkpt lat="46.850604359060526" lon="5.682427771389484">
        <ele>251.30000000000001</ele>
        <time>2022-05-05T13:02:46Z</time>
      </trkpt>
      <trkpt lat="46.850581644102931" lon="5.682234987616539">
        <ele>250.83000000000001</ele>
        <time>2022-05-05T13:02:55Z</time>
      </trkpt>
      <trkpt lat="46.850559432059526" lon="5.682098530232906">
        <ele>250.78999999999999</ele>
        <time>2022-05-05T13:03:02Z</time>
      </trkpt>
      <trkpt lat="46.850555324926972" lon="5.682071624323726">
        <ele>250.78999999999999</ele>
        <time>2022-05-05T13:03:03Z</time>
      </trkpt>
      <trkpt lat="46.850549792870879" lon="5.682043544948101">
        <ele>250.78999999999999</ele>
        <time>2022-05-05T13:03:04Z</time>
      </trkpt>
      <trkpt lat="46.850544260814786" lon="5.682017393410206">
        <ele>250.78</ele>
        <time>2022-05-05T13:03:05Z</time>
      </trkpt>
      <trkpt lat="46.850540237501264" lon="5.681989816948772">
        <ele>250.77000000000001</ele>
        <time>2022-05-05T13:03:06Z</time>
      </trkpt>
      <trkpt lat="46.850539734587073" lon="5.681962072849274">
        <ele>250.75999999999999</ele>
        <time>2022-05-05T13:03:07Z</time>
      </trkpt>
      <trkpt lat="46.850537052378058" lon="5.681941034272313">
        <ele>250.74000000000001</ele>
        <time>2022-05-05T13:03:08Z</time>
      </trkpt>
      <trkpt lat="46.850535124540329" lon="5.681923432275653">
        <ele>250.72999999999999</ele>
        <time>2022-05-05T13:03:09Z</time>
      </trkpt>
      <trkpt lat="46.850535040721297" lon="5.68190909922123">
        <ele>250.72</ele>
        <time>2022-05-05T13:03:10Z</time>
      </trkpt>
      <trkpt lat="46.8505366332829" lon="5.681895352900028">
        <ele>250.71000000000001</ele>
        <time>2022-05-05T13:03:11Z</time>
      </trkpt>
      <trkpt lat="46.850581560283899" lon="5.681765181943774">
        <ele>250.74000000000001</ele>
        <time>2022-05-05T13:03:19Z</time>
      </trkpt>
      <trkpt lat="46.850631516426802" lon="5.681620258837938">
        <ele>250.59999999999999</ele>
        <time>2022-05-05T13:03:28Z</time>
      </trkpt>
      <trkpt lat="46.850669318810105" lon="5.681483717635274">
        <ele>250.47999999999999</ele>
        <time>2022-05-05T13:03:36Z</time>
      </trkpt>
      <trkpt lat="46.850679377093911" lon="5.681463768705726">
        <ele>250.47999999999999</ele>
        <time>2022-05-05T13:03:37Z</time>
      </trkpt>
      <trkpt lat="46.850691279396415" lon="5.681443735957146">
        <ele>250.46000000000001</ele>
        <time>2022-05-05T13:03:38Z</time>
      </trkpt>
      <trkpt lat="46.850699242204428" lon="5.681426133960486">
        <ele>250.43000000000001</ele>
        <time>2022-05-05T13:03:39Z</time>
      </trkpt>
      <trkpt lat="46.85070670209825" lon="5.681406185030937">
        <ele>250.38999999999999</ele>
        <time>2022-05-05T13:03:40Z</time>
      </trkpt>
      <trkpt lat="46.850747857242823" lon="5.681276684626937">
        <ele>250.18000000000001</ele>
        <time>2022-05-05T13:03:47Z</time>
      </trkpt>
      <trkpt lat="46.850778870284557" lon="5.681233685463667">
        <ele>250.11000000000001</ele>
        <time>2022-05-05T13:03:50Z</time>
      </trkpt>
      <trkpt lat="46.850781887769699" lon="5.681214574724436">
        <ele>250.08000000000001</ele>
        <time>2022-05-05T13:03:51Z</time>
      </trkpt>
      <trkpt lat="46.850821785628796" lon="5.68112974986434">
        <ele>249.86000000000001</ele>
        <time>2022-05-05T13:03:57Z</time>
      </trkpt>
      <trkpt lat="46.850876267999411" lon="5.681001506745815">
        <ele>249.74000000000001</ele>
        <time>2022-05-05T13:04:05Z</time>
      </trkpt>
      <trkpt lat="46.850928068161011" lon="5.680875359103084">
        <ele>249.84999999999999</ele>
        <time>2022-05-05T13:04:13Z</time>
      </trkpt>
      <trkpt lat="46.850937539711595" lon="5.680855074897409">
        <ele>249.81</ele>
        <time>2022-05-05T13:04:14Z</time>
      </trkpt>
      <trkpt lat="46.85100132599473" lon="5.680762706324458">
        <ele>249.56999999999999</ele>
        <time>2022-05-05T13:04:21Z</time>
      </trkpt>
      <trkpt lat="46.85101306065917" lon="5.680752815678716">
        <ele>249.56</ele>
        <time>2022-05-05T13:04:22Z</time>
      </trkpt>
      <trkpt lat="46.851020017638803" lon="5.680724652484059">
        <ele>249.53999999999999</ele>
        <time>2022-05-05T13:04:24Z</time>
      </trkpt>
      <trkpt lat="46.851026387885213" lon="5.680709648877382">
        <ele>249.53</ele>
        <time>2022-05-05T13:04:25Z</time>
      </trkpt>
      <trkpt lat="46.851033177226782" lon="5.680695651099086">
        <ele>249.52000000000001</ele>
        <time>2022-05-05T13:04:26Z</time>
      </trkpt>
      <trkpt lat="46.851037871092558" lon="5.680682323873043">
        <ele>249.47999999999999</ele>
        <time>2022-05-05T13:04:27Z</time>
      </trkpt>
      <trkpt lat="46.851041810587049" lon="5.680667571723461">
        <ele>249.43000000000001</ele>
        <time>2022-05-05T13:04:28Z</time>
      </trkpt>
      <trkpt lat="46.851047594100237" lon="5.680653657764196">
        <ele>249.40000000000001</ele>
        <time>2022-05-05T13:04:29Z</time>
      </trkpt>
      <trkpt lat="46.851053461432457" lon="5.68063915707171">
        <ele>249.36000000000001</ele>
        <time>2022-05-05T13:04:30Z</time>
      </trkpt>
      <trkpt lat="46.851058658212423" lon="5.680624656379223">
        <ele>249.31999999999999</ele>
        <time>2022-05-05T13:04:31Z</time>
      </trkpt>
      <trkpt lat="46.851062178611755" lon="5.680609066039324">
        <ele>249.28999999999999</ele>
        <time>2022-05-05T13:04:32Z</time>
      </trkpt>
      <trkpt lat="46.851065782830119" lon="5.680593391880393">
        <ele>249.27000000000001</ele>
        <time>2022-05-05T13:04:33Z</time>
      </trkpt>
      <trkpt lat="46.851069806143641" lon="5.680575706064701">
        <ele>249.25</ele>
        <time>2022-05-05T13:04:34Z</time>
      </trkpt>
      <trkpt lat="46.851104674860835" lon="5.680436482653022">
        <ele>249.09999999999999</ele>
        <time>2022-05-05T13:04:42Z</time>
      </trkpt>
      <trkpt lat="46.851131999865174" lon="5.680304551497102">
        <ele>248.84999999999999</ele>
        <time>2022-05-05T13:04:49Z</time>
      </trkpt>
      <trkpt lat="46.85116209089756" lon="5.680151078850031">
        <ele>248.69999999999999</ele>
        <time>2022-05-05T13:04:57Z</time>
      </trkpt>
      <trkpt lat="46.851185979321599" lon="5.680015459656715">
        <ele>248.61000000000001</ele>
        <time>2022-05-05T13:05:04Z</time>
      </trkpt>
      <trkpt lat="46.851224871352315" lon="5.679876655340195">
        <ele>248.58000000000001</ele>
        <time>2022-05-05T13:05:12Z</time>
      </trkpt>
      <trkpt lat="46.851251274347305" lon="5.679738353937864">
        <ele>248.38</ele>
        <time>2022-05-05T13:05:19Z</time>
      </trkpt>
      <trkpt lat="46.851257393136621" lon="5.679718824103475">
        <ele>248.34999999999999</ele>
        <time>2022-05-05T13:05:20Z</time>
      </trkpt>
      <trkpt lat="46.851261332631111" lon="5.679701054468751">
        <ele>248.31999999999999</ele>
        <time>2022-05-05T13:05:21Z</time>
      </trkpt>
      <trkpt lat="46.851263176649809" lon="5.679681776091456">
        <ele>248.30000000000001</ele>
        <time>2022-05-05T13:05:22Z</time>
      </trkpt>
      <trkpt lat="46.851265942677855" lon="5.679661324247718">
        <ele>248.28</ele>
        <time>2022-05-05T13:05:23Z</time>
      </trkpt>
      <trkpt lat="46.851270468905568" lon="5.679643135517836">
        <ele>248.27000000000001</ele>
        <time>2022-05-05T13:05:24Z</time>
      </trkpt>
      <trkpt lat="46.851276252418756" lon="5.679623438045383">
        <ele>248.25</ele>
        <time>2022-05-05T13:05:25Z</time>
      </trkpt>
      <trkpt lat="46.851280778646469" lon="5.679602483287454">
        <ele>248.25</ele>
        <time>2022-05-05T13:05:26Z</time>
      </trkpt>
      <trkpt lat="46.851289831101894" lon="5.679583204910159">
        <ele>248.24000000000001</ele>
        <time>2022-05-05T13:05:27Z</time>
      </trkpt>
      <trkpt lat="46.851295614615083" lon="5.679561831057072">
        <ele>248.22999999999999</ele>
        <time>2022-05-05T13:05:28Z</time>
      </trkpt>
      <trkpt lat="46.851300559937954" lon="5.67953928373754">
        <ele>248.19</ele>
        <time>2022-05-05T13:05:29Z</time>
      </trkpt>
      <trkpt lat="46.851332159712911" lon="5.679399641230702">
        <ele>247.97</ele>
        <time>2022-05-05T13:05:37Z</time>
      </trkpt>
      <trkpt lat="46.85136878862977" lon="5.679270224645734">
        <ele>248.03999999999999</ele>
        <time>2022-05-05T13:05:46Z</time>
      </trkpt>
      <trkpt lat="46.851390078663826" lon="5.679240887984633">
        <ele>248.06</ele>
        <time>2022-05-05T13:05:49Z</time>
      </trkpt>
      <trkpt lat="46.851398879662156" lon="5.679225213825703">
        <ele>248.05000000000001</ele>
        <time>2022-05-05T13:05:50Z</time>
      </trkpt>
      <trkpt lat="46.851470377296209" lon="5.679089594632387">
        <ele>248.19999999999999</ele>
        <time>2022-05-05T13:05:59Z</time>
      </trkpt>
      <trkpt lat="46.85155788436532" lon="5.678979037329555">
        <ele>248.22</ele>
        <time>2022-05-05T13:06:06Z</time>
      </trkpt>
      <trkpt lat="46.851595351472497" lon="5.678929584100843">
        <ele>248.09</ele>
        <time>2022-05-05T13:06:10Z</time>
      </trkpt>
      <trkpt lat="46.85161261819303" lon="5.678891865536571">
        <ele>248.03999999999999</ele>
        <time>2022-05-05T13:06:13Z</time>
      </trkpt>
      <trkpt lat="46.851622257381678" lon="5.678879376500845">
        <ele>248.03999999999999</ele>
        <time>2022-05-05T13:06:14Z</time>
      </trkpt>
      <trkpt lat="46.851630555465817" lon="5.678863115608692">
        <ele>248.03</ele>
        <time>2022-05-05T13:06:15Z</time>
      </trkpt>
      <trkpt lat="46.851640362292528" lon="5.678848698735237">
        <ele>248.02000000000001</ele>
        <time>2022-05-05T13:06:16Z</time>
      </trkpt>
      <trkpt lat="46.851650588214397" lon="5.678839730098844">
        <ele>248</ele>
        <time>2022-05-05T13:06:17Z</time>
      </trkpt>
      <trkpt lat="46.851668357849121" lon="5.678817853331566">
        <ele>247.94999999999999</ele>
        <time>2022-05-05T13:06:19Z</time>
      </trkpt>
      <trkpt lat="46.851677661761642" lon="5.678806118667126">
        <ele>247.91999999999999</ele>
        <time>2022-05-05T13:06:20Z</time>
      </trkpt>
      <trkpt lat="46.851769695058465" lon="5.678699249401689">
        <ele>247.81999999999999</ele>
        <time>2022-05-05T13:06:29Z</time>
      </trkpt>
      <trkpt lat="46.851831302046776" lon="5.678588440641761">
        <ele>247.81999999999999</ele>
        <time>2022-05-05T13:06:36Z</time>
      </trkpt>
      <trkpt lat="46.851916629821062" lon="5.678447289392352">
        <ele>247.93000000000001</ele>
        <time>2022-05-05T13:06:46Z</time>
      </trkpt>
      <trkpt lat="46.852011010050774" lon="5.678314100950956">
        <ele>248.16</ele>
        <time>2022-05-05T13:06:56Z</time>
      </trkpt>
      <trkpt lat="46.85207974165678" lon="5.678215865045786">
        <ele>247.97</ele>
        <time>2022-05-05T13:07:04Z</time>
      </trkpt>
      <trkpt lat="46.852162471041083" lon="5.67809734493494">
        <ele>248</ele>
        <time>2022-05-05T13:07:13Z</time>
      </trkpt>
      <trkpt lat="46.852204967290163" lon="5.678026434034109">
        <ele>248.13999999999999</ele>
        <time>2022-05-05T13:07:20Z</time>
      </trkpt>
      <trkpt lat="46.852188371121883" lon="5.67803087644279">
        <ele>248.40000000000001</ele>
        <time>2022-05-05T13:07:33Z</time>
      </trkpt>
      <trkpt lat="46.852204212918878" lon="5.678009754046798">
        <ele>248.66</ele>
        <time>2022-05-05T13:07:47Z</time>
      </trkpt>
      <trkpt lat="46.852212091907859" lon="5.677995169535279">
        <ele>248.63</ele>
        <time>2022-05-05T13:07:48Z</time>
      </trkpt>
      <trkpt lat="46.852222066372633" lon="5.677978908643127">
        <ele>248.61000000000001</ele>
        <time>2022-05-05T13:07:49Z</time>
      </trkpt>
      <trkpt lat="46.852312926203012" lon="5.677847731858492">
        <ele>248.38999999999999</ele>
        <time>2022-05-05T13:07:59Z</time>
      </trkpt>
      <trkpt lat="46.852396577596664" lon="5.677726194262505">
        <ele>248.5</ele>
        <time>2022-05-05T13:08:08Z</time>
      </trkpt>
      <trkpt lat="46.852464973926544" lon="5.677613290026784">
        <ele>248.41999999999999</ele>
        <time>2022-05-05T13:08:16Z</time>
      </trkpt>
      <trkpt lat="46.852575279772282" lon="5.677439952269197">
        <ele>248.06</ele>
        <time>2022-05-05T13:08:27Z</time>
      </trkpt>
      <trkpt lat="46.852650130167603" lon="5.677339285612106">
        <ele>248.03</ele>
        <time>2022-05-05T13:08:34Z</time>
      </trkpt>
      <trkpt lat="46.852726070210338" lon="5.677226884290576">
        <ele>247.91</ele>
        <time>2022-05-05T13:08:42Z</time>
      </trkpt>
      <trkpt lat="46.85280192643404" lon="5.677113644778729">
        <ele>247.87</ele>
        <time>2022-05-05T13:08:50Z</time>
      </trkpt>
      <trkpt lat="46.852890606969595" lon="5.676988167688251">
        <ele>247.44</ele>
        <time>2022-05-05T13:08:59Z</time>
      </trkpt>
      <trkpt lat="46.852899994701147" lon="5.676973247900605">
        <ele>247.44</ele>
        <time>2022-05-05T13:09:00Z</time>
      </trkpt>
      <trkpt lat="46.852984400466084" lon="5.676853470504284">
        <ele>247.37</ele>
        <time>2022-05-05T13:09:09Z</time>
      </trkpt>
      <trkpt lat="46.853028321638703" lon="5.676769567653537">
        <ele>247.12</ele>
        <time>2022-05-05T13:09:16Z</time>
      </trkpt>
      <trkpt lat="46.853097388520837" lon="5.676697231829166">
        <ele>247.02000000000001</ele>
        <time>2022-05-05T13:09:23Z</time>
      </trkpt>
      <trkpt lat="46.853171484544873" lon="5.676570329815149">
        <ele>247.08000000000001</ele>
        <time>2022-05-05T13:09:32Z</time>
      </trkpt>
      <trkpt lat="46.85321825556457" lon="5.676455330103636">
        <ele>246.94999999999999</ele>
        <time>2022-05-05T13:09:40Z</time>
      </trkpt>
      <trkpt lat="46.853227559477091" lon="5.676443763077259">
        <ele>246.97999999999999</ele>
        <time>2022-05-05T13:09:41Z</time>
      </trkpt>
      <trkpt lat="46.853263936936855" lon="5.676363212987781">
        <ele>247.13999999999999</ele>
        <time>2022-05-05T13:09:47Z</time>
      </trkpt>
      <trkpt lat="46.853275503963232" lon="5.676308982074261">
        <ele>247.19999999999999</ele>
        <time>2022-05-05T13:09:55Z</time>
      </trkpt>
      <trkpt lat="46.85326955281198" lon="5.676344772800803">
        <ele>247.16999999999999</ele>
        <time>2022-05-05T13:10:10Z</time>
      </trkpt>
      <trkpt lat="46.853248598054051" lon="5.676396321505308">
        <ele>247.21000000000001</ele>
        <time>2022-05-05T13:10:17Z</time>
      </trkpt>
      <trkpt lat="46.853228649124503" lon="5.676416186615825">
        <ele>247.16999999999999</ele>
        <time>2022-05-05T13:10:24Z</time>
      </trkpt>
      <trkpt lat="46.853235857561231" lon="5.676383664831519">
        <ele>247.12</ele>
        <time>2022-05-05T13:10:41Z</time>
      </trkpt>
      <trkpt lat="46.853259494528174" lon="5.67631870508194">
        <ele>247.27000000000001</ele>
        <time>2022-05-05T13:10:51Z</time>
      </trkpt>
      <trkpt lat="46.853292100131512" lon="5.676265396177769">
        <ele>247.58000000000001</ele>
        <time>2022-05-05T13:10:58Z</time>
      </trkpt>
      <trkpt lat="46.853296374902129" lon="5.676212171092629">
        <ele>247.59999999999999</ele>
        <time>2022-05-05T13:11:05Z</time>
      </trkpt>
      <trkpt lat="46.853326801210642" lon="5.676166992634535">
        <ele>247.78</ele>
        <time>2022-05-05T13:11:27Z</time>
      </trkpt>
      <trkpt lat="46.853356054052711" lon="5.676115276291966">
        <ele>247.84</ele>
        <time>2022-05-05T13:11:31Z</time>
      </trkpt>
      <trkpt lat="46.853365022689104" lon="5.676103876903653">
        <ele>247.86000000000001</ele>
        <time>2022-05-05T13:11:32Z</time>
      </trkpt>
      <trkpt lat="46.853375164791942" lon="5.676094321534038">
        <ele>247.86000000000001</ele>
        <time>2022-05-05T13:11:33Z</time>
      </trkpt>
      <trkpt lat="46.853467114269733" lon="5.676053166389465">
        <ele>248.02000000000001</ele>
        <time>2022-05-05T13:11:42Z</time>
      </trkpt>
      <trkpt lat="46.853479016572237" lon="5.676045790314674">
        <ele>248.03</ele>
        <time>2022-05-05T13:11:51Z</time>
      </trkpt>
      <trkpt lat="46.853476921096444" lon="5.676027433946729">
        <ele>248.12</ele>
        <time>2022-05-05T13:12:12Z</time>
      </trkpt>
      <trkpt lat="46.853488152846694" lon="5.6760289426893">
        <ele>248.15000000000001</ele>
        <time>2022-05-05T13:12:13Z</time>
      </trkpt>
      <trkpt lat="46.853501396253705" lon="5.676031960174441">
        <ele>248.15000000000001</ele>
        <time>2022-05-05T13:12:14Z</time>
      </trkpt>
      <trkpt lat="46.853587394580245" lon="5.676050819456577">
        <ele>248.25999999999999</ele>
        <time>2022-05-05T13:12:22Z</time>
      </trkpt>
      <trkpt lat="46.853677416220307" lon="5.676076803356409">
        <ele>247.69999999999999</ele>
        <time>2022-05-05T13:12:28Z</time>
      </trkpt>
      <trkpt lat="46.853768611326814" lon="5.676078479737043">
        <ele>247.03999999999999</ele>
        <time>2022-05-05T13:12:35Z</time>
      </trkpt>
      <trkpt lat="46.853812783956528" lon="5.676099937409163">
        <ele>246.78999999999999</ele>
        <time>2022-05-05T13:12:42Z</time>
      </trkpt>
      <trkpt lat="46.853906074538827" lon="5.676120473071933">
        <ele>246.47999999999999</ele>
        <time>2022-05-05T13:12:50Z</time>
      </trkpt>
      <trkpt lat="46.854011099785566" lon="5.676131788641214">
        <ele>246.43000000000001</ele>
        <time>2022-05-05T13:12:59Z</time>
      </trkpt>
      <trkpt lat="46.854099193587899" lon="5.676086358726025">
        <ele>246.22999999999999</ele>
        <time>2022-05-05T13:13:08Z</time>
      </trkpt>
      <trkpt lat="46.854138756170869" lon="5.676028607413173">
        <ele>246.28999999999999</ele>
        <time>2022-05-05T13:13:13Z</time>
      </trkpt>
      <trkpt lat="46.854211175814271" lon="5.675884187221527">
        <ele>246.33000000000001</ele>
        <time>2022-05-05T13:13:23Z</time>
      </trkpt>
      <trkpt lat="46.854300443083048" lon="5.675831381231546">
        <ele>246.33000000000001</ele>
        <time>2022-05-05T13:13:31Z</time>
      </trkpt>
      <trkpt lat="46.854297509416938" lon="5.675807492807508">
        <ele>246.68000000000001</ele>
        <time>2022-05-05T13:13:42Z</time>
      </trkpt>
      <trkpt lat="46.854320727288723" lon="5.675796261057258">
        <ele>246.53</ele>
        <time>2022-05-05T13:13:52Z</time>
      </trkpt>
      <trkpt lat="46.854348219931126" lon="5.675810342654586">
        <ele>246.74000000000001</ele>
        <time>2022-05-05T13:14:05Z</time>
      </trkpt>
      <trkpt lat="46.854357356205583" lon="5.675816126167774">
        <ele>246.75999999999999</ele>
        <time>2022-05-05T13:14:06Z</time>
      </trkpt>
      <trkpt lat="46.854368420317769" lon="5.675821322947741">
        <ele>246.69999999999999</ele>
        <time>2022-05-05T13:14:07Z</time>
      </trkpt>
      <trkpt lat="46.854442935436964" lon="5.675867088139057">
        <ele>246.28999999999999</ele>
        <time>2022-05-05T13:14:14Z</time>
      </trkpt>
      <trkpt lat="46.854454837739468" lon="5.675872704014182">
        <ele>246.22999999999999</ele>
        <time>2022-05-05T13:14:15Z</time>
      </trkpt>
      <trkpt lat="46.854466991499066" lon="5.675878152251244">
        <ele>246.16999999999999</ele>
        <time>2022-05-05T13:14:16Z</time>
      </trkpt>
      <trkpt lat="46.854481156915426" lon="5.675882762297988">
        <ele>246.11000000000001</ele>
        <time>2022-05-05T13:14:17Z</time>
      </trkpt>
      <trkpt lat="46.85449406504631" lon="5.675889384001494">
        <ele>246.05000000000001</ele>
        <time>2022-05-05T13:14:18Z</time>
      </trkpt>
      <trkpt lat="46.854504374787211" lon="5.675894329324365">
        <ele>245.97999999999999</ele>
        <time>2022-05-05T13:14:19Z</time>
      </trkpt>
      <trkpt lat="46.854516193270683" lon="5.675898101180792">
        <ele>245.90000000000001</ele>
        <time>2022-05-05T13:14:20Z</time>
      </trkpt>
      <trkpt lat="46.854611160233617" lon="5.675919642671943">
        <ele>245.47</ele>
        <time>2022-05-05T13:14:27Z</time>
      </trkpt>
      <trkpt lat="46.854706462472677" lon="5.675968257710338">
        <ele>245.25999999999999</ele>
        <time>2022-05-05T13:14:34Z</time>
      </trkpt>
      <trkpt lat="46.854719119146466" lon="5.675979405641556">
        <ele>245.24000000000001</ele>
        <time>2022-05-05T13:14:35Z</time>
      </trkpt>
      <trkpt lat="46.854765051975846" lon="5.676068337634206">
        <ele>245.22</ele>
        <time>2022-05-05T13:14:41Z</time>
      </trkpt>
      <trkpt lat="46.854765554890037" lon="5.676093734800816">
        <ele>245.25999999999999</ele>
        <time>2022-05-05T13:14:42Z</time>
      </trkpt>
      <trkpt lat="46.854765471071005" lon="5.676116533577442">
        <ele>245.30000000000001</ele>
        <time>2022-05-05T13:14:43Z</time>
      </trkpt>
      <trkpt lat="46.854764968156815" lon="5.676137153059244">
        <ele>245.31999999999999</ele>
        <time>2022-05-05T13:14:44Z</time>
      </trkpt>
      <trkpt lat="46.854742504656315" lon="5.676276125013828">
        <ele>245.33000000000001</ele>
        <time>2022-05-05T13:14:50Z</time>
      </trkpt>
      <trkpt lat="46.854738648980856" lon="5.676293643191457">
        <ele>245.31999999999999</ele>
        <time>2022-05-05T13:14:51Z</time>
      </trkpt>
      <trkpt lat="46.854735212400556" lon="5.676311748102307">
        <ele>245.31</ele>
        <time>2022-05-05T13:14:52Z</time>
      </trkpt>
      <trkpt lat="46.854730015620589" lon="5.676373606547713">
        <ele>245.22999999999999</ele>
        <time>2022-05-05T13:14:55Z</time>
      </trkpt>
      <trkpt lat="46.85469338670373" lon="5.676514757797122">
        <ele>245.28</ele>
        <time>2022-05-05T13:15:03Z</time>
      </trkpt>
      <trkpt lat="46.854691710323095" lon="5.676532862707973">
        <ele>245.30000000000001</ele>
        <time>2022-05-05T13:15:04Z</time>
      </trkpt>
      <trkpt lat="46.854692716151476" lon="5.676552643999457">
        <ele>245.33000000000001</ele>
        <time>2022-05-05T13:15:05Z</time>
      </trkpt>
      <trkpt lat="46.854695985093713" lon="5.676571251824498">
        <ele>245.34</ele>
        <time>2022-05-05T13:15:06Z</time>
      </trkpt>
      <trkpt lat="46.854702271521091" lon="5.676588770002127">
        <ele>245.34999999999999</ele>
        <time>2022-05-05T13:15:07Z</time>
      </trkpt>
      <trkpt lat="46.85471149161458" lon="5.676607629284263">
        <ele>245.34999999999999</ele>
        <time>2022-05-05T13:15:08Z</time>
      </trkpt>
      <trkpt lat="46.854802519083023" lon="5.676665715873241">
        <ele>245.31999999999999</ele>
        <time>2022-05-05T13:15:15Z</time>
      </trkpt>
      <trkpt lat="46.854924978688359" lon="5.676676612347364">
        <ele>245</ele>
        <time>2022-05-05T13:15:24Z</time>
      </trkpt>
      <trkpt lat="46.855063196271658" lon="5.676689352840185">
        <ele>244.99000000000001</ele>
        <time>2022-05-05T13:15:34Z</time>
      </trkpt>
      <trkpt lat="46.855174172669649" lon="5.676677618175745">
        <ele>244.94</ele>
        <time>2022-05-05T13:15:42Z</time>
      </trkpt>
      <trkpt lat="46.855280706658959" lon="5.676674516871572">
        <ele>244.80000000000001</ele>
        <time>2022-05-05T13:15:50Z</time>
      </trkpt>
      <trkpt lat="46.855407524853945" lon="5.676675857976079">
        <ele>244.68000000000001</ele>
        <time>2022-05-05T13:15:59Z</time>
      </trkpt>
      <trkpt lat="46.855492936447263" lon="5.676691196858883">
        <ele>244.38999999999999</ele>
        <time>2022-05-05T13:16:05Z</time>
      </trkpt>
      <trkpt lat="46.85562813654542" lon="5.676680551841855">
        <ele>244.27000000000001</ele>
        <time>2022-05-05T13:16:14Z</time>
      </trkpt>
      <trkpt lat="46.855795355513692" lon="5.676672253757715">
        <ele>244.09999999999999</ele>
        <time>2022-05-05T13:16:25Z</time>
      </trkpt>
      <trkpt lat="46.85589199885726" lon="5.676680887117982">
        <ele>244.11000000000001</ele>
        <time>2022-05-05T13:16:32Z</time>
      </trkpt>
      <trkpt lat="46.856002304702997" lon="5.676661692559719">
        <ele>243.88999999999999</ele>
        <time>2022-05-05T13:16:40Z</time>
      </trkpt>
      <trkpt lat="46.856136750429869" lon="5.676653813570738">
        <ele>243.81999999999999</ele>
        <time>2022-05-05T13:16:50Z</time>
      </trkpt>
      <trkpt lat="46.85629122890532" lon="5.676675857976079">
        <ele>243.83000000000001</ele>
        <time>2022-05-05T13:17:01Z</time>
      </trkpt>
      <trkpt lat="46.856412850320339" lon="5.6767697352916">
        <ele>243.72999999999999</ele>
        <time>2022-05-05T13:17:10Z</time>
      </trkpt>
      <trkpt lat="46.856435481458902" lon="5.676776021718979">
        <ele>243.53999999999999</ele>
        <time>2022-05-05T13:17:17Z</time>
      </trkpt>
      <trkpt lat="46.856456100940704" lon="5.676794378086925">
        <ele>243.40000000000001</ele>
        <time>2022-05-05T13:17:21Z</time>
      </trkpt>
      <trkpt lat="46.856465907767415" lon="5.67680686712265">
        <ele>243.37</ele>
        <time>2022-05-05T13:17:22Z</time>
      </trkpt>
      <trkpt lat="46.856479570269585" lon="5.676824133843184">
        <ele>243.28999999999999</ele>
        <time>2022-05-05T13:17:23Z</time>
      </trkpt>
      <trkpt lat="46.856495328247547" lon="5.676843915134668">
        <ele>243.25</ele>
        <time>2022-05-05T13:17:24Z</time>
      </trkpt>
      <trkpt lat="46.856510248035192" lon="5.676862858235836">
        <ele>243.25</ele>
        <time>2022-05-05T13:17:25Z</time>
      </trkpt>
      <trkpt lat="46.856636395677924" lon="5.677013313397765">
        <ele>243.68000000000001</ele>
        <time>2022-05-05T13:17:35Z</time>
      </trkpt>
      <trkpt lat="46.856715772300959" lon="5.677075758576393">
        <ele>243.65000000000001</ele>
        <time>2022-05-05T13:17:42Z</time>
      </trkpt>
      <trkpt lat="46.856843344867229" lon="5.677210371941328">
        <ele>243.61000000000001</ele>
        <time>2022-05-05T13:17:50Z</time>
      </trkpt>
      <trkpt lat="46.856916099786758" lon="5.677237194031477">
        <ele>243.53</ele>
        <time>2022-05-05T13:17:56Z</time>
      </trkpt>
      <trkpt lat="46.857040235772729" lon="5.677310032770038">
        <ele>243.56999999999999</ele>
        <time>2022-05-05T13:18:05Z</time>
      </trkpt>
      <trkpt lat="46.857028752565384" lon="5.677296202629805">
        <ele>243.59</ele>
        <time>2022-05-05T13:18:06Z</time>
      </trkpt>
      <trkpt lat="46.857028501108289" lon="5.677296286448836">
        <ele>243.65000000000001</ele>
        <time>2022-05-05T13:18:07Z</time>
      </trkpt>
      <trkpt lat="46.857033194974065" lon="5.677297627553344">
        <ele>243.66999999999999</ele>
        <time>2022-05-05T13:18:08Z</time>
      </trkpt>
      <trkpt lat="46.857039397582412" lon="5.677303159609437">
        <ele>243.68000000000001</ele>
        <time>2022-05-05T13:18:09Z</time>
      </trkpt>
      <trkpt lat="46.857104944065213" lon="5.677379267290235">
        <ele>243.78999999999999</ele>
        <time>2022-05-05T13:18:16Z</time>
      </trkpt>
      <trkpt lat="46.857167221605778" lon="5.677448501810432">
        <ele>243.71000000000001</ele>
        <time>2022-05-05T13:18:22Z</time>
      </trkpt>
      <trkpt lat="46.85718054883182" lon="5.677461242303252">
        <ele>243.68000000000001</ele>
        <time>2022-05-05T13:18:23Z</time>
      </trkpt>
      <trkpt lat="46.857279622927308" lon="5.677556795999408">
        <ele>243.55000000000001</ele>
        <time>2022-05-05T13:18:31Z</time>
      </trkpt>
      <trkpt lat="46.857376601547003" lon="5.677582360804081">
        <ele>243.56999999999999</ele>
        <time>2022-05-05T13:18:38Z</time>
      </trkpt>
      <trkpt lat="46.85750157572329" lon="5.677567860111594">
        <ele>243.56999999999999</ele>
        <time>2022-05-05T13:18:47Z</time>
      </trkpt>
      <trkpt lat="46.857621353119612" lon="5.677530309185386">
        <ele>243.68000000000001</ele>
        <time>2022-05-05T13:18:56Z</time>
      </trkpt>
      <trkpt lat="46.857727384194732" lon="5.677539026364684">
        <ele>243.53999999999999</ele>
        <time>2022-05-05T13:19:03Z</time>
      </trkpt>
      <trkpt lat="46.857815561816096" lon="5.677579678595066">
        <ele>243.56</ele>
        <time>2022-05-05T13:19:11Z</time>
      </trkpt>
      <trkpt lat="46.85791882686317" lon="5.677642459049821">
        <ele>243.86000000000001</ele>
        <time>2022-05-05T13:19:19Z</time>
      </trkpt>
      <trkpt lat="46.857997868210077" lon="5.677732061594725">
        <ele>243.81999999999999</ele>
        <time>2022-05-05T13:19:26Z</time>
      </trkpt>
      <trkpt lat="46.85802242718637" lon="5.677785119041801">
        <ele>243.74000000000001</ele>
        <time>2022-05-05T13:19:30Z</time>
      </trkpt>
      <trkpt lat="46.858026031404734" lon="5.677803223952651">
        <ele>243.72999999999999</ele>
        <time>2022-05-05T13:19:31Z</time>
      </trkpt>
      <trkpt lat="46.858041454106569" lon="5.677856365218759">
        <ele>243.74000000000001</ele>
        <time>2022-05-05T13:19:34Z</time>
      </trkpt>
      <trkpt lat="46.858052769675851" lon="5.677873631939292">
        <ele>243.72999999999999</ele>
        <time>2022-05-05T13:19:35Z</time>
      </trkpt>
      <trkpt lat="46.858059726655483" lon="5.677896263077855">
        <ele>243.74000000000001</ele>
        <time>2022-05-05T13:19:36Z</time>
      </trkpt>
      <trkpt lat="46.858063917607069" lon="5.677919648587704">
        <ele>243.72999999999999</ele>
        <time>2022-05-05T13:19:37Z</time>
      </trkpt>
      <trkpt lat="46.858068024739623" lon="5.677944459021092">
        <ele>243.72999999999999</ele>
        <time>2022-05-05T13:19:38Z</time>
      </trkpt>
      <trkpt lat="46.85807129368186" lon="5.677966000512242">
        <ele>243.72</ele>
        <time>2022-05-05T13:19:39Z</time>
      </trkpt>
      <trkpt lat="46.858072634786367" lon="5.677988799288869">
        <ele>243.69999999999999</ele>
        <time>2022-05-05T13:19:40Z</time>
      </trkpt>
      <trkpt lat="46.858115885406733" lon="5.67820630967617">
        <ele>243.58000000000001</ele>
        <time>2022-05-05T13:19:51Z</time>
      </trkpt>
      <trkpt lat="46.858167853206396" lon="5.678362464532256">
        <ele>243.66999999999999</ele>
        <time>2022-05-05T13:20:00Z</time>
      </trkpt>
      <trkpt lat="46.858241194859147" lon="5.67850143648684">
        <ele>243.53999999999999</ele>
        <time>2022-05-05T13:20:09Z</time>
      </trkpt>
      <trkpt lat="46.858316967263818" lon="5.678622806444764">
        <ele>243.69999999999999</ele>
        <time>2022-05-05T13:20:17Z</time>
      </trkpt>
      <trkpt lat="46.858382765203714" lon="5.678726155310869">
        <ele>243.69</ele>
        <time>2022-05-05T13:20:24Z</time>
      </trkpt>
      <trkpt lat="46.858386704698205" lon="5.678739063441753">
        <ele>243.71000000000001</ele>
        <time>2022-05-05T13:20:25Z</time>
      </trkpt>
      <trkpt lat="46.858392152935266" lon="5.678754150867462">
        <ele>243.74000000000001</ele>
        <time>2022-05-05T13:20:26Z</time>
      </trkpt>
      <trkpt lat="46.858401540666819" lon="5.678768819198012">
        <ele>243.78</ele>
        <time>2022-05-05T13:20:27Z</time>
      </trkpt>
      <trkpt lat="46.858413275331259" lon="5.678783738985658">
        <ele>243.78999999999999</ele>
        <time>2022-05-05T13:20:28Z</time>
      </trkpt>
      <trkpt lat="46.85842459090054" lon="5.678799077868462">
        <ele>243.81</ele>
        <time>2022-05-05T13:20:29Z</time>
      </trkpt>
      <trkpt lat="46.858485694974661" lon="5.678911143913865">
        <ele>244.06</ele>
        <time>2022-05-05T13:20:37Z</time>
      </trkpt>
      <trkpt lat="46.858543278649449" lon="5.679039303213358">
        <ele>244.25</ele>
        <time>2022-05-05T13:20:45Z</time>
      </trkpt>
      <trkpt lat="46.858550403267145" lon="5.67905648611486">
        <ele>244.28</ele>
        <time>2022-05-05T13:20:46Z</time>
      </trkpt>
      <trkpt lat="46.858559958636761" lon="5.67907115444541">
        <ele>244.28999999999999</ele>
        <time>2022-05-05T13:20:47Z</time>
      </trkpt>
      <trkpt lat="46.858621397987008" lon="5.679219933226705">
        <ele>244.63999999999999</ele>
        <time>2022-05-05T13:20:56Z</time>
      </trkpt>
      <trkpt lat="46.858665235340595" lon="5.679354127496481">
        <ele>244.75</ele>
        <time>2022-05-05T13:21:03Z</time>
      </trkpt>
      <trkpt lat="46.858735475689173" lon="5.679512461647391">
        <ele>244.99000000000001</ele>
        <time>2022-05-05T13:21:12Z</time>
      </trkpt>
      <trkpt lat="46.858804542571306" lon="5.679681105539203">
        <ele>245.03</ele>
        <time>2022-05-05T13:21:21Z</time>
      </trkpt>
      <trkpt lat="46.858859192579985" lon="5.679789064452052">
        <ele>244.94</ele>
        <time>2022-05-05T13:21:28Z</time>
      </trkpt>
      <trkpt lat="46.858923733234406" lon="5.679906746372581">
        <ele>244.78</ele>
        <time>2022-05-05T13:21:36Z</time>
      </trkpt>
      <trkpt lat="46.85900017619133" lon="5.680046388879418">
        <ele>244.80000000000001</ele>
        <time>2022-05-05T13:21:45Z</time>
      </trkpt>
      <trkpt lat="46.859079217538238" lon="5.680210758000612">
        <ele>244.90000000000001</ele>
        <time>2022-05-05T13:21:55Z</time>
      </trkpt>
      <trkpt lat="46.859138645231724" lon="5.680321734398603">
        <ele>244.80000000000001</ele>
        <time>2022-05-05T13:22:02Z</time>
      </trkpt>
      <trkpt lat="46.859210142865777" lon="5.680454168468714">
        <ele>244.99000000000001</ele>
        <time>2022-05-05T13:22:11Z</time>
      </trkpt>
      <trkpt lat="46.859278120100498" lon="5.680535472929478">
        <ele>244.88999999999999</ele>
        <time>2022-05-05T13:22:18Z</time>
      </trkpt>
      <trkpt lat="46.859368728473783" lon="5.680613508448005">
        <ele>245.09999999999999</ele>
        <time>2022-05-05T13:22:26Z</time>
      </trkpt>
      <trkpt lat="46.859476016834378" lon="5.680667487904429">
        <ele>244.80000000000001</ele>
        <time>2022-05-05T13:22:35Z</time>
      </trkpt>
      <trkpt lat="46.859597051516175" lon="5.680694226175547">
        <ele>244.97999999999999</ele>
        <time>2022-05-05T13:22:44Z</time>
      </trkpt>
      <trkpt lat="46.859671482816339" lon="5.680701853707433">
        <ele>245.25</ele>
        <time>2022-05-05T13:22:50Z</time>
      </trkpt>
      <trkpt lat="46.859683720394969" lon="5.680700596421957">
        <ele>245.34999999999999</ele>
        <time>2022-05-05T13:22:51Z</time>
      </trkpt>
      <trkpt lat="46.859697382897139" lon="5.680700512602925">
        <ele>245.44</ele>
        <time>2022-05-05T13:22:52Z</time>
      </trkpt>
      <trkpt lat="46.859710710123181" lon="5.680702775716782">
        <ele>245.5</ele>
        <time>2022-05-05T13:22:53Z</time>
      </trkpt>
      <trkpt lat="46.859724121168256" lon="5.680706296116114">
        <ele>245.56</ele>
        <time>2022-05-05T13:22:54Z</time>
      </trkpt>
      <trkpt lat="46.859738202765584" lon="5.680712750181556">
        <ele>245.61000000000001</ele>
        <time>2022-05-05T13:22:55Z</time>
      </trkpt>
      <trkpt lat="46.859751613810658" lon="5.680718533694744">
        <ele>245.63999999999999</ele>
        <time>2022-05-05T13:22:56Z</time>
      </trkpt>
      <trkpt lat="46.859785225242376" lon="5.680743092671037">
        <ele>245.69999999999999</ele>
        <time>2022-05-05T13:22:59Z</time>
      </trkpt>
      <trkpt lat="46.859794361516833" lon="5.680749546736479">
        <ele>245.72</ele>
        <time>2022-05-05T13:23:00Z</time>
      </trkpt>
      <trkpt lat="46.85980542562902" lon="5.680757844820619">
        <ele>245.74000000000001</ele>
        <time>2022-05-05T13:23:01Z</time>
      </trkpt>
      <trkpt lat="46.859818249940872" lon="5.680766059085727">
        <ele>245.77000000000001</ele>
        <time>2022-05-05T13:23:02Z</time>
      </trkpt>
      <trkpt lat="46.859831409528852" lon="5.680773183703423">
        <ele>245.81</ele>
        <time>2022-05-05T13:23:03Z</time>
      </trkpt>
      <trkpt lat="46.859844652935863" lon="5.680779302492738">
        <ele>245.88</ele>
        <time>2022-05-05T13:23:04Z</time>
      </trkpt>
      <trkpt lat="46.859946995973587" lon="5.680839903652668">
        <ele>246.88999999999999</ele>
        <time>2022-05-05T13:23:12Z</time>
      </trkpt>
      <trkpt lat="46.860017906874418" lon="5.68091182038188">
        <ele>247.55000000000001</ele>
        <time>2022-05-05T13:23:18Z</time>
      </trkpt>
      <trkpt lat="46.86004439368844" lon="5.680963285267353">
        <ele>247.72</ele>
        <time>2022-05-05T13:23:21Z</time>
      </trkpt>
      <trkpt lat="46.860050680115819" lon="5.680979965254664">
        <ele>247.77000000000001</ele>
        <time>2022-05-05T13:23:22Z</time>
      </trkpt>
      <trkpt lat="46.860060067847371" lon="5.680994717404246">
        <ele>247.83000000000001</ele>
        <time>2022-05-05T13:23:23Z</time>
      </trkpt>
      <trkpt lat="46.860070964321494" lon="5.681006703525782">
        <ele>247.88</ele>
        <time>2022-05-05T13:23:24Z</time>
      </trkpt>
      <trkpt lat="46.860115975141525" lon="5.681081973016262">
        <ele>248.22999999999999</ele>
        <time>2022-05-05T13:23:30Z</time>
      </trkpt>
      <trkpt lat="46.860126284882426" lon="5.681189512833953">
        <ele>249.12</ele>
        <time>2022-05-05T13:23:37Z</time>
      </trkpt>
      <trkpt lat="46.860073814168572" lon="5.68121382035315">
        <ele>249.56999999999999</ele>
        <time>2022-05-05T13:23:43Z</time>
      </trkpt>
      <trkpt lat="46.859992844983935" lon="5.681253718212247">
        <ele>250.38999999999999</ele>
        <time>2022-05-05T13:23:51Z</time>
      </trkpt>
      <trkpt lat="46.859948923811316" lon="5.681271236389875">
        <ele>251.40000000000001</ele>
        <time>2022-05-05T13:23:56Z</time>
      </trkpt>
      <trkpt lat="46.859907349571586" lon="5.681305769830942">
        <ele>252.44999999999999</ele>
        <time>2022-05-05T13:24:01Z</time>
      </trkpt>
      <trkpt lat="46.859898967668414" lon="5.681315828114748">
        <ele>252.44999999999999</ele>
        <time>2022-05-05T13:24:02Z</time>
      </trkpt>
      <trkpt lat="46.859890669584274" lon="5.681326305493712">
        <ele>252.75999999999999</ele>
        <time>2022-05-05T13:24:03Z</time>
      </trkpt>
      <trkpt lat="46.859869882464409" lon="5.681359330192208">
        <ele>253.09999999999999</ele>
        <time>2022-05-05T13:24:06Z</time>
      </trkpt>
      <trkpt lat="46.859865188598633" lon="5.681376093998551">
        <ele>253.22</ele>
        <time>2022-05-05T13:24:07Z</time>
      </trkpt>
      <trkpt lat="46.859858063980937" lon="5.681391013786197">
        <ele>253.34</ele>
        <time>2022-05-05T13:24:08Z</time>
      </trkpt>
      <trkpt lat="46.859850604087114" lon="5.681403838098049">
        <ele>253.49000000000001</ele>
        <time>2022-05-05T13:24:09Z</time>
      </trkpt>
      <trkpt lat="46.859839707612991" lon="5.681412722915411">
        <ele>253.71000000000001</ele>
        <time>2022-05-05T13:24:10Z</time>
      </trkpt>
      <trkpt lat="46.859831996262074" lon="5.681423535570502">
        <ele>253.93000000000001</ele>
        <time>2022-05-05T13:24:11Z</time>
      </trkpt>
      <trkpt lat="46.859823362901807" lon="5.681434599682689">
        <ele>254.11000000000001</ele>
        <time>2022-05-05T13:24:12Z</time>
      </trkpt>
      <trkpt lat="46.859814058989286" lon="5.681445077061653">
        <ele>254.25</ele>
        <time>2022-05-05T13:24:13Z</time>
      </trkpt>
      <trkpt lat="46.859809700399637" lon="5.681459242478013">
        <ele>254.36000000000001</ele>
        <time>2022-05-05T13:24:14Z</time>
      </trkpt>
      <trkpt lat="46.859804503619671" lon="5.681474078446627">
        <ele>254.44999999999999</ele>
        <time>2022-05-05T13:24:15Z</time>
      </trkpt>
      <trkpt lat="46.859796708449721" lon="5.68148891441524">
        <ele>254.52000000000001</ele>
        <time>2022-05-05T13:24:16Z</time>
      </trkpt>
      <trkpt lat="46.859735352918506" lon="5.681558568030596">
        <ele>254.38</ele>
        <time>2022-05-05T13:24:22Z</time>
      </trkpt>
      <trkpt lat="46.85972479172051" lon="5.681564183905721">
        <ele>254.34</ele>
        <time>2022-05-05T13:24:23Z</time>
      </trkpt>
      <trkpt lat="46.859715990722179" lon="5.681573403999209">
        <ele>254.34999999999999</ele>
        <time>2022-05-05T13:24:24Z</time>
      </trkpt>
      <trkpt lat="46.859708111733198" lon="5.681588910520077">
        <ele>254.31999999999999</ele>
        <time>2022-05-05T13:24:25Z</time>
      </trkpt>
      <trkpt lat="46.859698891639709" lon="5.681603075936437">
        <ele>254.28999999999999</ele>
        <time>2022-05-05T13:24:26Z</time>
      </trkpt>
      <trkpt lat="46.859689084812999" lon="5.681614307686687">
        <ele>254.28</ele>
        <time>2022-05-05T13:24:27Z</time>
      </trkpt>
      <trkpt lat="46.859678523615003" lon="5.681625371798873">
        <ele>254.28</ele>
        <time>2022-05-05T13:24:28Z</time>
      </trkpt>
      <trkpt lat="46.859668800607324" lon="5.681637860834599">
        <ele>254.30000000000001</ele>
        <time>2022-05-05T13:24:29Z</time>
      </trkpt>
      <trkpt lat="46.859661173075438" lon="5.681648254394531">
        <ele>254.31999999999999</ele>
        <time>2022-05-05T13:24:30Z</time>
      </trkpt>
      <trkpt lat="46.859652455896139" lon="5.681656301021576">
        <ele>254.30000000000001</ele>
        <time>2022-05-05T13:24:31Z</time>
      </trkpt>
      <trkpt lat="46.859610378742218" lon="5.681700725108385">
        <ele>254.12</ele>
        <time>2022-05-05T13:24:35Z</time>
      </trkpt>
      <trkpt lat="46.859599566087127" lon="5.681709693744779">
        <ele>254.03999999999999</ele>
        <time>2022-05-05T13:24:36Z</time>
      </trkpt>
      <trkpt lat="46.859541144222021" lon="5.681831398978829">
        <ele>253.59</ele>
        <time>2022-05-05T13:24:44Z</time>
      </trkpt>
      <trkpt lat="46.859493954107165" lon="5.681985542178154">
        <ele>253.41</ele>
        <time>2022-05-05T13:24:52Z</time>
      </trkpt>
      <trkpt lat="46.859458079561591" lon="5.682068774476647">
        <ele>253.75</ele>
        <time>2022-05-05T13:24:57Z</time>
      </trkpt>
      <trkpt lat="46.859440645202994" lon="5.682095428928733">
        <ele>254.08000000000001</ele>
        <time>2022-05-05T13:25:04Z</time>
      </trkpt>
      <trkpt lat="46.859420612454414" lon="5.682132393121719">
        <ele>254.31</ele>
        <time>2022-05-05T13:25:08Z</time>
      </trkpt>
      <trkpt lat="46.85941357165575" lon="5.682145720347762">
        <ele>254.38999999999999</ele>
        <time>2022-05-05T13:25:09Z</time>
      </trkpt>
      <trkpt lat="46.859409380704165" lon="5.682160388678312">
        <ele>254.43000000000001</ele>
        <time>2022-05-05T13:25:10Z</time>
      </trkpt>
      <trkpt lat="46.859363447874784" lon="5.682250410318375">
        <ele>254.56999999999999</ele>
        <time>2022-05-05T13:25:17Z</time>
      </trkpt>
      <trkpt lat="46.859360262751579" lon="5.682270526885986">
        <ele>254.56999999999999</ele>
        <time>2022-05-05T13:25:18Z</time>
      </trkpt>
      <trkpt lat="46.859355987980962" lon="5.682288631796837">
        <ele>254.56</ele>
        <time>2022-05-05T13:25:19Z</time>
      </trkpt>
      <trkpt lat="46.859349366277456" lon="5.682303635403514">
        <ele>254.55000000000001</ele>
        <time>2022-05-05T13:25:20Z</time>
      </trkpt>
      <trkpt lat="46.859344756230712" lon="5.682320734485984">
        <ele>254.50999999999999</ele>
        <time>2022-05-05T13:25:21Z</time>
      </trkpt>
      <trkpt lat="46.859341822564602" lon="5.68233766593039">
        <ele>254.47</ele>
        <time>2022-05-05T13:25:22Z</time>
      </trkpt>
      <trkpt lat="46.859337631613016" lon="5.682358201593161">
        <ele>254.41999999999999</ele>
        <time>2022-05-05T13:25:23Z</time>
      </trkpt>
      <trkpt lat="46.859329584985971" lon="5.682378737255931">
        <ele>254.36000000000001</ele>
        <time>2022-05-05T13:25:24Z</time>
      </trkpt>
      <trkpt lat="46.859322544187307" lon="5.682392148301005">
        <ele>254.31999999999999</ele>
        <time>2022-05-05T13:25:25Z</time>
      </trkpt>
      <trkpt lat="46.859312150627375" lon="5.682418551295996">
        <ele>254.16999999999999</ele>
        <time>2022-05-05T13:25:27Z</time>
      </trkpt>
      <trkpt lat="46.85930754058063" lon="5.682434644550085">
        <ele>254.13999999999999</ele>
        <time>2022-05-05T13:25:28Z</time>
      </trkpt>
      <trkpt lat="46.859302176162601" lon="5.682450905442238">
        <ele>254.09999999999999</ele>
        <time>2022-05-05T13:25:29Z</time>
      </trkpt>
      <trkpt lat="46.859297147020698" lon="5.682468172162771">
        <ele>254.06999999999999</ele>
        <time>2022-05-05T13:25:30Z</time>
      </trkpt>
      <trkpt lat="46.859293291345239" lon="5.682486109435558">
        <ele>254.03</ele>
        <time>2022-05-05T13:25:31Z</time>
      </trkpt>
      <trkpt lat="46.859288597479463" lon="5.682502286508679">
        <ele>253.99000000000001</ele>
        <time>2022-05-05T13:25:32Z</time>
      </trkpt>
      <trkpt lat="46.859280886128545" lon="5.682516032829881">
        <ele>253.94</ele>
        <time>2022-05-05T13:25:33Z</time>
      </trkpt>
      <trkpt lat="46.859272588044405" lon="5.682529946789146">
        <ele>253.87</ele>
        <time>2022-05-05T13:25:34Z</time>
      </trkpt>
      <trkpt lat="46.859262445941567" lon="5.682544279843569">
        <ele>253.78</ele>
        <time>2022-05-05T13:25:35Z</time>
      </trkpt>
      <trkpt lat="46.859254650771618" lon="5.682561965659261">
        <ele>253.69999999999999</ele>
        <time>2022-05-05T13:25:36Z</time>
      </trkpt>
      <trkpt lat="46.859250376001" lon="5.682582752779126">
        <ele>253.61000000000001</ele>
        <time>2022-05-05T13:25:37Z</time>
      </trkpt>
      <trkpt lat="46.859244676306844" lon="5.68259859457612">
        <ele>253.56</ele>
        <time>2022-05-05T13:25:38Z</time>
      </trkpt>
      <trkpt lat="46.859239228069782" lon="5.682612089440227">
        <ele>253.5</ele>
        <time>2022-05-05T13:25:39Z</time>
      </trkpt>
      <trkpt lat="46.859232522547245" lon="5.682623321190476">
        <ele>253.40000000000001</ele>
        <time>2022-05-05T13:25:40Z</time>
      </trkpt>
      <trkpt lat="46.859225817024708" lon="5.682637318968773">
        <ele>253.22999999999999</ele>
        <time>2022-05-05T13:25:41Z</time>
      </trkpt>
      <trkpt lat="46.85921860858798" lon="5.682653244584799">
        <ele>253.03</ele>
        <time>2022-05-05T13:25:42Z</time>
      </trkpt>
      <trkpt lat="46.859212992712855" lon="5.68266942165792">
        <ele>252.84</ele>
        <time>2022-05-05T13:25:43Z</time>
      </trkpt>
      <trkpt lat="46.859208885580301" lon="5.682686353102326">
        <ele>252.68000000000001</ele>
        <time>2022-05-05T13:25:44Z</time>
      </trkpt>
      <trkpt lat="46.859205951914191" lon="5.682704877108336">
        <ele>252.52000000000001</ele>
        <time>2022-05-05T13:25:45Z</time>
      </trkpt>
      <trkpt lat="46.859201341867447" lon="5.682723233476281">
        <ele>252.34</ele>
        <time>2022-05-05T13:25:46Z</time>
      </trkpt>
      <trkpt lat="46.859187595546246" lon="5.682797832414508">
        <ele>251.65000000000001</ele>
        <time>2022-05-05T13:25:50Z</time>
      </trkpt>
      <trkpt lat="46.859187176451087" lon="5.682819960638881">
        <ele>251.44999999999999</ele>
        <time>2022-05-05T13:25:51Z</time>
      </trkpt>
      <trkpt lat="46.859186505898833" lon="5.682838819921017">
        <ele>251.44999999999999</ele>
        <time>2022-05-05T13:25:52Z</time>
      </trkpt>
      <trkpt lat="46.859182231128216" lon="5.682854661718011">
        <ele>251.37</ele>
        <time>2022-05-05T13:25:53Z</time>
      </trkpt>
      <trkpt lat="46.859176028519869" lon="5.682870000600815">
        <ele>251.19999999999999</ele>
        <time>2022-05-05T13:25:54Z</time>
      </trkpt>
      <trkpt lat="46.85915750451386" lon="5.68301634863019">
        <ele>250.55000000000001</ele>
        <time>2022-05-05T13:26:01Z</time>
      </trkpt>
      <trkpt lat="46.859160019084811" lon="5.683051636442542">
        <ele>250.38999999999999</ele>
        <time>2022-05-05T13:26:03Z</time>
      </trkpt>
      <trkpt lat="46.859194803982973" lon="5.683127660304308">
        <ele>250.03</ele>
        <time>2022-05-05T13:26:09Z</time>
      </trkpt>
      <trkpt lat="46.859202263876796" lon="5.683127576485276">
        <ele>249.66</ele>
        <time>2022-05-05T13:26:17Z</time>
      </trkpt>
      <trkpt lat="46.859218943864107" lon="5.683151045814157">
        <ele>249.56999999999999</ele>
        <time>2022-05-05T13:26:21Z</time>
      </trkpt>
      <trkpt lat="46.859233863651752" lon="5.683164624497294">
        <ele>249.59999999999999</ele>
        <time>2022-05-05T13:26:22Z</time>
      </trkpt>
      <trkpt lat="46.859248112887144" lon="5.683177364990115">
        <ele>249.62</ele>
        <time>2022-05-05T13:26:23Z</time>
      </trkpt>
      <trkpt lat="46.859260015189648" lon="5.68318834528327">
        <ele>249.66</ele>
        <time>2022-05-05T13:26:24Z</time>
      </trkpt>
      <trkpt lat="46.859270241111517" lon="5.683196475729346">
        <ele>249.68000000000001</ele>
        <time>2022-05-05T13:26:25Z</time>
      </trkpt>
      <trkpt lat="46.859279545024037" lon="5.683205192908645">
        <ele>249.72999999999999</ele>
        <time>2022-05-05T13:26:26Z</time>
      </trkpt>
      <trkpt lat="46.859380714595318" lon="5.683309631422162">
        <ele>249.97999999999999</ele>
        <time>2022-05-05T13:26:35Z</time>
      </trkpt>
      <trkpt lat="46.859457241371274" lon="5.683370148763061">
        <ele>250.16</ele>
        <time>2022-05-05T13:26:42Z</time>
      </trkpt>
      <trkpt lat="46.859528068453074" lon="5.683478275313973">
        <ele>250.63</ele>
        <time>2022-05-05T13:26:50Z</time>
      </trkpt>
      <trkpt lat="46.859583891928196" lon="5.683631077408791">
        <ele>250.94</ele>
        <time>2022-05-05T13:26:59Z</time>
      </trkpt>
      <trkpt lat="46.859667962417006" lon="5.683773569762707">
        <ele>250.91</ele>
        <time>2022-05-05T13:27:08Z</time>
      </trkpt>
      <trkpt lat="46.859737448394299" lon="5.683834925293922">
        <ele>250.81999999999999</ele>
        <time>2022-05-05T13:27:14Z</time>
      </trkpt>
      <trkpt lat="46.859827721491456" lon="5.683901309967041">
        <ele>250.96000000000001</ele>
        <time>2022-05-05T13:27:22Z</time>
      </trkpt>
      <trkpt lat="46.859919503331184" lon="5.683981608599424">
        <ele>250.59999999999999</ele>
        <time>2022-05-05T13:27:30Z</time>
      </trkpt>
      <trkpt lat="46.859929896891117" lon="5.683989739045501">
        <ele>250.63999999999999</ele>
        <time>2022-05-05T13:27:31Z</time>
      </trkpt>
      <trkpt lat="46.860009524971247" lon="5.684053273871541">
        <ele>250.84999999999999</ele>
        <time>2022-05-05T13:27:38Z</time>
      </trkpt>
      <trkpt lat="46.860037855803967" lon="5.684064505621791">
        <ele>251.03</ele>
        <time>2022-05-05T13:27:41Z</time>
      </trkpt>
      <trkpt lat="46.860065683722496" lon="5.684106834232807">
        <ele>251.06999999999999</ele>
        <time>2022-05-05T13:27:45Z</time>
      </trkpt>
      <trkpt lat="46.860075825825334" lon="5.684116641059518">
        <ele>251.05000000000001</ele>
        <time>2022-05-05T13:27:46Z</time>
      </trkpt>
      <trkpt lat="46.860157549381256" lon="5.684209177270532">
        <ele>251.03</ele>
        <time>2022-05-05T13:27:55Z</time>
      </trkpt>
      <trkpt lat="46.860234746709466" lon="5.684287967160344">
        <ele>251.05000000000001</ele>
        <time>2022-05-05T13:28:03Z</time>
      </trkpt>
      <trkpt lat="46.860307417809963" lon="5.684355273842812">
        <ele>250.94</ele>
        <time>2022-05-05T13:28:10Z</time>
      </trkpt>
      <trkpt lat="46.860333988443017" lon="5.684381257742643">
        <ele>250.96000000000001</ele>
        <time>2022-05-05T13:28:14Z</time>
      </trkpt>
      <trkpt lat="46.860342957079411" lon="5.684460885822773">
        <ele>250.88999999999999</ele>
        <time>2022-05-05T13:28:22Z</time>
      </trkpt>
      <trkpt lat="46.860331473872066" lon="5.684457533061504">
        <ele>250.94</ele>
        <time>2022-05-05T13:28:37Z</time>
      </trkpt>
      <trkpt lat="46.860337257385254" lon="5.684468429535627">
        <ele>250.97999999999999</ele>
        <time>2022-05-05T13:28:59Z</time>
      </trkpt>
      <trkpt lat="46.860332479700446" lon="5.684466082602739">
        <ele>250.65000000000001</ele>
        <time>2022-05-05T13:29:10Z</time>
      </trkpt>
      <trkpt lat="46.860297778621316" lon="5.684460047632456">
        <ele>250.53</ele>
        <time>2022-05-05T13:29:23Z</time>
      </trkpt>
      <trkpt lat="46.86029895208776" lon="5.684457281604409">
        <ele>250.72999999999999</ele>
        <time>2022-05-05T13:29:40Z</time>
      </trkpt>
      <trkpt lat="46.860325774177909" lon="5.684493994340301">
        <ele>250.72</ele>
        <time>2022-05-05T13:29:52Z</time>
      </trkpt>
      <trkpt lat="46.860327953472733" lon="5.684512350708246">
        <ele>250.72999999999999</ele>
        <time>2022-05-05T13:29:53Z</time>
      </trkpt>
      <trkpt lat="46.860324768349528" lon="5.684529701247811">
        <ele>250.74000000000001</ele>
        <time>2022-05-05T13:29:54Z</time>
      </trkpt>
      <trkpt lat="46.860271627083421" lon="5.684638079255819">
        <ele>250.68000000000001</ele>
        <time>2022-05-05T13:30:01Z</time>
      </trkpt>
      <trkpt lat="46.860238770022988" lon="5.684724748134613">
        <ele>250.55000000000001</ele>
        <time>2022-05-05T13:30:06Z</time>
      </trkpt>
      <trkpt lat="46.860234579071403" lon="5.684741009026766">
        <ele>250.52000000000001</ele>
        <time>2022-05-05T13:30:07Z</time>
      </trkpt>
      <trkpt lat="46.860198872163892" lon="5.684843435883522">
        <ele>250.44</ele>
        <time>2022-05-05T13:30:13Z</time>
      </trkpt>
      <trkpt lat="46.860191579908133" lon="5.684861373156309">
        <ele>250.43000000000001</ele>
        <time>2022-05-05T13:30:14Z</time>
      </trkpt>
      <trkpt lat="46.860182611271739" lon="5.684878388419747">
        <ele>250.41</ele>
        <time>2022-05-05T13:30:15Z</time>
      </trkpt>
      <trkpt lat="46.860176827758551" lon="5.684894481673837">
        <ele>250.40000000000001</ele>
        <time>2022-05-05T13:30:16Z</time>
      </trkpt>
      <trkpt lat="46.860173307359219" lon="5.684909736737609">
        <ele>250.37</ele>
        <time>2022-05-05T13:30:17Z</time>
      </trkpt>
      <trkpt lat="46.86016752384603" lon="5.684924488887191">
        <ele>250.36000000000001</ele>
        <time>2022-05-05T13:30:18Z</time>
      </trkpt>
      <trkpt lat="46.860162159428" lon="5.684938235208392">
        <ele>250.34999999999999</ele>
        <time>2022-05-05T13:30:19Z</time>
      </trkpt>
      <trkpt lat="46.86010449193418" lon="5.685059353709221">
        <ele>250.27000000000001</ele>
        <time>2022-05-05T13:30:27Z</time>
      </trkpt>
      <trkpt lat="46.860022097826004" lon="5.685197152197361">
        <ele>250.28</ele>
        <time>2022-05-05T13:30:37Z</time>
      </trkpt>
      <trkpt lat="46.859927801415324" lon="5.685300836339593">
        <ele>250.50999999999999</ele>
        <time>2022-05-05T13:30:46Z</time>
      </trkpt>
      <trkpt lat="46.859857477247715" lon="5.685376022011042">
        <ele>250.74000000000001</ele>
        <time>2022-05-05T13:30:53Z</time>
      </trkpt>
      <trkpt lat="46.859774580225348" lon="5.685476437211037">
        <ele>250.97999999999999</ele>
        <time>2022-05-05T13:31:01Z</time>
      </trkpt>
      <trkpt lat="46.859701154753566" lon="5.685588167980313">
        <ele>251.06999999999999</ele>
        <time>2022-05-05T13:31:08Z</time>
      </trkpt>
      <trkpt lat="46.859648851677775" lon="5.685631753876805">
        <ele>251.25</ele>
        <time>2022-05-05T13:31:12Z</time>
      </trkpt>
      <trkpt lat="46.85959042981267" lon="5.685710040852428">
        <ele>251.56</ele>
        <time>2022-05-05T13:31:18Z</time>
      </trkpt>
      <trkpt lat="46.859582383185625" lon="5.685730492696166">
        <ele>251.61000000000001</ele>
        <time>2022-05-05T13:31:19Z</time>
      </trkpt>
      <trkpt lat="46.859575510025024" lon="5.685749100521207">
        <ele>251.66999999999999</ele>
        <time>2022-05-05T13:31:20Z</time>
      </trkpt>
      <trkpt lat="46.859568133950233" lon="5.685768211260438">
        <ele>251.74000000000001</ele>
        <time>2022-05-05T13:31:21Z</time>
      </trkpt>
      <trkpt lat="46.859559500589967" lon="5.685784472152591">
        <ele>251.78</ele>
        <time>2022-05-05T13:31:22Z</time>
      </trkpt>
      <trkpt lat="46.85955329798162" lon="5.685801738873124">
        <ele>251.84</ele>
        <time>2022-05-05T13:31:23Z</time>
      </trkpt>
      <trkpt lat="46.859457576647401" lon="5.685928221791983">
        <ele>252.25999999999999</ele>
        <time>2022-05-05T13:31:32Z</time>
      </trkpt>
      <trkpt lat="46.859427653253078" lon="5.685990918427706">
        <ele>252.58000000000001</ele>
        <time>2022-05-05T13:31:36Z</time>
      </trkpt>
      <trkpt lat="46.85942086391151" lon="5.686005838215351">
        <ele>252.59999999999999</ele>
        <time>2022-05-05T13:31:37Z</time>
      </trkpt>
      <trkpt lat="46.859412649646401" lon="5.686021763831377">
        <ele>252.62</ele>
        <time>2022-05-05T13:31:38Z</time>
      </trkpt>
      <trkpt lat="46.859405441209674" lon="5.686037270352244">
        <ele>252.63999999999999</ele>
        <time>2022-05-05T13:31:39Z</time>
      </trkpt>
      <trkpt lat="46.859399741515517" lon="5.686052273958921">
        <ele>252.66999999999999</ele>
        <time>2022-05-05T13:31:40Z</time>
      </trkpt>
      <trkpt lat="46.859396137297153" lon="5.686067864298821">
        <ele>252.63999999999999</ele>
        <time>2022-05-05T13:31:41Z</time>
      </trkpt>
      <trkpt lat="46.859392616897821" lon="5.686083119362593">
        <ele>252.66999999999999</ele>
        <time>2022-05-05T13:31:42Z</time>
      </trkpt>
      <trkpt lat="46.859340230002999" lon="5.686196945607662">
        <ele>253.09999999999999</ele>
        <time>2022-05-05T13:31:50Z</time>
      </trkpt>
      <trkpt lat="46.85932707041502" lon="5.686319321393967">
        <ele>253.72</ele>
        <time>2022-05-05T13:31:57Z</time>
      </trkpt>
      <trkpt lat="46.859315419569612" lon="5.686365505680442">
        <ele>253.81</ele>
        <time>2022-05-05T13:32:00Z</time>
      </trkpt>
      <trkpt lat="46.85931340791285" lon="5.686383442953229">
        <ele>253.88999999999999</ele>
        <time>2022-05-05T13:32:01Z</time>
      </trkpt>
      <trkpt lat="46.859309552237391" lon="5.686400961130858">
        <ele>253.97</ele>
        <time>2022-05-05T13:32:02Z</time>
      </trkpt>
      <trkpt lat="46.859306367114186" lon="5.686419485136867">
        <ele>254.12</ele>
        <time>2022-05-05T13:32:03Z</time>
      </trkpt>
      <trkpt lat="46.859305612742901" lon="5.686440439894795">
        <ele>254.24000000000001</ele>
        <time>2022-05-05T13:32:04Z</time>
      </trkpt>
      <trkpt lat="46.859303852543235" lon="5.686460556462407">
        <ele>254.36000000000001</ele>
        <time>2022-05-05T13:32:05Z</time>
      </trkpt>
      <trkpt lat="46.859302679076791" lon="5.686478829011321">
        <ele>254.46000000000001</ele>
        <time>2022-05-05T13:32:06Z</time>
      </trkpt>
      <trkpt lat="46.859296560287476" lon="5.686494503170252">
        <ele>254.55000000000001</ele>
        <time>2022-05-05T13:32:07Z</time>
      </trkpt>
      <trkpt lat="46.859289854764938" lon="5.686513530090451">
        <ele>254.59999999999999</ele>
        <time>2022-05-05T13:32:08Z</time>
      </trkpt>
      <trkpt lat="46.859290525317192" lon="5.686534233391285">
        <ele>254.66</ele>
        <time>2022-05-05T13:32:09Z</time>
      </trkpt>
      <trkpt lat="46.859291028231382" lon="5.686552422121167">
        <ele>254.69999999999999</ele>
        <time>2022-05-05T13:32:10Z</time>
      </trkpt>
      <trkpt lat="46.859281975775957" lon="5.686562061309815">
        <ele>254.74000000000001</ele>
        <time>2022-05-05T13:32:11Z</time>
      </trkpt>
      <trkpt lat="46.859273845329881" lon="5.686577735468745">
        <ele>254.77000000000001</ele>
        <time>2022-05-05T13:32:12Z</time>
      </trkpt>
      <trkpt lat="46.859272085130215" lon="5.686595337465406">
        <ele>254.87</ele>
        <time>2022-05-05T13:32:13Z</time>
      </trkpt>
      <trkpt lat="46.859270660206676" lon="5.68661218509078">
        <ele>254.97</ele>
        <time>2022-05-05T13:32:14Z</time>
      </trkpt>
      <trkpt lat="46.859261272475123" lon="5.686627188697457">
        <ele>255.06</ele>
        <time>2022-05-05T13:32:15Z</time>
      </trkpt>
      <trkpt lat="46.859248699620366" lon="5.686642527580261">
        <ele>255.13</ele>
        <time>2022-05-05T13:32:16Z</time>
      </trkpt>
      <trkpt lat="46.859237216413021" lon="5.686675636097789">
        <ele>255.24000000000001</ele>
        <time>2022-05-05T13:32:18Z</time>
      </trkpt>
      <trkpt lat="46.859229672700167" lon="5.686793234199286">
        <ele>255.30000000000001</ele>
        <time>2022-05-05T13:32:24Z</time>
      </trkpt>
      <trkpt lat="46.859226655215025" lon="5.686812596395612">
        <ele>255.38</ele>
        <time>2022-05-05T13:32:25Z</time>
      </trkpt>
      <trkpt lat="46.859222967177629" lon="5.686830785125494">
        <ele>255.47</ele>
        <time>2022-05-05T13:32:26Z</time>
      </trkpt>
      <trkpt lat="46.859220033511519" lon="5.686850817874074">
        <ele>255.61000000000001</ele>
        <time>2022-05-05T13:32:27Z</time>
      </trkpt>
      <trkpt lat="46.859217016026378" lon="5.686872191727161">
        <ele>255.71000000000001</ele>
        <time>2022-05-05T13:32:28Z</time>
      </trkpt>
      <trkpt lat="46.859216596931219" lon="5.686892056837678">
        <ele>255.78999999999999</ele>
        <time>2022-05-05T13:32:29Z</time>
      </trkpt>
      <trkpt lat="46.859211819246411" lon="5.686911335214973">
        <ele>255.84999999999999</ele>
        <time>2022-05-05T13:32:30Z</time>
      </trkpt>
      <trkpt lat="46.859207712113857" lon="5.686930110678077">
        <ele>255.97</ele>
        <time>2022-05-05T13:32:31Z</time>
      </trkpt>
      <trkpt lat="46.859209053218365" lon="5.686948131769896">
        <ele>256.07999999999998</ele>
        <time>2022-05-05T13:32:32Z</time>
      </trkpt>
      <trkpt lat="46.859206957742572" lon="5.686966488137841">
        <ele>256.19999999999999</ele>
        <time>2022-05-05T13:32:33Z</time>
      </trkpt>
      <trkpt lat="46.859201090410352" lon="5.686987275257707">
        <ele>256.30000000000001</ele>
        <time>2022-05-05T13:32:34Z</time>
      </trkpt>
      <trkpt lat="46.859175944700837" lon="5.687067322432995">
        <ele>256.63</ele>
        <time>2022-05-05T13:32:38Z</time>
      </trkpt>
      <trkpt lat="46.859170664101839" lon="5.687084756791592">
        <ele>256.64999999999998</ele>
        <time>2022-05-05T13:32:39Z</time>
      </trkpt>
      <trkpt lat="46.859166556969285" lon="5.687101939693093">
        <ele>256.75999999999999</ele>
        <time>2022-05-05T13:32:40Z</time>
      </trkpt>
      <trkpt lat="46.859160605818033" lon="5.6871188711375">
        <ele>256.76999999999998</ele>
        <time>2022-05-05T13:32:41Z</time>
      </trkpt>
      <trkpt lat="46.859152726829052" lon="5.687137478962541">
        <ele>256.75999999999999</ele>
        <time>2022-05-05T13:32:42Z</time>
      </trkpt>
      <trkpt lat="46.859145015478134" lon="5.687155248597264">
        <ele>256.86000000000001</ele>
        <time>2022-05-05T13:32:43Z</time>
      </trkpt>
      <trkpt lat="46.85913847759366" lon="5.687173185870051">
        <ele>256.88</ele>
        <time>2022-05-05T13:32:44Z</time>
      </trkpt>
      <trkpt lat="46.859132526442409" lon="5.687191123142839">
        <ele>256.89999999999998</ele>
        <time>2022-05-05T13:32:45Z</time>
      </trkpt>
      <trkpt lat="46.859102183952928" lon="5.687299501150847">
        <ele>257.16000000000003</ele>
        <time>2022-05-05T13:32:51Z</time>
      </trkpt>
      <trkpt lat="46.859077792614698" lon="5.687407376244664">
        <ele>257.57999999999998</ele>
        <time>2022-05-05T13:32:57Z</time>
      </trkpt>
      <trkpt lat="46.859071422368288" lon="5.687424894422293">
        <ele>257.69</ele>
        <time>2022-05-05T13:32:58Z</time>
      </trkpt>
      <trkpt lat="46.859069997444749" lon="5.687441993504763">
        <ele>257.75999999999999</ele>
        <time>2022-05-05T13:32:59Z</time>
      </trkpt>
      <trkpt lat="46.859067315235734" lon="5.687457751482725">
        <ele>257.94999999999999</ele>
        <time>2022-05-05T13:33:00Z</time>
      </trkpt>
      <trkpt lat="46.859064297750592" lon="5.687474431470037">
        <ele>258.02999999999997</ele>
        <time>2022-05-05T13:33:01Z</time>
      </trkpt>
      <trkpt lat="46.859061447903514" lon="5.687490189447999">
        <ele>258.06</ele>
        <time>2022-05-05T13:33:02Z</time>
      </trkpt>
      <trkpt lat="46.859026160091162" lon="5.68764416500926">
        <ele>259.14999999999998</ele>
        <time>2022-05-05T13:33:10Z</time>
      </trkpt>
      <trkpt lat="46.859027165919542" lon="5.687664533033967">
        <ele>259.22000000000003</ele>
        <time>2022-05-05T13:33:11Z</time>
      </trkpt>
      <trkpt lat="46.85904267244041" lon="5.687751621007919">
        <ele>259.26999999999998</ele>
        <time>2022-05-05T13:33:16Z</time>
      </trkpt>
      <trkpt lat="46.859079636633396" lon="5.687792357057333">
        <ele>259.67000000000002</ele>
        <time>2022-05-05T13:33:21Z</time>
      </trkpt>
      <trkpt lat="46.859190948307514" lon="5.687830410897732">
        <ele>260.08999999999997</ele>
        <time>2022-05-05T13:33:31Z</time>
      </trkpt>
      <trkpt lat="46.859283400699496" lon="5.687836864963174">
        <ele>260.30000000000001</ele>
        <time>2022-05-05T13:33:39Z</time>
      </trkpt>
      <trkpt lat="46.85932070016861" lon="5.68782496266067">
        <ele>260.88999999999999</ele>
        <time>2022-05-05T13:33:47Z</time>
      </trkpt>
      <trkpt lat="46.859342996031046" lon="5.687834853306413">
        <ele>260.88</ele>
        <time>2022-05-05T13:33:50Z</time>
      </trkpt>
      <trkpt lat="46.859355652704835" lon="5.687844073399901">
        <ele>260.86000000000001</ele>
        <time>2022-05-05T13:33:51Z</time>
      </trkpt>
      <trkpt lat="46.859370321035385" lon="5.687854466959834">
        <ele>260.83999999999997</ele>
        <time>2022-05-05T13:33:52Z</time>
      </trkpt>
      <trkpt lat="46.859383480623364" lon="5.687862681224942">
        <ele>260.82999999999998</ele>
        <time>2022-05-05T13:33:53Z</time>
      </trkpt>
      <trkpt lat="46.85946143232286" lon="5.687918337062001">
        <ele>261.11000000000001</ele>
        <time>2022-05-05T13:34:00Z</time>
      </trkpt>
      <trkpt lat="46.859514908865094" lon="5.687986901029944">
        <ele>261.39999999999998</ele>
        <time>2022-05-05T13:34:05Z</time>
      </trkpt>
      <trkpt lat="46.859522787854075" lon="5.688004419207573">
        <ele>261.45999999999998</ele>
        <time>2022-05-05T13:34:06Z</time>
      </trkpt>
      <trkpt lat="46.859584478661418" lon="5.688148001208901">
        <ele>261.38999999999999</ele>
        <time>2022-05-05T13:34:14Z</time>
      </trkpt>
      <trkpt lat="46.85959286056459" lon="5.688228635117412">
        <ele>261.67000000000002</ele>
        <time>2022-05-05T13:34:18Z</time>
      </trkpt>
      <trkpt lat="46.859596129506826" lon="5.688257804140449">
        <ele>261.69999999999999</ele>
        <time>2022-05-05T13:34:19Z</time>
      </trkpt>
      <trkpt lat="46.8596026673913" lon="5.688291834667325">
        <ele>261.74000000000001</ele>
        <time>2022-05-05T13:34:20Z</time>
      </trkpt>
      <trkpt lat="46.859604343771935" lon="5.688530467450619">
        <ele>261.63999999999999</ele>
        <time>2022-05-05T13:34:30Z</time>
      </trkpt>
      <trkpt lat="46.859593614935875" lon="5.688763651996851">
        <ele>262.31</ele>
        <time>2022-05-05T13:34:41Z</time>
      </trkpt>
      <trkpt lat="46.8595802038908" lon="5.688963392749429">
        <ele>262.92000000000002</ele>
        <time>2022-05-05T13:34:51Z</time>
      </trkpt>
      <trkpt lat="46.859571738168597" lon="5.689043356105685">
        <ele>263.16000000000003</ele>
        <time>2022-05-05T13:34:55Z</time>
      </trkpt>
      <trkpt lat="46.859569139778614" lon="5.689063388854265">
        <ele>263.22000000000003</ele>
        <time>2022-05-05T13:34:56Z</time>
      </trkpt>
      <trkpt lat="46.859566541388631" lon="5.689083589240909">
        <ele>263.30000000000001</ele>
        <time>2022-05-05T13:34:57Z</time>
      </trkpt>
      <trkpt lat="46.859509544447064" lon="5.689266733825207">
        <ele>263.88999999999999</ele>
        <time>2022-05-05T13:35:07Z</time>
      </trkpt>
      <trkpt lat="46.859416170045733" lon="5.689410986378789">
        <ele>264.33999999999997</ele>
        <time>2022-05-05T13:35:17Z</time>
      </trkpt>
      <trkpt lat="46.859403429552913" lon="5.689421715214849">
        <ele>264.37</ele>
        <time>2022-05-05T13:35:18Z</time>
      </trkpt>
      <trkpt lat="46.859394628554583" lon="5.689430935308337">
        <ele>264.38999999999999</ele>
        <time>2022-05-05T13:35:19Z</time>
      </trkpt>
      <trkpt lat="46.859382055699825" lon="5.689439065754414">
        <ele>264.44</ele>
        <time>2022-05-05T13:35:20Z</time>
      </trkpt>
      <trkpt lat="46.859369147568941" lon="5.689450465142727">
        <ele>264.48000000000002</ele>
        <time>2022-05-05T13:35:21Z</time>
      </trkpt>
      <trkpt lat="46.859359089285135" lon="5.689459685236216">
        <ele>264.55000000000001</ele>
        <time>2022-05-05T13:35:22Z</time>
      </trkpt>
      <trkpt lat="46.859349366277456" lon="5.689468318596482">
        <ele>264.60000000000002</ele>
        <time>2022-05-05T13:35:23Z</time>
      </trkpt>
      <trkpt lat="46.859252220019698" lon="5.689560351893306">
        <ele>264.66000000000003</ele>
        <time>2022-05-05T13:35:32Z</time>
      </trkpt>
      <trkpt lat="46.859150128439069" lon="5.689615588635206">
        <ele>265.13999999999999</ele>
        <time>2022-05-05T13:35:40Z</time>
      </trkpt>
      <trkpt lat="46.859068823978305" lon="5.689734863117337">
        <ele>266.00999999999999</ele>
        <time>2022-05-05T13:35:49Z</time>
      </trkpt>
      <trkpt lat="46.859031021595001" lon="5.689856903627515">
        <ele>266.85000000000002</ele>
        <time>2022-05-05T13:35:56Z</time>
      </trkpt>
      <trkpt lat="46.858994895592332" lon="5.690007358789444">
        <ele>268.06</ele>
        <time>2022-05-05T13:36:04Z</time>
      </trkpt>
      <trkpt lat="46.85894250869751" lon="5.690185641869903">
        <ele>269.18000000000001</ele>
        <time>2022-05-05T13:36:14Z</time>
      </trkpt>
      <trkpt lat="46.85891417786479" lon="5.690283039584756">
        <ele>269.77999999999997</ele>
        <time>2022-05-05T13:36:20Z</time>
      </trkpt>
      <trkpt lat="46.858878303319216" lon="5.690441876649857">
        <ele>270.67000000000002</ele>
        <time>2022-05-05T13:36:28Z</time>
      </trkpt>
      <trkpt lat="46.858849888667464" lon="5.690577160567045">
        <ele>271.39999999999998</ele>
        <time>2022-05-05T13:36:35Z</time>
      </trkpt>
      <trkpt lat="46.858817953616381" lon="5.690744295716286">
        <ele>272.22000000000003</ele>
        <time>2022-05-05T13:36:43Z</time>
      </trkpt>
      <trkpt lat="46.858794651925564" lon="5.690894331783056">
        <ele>272.73000000000002</ele>
        <time>2022-05-05T13:36:51Z</time>
      </trkpt>
      <trkpt lat="46.858770344406366" lon="5.691051492467523">
        <ele>272.99000000000001</ele>
        <time>2022-05-05T13:37:00Z</time>
      </trkpt>
      <trkpt lat="46.858749557286501" lon="5.691225249320269">
        <ele>273.37</ele>
        <time>2022-05-05T13:37:09Z</time>
      </trkpt>
      <trkpt lat="46.858741091564298" lon="5.691378554329276">
        <ele>274.13999999999999</ele>
        <time>2022-05-05T13:37:17Z</time>
      </trkpt>
      <trkpt lat="46.858726087957621" lon="5.691530602052808">
        <ele>274.55000000000001</ele>
        <time>2022-05-05T13:37:25Z</time>
      </trkpt>
      <trkpt lat="46.858705887570977" lon="5.691759511828423">
        <ele>275.60000000000002</ele>
        <time>2022-05-05T13:37:37Z</time>
      </trkpt>
      <trkpt lat="46.858699014410377" lon="5.691908458247781">
        <ele>276.80000000000001</ele>
        <time>2022-05-05T13:37:45Z</time>
      </trkpt>
      <trkpt lat="46.858693566173315" lon="5.691961515694857">
        <ele>277.07999999999998</ele>
        <time>2022-05-05T13:37:49Z</time>
      </trkpt>
      <trkpt lat="46.858691722154617" lon="5.691977776587009">
        <ele>277.13</ele>
        <time>2022-05-05T13:37:50Z</time>
      </trkpt>
      <trkpt lat="46.85869038105011" lon="5.691994205117226">
        <ele>277.17000000000002</ele>
        <time>2022-05-05T13:37:51Z</time>
      </trkpt>
      <trkpt lat="46.858689542859793" lon="5.692010214552283">
        <ele>277.22000000000003</ele>
        <time>2022-05-05T13:37:52Z</time>
      </trkpt>
      <trkpt lat="46.858706139028072" lon="5.692059583961964">
        <ele>277.85000000000002</ele>
        <time>2022-05-05T13:38:01Z</time>
      </trkpt>
      <trkpt lat="46.858695996925235" lon="5.692056817933917">
        <ele>277.88999999999999</ele>
        <time>2022-05-05T13:38:12Z</time>
      </trkpt>
      <trkpt lat="46.858692476525903" lon="5.692063439637423">
        <ele>277.69</ele>
        <time>2022-05-05T13:38:32Z</time>
      </trkpt>
      <trkpt lat="46.858704295009375" lon="5.692081712186337">
        <ele>278.22000000000003</ele>
        <time>2022-05-05T13:38:57Z</time>
      </trkpt>
      <trkpt lat="46.858705217018723" lon="5.692097805440426">
        <ele>278.19999999999999</ele>
        <time>2022-05-05T13:38:58Z</time>
      </trkpt>
      <trkpt lat="46.858706306666136" lon="5.692114569246769">
        <ele>278.17000000000002</ele>
        <time>2022-05-05T13:38:59Z</time>
      </trkpt>
      <trkpt lat="46.858707228675485" lon="5.692134099081159">
        <ele>277.95999999999998</ele>
        <time>2022-05-05T13:39:00Z</time>
      </trkpt>
      <trkpt lat="46.858707899227738" lon="5.692152203992009">
        <ele>277.85000000000002</ele>
        <time>2022-05-05T13:39:01Z</time>
      </trkpt>
      <trkpt lat="46.858712257817388" lon="5.692339623346925">
        <ele>278.88999999999999</ele>
        <time>2022-05-05T13:39:11Z</time>
      </trkpt>
      <trkpt lat="46.858715359121561" lon="5.692519415169954">
        <ele>279.33999999999997</ele>
        <time>2022-05-05T13:39:21Z</time>
      </trkpt>
      <trkpt lat="46.858711084350944" lon="5.692557049915195">
        <ele>279.35000000000002</ele>
        <time>2022-05-05T13:39:23Z</time>
      </trkpt>
      <trkpt lat="46.858714688569307" lon="5.69257733412087">
        <ele>279.37</ele>
        <time>2022-05-05T13:39:24Z</time>
      </trkpt>
      <trkpt lat="46.858716532588005" lon="5.692595271393657">
        <ele>279.35000000000002</ele>
        <time>2022-05-05T13:39:25Z</time>
      </trkpt>
      <trkpt lat="46.858716448768973" lon="5.692613627761602">
        <ele>279.33999999999997</ele>
        <time>2022-05-05T13:39:26Z</time>
      </trkpt>
      <trkpt lat="46.858718041330576" lon="5.692632822319865">
        <ele>279.36000000000001</ele>
        <time>2022-05-05T13:39:27Z</time>
      </trkpt>
      <trkpt lat="46.858723573386669" lon="5.69282359443605">
        <ele>279.38</ele>
        <time>2022-05-05T13:39:37Z</time>
      </trkpt>
      <trkpt lat="46.858714018017054" lon="5.692966505885124">
        <ele>279.41000000000003</ele>
        <time>2022-05-05T13:39:45Z</time>
      </trkpt>
      <trkpt lat="46.858713012188673" lon="5.693135065957904">
        <ele>279.27999999999997</ele>
        <time>2022-05-05T13:39:54Z</time>
      </trkpt>
      <trkpt lat="46.858697254210711" lon="5.693276720121503">
        <ele>279.44</ele>
        <time>2022-05-05T13:40:02Z</time>
      </trkpt>
      <trkpt lat="46.858665822073817" lon="5.693427342921495">
        <ele>279.69999999999999</ele>
        <time>2022-05-05T13:40:12Z</time>
      </trkpt>
      <trkpt lat="46.858631707727909" lon="5.693553490564227">
        <ele>279.63</ele>
        <time>2022-05-05T13:40:20Z</time>
      </trkpt>
      <trkpt lat="46.858618045225739" lon="5.693584168329835">
        <ele>279.51999999999998</ele>
        <time>2022-05-05T13:40:22Z</time>
      </trkpt>
      <trkpt lat="46.858610585331917" lon="5.693596992641687">
        <ele>279.56999999999999</ele>
        <time>2022-05-05T13:40:23Z</time>
      </trkpt>
      <trkpt lat="46.858602873980999" lon="5.693612163886428">
        <ele>279.69</ele>
        <time>2022-05-05T13:40:24Z</time>
      </trkpt>
      <trkpt lat="46.858593821525574" lon="5.693625491112471">
        <ele>279.69</ele>
        <time>2022-05-05T13:40:25Z</time>
      </trkpt>
      <trkpt lat="46.858584014698863" lon="5.693639237433672">
        <ele>279.80000000000001</ele>
        <time>2022-05-05T13:40:26Z</time>
      </trkpt>
      <trkpt lat="46.858524587005377" lon="5.693742670118809">
        <ele>280.24000000000001</ele>
        <time>2022-05-05T13:40:34Z</time>
      </trkpt>
      <trkpt lat="46.858504302799702" lon="5.693747950717807">
        <ele>280.69</ele>
        <time>2022-05-05T13:40:46Z</time>
      </trkpt>
      <trkpt lat="46.858482090756297" lon="5.693775610998273">
        <ele>280.69</ele>
        <time>2022-05-05T13:41:04Z</time>
      </trkpt>
      <trkpt lat="46.858468009158969" lon="5.693776113912463">
        <ele>280.62</ele>
        <time>2022-05-05T13:41:05Z</time>
      </trkpt>
      <trkpt lat="46.85845342464745" lon="5.693775610998273">
        <ele>280.61000000000001</ele>
        <time>2022-05-05T13:41:06Z</time>
      </trkpt>
      <trkpt lat="46.858349991962314" lon="5.69376764819026">
        <ele>280.88</ele>
        <time>2022-05-05T13:41:14Z</time>
      </trkpt>
      <trkpt lat="46.858237506821752" lon="5.693741915747523">
        <ele>281.16000000000003</ele>
        <time>2022-05-05T13:41:23Z</time>
      </trkpt>
      <trkpt lat="46.858121082186699" lon="5.693714506924152">
        <ele>281.54000000000002</ele>
        <time>2022-05-05T13:41:32Z</time>
      </trkpt>
      <trkpt lat="46.857996191829443" lon="5.693694893270731">
        <ele>281.75999999999999</ele>
        <time>2022-05-05T13:41:41Z</time>
      </trkpt>
      <trkpt lat="46.857905080541968" lon="5.693703191354871">
        <ele>282.30000000000001</ele>
        <time>2022-05-05T13:41:48Z</time>
      </trkpt>
      <trkpt lat="46.857790080830455" lon="5.693711237981916">
        <ele>282.92000000000002</ele>
        <time>2022-05-05T13:41:57Z</time>
      </trkpt>
      <trkpt lat="46.857670806348324" lon="5.693737640976906">
        <ele>283.01999999999998</ele>
        <time>2022-05-05T13:42:06Z</time>
      </trkpt>
      <trkpt lat="46.857558321207762" lon="5.693779299035668">
        <ele>283.16000000000003</ele>
        <time>2022-05-05T13:42:15Z</time>
      </trkpt>
      <trkpt lat="46.857452876865864" lon="5.693856664001942">
        <ele>283.83999999999997</ele>
        <time>2022-05-05T13:42:25Z</time>
      </trkpt>
      <trkpt lat="46.857352294027805" lon="5.693962527438998">
        <ele>284.02999999999997</ele>
        <time>2022-05-05T13:42:34Z</time>
      </trkpt>
      <trkpt lat="46.857256656512618" lon="5.694052297621965">
        <ele>284.16000000000003</ele>
        <time>2022-05-05T13:42:42Z</time>
      </trkpt>
      <trkpt lat="46.857242407277226" lon="5.69407794624567">
        <ele>284.32999999999998</ele>
        <time>2022-05-05T13:42:44Z</time>
      </trkpt>
      <trkpt lat="46.857232600450516" lon="5.694090351462364">
        <ele>284.51999999999998</ele>
        <time>2022-05-05T13:42:45Z</time>
      </trkpt>
      <trkpt lat="46.857219357043505" lon="5.694099320098758">
        <ele>284.60000000000002</ele>
        <time>2022-05-05T13:42:46Z</time>
      </trkpt>
      <trkpt lat="46.857206113636494" lon="5.694108037278056">
        <ele>284.66000000000003</ele>
        <time>2022-05-05T13:42:47Z</time>
      </trkpt>
      <trkpt lat="46.857193792238832" lon="5.694117341190577">
        <ele>284.89999999999998</ele>
        <time>2022-05-05T13:42:48Z</time>
      </trkpt>
      <trkpt lat="46.857127575203776" lon="5.694183306768537">
        <ele>285.55000000000001</ele>
        <time>2022-05-05T13:42:54Z</time>
      </trkpt>
      <trkpt lat="46.857112236320972" lon="5.694191185757518">
        <ele>285.54000000000002</ele>
        <time>2022-05-05T13:42:55Z</time>
      </trkpt>
      <trkpt lat="46.85704568400979" lon="5.694232257083058">
        <ele>286.33999999999997</ele>
        <time>2022-05-05T13:43:01Z</time>
      </trkpt>
      <trkpt lat="46.857035290449858" lon="5.694237789139152">
        <ele>286.5</ele>
        <time>2022-05-05T13:43:02Z</time>
      </trkpt>
      <trkpt lat="46.85702414251864" lon="5.694243321195245">
        <ele>286.62</ele>
        <time>2022-05-05T13:43:03Z</time>
      </trkpt>
      <trkpt lat="46.857014922425151" lon="5.694248769432306">
        <ele>286.69999999999999</ele>
        <time>2022-05-05T13:43:04Z</time>
      </trkpt>
      <trkpt lat="46.857005450874567" lon="5.694257570430636">
        <ele>286.76999999999998</ele>
        <time>2022-05-05T13:43:05Z</time>
      </trkpt>
      <trkpt lat="46.856993967667222" lon="5.69426360540092">
        <ele>286.75999999999999</ele>
        <time>2022-05-05T13:43:06Z</time>
      </trkpt>
      <trkpt lat="46.85698214918375" lon="5.694262683391571">
        <ele>286.88</ele>
        <time>2022-05-05T13:43:07Z</time>
      </trkpt>
      <trkpt lat="46.856969492509961" lon="5.694262515753508">
        <ele>286.95999999999998</ele>
        <time>2022-05-05T13:43:08Z</time>
      </trkpt>
      <trkpt lat="46.856957506388426" lon="5.694265281781554">
        <ele>287.04000000000002</ele>
        <time>2022-05-05T13:43:09Z</time>
      </trkpt>
      <trkpt lat="46.856879638507962" lon="5.694290092214942">
        <ele>287.55000000000001</ele>
        <time>2022-05-05T13:43:16Z</time>
      </trkpt>
      <trkpt lat="46.85685072094202" lon="5.694282967597246">
        <ele>288.45999999999998</ele>
        <time>2022-05-05T13:43:25Z</time>
      </trkpt>
      <trkpt lat="46.856839489191771" lon="5.694247931241989">
        <ele>287.95999999999998</ele>
        <time>2022-05-05T13:43:50Z</time>
      </trkpt>
      <trkpt lat="46.856818869709969" lon="5.694276513531804">
        <ele>288.17000000000002</ele>
        <time>2022-05-05T13:43:57Z</time>
      </trkpt>
      <trkpt lat="46.856816438958049" lon="5.694289254024625">
        <ele>288.38999999999999</ele>
        <time>2022-05-05T13:44:10Z</time>
      </trkpt>
      <trkpt lat="46.856762878596783" lon="5.694284308701754">
        <ele>287.95999999999998</ele>
        <time>2022-05-05T13:44:22Z</time>
      </trkpt>
      <trkpt lat="46.856651650741696" lon="5.694297887384892">
        <ele>288.56999999999999</ele>
        <time>2022-05-05T13:44:30Z</time>
      </trkpt>
      <trkpt lat="46.856544530019164" lon="5.694297049194574">
        <ele>288.95999999999998</ele>
        <time>2022-05-05T13:44:38Z</time>
      </trkpt>
      <trkpt lat="46.8564148619771" lon="5.694323284551501">
        <ele>288.85000000000002</ele>
        <time>2022-05-05T13:44:48Z</time>
      </trkpt>
      <trkpt lat="46.85629659332335" lon="5.694357147440314">
        <ele>288.36000000000001</ele>
        <time>2022-05-05T13:44:58Z</time>
      </trkpt>
      <trkpt lat="46.856200704351068" lon="5.694393524900079">
        <ele>287.81</ele>
        <time>2022-05-05T13:45:06Z</time>
      </trkpt>
      <trkpt lat="46.85608453117311" lon="5.694464268162847">
        <ele>287.02999999999997</ele>
        <time>2022-05-05T13:45:15Z</time>
      </trkpt>
      <trkpt lat="46.855947570875287" lon="5.694575663655996">
        <ele>285.74000000000001</ele>
        <time>2022-05-05T13:45:26Z</time>
      </trkpt>
      <trkpt lat="46.855843383818865" lon="5.694669121876359">
        <ele>284.69999999999999</ele>
        <time>2022-05-05T13:45:35Z</time>
      </trkpt>
      <trkpt lat="46.855744644999504" lon="5.694760736078024">
        <ele>283.75999999999999</ele>
        <time>2022-05-05T13:45:44Z</time>
      </trkpt>
      <trkpt lat="46.855661161243916" lon="5.694832149893045">
        <ele>283.31</ele>
        <time>2022-05-05T13:45:51Z</time>
      </trkpt>
      <trkpt lat="46.855595111846924" lon="5.694907670840621">
        <ele>282.63999999999999</ele>
        <time>2022-05-05T13:45:58Z</time>
      </trkpt>
      <trkpt lat="46.855584047734737" lon="5.694916052743793">
        <ele>282.63999999999999</ele>
        <time>2022-05-05T13:45:59Z</time>
      </trkpt>
      <trkpt lat="46.855574324727058" lon="5.694927703589201">
        <ele>282.69999999999999</ele>
        <time>2022-05-05T13:46:00Z</time>
      </trkpt>
      <trkpt lat="46.855564853176475" lon="5.694937761873007">
        <ele>282.74000000000001</ele>
        <time>2022-05-05T13:46:01Z</time>
      </trkpt>
      <trkpt lat="46.855555549263954" lon="5.694946143776178">
        <ele>282.77999999999997</ele>
        <time>2022-05-05T13:46:02Z</time>
      </trkpt>
      <trkpt lat="46.855545742437243" lon="5.694955866783857">
        <ele>282.81999999999999</ele>
        <time>2022-05-05T13:46:03Z</time>
      </trkpt>
      <trkpt lat="46.855473322793841" lon="5.695036165416241">
        <ele>282.45999999999998</ele>
        <time>2022-05-05T13:46:10Z</time>
      </trkpt>
      <trkpt lat="46.855377517640591" lon="5.695128701627255">
        <ele>281.86000000000001</ele>
        <time>2022-05-05T13:46:18Z</time>
      </trkpt>
      <trkpt lat="46.855277102440596" lon="5.695217885077">
        <ele>281.27999999999997</ele>
        <time>2022-05-05T13:46:27Z</time>
      </trkpt>
      <trkpt lat="46.855199569836259" lon="5.695298183709383">
        <ele>280.33999999999997</ele>
        <time>2022-05-05T13:46:34Z</time>
      </trkpt>
      <trkpt lat="46.855085995048285" lon="5.695345709100366">
        <ele>278.89999999999998</ele>
        <time>2022-05-05T13:46:43Z</time>
      </trkpt>
      <trkpt lat="46.854966385290027" lon="5.695363227277994">
        <ele>277.51999999999998</ele>
        <time>2022-05-05T13:46:52Z</time>
      </trkpt>
      <trkpt lat="46.854856079444289" lon="5.695342272520065">
        <ele>276.16000000000003</ele>
        <time>2022-05-05T13:46:59Z</time>
      </trkpt>
      <trkpt lat="46.85475206002593" lon="5.695346966385841">
        <ele>274.91000000000003</ele>
        <time>2022-05-05T13:47:07Z</time>
      </trkpt>
      <trkpt lat="46.8546171952039" lon="5.695388959720731">
        <ele>273.44999999999999</ele>
        <time>2022-05-05T13:47:15Z</time>
      </trkpt>
      <trkpt lat="46.854526670649648" lon="5.695470431819558">
        <ele>272.77999999999997</ele>
        <time>2022-05-05T13:47:23Z</time>
      </trkpt>
      <trkpt lat="46.854443186894059" lon="5.695556178689003">
        <ele>272.61000000000001</ele>
        <time>2022-05-05T13:47:30Z</time>
      </trkpt>
      <trkpt lat="46.854349812492728" lon="5.695675536990166">
        <ele>272.70999999999998</ele>
        <time>2022-05-05T13:47:39Z</time>
      </trkpt>
      <trkpt lat="46.854237914085388" lon="5.695789949968457">
        <ele>272.57999999999998</ele>
        <time>2022-05-05T13:47:49Z</time>
      </trkpt>
      <trkpt lat="46.854133727028966" lon="5.69588148035109">
        <ele>272.72000000000003</ele>
        <time>2022-05-05T13:47:59Z</time>
      </trkpt>
      <trkpt lat="46.85403130017221" lon="5.695983907207847">
        <ele>273.24000000000001</ele>
        <time>2022-05-05T13:48:09Z</time>
      </trkpt>
      <trkpt lat="46.853975811973214" lon="5.696047777310014">
        <ele>273.02999999999997</ele>
        <time>2022-05-05T13:48:15Z</time>
      </trkpt>
      <trkpt lat="46.853872295469046" lon="5.696137379854918">
        <ele>272.76999999999998</ele>
        <time>2022-05-05T13:48:23Z</time>
      </trkpt>
      <trkpt lat="46.853757379576564" lon="5.696237711235881">
        <ele>272.80000000000001</ele>
        <time>2022-05-05T13:48:33Z</time>
      </trkpt>
      <trkpt lat="46.853669118136168" lon="5.696324715390801">
        <ele>272.94</ele>
        <time>2022-05-05T13:48:41Z</time>
      </trkpt>
      <trkpt lat="46.853593094274402" lon="5.696401158347726">
        <ele>273.05000000000001</ele>
        <time>2022-05-05T13:48:48Z</time>
      </trkpt>
      <trkpt lat="46.853489996865392" lon="5.696492772549391">
        <ele>273.14999999999998</ele>
        <time>2022-05-05T13:48:57Z</time>
      </trkpt>
      <trkpt lat="46.853398466482759" lon="5.696577848866582">
        <ele>273.47000000000003</ele>
        <time>2022-05-05T13:49:05Z</time>
      </trkpt>
      <trkpt lat="46.853311378508806" lon="5.696647167205811">
        <ele>273.68000000000001</ele>
        <time>2022-05-05T13:49:13Z</time>
      </trkpt>
      <trkpt lat="46.853198390454054" lon="5.696732830256224">
        <ele>274.10000000000002</ele>
        <time>2022-05-05T13:49:22Z</time>
      </trkpt>
      <trkpt lat="46.85315664857626" lon="5.696765100583434">
        <ele>274.20999999999998</ele>
        <time>2022-05-05T13:49:26Z</time>
      </trkpt>
      <trkpt lat="46.853144159540534" lon="5.696780942380428">
        <ele>274.20999999999998</ele>
        <time>2022-05-05T13:49:27Z</time>
      </trkpt>
      <trkpt lat="46.853132341057062" lon="5.696791084483266">
        <ele>274.24000000000001</ele>
        <time>2022-05-05T13:49:28Z</time>
      </trkpt>
      <trkpt lat="46.853031422942877" lon="5.696872556582093">
        <ele>275.18000000000001</ele>
        <time>2022-05-05T13:49:37Z</time>
      </trkpt>
      <trkpt lat="46.852935198694468" lon="5.696956794708967">
        <ele>275.55000000000001</ele>
        <time>2022-05-05T13:49:46Z</time>
      </trkpt>
      <trkpt lat="46.852838303893805" lon="5.697050588205457">
        <ele>276.44</ele>
        <time>2022-05-05T13:49:55Z</time>
      </trkpt>
      <trkpt lat="46.852725483477116" lon="5.697160391137004">
        <ele>277.24000000000001</ele>
        <time>2022-05-05T13:50:06Z</time>
      </trkpt>
      <trkpt lat="46.852636383846402" lon="5.697255693376064">
        <ele>277.69</ele>
        <time>2022-05-05T13:50:14Z</time>
      </trkpt>
      <trkpt lat="46.852549714967608" lon="5.697353929281235">
        <ele>278.07999999999998</ele>
        <time>2022-05-05T13:50:22Z</time>
      </trkpt>
      <trkpt lat="46.852476205676794" lon="5.697458116337657">
        <ele>278.64999999999998</ele>
        <time>2022-05-05T13:50:30Z</time>
      </trkpt>
      <trkpt lat="46.852387022227049" lon="5.697604883462191">
        <ele>280.13</ele>
        <time>2022-05-05T13:50:40Z</time>
      </trkpt>
      <trkpt lat="46.852268166840076" lon="5.697717452421784">
        <ele>281.01999999999998</ele>
        <time>2022-05-05T13:50:51Z</time>
      </trkpt>
      <trkpt lat="46.852222066372633" lon="5.697743352502585">
        <ele>281.33999999999997</ele>
        <time>2022-05-05T13:50:55Z</time>
      </trkpt>
      <trkpt lat="46.852212427183986" lon="5.697753243148327">
        <ele>281.39999999999998</ele>
        <time>2022-05-05T13:50:56Z</time>
      </trkpt>
      <trkpt lat="46.852136068046093" lon="5.697838151827455">
        <ele>281.41000000000003</ele>
        <time>2022-05-05T13:51:03Z</time>
      </trkpt>
      <trkpt lat="46.852122154086828" lon="5.69784477353096">
        <ele>281.41000000000003</ele>
        <time>2022-05-05T13:51:04Z</time>
      </trkpt>
      <trkpt lat="46.852110000327229" lon="5.697854580357671">
        <ele>281.38</ele>
        <time>2022-05-05T13:51:05Z</time>
      </trkpt>
      <trkpt lat="46.852099355310202" lon="5.697865644469857">
        <ele>281.36000000000001</ele>
        <time>2022-05-05T13:51:06Z</time>
      </trkpt>
      <trkpt lat="46.852090219035745" lon="5.697877546772361">
        <ele>281.35000000000002</ele>
        <time>2022-05-05T13:51:07Z</time>
      </trkpt>
      <trkpt lat="46.852081082761288" lon="5.69788777269423">
        <ele>281.33999999999997</ele>
        <time>2022-05-05T13:51:08Z</time>
      </trkpt>
      <trkpt lat="46.852071275934577" lon="5.697898417711258">
        <ele>281.33999999999997</ele>
        <time>2022-05-05T13:51:09Z</time>
      </trkpt>
      <trkpt lat="46.851967507973313" lon="5.698001766577363">
        <ele>281.04000000000002</ele>
        <time>2022-05-05T13:51:19Z</time>
      </trkpt>
      <trkpt lat="46.851935237646103" lon="5.698025990277529">
        <ele>281.00999999999999</ele>
        <time>2022-05-05T13:51:22Z</time>
      </trkpt>
      <trkpt lat="46.8519267719239" lon="5.698038563132286">
        <ele>280.99000000000001</ele>
        <time>2022-05-05T13:51:23Z</time>
      </trkpt>
      <trkpt lat="46.851919898763299" lon="5.698054656386375">
        <ele>280.95999999999998</ele>
        <time>2022-05-05T13:51:29Z</time>
      </trkpt>
      <trkpt lat="46.851897435262799" lon="5.698048453778029">
        <ele>281.06999999999999</ele>
        <time>2022-05-05T13:51:51Z</time>
      </trkpt>
      <trkpt lat="46.851891065016389" lon="5.698055243119597">
        <ele>281.04000000000002</ele>
        <time>2022-05-05T13:52:07Z</time>
      </trkpt>
      <trkpt lat="46.851890310645103" lon="5.698084998875856">
        <ele>281.04000000000002</ele>
        <time>2022-05-05T13:52:40Z</time>
      </trkpt>
      <trkpt lat="46.851880503818393" lon="5.698111904785037">
        <ele>280.83999999999997</ele>
        <time>2022-05-05T13:52:52Z</time>
      </trkpt>
      <trkpt lat="46.851866506040096" lon="5.698127914220095">
        <ele>280.88</ele>
        <time>2022-05-05T13:52:57Z</time>
      </trkpt>
      <trkpt lat="46.851857453584671" lon="5.698135206475854">
        <ele>280.87</ele>
        <time>2022-05-05T13:52:58Z</time>
      </trkpt>
      <trkpt lat="46.85182903893292" lon="5.69815943017602">
        <ele>280.52999999999997</ele>
        <time>2022-05-05T13:53:01Z</time>
      </trkpt>
      <trkpt lat="46.851769778877497" lon="5.6982087995857">
        <ele>280.75999999999999</ele>
        <time>2022-05-05T13:53:07Z</time>
      </trkpt>
      <trkpt lat="46.851687887683511" lon="5.698270490393043">
        <ele>280.55000000000001</ele>
        <time>2022-05-05T13:53:14Z</time>
      </trkpt>
      <trkpt lat="46.851677745580673" lon="5.698277447372675">
        <ele>280.51999999999998</ele>
        <time>2022-05-05T13:53:15Z</time>
      </trkpt>
      <trkpt lat="46.851593507453799" lon="5.698360092937946">
        <ele>280.05000000000001</ele>
        <time>2022-05-05T13:53:23Z</time>
      </trkpt>
      <trkpt lat="46.851500887423754" lon="5.69844382815063">
        <ele>279.69</ele>
        <time>2022-05-05T13:53:32Z</time>
      </trkpt>
      <trkpt lat="46.851394269615412" lon="5.698527563363314">
        <ele>279.38</ele>
        <time>2022-05-05T13:53:42Z</time>
      </trkpt>
      <trkpt lat="46.851311791688204" lon="5.698598138988018">
        <ele>279.00999999999999</ele>
        <time>2022-05-05T13:53:50Z</time>
      </trkpt>
      <trkpt lat="46.851234678179026" lon="5.698677180334926">
        <ele>278.68000000000001</ele>
        <time>2022-05-05T13:53:57Z</time>
      </trkpt>
      <trkpt lat="46.851222440600395" lon="5.698686568066478">
        <ele>278.66000000000003</ele>
        <time>2022-05-05T13:53:58Z</time>
      </trkpt>
      <trkpt lat="46.851203162223101" lon="5.698709031566978">
        <ele>278.62</ele>
        <time>2022-05-05T13:54:00Z</time>
      </trkpt>
      <trkpt lat="46.851191930472851" lon="5.698718754574657">
        <ele>278.58999999999997</ele>
        <time>2022-05-05T13:54:01Z</time>
      </trkpt>
      <trkpt lat="46.851088581606746" lon="5.698828054592013">
        <ele>278.22000000000003</ele>
        <time>2022-05-05T13:54:11Z</time>
      </trkpt>
      <trkpt lat="46.851001409813762" lon="5.698914807289839">
        <ele>277.97000000000003</ele>
        <time>2022-05-05T13:54:19Z</time>
      </trkpt>
      <trkpt lat="46.850933264940977" lon="5.698989825323224">
        <ele>277.79000000000002</ele>
        <time>2022-05-05T13:54:26Z</time>
      </trkpt>
      <trkpt lat="46.850858498364687" lon="5.699045984074473">
        <ele>277.30000000000001</ele>
        <time>2022-05-05T13:54:33Z</time>
      </trkpt>
      <trkpt lat="46.850732183083892" lon="5.699156709015369">
        <ele>276.60000000000002</ele>
        <time>2022-05-05T13:54:44Z</time>
      </trkpt>
      <trkpt lat="46.850658757612109" lon="5.699222423136234">
        <ele>275.82999999999998</ele>
        <time>2022-05-05T13:54:51Z</time>
      </trkpt>
      <trkpt lat="46.850584410130978" lon="5.699291992932558">
        <ele>275.44999999999999</ele>
        <time>2022-05-05T13:54:58Z</time>
      </trkpt>
      <trkpt lat="46.850490029901266" lon="5.699378661811352">
        <ele>275.04000000000002</ele>
        <time>2022-05-05T13:55:06Z</time>
      </trkpt>
      <trkpt lat="46.850420041009784" lon="5.699458122253418">
        <ele>274.75999999999999</ele>
        <time>2022-05-05T13:55:13Z</time>
      </trkpt>
      <trkpt lat="46.850322224199772" lon="5.699559794738889">
        <ele>274.07999999999998</ele>
        <time>2022-05-05T13:55:22Z</time>
      </trkpt>
      <trkpt lat="46.850232118740678" lon="5.69965367205441">
        <ele>273.73000000000002</ele>
        <time>2022-05-05T13:55:31Z</time>
      </trkpt>
      <trkpt lat="46.85013061389327" lon="5.699740843847394">
        <ele>273.27999999999997</ele>
        <time>2022-05-05T13:55:40Z</time>
      </trkpt>
      <trkpt lat="46.850056853145361" lon="5.699817789718509">
        <ele>273.10000000000002</ele>
        <time>2022-05-05T13:55:47Z</time>
      </trkpt>
      <trkpt lat="46.84996104799211" lon="5.699918624013662">
        <ele>272.72000000000003</ele>
        <time>2022-05-05T13:55:56Z</time>
      </trkpt>
      <trkpt lat="46.849862141534686" lon="5.700012166053057">
        <ele>272.44999999999999</ele>
        <time>2022-05-05T13:56:05Z</time>
      </trkpt>
      <trkpt lat="46.849849987775087" lon="5.70001820102334">
        <ele>272.39999999999998</ele>
        <time>2022-05-05T13:56:06Z</time>
      </trkpt>
      <trkpt lat="46.849839091300964" lon="5.700027504935861">
        <ele>272.36000000000001</ele>
        <time>2022-05-05T13:56:07Z</time>
      </trkpt>
      <trkpt lat="46.849749991670251" lon="5.7001031935215">
        <ele>272.23000000000002</ele>
        <time>2022-05-05T13:56:15Z</time>
      </trkpt>
      <trkpt lat="46.849706741049886" lon="5.700140660628676">
        <ele>272.19</ele>
        <time>2022-05-05T13:56:19Z</time>
      </trkpt>
      <trkpt lat="46.849696850404143" lon="5.70015549659729">
        <ele>272.19</ele>
        <time>2022-05-05T13:56:20Z</time>
      </trkpt>
      <trkpt lat="46.849685199558735" lon="5.700167734175921">
        <ele>272.19</ele>
        <time>2022-05-05T13:56:21Z</time>
      </trkpt>
      <trkpt lat="46.849673045799136" lon="5.700176199898124">
        <ele>272.18000000000001</ele>
        <time>2022-05-05T13:56:22Z</time>
      </trkpt>
      <trkpt lat="46.849659467115998" lon="5.700183575972915">
        <ele>272.18000000000001</ele>
        <time>2022-05-05T13:56:23Z</time>
      </trkpt>
      <trkpt lat="46.849646642804146" lon="5.700192041695118">
        <ele>272.18000000000001</ele>
        <time>2022-05-05T13:56:24Z</time>
      </trkpt>
      <trkpt lat="46.849635243415833" lon="5.700201345607638">
        <ele>272.17000000000002</ele>
        <time>2022-05-05T13:56:25Z</time>
      </trkpt>
      <trkpt lat="46.849624766036868" lon="5.70021215826273">
        <ele>272.14999999999998</ele>
        <time>2022-05-05T13:56:26Z</time>
      </trkpt>
      <trkpt lat="46.849613199010491" lon="5.700219450518489">
        <ele>272.13999999999999</ele>
        <time>2022-05-05T13:56:27Z</time>
      </trkpt>
      <trkpt lat="46.849602134898305" lon="5.700229005888104">
        <ele>272.13</ele>
        <time>2022-05-05T13:56:28Z</time>
      </trkpt>
      <trkpt lat="46.849589226767421" lon="5.700236298143864">
        <ele>272.12</ele>
        <time>2022-05-05T13:56:29Z</time>
      </trkpt>
      <trkpt lat="46.849576150998473" lon="5.700242836028338">
        <ele>272.12</ele>
        <time>2022-05-05T13:56:30Z</time>
      </trkpt>
      <trkpt lat="46.849563745781779" lon="5.700248787179589">
        <ele>272.10000000000002</ele>
        <time>2022-05-05T13:56:31Z</time>
      </trkpt>
      <trkpt lat="46.849551172927022" lon="5.700255995616317">
        <ele>272.07999999999998</ele>
        <time>2022-05-05T13:56:32Z</time>
      </trkpt>
      <trkpt lat="46.849539773538709" lon="5.700266053900123">
        <ele>272.06999999999999</ele>
        <time>2022-05-05T13:56:33Z</time>
      </trkpt>
      <trkpt lat="46.849529715254903" lon="5.700278878211975">
        <ele>272.06</ele>
        <time>2022-05-05T13:56:34Z</time>
      </trkpt>
      <trkpt lat="46.849520076066256" lon="5.700290612876415">
        <ele>272.05000000000001</ele>
        <time>2022-05-05T13:56:35Z</time>
      </trkpt>
      <trkpt lat="46.84951001778245" lon="5.700302263721824">
        <ele>272.04000000000002</ele>
        <time>2022-05-05T13:56:36Z</time>
      </trkpt>
      <trkpt lat="46.849498618394136" lon="5.700311735272408">
        <ele>272.02999999999997</ele>
        <time>2022-05-05T13:56:37Z</time>
      </trkpt>
      <trkpt lat="46.849487302824855" lon="5.700319865718484">
        <ele>272.02999999999997</ele>
        <time>2022-05-05T13:56:38Z</time>
      </trkpt>
      <trkpt lat="46.849475232884288" lon="5.700325481593609">
        <ele>272.04000000000002</ele>
        <time>2022-05-05T13:56:39Z</time>
      </trkpt>
      <trkpt lat="46.849461486563087" lon="5.700327912345529">
        <ele>272.02999999999997</ele>
        <time>2022-05-05T13:56:40Z</time>
      </trkpt>
      <trkpt lat="46.849447907879949" lon="5.700331516563892">
        <ele>272.04000000000002</ele>
        <time>2022-05-05T13:56:41Z</time>
      </trkpt>
      <trkpt lat="46.849437095224857" lon="5.700340736657381">
        <ele>272.06</ele>
        <time>2022-05-05T13:56:42Z</time>
      </trkpt>
      <trkpt lat="46.84942695312202" lon="5.700349370017648">
        <ele>272.07999999999998</ele>
        <time>2022-05-05T13:56:43Z</time>
      </trkpt>
      <trkpt lat="46.849413625895977" lon="5.700359763577581">
        <ele>272.16000000000003</ele>
        <time>2022-05-05T13:56:50Z</time>
      </trkpt>
      <trkpt lat="46.849385295063257" lon="5.700308131054044">
        <ele>272.12</ele>
        <time>2022-05-05T13:57:04Z</time>
      </trkpt>
      <trkpt lat="46.84936149045825" lon="5.700249206274748">
        <ele>271.87</ele>
        <time>2022-05-05T13:57:13Z</time>
      </trkpt>
      <trkpt lat="46.849336344748735" lon="5.70019899867475">
        <ele>271.44999999999999</ele>
        <time>2022-05-05T13:57:25Z</time>
      </trkpt>
      <trkpt lat="46.849317234009504" lon="5.700179301202297">
        <ele>271.42000000000002</ele>
        <time>2022-05-05T13:57:28Z</time>
      </trkpt>
      <trkpt lat="46.849287813529372" lon="5.700053405016661">
        <ele>271.31999999999999</ele>
        <time>2022-05-05T13:57:35Z</time>
      </trkpt>
      <trkpt lat="46.849290495738387" lon="5.70003823377192">
        <ele>271.30000000000001</ele>
        <time>2022-05-05T13:57:36Z</time>
      </trkpt>
      <trkpt lat="46.849327040836215" lon="5.700066229328513">
        <ele>271.10000000000002</ele>
        <time>2022-05-05T13:57:54Z</time>
      </trkpt>
      <trkpt lat="46.84935805387795" lon="5.700131691992283">
        <ele>271.45999999999998</ele>
        <time>2022-05-05T13:58:05Z</time>
      </trkpt>
      <trkpt lat="46.849370207637548" lon="5.700156167149544">
        <ele>271.35000000000002</ele>
        <time>2022-05-05T13:58:07Z</time>
      </trkpt>
      <trkpt lat="46.84939376078546" lon="5.700351633131504">
        <ele>271.57999999999998</ele>
        <time>2022-05-05T13:58:14Z</time>
      </trkpt>
      <trkpt lat="46.849340284243226" lon="5.700428495183587">
        <ele>272.01999999999998</ele>
        <time>2022-05-05T13:58:19Z</time>
      </trkpt>
      <trkpt lat="46.84928965754807" lon="5.700472081080079">
        <ele>272.23000000000002</ele>
        <time>2022-05-05T13:58:28Z</time>
      </trkpt>
      <trkpt lat="46.849258057773113" lon="5.700490521267057">
        <ele>272.24000000000001</ele>
        <time>2022-05-05T13:58:34Z</time>
      </trkpt>
      <trkpt lat="46.8492466583848" lon="5.700499825179577">
        <ele>272.26999999999998</ele>
        <time>2022-05-05T13:58:35Z</time>
      </trkpt>
      <trkpt lat="46.849233582615852" lon="5.700511643663049">
        <ele>272.44</ele>
        <time>2022-05-05T13:58:36Z</time>
      </trkpt>
      <trkpt lat="46.849221512675285" lon="5.700522707775235">
        <ele>272.61000000000001</ele>
        <time>2022-05-05T13:58:37Z</time>
      </trkpt>
      <trkpt lat="46.849209275096655" lon="5.700532263144851">
        <ele>272.75</ele>
        <time>2022-05-05T13:58:38Z</time>
      </trkpt>
      <trkpt lat="46.849198127165437" lon="5.700540645048022">
        <ele>272.82999999999998</ele>
        <time>2022-05-05T13:58:39Z</time>
      </trkpt>
      <trkpt lat="46.849107518792152" lon="5.700584733858705">
        <ele>272.54000000000002</ele>
        <time>2022-05-05T13:58:46Z</time>
      </trkpt>
      <trkpt lat="46.84908002614975" lon="5.700596384704113">
        <ele>272.54000000000002</ele>
        <time>2022-05-05T13:58:48Z</time>
      </trkpt>
      <trkpt lat="46.849068710580468" lon="5.700605688616633">
        <ele>272.54000000000002</ele>
        <time>2022-05-05T13:58:49Z</time>
      </trkpt>
      <trkpt lat="46.849056892096996" lon="5.700614657253027">
        <ele>272.54000000000002</ele>
        <time>2022-05-05T13:58:50Z</time>
      </trkpt>
      <trkpt lat="46.849044319242239" lon="5.700622787699103">
        <ele>272.56</ele>
        <time>2022-05-05T13:58:51Z</time>
      </trkpt>
      <trkpt lat="46.849030824378133" lon="5.70063041523099">
        <ele>272.56999999999999</ele>
        <time>2022-05-05T13:58:52Z</time>
      </trkpt>
      <trkpt lat="46.849018419161439" lon="5.700641563162208">
        <ele>272.57999999999998</ele>
        <time>2022-05-05T13:58:53Z</time>
      </trkpt>
      <trkpt lat="46.849006684496999" lon="5.700652459636331">
        <ele>272.58999999999997</ele>
        <time>2022-05-05T13:58:54Z</time>
      </trkpt>
      <trkpt lat="46.848992770537734" lon="5.700661176815629">
        <ele>272.60000000000002</ele>
        <time>2022-05-05T13:58:55Z</time>
      </trkpt>
      <trkpt lat="46.848978353664279" lon="5.700667630881071">
        <ele>272.61000000000001</ele>
        <time>2022-05-05T13:58:56Z</time>
      </trkpt>
      <trkpt lat="46.848962595686316" lon="5.700672240927815">
        <ele>272.62</ele>
        <time>2022-05-05T13:58:57Z</time>
      </trkpt>
      <trkpt lat="46.848872574046254" lon="5.700718509033322">
        <ele>272.63999999999999</ele>
        <time>2022-05-05T13:59:04Z</time>
      </trkpt>
      <trkpt lat="46.848749862983823" lon="5.700779780745506">
        <ele>272.99000000000001</ele>
        <time>2022-05-05T13:59:13Z</time>
      </trkpt>
      <trkpt lat="46.848649699240923" lon="5.700841806828976">
        <ele>273.37</ele>
        <time>2022-05-05T13:59:21Z</time>
      </trkpt>
      <trkpt lat="46.848602090030909" lon="5.700853206217289">
        <ele>273.50999999999999</ele>
        <time>2022-05-05T13:59:24Z</time>
      </trkpt>
      <trkpt lat="46.848493712022901" lon="5.700901402160525">
        <ele>273.73000000000002</ele>
        <time>2022-05-05T13:59:32Z</time>
      </trkpt>
      <trkpt lat="46.848393715918064" lon="5.700936438515782">
        <ele>274.12</ele>
        <time>2022-05-05T13:59:40Z</time>
      </trkpt>
      <trkpt lat="46.848310651257634" lon="5.700936606153846">
        <ele>274.44</ele>
        <time>2022-05-05T13:59:46Z</time>
      </trkpt>
      <trkpt lat="46.848276536911726" lon="5.70095244795084">
        <ele>274.61000000000001</ele>
        <time>2022-05-05T13:59:49Z</time>
      </trkpt>
      <trkpt lat="46.848262287676334" lon="5.700955549255014">
        <ele>274.63999999999999</ele>
        <time>2022-05-05T13:59:50Z</time>
      </trkpt>
      <trkpt lat="46.848247367888689" lon="5.700958231464028">
        <ele>274.67000000000002</ele>
        <time>2022-05-05T13:59:51Z</time>
      </trkpt>
      <trkpt lat="46.848231526091695" lon="5.700961668044329">
        <ele>274.70999999999998</ele>
        <time>2022-05-05T13:59:52Z</time>
      </trkpt>
      <trkpt lat="46.848214762285352" lon="5.700967200100422">
        <ele>274.75</ele>
        <time>2022-05-05T13:59:53Z</time>
      </trkpt>
      <trkpt lat="46.848118118941784" lon="5.700991004705429">
        <ele>274.88</ele>
        <time>2022-05-05T14:00:00Z</time>
      </trkpt>
      <trkpt lat="46.848000437021255" lon="5.701008355244994">
        <ele>274.93000000000001</ele>
        <time>2022-05-05T14:00:07Z</time>
      </trkpt>
      <trkpt lat="46.847911421209574" lon="5.701037524268031">
        <ele>275.08999999999997</ele>
        <time>2022-05-05T14:00:14Z</time>
      </trkpt>
      <trkpt lat="46.847897674888372" lon="5.701039368286729">
        <ele>275.16000000000003</ele>
        <time>2022-05-05T14:00:15Z</time>
      </trkpt>
      <trkpt lat="46.847773622721434" lon="5.701067028567195">
        <ele>275.25</ele>
        <time>2022-05-05T14:00:24Z</time>
      </trkpt>
      <trkpt lat="46.847642529755831" lon="5.701115224510431">
        <ele>275.35000000000002</ele>
        <time>2022-05-05T14:00:33Z</time>
      </trkpt>
      <trkpt lat="46.847562901675701" lon="5.701213125139475">
        <ele>275.5</ele>
        <time>2022-05-05T14:00:41Z</time>
      </trkpt>
      <trkpt lat="46.847532643005252" lon="5.701275486499071">
        <ele>275.55000000000001</ele>
        <time>2022-05-05T14:00:45Z</time>
      </trkpt>
      <trkpt lat="46.847537588328123" lon="5.701298033818603">
        <ele>275.56</ele>
        <time>2022-05-05T14:00:51Z</time>
      </trkpt>
      <trkpt lat="46.847538594156504" lon="5.701316641643643">
        <ele>275.60000000000002</ele>
        <time>2022-05-05T14:01:05Z</time>
      </trkpt>
      <trkpt lat="46.847527781501412" lon="5.701343379914761">
        <ele>275.55000000000001</ele>
        <time>2022-05-05T14:01:09Z</time>
      </trkpt>
      <trkpt lat="46.847522500902414" lon="5.701358467340469">
        <ele>275.57999999999998</ele>
        <time>2022-05-05T14:01:10Z</time>
      </trkpt>
      <trkpt lat="46.847515124827623" lon="5.701389731839299">
        <ele>275.30000000000001</ele>
        <time>2022-05-05T14:01:12Z</time>
      </trkpt>
      <trkpt lat="46.847510263323784" lon="5.701405154541135">
        <ele>275.19999999999999</ele>
        <time>2022-05-05T14:01:13Z</time>
      </trkpt>
      <trkpt lat="46.847505234181881" lon="5.701424432918429">
        <ele>275.37</ele>
        <time>2022-05-05T14:01:14Z</time>
      </trkpt>
      <trkpt lat="46.847501378506422" lon="5.701443376019597">
        <ele>275.58999999999997</ele>
        <time>2022-05-05T14:01:15Z</time>
      </trkpt>
      <trkpt lat="46.847494840621948" lon="5.701458463445306">
        <ele>275.70999999999998</ele>
        <time>2022-05-05T14:01:16Z</time>
      </trkpt>
      <trkpt lat="46.847486877813935" lon="5.701474221423268">
        <ele>275.77999999999997</ele>
        <time>2022-05-05T14:01:17Z</time>
      </trkpt>
      <trkpt lat="46.847466677427292" lon="5.701542450115085">
        <ele>275.99000000000001</ele>
        <time>2022-05-05T14:01:21Z</time>
      </trkpt>
      <trkpt lat="46.847455529496074" lon="5.701577067375183">
        <ele>276.26999999999998</ele>
        <time>2022-05-05T14:01:28Z</time>
      </trkpt>
      <trkpt lat="46.847446477040648" lon="5.701643200591207">
        <ele>276.43000000000001</ele>
        <time>2022-05-05T14:01:45Z</time>
      </trkpt>
      <trkpt lat="46.84744262136519" lon="5.701659377664328">
        <ele>276.47000000000003</ele>
        <time>2022-05-05T14:01:46Z</time>
      </trkpt>
      <trkpt lat="46.847438178956509" lon="5.701675973832607">
        <ele>276.47000000000003</ele>
        <time>2022-05-05T14:01:47Z</time>
      </trkpt>
      <trkpt lat="46.847402723506093" lon="5.701837744563818">
        <ele>276.36000000000001</ele>
        <time>2022-05-05T14:01:55Z</time>
      </trkpt>
      <trkpt lat="46.847345810383558" lon="5.701994821429253">
        <ele>276.63</ele>
        <time>2022-05-05T14:02:04Z</time>
      </trkpt>
      <trkpt lat="46.847340194508433" lon="5.702015273272991">
        <ele>276.67000000000002</ele>
        <time>2022-05-05T14:02:05Z</time>
      </trkpt>
      <trkpt lat="46.847332986071706" lon="5.702035976573825">
        <ele>276.72000000000003</ele>
        <time>2022-05-05T14:02:06Z</time>
      </trkpt>
      <trkpt lat="46.847294345498085" lon="5.702169751748443">
        <ele>276.94</ele>
        <time>2022-05-05T14:02:14Z</time>
      </trkpt>
      <trkpt lat="46.847245479002595" lon="5.702307214960456">
        <ele>277.05000000000001</ele>
        <time>2022-05-05T14:02:22Z</time>
      </trkpt>
      <trkpt lat="46.847206754609942" lon="5.702461777254939">
        <ele>277.18000000000001</ele>
        <time>2022-05-05T14:02:29Z</time>
      </trkpt>
      <trkpt lat="46.84713969938457" lon="5.702622709795833">
        <ele>277.41000000000003</ele>
        <time>2022-05-05T14:02:38Z</time>
      </trkpt>
      <trkpt lat="46.847103824838996" lon="5.702735111117363">
        <ele>277.69999999999999</ele>
        <time>2022-05-05T14:02:45Z</time>
      </trkpt>
      <trkpt lat="46.847038445994258" lon="5.702856564894319">
        <ele>277.87</ele>
        <time>2022-05-05T14:02:53Z</time>
      </trkpt>
      <trkpt lat="46.84695353731513" lon="5.702993189916015">
        <ele>278.04000000000002</ele>
        <time>2022-05-05T14:03:03Z</time>
      </trkpt>
      <trkpt lat="46.846876507624984" lon="5.703119589015842">
        <ele>278.68000000000001</ele>
        <time>2022-05-05T14:03:12Z</time>
      </trkpt>
      <trkpt lat="46.846810458227992" lon="5.703258980065584">
        <ele>278.88</ele>
        <time>2022-05-05T14:03:20Z</time>
      </trkpt>
      <trkpt lat="46.846758741885424" lon="5.703408345580101">
        <ele>278.81</ele>
        <time>2022-05-05T14:03:28Z</time>
      </trkpt>
      <trkpt lat="46.846706522628665" lon="5.703545138239861">
        <ele>278.77999999999997</ele>
        <time>2022-05-05T14:03:36Z</time>
      </trkpt>
      <trkpt lat="46.846684059128165" lon="5.703701879829168">
        <ele>279.20999999999998</ele>
        <time>2022-05-05T14:03:45Z</time>
      </trkpt>
      <trkpt lat="46.846684394404292" lon="5.703770192340016">
        <ele>279.5</ele>
        <time>2022-05-05T14:03:52Z</time>
      </trkpt>
      <trkpt lat="46.846683472394943" lon="5.703795840963721">
        <ele>279.50999999999999</ele>
        <time>2022-05-05T14:03:53Z</time>
      </trkpt>
      <trkpt lat="46.846681544557214" lon="5.703827273100615">
        <ele>279.54000000000002</ele>
        <time>2022-05-05T14:03:54Z</time>
      </trkpt>
      <trkpt lat="46.846677856519818" lon="5.703849820420146">
        <ele>279.56</ele>
        <time>2022-05-05T14:03:55Z</time>
      </trkpt>
      <trkpt lat="46.846665954217315" lon="5.70386272855103">
        <ele>279.58999999999997</ele>
        <time>2022-05-05T14:03:56Z</time>
      </trkpt>
      <trkpt lat="46.846649190410972" lon="5.703868512064219">
        <ele>279.61000000000001</ele>
        <time>2022-05-05T14:03:57Z</time>
      </trkpt>
      <trkpt lat="46.846632678061724" lon="5.703873205929995">
        <ele>279.63</ele>
        <time>2022-05-05T14:03:58Z</time>
      </trkpt>
      <trkpt lat="46.846619183197618" lon="5.703877480700612">
        <ele>279.63999999999999</ele>
        <time>2022-05-05T14:03:59Z</time>
      </trkpt>
      <trkpt lat="46.846595881506801" lon="5.703906398266554">
        <ele>279.61000000000001</ele>
        <time>2022-05-05T14:04:02Z</time>
      </trkpt>
      <trkpt lat="46.84659143909812" lon="5.703923916444182">
        <ele>279.56999999999999</ele>
        <time>2022-05-05T14:04:03Z</time>
      </trkpt>
      <trkpt lat="46.846590852364898" lon="5.703944284468889">
        <ele>279.55000000000001</ele>
        <time>2022-05-05T14:04:04Z</time>
      </trkpt>
      <trkpt lat="46.846595210954547" lon="5.703963059931994">
        <ele>279.54000000000002</ele>
        <time>2022-05-05T14:04:05Z</time>
      </trkpt>
      <trkpt lat="46.846603341400623" lon="5.703982673585415">
        <ele>279.52999999999997</ele>
        <time>2022-05-05T14:04:06Z</time>
      </trkpt>
      <trkpt lat="46.846610801294446" lon="5.704048806801438">
        <ele>279.57999999999998</ele>
        <time>2022-05-05T14:04:10Z</time>
      </trkpt>
      <trkpt lat="46.846587248146534" lon="5.704204458743334">
        <ele>279.74000000000001</ele>
        <time>2022-05-05T14:04:18Z</time>
      </trkpt>
      <trkpt lat="46.846551625058055" lon="5.704375114291906">
        <ele>279.99000000000001</ele>
        <time>2022-05-05T14:04:26Z</time>
      </trkpt>
      <trkpt lat="46.846520444378257" lon="5.704549457877874">
        <ele>280.32999999999998</ele>
        <time>2022-05-05T14:04:34Z</time>
      </trkpt>
      <trkpt lat="46.846506949514151" lon="5.70474517531693">
        <ele>281.23000000000002</ele>
        <time>2022-05-05T14:04:44Z</time>
      </trkpt>
      <trkpt lat="46.846481552347541" lon="5.70490644313395">
        <ele>281.51999999999998</ele>
        <time>2022-05-05T14:04:53Z</time>
      </trkpt>
      <trkpt lat="46.846480630338192" lon="5.704953633248806">
        <ele>281.73000000000002</ele>
        <time>2022-05-05T14:04:55Z</time>
      </trkpt>
      <trkpt lat="46.846413407474756" lon="5.704995039850473">
        <ele>281.88</ele>
        <time>2022-05-05T14:05:01Z</time>
      </trkpt>
      <trkpt lat="46.846308885142207" lon="5.705016916617751">
        <ele>282.01999999999998</ele>
        <time>2022-05-05T14:05:09Z</time>
      </trkpt>
      <trkpt lat="46.846243003383279" lon="5.705080702900887">
        <ele>282.31</ele>
        <time>2022-05-05T14:05:15Z</time>
      </trkpt>
      <trkpt lat="46.846155412495136" lon="5.705234510824084">
        <ele>281.86000000000001</ele>
        <time>2022-05-05T14:05:25Z</time>
      </trkpt>
      <trkpt lat="46.846095817163587" lon="5.705325538292527">
        <ele>281.88999999999999</ele>
        <time>2022-05-05T14:05:31Z</time>
      </trkpt>
      <trkpt lat="46.846006466075778" lon="5.705374907702208">
        <ele>282</ele>
        <time>2022-05-05T14:05:38Z</time>
      </trkpt>
      <trkpt lat="46.845985930413008" lon="5.705399885773659">
        <ele>282.02999999999997</ele>
        <time>2022-05-05T14:05:40Z</time>
      </trkpt>
      <trkpt lat="46.845864979550242" lon="5.705550508573651">
        <ele>282.20999999999998</ele>
        <time>2022-05-05T14:05:51Z</time>
      </trkpt>
      <trkpt lat="46.845792727544904" lon="5.705635249614716">
        <ele>282.57999999999998</ele>
        <time>2022-05-05T14:05:58Z</time>
      </trkpt>
      <trkpt lat="46.845686696469784" lon="5.705701466649771">
        <ele>282.79000000000002</ele>
        <time>2022-05-05T14:06:06Z</time>
      </trkpt>
      <trkpt lat="46.845615701749921" lon="5.705737508833408">
        <ele>282.87</ele>
        <time>2022-05-05T14:06:11Z</time>
      </trkpt>
      <trkpt lat="46.845505982637405" lon="5.705789560452104">
        <ele>283.13999999999999</ele>
        <time>2022-05-05T14:06:20Z</time>
      </trkpt>
      <trkpt lat="46.845401041209698" lon="5.705852676182985">
        <ele>283.42000000000002</ele>
        <time>2022-05-05T14:06:28Z</time>
      </trkpt>
      <trkpt lat="46.845297692343593" lon="5.705910427495837">
        <ele>283.68000000000001</ele>
        <time>2022-05-05T14:06:36Z</time>
      </trkpt>
      <trkpt lat="46.845205994322896" lon="5.706003466621041">
        <ele>284.10000000000002</ele>
        <time>2022-05-05T14:06:44Z</time>
      </trkpt>
      <trkpt lat="46.845111111178994" lon="5.706138163805008">
        <ele>284.51999999999998</ele>
        <time>2022-05-05T14:06:54Z</time>
      </trkpt>
      <trkpt lat="46.845074230805039" lon="5.706178732216358">
        <ele>284.64999999999998</ele>
        <time>2022-05-05T14:06:57Z</time>
      </trkpt>
      <trkpt lat="46.844997620210052" lon="5.706301191821694">
        <ele>284.94999999999999</ele>
        <time>2022-05-05T14:07:05Z</time>
      </trkpt>
      <trkpt lat="46.844908436760306" lon="5.706423651427031">
        <ele>285.19999999999999</ele>
        <time>2022-05-05T14:07:15Z</time>
      </trkpt>
      <trkpt lat="46.844826880842447" lon="5.70652817375958">
        <ele>285.19999999999999</ele>
        <time>2022-05-05T14:07:23Z</time>
      </trkpt>
      <trkpt lat="46.844734847545624" lon="5.70660637691617">
        <ele>285.39999999999998</ele>
        <time>2022-05-05T14:07:31Z</time>
      </trkpt>
      <trkpt lat="46.844723951071501" lon="5.706616938114166">
        <ele>285.45999999999998</ele>
        <time>2022-05-05T14:07:32Z</time>
      </trkpt>
      <trkpt lat="46.844636276364326" lon="5.706684831529856">
        <ele>285.75</ele>
        <time>2022-05-05T14:07:40Z</time>
      </trkpt>
      <trkpt lat="46.844587242230773" lon="5.706715593114495">
        <ele>285.76999999999998</ele>
        <time>2022-05-05T14:07:44Z</time>
      </trkpt>
      <trkpt lat="46.844482216984034" lon="5.706750210374594">
        <ele>285.94999999999999</ele>
        <time>2022-05-05T14:07:52Z</time>
      </trkpt>
      <trkpt lat="46.844351375475526" lon="5.706808045506477">
        <ele>286.31</ele>
        <time>2022-05-05T14:08:03Z</time>
      </trkpt>
      <trkpt lat="46.84422992169857" lon="5.706881554797292">
        <ele>286.69</ele>
        <time>2022-05-05T14:08:13Z</time>
      </trkpt>
      <trkpt lat="46.844125483185053" lon="5.706951711326838">
        <ele>287.31</ele>
        <time>2022-05-05T14:08:22Z</time>
      </trkpt>
      <trkpt lat="46.844041496515274" lon="5.70702999830246">
        <ele>287.75</ele>
        <time>2022-05-05T14:08:30Z</time>
      </trkpt>
      <trkpt lat="46.844033114612103" lon="5.707045253366232">
        <ele>287.76999999999998</ele>
        <time>2022-05-05T14:08:31Z</time>
      </trkpt>
      <trkpt lat="46.843959353864193" lon="5.707126809284091">
        <ele>287.75</ele>
        <time>2022-05-05T14:08:38Z</time>
      </trkpt>
      <trkpt lat="46.843863213434815" lon="5.707245413213968">
        <ele>288.13999999999999</ele>
        <time>2022-05-05T14:08:47Z</time>
      </trkpt>
      <trkpt lat="46.84376765973866" lon="5.70735203102231">
        <ele>288.63</ele>
        <time>2022-05-05T14:08:56Z</time>
      </trkpt>
      <trkpt lat="46.843663891777396" lon="5.707479603588581">
        <ele>289.33999999999997</ele>
        <time>2022-05-05T14:09:06Z</time>
      </trkpt>
      <trkpt lat="46.843614354729652" lon="5.707548754289746">
        <ele>289.70999999999998</ele>
        <time>2022-05-05T14:09:11Z</time>
      </trkpt>
      <trkpt lat="46.84351310133934" lon="5.707671632990241">
        <ele>290.54000000000002</ele>
        <time>2022-05-05T14:09:21Z</time>
      </trkpt>
      <trkpt lat="46.843427522107959" lon="5.707776490598917">
        <ele>291</ele>
        <time>2022-05-05T14:09:30Z</time>
      </trkpt>
      <trkpt lat="46.843356359750032" lon="5.707864416763187">
        <ele>291.26999999999998</ele>
        <time>2022-05-05T14:09:38Z</time>
      </trkpt>
      <trkpt lat="46.843275809660554" lon="5.707957539707422">
        <ele>291.50999999999999</ele>
        <time>2022-05-05T14:09:46Z</time>
      </trkpt>
      <trkpt lat="46.843183944001794" lon="5.708061475306749">
        <ele>292.14999999999998</ele>
        <time>2022-05-05T14:09:55Z</time>
      </trkpt>
      <trkpt lat="46.843096604570746" lon="5.708162477239966">
        <ele>292.61000000000001</ele>
        <time>2022-05-05T14:10:03Z</time>
      </trkpt>
      <trkpt lat="46.843002140522003" lon="5.708261635154486">
        <ele>293.25999999999999</ele>
        <time>2022-05-05T14:10:12Z</time>
      </trkpt>
      <trkpt lat="46.842902228236198" lon="5.708358781412244">
        <ele>293.72000000000003</ele>
        <time>2022-05-05T14:10:21Z</time>
      </trkpt>
      <trkpt lat="46.842809272930026" lon="5.708459028974176">
        <ele>294.20999999999998</ele>
        <time>2022-05-05T14:10:29Z</time>
      </trkpt>
      <trkpt lat="46.842713886871934" lon="5.708532202988863">
        <ele>294.47000000000003</ele>
        <time>2022-05-05T14:10:37Z</time>
      </trkpt>
      <trkpt lat="46.842605425044894" lon="5.708617111667991">
        <ele>294.80000000000001</ele>
        <time>2022-05-05T14:10:46Z</time>
      </trkpt>
      <trkpt lat="46.842481959611177" lon="5.708708474412561">
        <ele>295.33999999999997</ele>
        <time>2022-05-05T14:10:56Z</time>
      </trkpt>
      <trkpt lat="46.842326978221536" lon="5.708774356171489">
        <ele>296.20999999999998</ele>
        <time>2022-05-05T14:11:08Z</time>
      </trkpt>
      <trkpt lat="46.842221198603511" lon="5.708787851035595">
        <ele>296.76999999999998</ele>
        <time>2022-05-05T14:11:16Z</time>
      </trkpt>
      <trkpt lat="46.84213662520051" lon="5.708801429718733">
        <ele>296.89999999999998</ele>
        <time>2022-05-05T14:11:22Z</time>
      </trkpt>
      <trkpt lat="46.84206479229033" lon="5.708799753338099">
        <ele>297.02999999999997</ele>
        <time>2022-05-05T14:11:28Z</time>
      </trkpt>
      <trkpt lat="46.841966137290001" lon="5.708783324807882">
        <ele>296.74000000000001</ele>
        <time>2022-05-05T14:11:36Z</time>
      </trkpt>
      <trkpt lat="46.841879971325397" lon="5.708752563223243">
        <ele>296.56</ele>
        <time>2022-05-05T14:11:43Z</time>
      </trkpt>
      <trkpt lat="46.841871337965131" lon="5.708749461919069">
        <ele>296.54000000000002</ele>
        <time>2022-05-05T14:11:44Z</time>
      </trkpt>
      <trkpt lat="46.841853065416217" lon="5.708754993975163">
        <ele>296.51999999999998</ele>
        <time>2022-05-05T14:11:46Z</time>
      </trkpt>
      <trkpt lat="46.84176379814744" lon="5.708743007853627">
        <ele>296.37</ele>
        <time>2022-05-05T14:11:54Z</time>
      </trkpt>
      <trkpt lat="46.841647960245609" lon="5.708727249875665">
        <ele>296.60000000000002</ele>
        <time>2022-05-05T14:12:04Z</time>
      </trkpt>
      <trkpt lat="46.841556681320071" lon="5.708714174106717">
        <ele>296.55000000000001</ele>
        <time>2022-05-05T14:12:12Z</time>
      </trkpt>
      <trkpt lat="46.841512676328421" lon="5.7087133359164">
        <ele>296.50999999999999</ele>
        <time>2022-05-05T14:12:15Z</time>
      </trkpt>
      <trkpt lat="46.841381499543786" lon="5.708800256252289">
        <ele>296.44</ele>
        <time>2022-05-05T14:12:24Z</time>
      </trkpt>
      <trkpt lat="46.841311845928431" lon="5.708811488002539">
        <ele>296.39999999999998</ele>
        <time>2022-05-05T14:12:31Z</time>
      </trkpt>
      <trkpt lat="46.841252334415913" lon="5.708908969536424">
        <ele>296.72000000000003</ele>
        <time>2022-05-05T14:12:40Z</time>
      </trkpt>
      <trkpt lat="46.841215873137116" lon="5.708927577361465">
        <ele>297.68000000000001</ele>
        <time>2022-05-05T14:12:50Z</time>
      </trkpt>
      <trkpt lat="46.841140519827604" lon="5.708973342552781">
        <ele>297.49000000000001</ele>
        <time>2022-05-05T14:12:59Z</time>
      </trkpt>
      <trkpt lat="46.841005738824606" lon="5.709039224311709">
        <ele>297.26999999999998</ele>
        <time>2022-05-05T14:13:10Z</time>
      </trkpt>
      <trkpt lat="46.840924266725779" lon="5.709086749702692">
        <ele>297.56</ele>
        <time>2022-05-05T14:13:17Z</time>
      </trkpt>
      <trkpt lat="46.840904653072357" lon="5.709098484367132">
        <ele>297.57999999999998</ele>
        <time>2022-05-05T14:13:19Z</time>
      </trkpt>
      <trkpt lat="46.840852936729789" lon="5.709139471873641">
        <ele>297.5</ele>
        <time>2022-05-05T14:13:23Z</time>
      </trkpt>
      <trkpt lat="46.840782025828958" lon="5.709209544584155">
        <ele>297.54000000000002</ele>
        <time>2022-05-05T14:13:28Z</time>
      </trkpt>
      <trkpt lat="46.840716227889061" lon="5.709253717213869">
        <ele>297.67000000000002</ele>
        <time>2022-05-05T14:13:32Z</time>
      </trkpt>
      <trkpt lat="46.840688735246658" lon="5.709280371665955">
        <ele>297.75</ele>
        <time>2022-05-05T14:13:34Z</time>
      </trkpt>
      <trkpt lat="46.840552110224962" lon="5.709351785480976">
        <ele>298.31999999999999</ele>
        <time>2022-05-05T14:13:45Z</time>
      </trkpt>
      <trkpt lat="46.840503495186567" lon="5.70938715711236">
        <ele>298.56</ele>
        <time>2022-05-05T14:13:51Z</time>
      </trkpt>
      <trkpt lat="46.840436942875385" lon="5.709456391632557">
        <ele>298.93000000000001</ele>
        <time>2022-05-05T14:13:57Z</time>
      </trkpt>
      <trkpt lat="46.840374078601599" lon="5.709506012499332">
        <ele>299.18000000000001</ele>
        <time>2022-05-05T14:14:02Z</time>
      </trkpt>
      <trkpt lat="46.840300988405943" lon="5.709534427151084">
        <ele>299.5</ele>
        <time>2022-05-05T14:14:08Z</time>
      </trkpt>
      <trkpt lat="46.840208955109119" lon="5.709629561752081">
        <ele>299.82999999999998</ele>
        <time>2022-05-05T14:14:15Z</time>
      </trkpt>
      <trkpt lat="46.840144162997603" lon="5.709684966132045">
        <ele>300.00999999999999</ele>
        <time>2022-05-05T14:14:22Z</time>
      </trkpt>
      <trkpt lat="46.840117005631328" lon="5.709770964458585">
        <ele>300.07999999999998</ele>
        <time>2022-05-05T14:14:28Z</time>
      </trkpt>
      <trkpt lat="46.840070737525821" lon="5.709763756021857">
        <ele>300.19999999999999</ele>
        <time>2022-05-05T14:14:32Z</time>
      </trkpt>
      <trkpt lat="46.839959174394608" lon="5.709667364135385">
        <ele>300.37</ele>
        <time>2022-05-05T14:14:40Z</time>
      </trkpt>
      <trkpt lat="46.839930424466729" lon="5.709642386063933">
        <ele>300.38</ele>
        <time>2022-05-05T14:14:42Z</time>
      </trkpt>
      <trkpt lat="46.83980830013752" lon="5.709557309746742">
        <ele>300.39999999999998</ele>
        <time>2022-05-05T14:14:50Z</time>
      </trkpt>
      <trkpt lat="46.839718278497458" lon="5.709553034976125">
        <ele>300.58999999999997</ele>
        <time>2022-05-05T14:14:56Z</time>
      </trkpt>
      <trkpt lat="46.83966807089746" lon="5.709498636424542">
        <ele>301.08999999999997</ele>
        <time>2022-05-05T14:15:02Z</time>
      </trkpt>
      <trkpt lat="46.8395312782377" lon="5.709402244538069">
        <ele>301.41000000000003</ele>
        <time>2022-05-05T14:15:12Z</time>
      </trkpt>
      <trkpt lat="46.839488530531526" lon="5.709401741623879">
        <ele>301.56999999999999</ele>
        <time>2022-05-05T14:15:16Z</time>
      </trkpt>
      <trkpt lat="46.839407561346889" lon="5.709325801581144">
        <ele>302.06</ele>
        <time>2022-05-05T14:15:25Z</time>
      </trkpt>
      <trkpt lat="46.839361544698477" lon="5.709311300888658">
        <ele>302.58999999999997</ele>
        <time>2022-05-05T14:15:32Z</time>
      </trkpt>
      <trkpt lat="46.839248221367598" lon="5.7093436550349">
        <ele>303.13</ele>
        <time>2022-05-05T14:15:40Z</time>
      </trkpt>
      <trkpt lat="46.83916431851685" lon="5.709364945068955">
        <ele>303.63</ele>
        <time>2022-05-05T14:15:46Z</time>
      </trkpt>
      <trkpt lat="46.839095083996654" lon="5.709360921755433">
        <ele>304.19</ele>
        <time>2022-05-05T14:15:55Z</time>
      </trkpt>
      <trkpt lat="46.839033141732216" lon="5.709387073293328">
        <ele>304.32999999999998</ele>
        <time>2022-05-05T14:16:02Z</time>
      </trkpt>
      <trkpt lat="46.838944042101502" lon="5.709433006122708">
        <ele>304.56999999999999</ele>
        <time>2022-05-05T14:16:10Z</time>
      </trkpt>
      <trkpt lat="46.83881881646812" lon="5.709401406347752">
        <ele>305.27999999999997</ele>
        <time>2022-05-05T14:16:19Z</time>
      </trkpt>
      <trkpt lat="46.838719742372632" lon="5.709398053586483">
        <ele>305.31</ele>
        <time>2022-05-05T14:16:26Z</time>
      </trkpt>
      <trkpt lat="46.838652854785323" lon="5.709384893998504">
        <ele>305.5</ele>
        <time>2022-05-05T14:16:31Z</time>
      </trkpt>
      <trkpt lat="46.83862779289484" lon="5.70937542244792">
        <ele>305.57999999999998</ele>
        <time>2022-05-05T14:16:33Z</time>
      </trkpt>
      <trkpt lat="46.838603904470801" lon="5.70936762727797">
        <ele>305.64999999999998</ele>
        <time>2022-05-05T14:16:35Z</time>
      </trkpt>
      <trkpt lat="46.838506506755948" lon="5.709308199584484">
        <ele>305.99000000000001</ele>
        <time>2022-05-05T14:16:42Z</time>
      </trkpt>
      <trkpt lat="46.838465938344598" lon="5.709291771054268">
        <ele>306.00999999999999</ele>
        <time>2022-05-05T14:16:45Z</time>
      </trkpt>
      <trkpt lat="46.838334510102868" lon="5.709244664758444">
        <ele>306.29000000000002</ele>
        <time>2022-05-05T14:16:53Z</time>
      </trkpt>
      <trkpt lat="46.838244656100869" lon="5.709200240671635">
        <ele>306.52999999999997</ele>
        <time>2022-05-05T14:16:59Z</time>
      </trkpt>
      <trkpt lat="46.838193442672491" lon="5.709173921495676">
        <ele>306.75999999999999</ele>
        <time>2022-05-05T14:17:05Z</time>
      </trkpt>
      <trkpt lat="46.838100990280509" lon="5.709161935374141">
        <ele>306.98000000000002</ele>
        <time>2022-05-05T14:17:14Z</time>
      </trkpt>
      <trkpt lat="46.837973250076175" lon="5.709091778844595">
        <ele>307.61000000000001</ele>
        <time>2022-05-05T14:17:25Z</time>
      </trkpt>
      <trkpt lat="46.837906697764993" lon="5.709093287587166">
        <ele>307.75999999999999</ele>
        <time>2022-05-05T14:17:31Z</time>
      </trkpt>
      <trkpt lat="46.837816508486867" lon="5.709058502689004">
        <ele>308.07999999999998</ele>
        <time>2022-05-05T14:17:38Z</time>
      </trkpt>
      <trkpt lat="46.837774431332946" lon="5.709053054451942">
        <ele>308.13</ele>
        <time>2022-05-05T14:17:41Z</time>
      </trkpt>
      <trkpt lat="46.837731851264834" lon="5.70903193205595">
        <ele>308.16000000000003</ele>
        <time>2022-05-05T14:17:44Z</time>
      </trkpt>
      <trkpt lat="46.837633866816759" lon="5.708993040025234">
        <ele>308.75999999999999</ele>
        <time>2022-05-05T14:17:54Z</time>
      </trkpt>
      <trkpt lat="46.837519872933626" lon="5.708971666172147">
        <ele>309.18000000000001</ele>
        <time>2022-05-05T14:18:02Z</time>
      </trkpt>
      <trkpt lat="46.837432533502579" lon="5.708967642858625">
        <ele>309.43000000000001</ele>
        <time>2022-05-05T14:18:08Z</time>
      </trkpt>
      <trkpt lat="46.837358186021447" lon="5.708946688100696">
        <ele>309.81999999999999</ele>
        <time>2022-05-05T14:18:14Z</time>
      </trkpt>
      <trkpt lat="46.837285179644823" lon="5.708928247913718">
        <ele>310.42000000000002</ele>
        <time>2022-05-05T14:18:21Z</time>
      </trkpt>
      <trkpt lat="46.837195158004761" lon="5.70898063480854">
        <ele>310.88999999999999</ele>
        <time>2022-05-05T14:18:27Z</time>
      </trkpt>
      <trkpt lat="46.837149225175381" lon="5.70900653488934">
        <ele>310.88</ele>
        <time>2022-05-05T14:18:29Z</time>
      </trkpt>
      <trkpt lat="46.837028693407774" lon="5.709021119400859">
        <ele>310.80000000000001</ele>
        <time>2022-05-05T14:18:36Z</time>
      </trkpt>
      <trkpt lat="46.83698401786387" lon="5.709020532667637">
        <ele>311</ele>
        <time>2022-05-05T14:18:39Z</time>
      </trkpt>
      <trkpt lat="46.836914783343673" lon="5.708948783576489">
        <ele>311.29000000000002</ele>
        <time>2022-05-05T14:18:46Z</time>
      </trkpt>
      <trkpt lat="46.836855607107282" lon="5.708927074447274">
        <ele>311.67000000000002</ele>
        <time>2022-05-05T14:18:52Z</time>
      </trkpt>
      <trkpt lat="46.836763573810458" lon="5.7088652998209">
        <ele>311.94</ele>
        <time>2022-05-05T14:18:59Z</time>
      </trkpt>
      <trkpt lat="46.836715210229158" lon="5.708827413618565">
        <ele>311.94999999999999</ele>
        <time>2022-05-05T14:19:02Z</time>
      </trkpt>
      <trkpt lat="46.836613873019814" lon="5.708748204633594">
        <ele>312.33999999999997</ele>
        <time>2022-05-05T14:19:10Z</time>
      </trkpt>
      <trkpt lat="46.836557714268565" lon="5.708730854094029">
        <ele>312.47000000000003</ele>
        <time>2022-05-05T14:19:15Z</time>
      </trkpt>
      <trkpt lat="46.836522342637181" lon="5.708689615130425">
        <ele>312.48000000000002</ele>
        <time>2022-05-05T14:19:18Z</time>
      </trkpt>
      <trkpt lat="46.836455622687936" lon="5.708690285682678">
        <ele>312.61000000000001</ele>
        <time>2022-05-05T14:19:23Z</time>
      </trkpt>
      <trkpt lat="46.836427710950375" lon="5.708677712827921">
        <ele>312.67000000000002</ele>
        <time>2022-05-05T14:19:25Z</time>
      </trkpt>
      <trkpt lat="46.836370462551713" lon="5.708624487742782">
        <ele>312.94</ele>
        <time>2022-05-05T14:19:33Z</time>
      </trkpt>
      <trkpt lat="46.836260408163071" lon="5.708585344254971">
        <ele>313.69999999999999</ele>
        <time>2022-05-05T14:19:43Z</time>
      </trkpt>
      <trkpt lat="46.836137026548386" lon="5.708521725609899">
        <ele>313.93000000000001</ele>
        <time>2022-05-05T14:19:52Z</time>
      </trkpt>
      <trkpt lat="46.836092351004481" lon="5.708514349535108">
        <ele>313.95999999999998</ele>
        <time>2022-05-05T14:19:55Z</time>
      </trkpt>
      <trkpt lat="46.835980536416173" lon="5.708523988723755">
        <ele>314.24000000000001</ele>
        <time>2022-05-05T14:20:01Z</time>
      </trkpt>
      <trkpt lat="46.835896633565426" lon="5.708481576293707">
        <ele>314.67000000000002</ele>
        <time>2022-05-05T14:20:09Z</time>
      </trkpt>
      <trkpt lat="46.83582304045558" lon="5.708452994003892">
        <ele>314.76999999999998</ele>
        <time>2022-05-05T14:20:15Z</time>
      </trkpt>
      <trkpt lat="46.835755649954081" lon="5.708477301523089">
        <ele>314.92000000000002</ele>
        <time>2022-05-05T14:20:23Z</time>
      </trkpt>
      <trkpt lat="46.835727822035551" lon="5.708489371463656">
        <ele>315.16000000000003</ele>
        <time>2022-05-05T14:20:26Z</time>
      </trkpt>
      <trkpt lat="46.835601925849915" lon="5.708545111119747">
        <ele>315.94999999999999</ele>
        <time>2022-05-05T14:20:37Z</time>
      </trkpt>
      <trkpt lat="46.835570242255926" lon="5.708566568791866">
        <ele>315.95999999999998</ele>
        <time>2022-05-05T14:20:39Z</time>
      </trkpt>
      <trkpt lat="46.835508216172457" lon="5.70855843834579">
        <ele>315.93000000000001</ele>
        <time>2022-05-05T14:20:46Z</time>
      </trkpt>
      <trkpt lat="46.835332615301013" lon="5.708536226302385">
        <ele>316.51999999999998</ele>
        <time>2022-05-05T14:20:59Z</time>
      </trkpt>
      <trkpt lat="46.835249466821551" lon="5.708549050614238">
        <ele>316.5</ele>
        <time>2022-05-05T14:21:04Z</time>
      </trkpt>
      <trkpt lat="46.835158774629235" lon="5.708597833290696">
        <ele>316.66000000000003</ele>
        <time>2022-05-05T14:21:10Z</time>
      </trkpt>
      <trkpt lat="46.835066908970475" lon="5.708627421408892">
        <ele>316.81</ele>
        <time>2022-05-05T14:21:17Z</time>
      </trkpt>
      <trkpt lat="46.834992226213217" lon="5.708598839119077">
        <ele>317</ele>
        <time>2022-05-05T14:21:23Z</time>
      </trkpt>
      <trkpt lat="46.834864066913724" lon="5.708606382831931">
        <ele>317.23000000000002</ele>
        <time>2022-05-05T14:21:32Z</time>
      </trkpt>
      <trkpt lat="46.834732554852962" lon="5.708581069484353">
        <ele>317.38999999999999</ele>
        <time>2022-05-05T14:21:40Z</time>
      </trkpt>
      <trkpt lat="46.834660973399878" lon="5.708576878532767">
        <ele>317.49000000000001</ele>
        <time>2022-05-05T14:21:46Z</time>
      </trkpt>
      <trkpt lat="46.834607748314738" lon="5.708538154140115">
        <ele>317.79000000000002</ele>
        <time>2022-05-05T14:21:57Z</time>
      </trkpt>
      <trkpt lat="46.834596348926425" lon="5.708468751981854">
        <ele>317.94</ele>
        <time>2022-05-05T14:22:07Z</time>
      </trkpt>
      <trkpt lat="46.834629876539111" lon="5.708446204662323">
        <ele>318.26999999999998</ele>
        <time>2022-05-05T14:22:19Z</time>
      </trkpt>
      <trkpt lat="46.834631888195872" lon="5.708422316238284">
        <ele>317.99000000000001</ele>
        <time>2022-05-05T14:22:28Z</time>
      </trkpt>
      <trkpt lat="46.834628451615572" lon="5.708401696756482">
        <ele>317.98000000000002</ele>
        <time>2022-05-05T14:22:46Z</time>
      </trkpt>
      <trkpt lat="46.834620740264654" lon="5.708397002890706">
        <ele>317.88999999999999</ele>
        <time>2022-05-05T14:23:14Z</time>
      </trkpt>
      <trkpt lat="46.834625685587525" lon="5.708404798060656">
        <ele>318.19999999999999</ele>
        <time>2022-05-05T14:23:47Z</time>
      </trkpt>
      <trkpt lat="46.834619231522083" lon="5.708382837474346">
        <ele>318.20999999999998</ele>
        <time>2022-05-05T14:24:21Z</time>
      </trkpt>
      <trkpt lat="46.834607413038611" lon="5.708371605724096">
        <ele>318.25</ele>
        <time>2022-05-05T14:24:47Z</time>
      </trkpt>
      <trkpt lat="46.834621159359813" lon="5.70836590602994">
        <ele>318.13999999999999</ele>
        <time>2022-05-05T14:25:20Z</time>
      </trkpt>
      <trkpt lat="46.834626020863652" lon="5.70836883969605">
        <ele>318.07999999999998</ele>
        <time>2022-05-05T14:25:52Z</time>
      </trkpt>
      <trkpt lat="46.834635827690363" lon="5.708384094759822">
        <ele>317.99000000000001</ele>
        <time>2022-05-05T14:26:10Z</time>
      </trkpt>
      <trkpt lat="46.834617471322417" lon="5.708363056182861">
        <ele>317.85000000000002</ele>
        <time>2022-05-05T14:26:40Z</time>
      </trkpt>
      <trkpt lat="46.834611436352134" lon="5.708349896594882">
        <ele>317.88999999999999</ele>
        <time>2022-05-05T14:27:28Z</time>
      </trkpt>
      <trkpt lat="46.83461713604629" lon="5.708352327346802">
        <ele>317.50999999999999</ele>
        <time>2022-05-05T14:27:56Z</time>
      </trkpt>
      <trkpt lat="46.834628954529762" lon="5.708362804725766">
        <ele>317.88</ele>
        <time>2022-05-05T14:28:21Z</time>
      </trkpt>
      <trkpt lat="46.834642114117742" lon="5.708346962928772">
        <ele>317.75999999999999</ele>
        <time>2022-05-05T14:29:01Z</time>
      </trkpt>
      <trkpt lat="46.834646640345454" lon="5.708357188850641">
        <ele>317.69</ele>
        <time>2022-05-05T14:29:29Z</time>
      </trkpt>
      <trkpt lat="46.834634989500046" lon="5.70836347527802">
        <ele>317.68000000000001</ele>
        <time>2022-05-05T14:30:06Z</time>
      </trkpt>
      <trkpt lat="46.834609927609563" lon="5.708364313468337">
        <ele>318.14999999999998</ele>
        <time>2022-05-05T14:30:37Z</time>
      </trkpt>
      <trkpt lat="46.834599366411567" lon="5.708340257406235">
        <ele>318.26999999999998</ele>
        <time>2022-05-05T14:31:00Z</time>
      </trkpt>
      <trkpt lat="46.834611436352134" lon="5.708341933786869">
        <ele>318.06</ele>
        <time>2022-05-05T14:31:42Z</time>
      </trkpt>
      <trkpt lat="46.83460833504796" lon="5.708350399509072">
        <ele>317.85000000000002</ele>
        <time>2022-05-05T14:32:17Z</time>
      </trkpt>
      <trkpt lat="46.834606323391199" lon="5.708351070061326">
        <ele>317.69999999999999</ele>
        <time>2022-05-05T14:32:50Z</time>
      </trkpt>
      <trkpt lat="46.834608251228929" lon="5.70834000594914">
        <ele>318.12</ele>
        <time>2022-05-05T14:33:26Z</time>
      </trkpt>
      <trkpt lat="46.834585787728429" lon="5.708293905481696">
        <ele>317.86000000000001</ele>
        <time>2022-05-05T14:34:07Z</time>
      </trkpt>
      <trkpt lat="46.834591990336776" lon="5.708327349275351">
        <ele>317.79000000000002</ele>
        <time>2022-05-05T14:34:41Z</time>
      </trkpt>
      <trkpt lat="46.834592577069998" lon="5.708328019827604">
        <ele>317.85000000000002</ele>
        <time>2022-05-05T14:35:21Z</time>
      </trkpt>
      <trkpt lat="46.834608837962151" lon="5.708339083939791">
        <ele>317.76999999999998</ele>
        <time>2022-05-05T14:36:00Z</time>
      </trkpt>
      <trkpt lat="46.834604479372501" lon="5.708329193294048">
        <ele>317.73000000000002</ele>
        <time>2022-05-05T14:36:39Z</time>
      </trkpt>
      <trkpt lat="46.834589308127761" lon="5.708312429487705">
        <ele>318.00999999999999</ele>
        <time>2022-05-05T14:37:18Z</time>
      </trkpt>
      <trkpt lat="46.834607664495707" lon="5.708332294598222">
        <ele>317.88999999999999</ele>
        <time>2022-05-05T14:37:55Z</time>
      </trkpt>
      <trkpt lat="46.834607664495707" lon="5.708343526348472">
        <ele>317.75999999999999</ele>
        <time>2022-05-05T14:38:29Z</time>
      </trkpt>
      <trkpt lat="46.834616297855973" lon="5.708362050354481">
        <ele>317.81</ele>
        <time>2022-05-05T14:38:59Z</time>
      </trkpt>
      <trkpt lat="46.834617387503386" lon="5.708345035091043">
        <ele>317.74000000000001</ele>
        <time>2022-05-05T14:39:43Z</time>
      </trkpt>
      <trkpt lat="46.834608837962151" lon="5.708336066454649">
        <ele>317.60000000000002</ele>
        <time>2022-05-05T14:40:16Z</time>
      </trkpt>
      <trkpt lat="46.834619734436274" lon="5.708350902423263">
        <ele>317.77999999999997</ele>
        <time>2022-05-05T14:40:54Z</time>
      </trkpt>
      <trkpt lat="46.834630211815238" lon="5.708348555490375">
        <ele>317.70999999999998</ele>
        <time>2022-05-05T14:41:32Z</time>
      </trkpt>
      <trkpt lat="46.834649406373501" lon="5.708370348438621">
        <ele>317.77999999999997</ele>
        <time>2022-05-05T14:42:19Z</time>
      </trkpt>
      <trkpt lat="46.834663571789861" lon="5.708362134173513">
        <ele>317.93000000000001</ele>
        <time>2022-05-05T14:43:01Z</time>
      </trkpt>
      <trkpt lat="46.834663487970829" lon="5.708365486934781">
        <ele>317.88999999999999</ele>
        <time>2022-05-05T14:43:35Z</time>
      </trkpt>
      <trkpt lat="46.834654351696372" lon="5.70834687910974">
        <ele>317.87</ele>
        <time>2022-05-05T14:44:19Z</time>
      </trkpt>
      <trkpt lat="46.834652507677674" lon="5.708331456407905">
        <ele>317.72000000000003</ele>
        <time>2022-05-05T14:44:55Z</time>
      </trkpt>
      <trkpt lat="46.834637671709061" lon="5.708335898816586">
        <ele>317.81999999999999</ele>
        <time>2022-05-05T14:45:37Z</time>
      </trkpt>
      <trkpt lat="46.834626272320747" lon="5.70834000594914">
        <ele>317.97000000000003</ele>
        <time>2022-05-05T14:46:24Z</time>
      </trkpt>
      <trkpt lat="46.834615878760815" lon="5.708342185243964">
        <ele>317.73000000000002</ele>
        <time>2022-05-05T14:47:12Z</time>
      </trkpt>
      <trkpt lat="46.834618393331766" lon="5.708330953493714">
        <ele>317.56999999999999</ele>
        <time>2022-05-05T14:47:58Z</time>
      </trkpt>
      <trkpt lat="46.834609257057309" lon="5.708359954878688">
        <ele>317.63</ele>
        <time>2022-05-05T14:48:43Z</time>
      </trkpt>
      <trkpt lat="46.834608083590865" lon="5.708349980413914">
        <ele>317.89999999999998</ele>
        <time>2022-05-05T14:49:25Z</time>
      </trkpt>
      <trkpt lat="46.834599114954472" lon="5.708358278498054">
        <ele>317.88999999999999</ele>
        <time>2022-05-05T14:50:12Z</time>
      </trkpt>
      <trkpt lat="46.834611436352134" lon="5.708345202729106">
        <ele>317.98000000000002</ele>
        <time>2022-05-05T14:50:58Z</time>
      </trkpt>
      <trkpt lat="46.834626607596874" lon="5.708333970978856">
        <ele>317.73000000000002</ele>
        <time>2022-05-05T14:51:39Z</time>
      </trkpt>
      <trkpt lat="46.83459953404963" lon="5.708353333175182">
        <ele>317.55000000000001</ele>
        <time>2022-05-05T14:52:14Z</time>
      </trkpt>
      <trkpt lat="46.834573214873672" lon="5.708349645137787">
        <ele>317.58999999999997</ele>
        <time>2022-05-05T14:52:50Z</time>
      </trkpt>
      <trkpt lat="46.834597606211901" lon="5.70837571285665">
        <ele>317.64999999999998</ele>
        <time>2022-05-05T14:53:31Z</time>
      </trkpt>
      <trkpt lat="46.834596348926425" lon="5.708366995677352">
        <ele>317.57999999999998</ele>
        <time>2022-05-05T14:54:16Z</time>
      </trkpt>
      <trkpt lat="46.834574555978179" lon="5.7083576079458">
        <ele>317.73000000000002</ele>
        <time>2022-05-05T14:54:51Z</time>
      </trkpt>
      <trkpt lat="46.834569862112403" lon="5.708354255184531">
        <ele>317.83999999999997</ele>
        <time>2022-05-05T14:55:22Z</time>
      </trkpt>
      <trkpt lat="46.834591655060649" lon="5.708367330953479">
        <ele>317.44999999999999</ele>
        <time>2022-05-05T14:55:58Z</time>
      </trkpt>
      <trkpt lat="46.834600204601884" lon="5.708367079496384">
        <ele>317.44999999999999</ele>
        <time>2022-05-05T14:56:31Z</time>
      </trkpt>
      <trkpt lat="46.834613783285022" lon="5.708362469449639">
        <ele>317.60000000000002</ele>
        <time>2022-05-05T14:56:55Z</time>
      </trkpt>
      <trkpt lat="46.834614789113402" lon="5.708336737006903">
        <ele>317.37</ele>
        <time>2022-05-05T14:57:19Z</time>
      </trkpt>
      <trkpt lat="46.834617890417576" lon="5.708357775583863">
        <ele>317.61000000000001</ele>
        <time>2022-05-05T14:57:36Z</time>
      </trkpt>
      <trkpt lat="46.834624595940113" lon="5.708395075052977">
        <ele>317.80000000000001</ele>
        <time>2022-05-05T14:57:46Z</time>
      </trkpt>
      <trkpt lat="46.834599450230598" lon="5.708448635414243">
        <ele>317.58999999999997</ele>
        <time>2022-05-05T14:57:55Z</time>
      </trkpt>
      <trkpt lat="46.83451110497117" lon="5.708454167470336">
        <ele>317.76999999999998</ele>
        <time>2022-05-05T14:58:02Z</time>
      </trkpt>
      <trkpt lat="46.834487384185195" lon="5.708455257117748">
        <ele>317.79000000000002</ele>
        <time>2022-05-05T14:58:04Z</time>
      </trkpt>
      <trkpt lat="46.834411276504397" lon="5.708459867164493">
        <ele>317.94</ele>
        <time>2022-05-05T14:58:12Z</time>
      </trkpt>
      <trkpt lat="46.834338856860995" lon="5.708502363413572">
        <ele>318.12</ele>
        <time>2022-05-05T14:58:19Z</time>
      </trkpt>
      <trkpt lat="46.834279345348477" lon="5.708585930988193">
        <ele>318.25999999999999</ele>
        <time>2022-05-05T14:58:28Z</time>
      </trkpt>
      <trkpt lat="46.834250092506409" lon="5.708623984828591">
        <ele>318.32999999999998</ele>
        <time>2022-05-05T14:58:36Z</time>
      </trkpt>
      <trkpt lat="46.834217989817262" lon="5.708684083074331">
        <ele>318.54000000000002</ele>
        <time>2022-05-05T14:58:43Z</time>
      </trkpt>
      <trkpt lat="46.834174655377865" lon="5.708683496341109">
        <ele>318.93000000000001</ele>
        <time>2022-05-05T14:58:53Z</time>
      </trkpt>
      <trkpt lat="46.834107264876366" lon="5.708695901557803">
        <ele>318.87</ele>
        <time>2022-05-05T14:59:00Z</time>
      </trkpt>
      <trkpt lat="46.833989918231964" lon="5.708679556846619">
        <ele>318.86000000000001</ele>
        <time>2022-05-05T14:59:09Z</time>
      </trkpt>
      <trkpt lat="46.83400047942996" lon="5.708699338138104">
        <ele>319.11000000000001</ele>
        <time>2022-05-05T14:59:29Z</time>
      </trkpt>
      <trkpt lat="46.834021434187889" lon="5.708708139136434">
        <ele>319.33999999999997</ele>
        <time>2022-05-05T14:59:38Z</time>
      </trkpt>
      <trkpt lat="46.833853125572205" lon="5.708696320652962">
        <ele>319.19999999999999</ele>
        <time>2022-05-05T14:59:50Z</time>
      </trkpt>
      <trkpt lat="46.833772994577885" lon="5.708600850775838">
        <ele>319.07999999999998</ele>
        <time>2022-05-05T15:00:00Z</time>
      </trkpt>
      <trkpt lat="46.83374734595418" lon="5.708570089191198">
        <ele>318.97000000000003</ele>
        <time>2022-05-05T15:00:03Z</time>
      </trkpt>
      <trkpt lat="46.833680626004934" lon="5.708541255444288">
        <ele>319.07999999999998</ele>
        <time>2022-05-05T15:00:08Z</time>
      </trkpt>
      <trkpt lat="46.8336564861238" lon="5.708497669547796">
        <ele>319.20999999999998</ele>
        <time>2022-05-05T15:00:11Z</time>
      </trkpt>
      <trkpt lat="46.833594292402267" lon="5.708412509411573">
        <ele>319.38</ele>
        <time>2022-05-05T15:00:19Z</time>
      </trkpt>
      <trkpt lat="46.833510138094425" lon="5.708281081169844">
        <ele>319.13</ele>
        <time>2022-05-05T15:00:29Z</time>
      </trkpt>
      <trkpt lat="46.833468731492758" lon="5.708173122256994">
        <ele>319.18000000000001</ele>
        <time>2022-05-05T15:00:37Z</time>
      </trkpt>
      <trkpt lat="46.833400754258037" lon="5.708024511113763">
        <ele>319.66000000000003</ele>
        <time>2022-05-05T15:00:49Z</time>
      </trkpt>
      <trkpt lat="46.833315175026655" lon="5.707958294078708">
        <ele>319.5</ele>
        <time>2022-05-05T15:01:00Z</time>
      </trkpt>
      <trkpt lat="46.833251640200615" lon="5.707884533330798">
        <ele>319.55000000000001</ele>
        <time>2022-05-05T15:01:10Z</time>
      </trkpt>
      <trkpt lat="46.833241246640682" lon="5.707743801176548">
        <ele>320.00999999999999</ele>
        <time>2022-05-05T15:01:32Z</time>
      </trkpt>
      <trkpt lat="46.833320036530495" lon="5.707673309370875">
        <ele>319.62</ele>
        <time>2022-05-05T15:01:56Z</time>
      </trkpt>
      <trkpt lat="46.833315594121814" lon="5.707657551392913">
        <ele>319.61000000000001</ele>
        <time>2022-05-05T15:02:12Z</time>
      </trkpt>
      <trkpt lat="46.833317019045353" lon="5.70766375400126">
        <ele>319.58999999999997</ele>
        <time>2022-05-05T15:02:13Z</time>
      </trkpt>
      <trkpt lat="46.83327385224402" lon="5.707648163661361">
        <ele>319.60000000000002</ele>
        <time>2022-05-05T15:02:23Z</time>
      </trkpt>
      <trkpt lat="46.833252143114805" lon="5.707641877233982">
        <ele>319.72000000000003</ele>
        <time>2022-05-05T15:02:31Z</time>
      </trkpt>
      <trkpt lat="46.83326655998826" lon="5.707598626613617">
        <ele>319.69</ele>
        <time>2022-05-05T15:02:36Z</time>
      </trkpt>
      <trkpt lat="46.833264129236341" lon="5.70750835351646">
        <ele>319.51999999999998</ele>
        <time>2022-05-05T15:02:45Z</time>
      </trkpt>
      <trkpt lat="46.833236049860716" lon="5.707510281354189">
        <ele>319.80000000000001</ele>
        <time>2022-05-05T15:03:01Z</time>
      </trkpt>
      <trkpt lat="46.833242755383253" lon="5.707455044612289">
        <ele>319.24000000000001</ele>
        <time>2022-05-05T15:03:16Z</time>
      </trkpt>
      <trkpt lat="46.8332230579108" lon="5.70731146261096">
        <ele>319.51999999999998</ele>
        <time>2022-05-05T15:03:24Z</time>
      </trkpt>
      <trkpt lat="46.833196403458714" lon="5.707114906981587">
        <ele>319.17000000000002</ele>
        <time>2022-05-05T15:03:36Z</time>
      </trkpt>
      <trkpt lat="46.833168407902122" lon="5.707046259194613">
        <ele>318.92000000000002</ele>
        <time>2022-05-05T15:03:41Z</time>
      </trkpt>
      <trkpt lat="46.83313119225204" lon="5.706978533416987">
        <ele>318.63999999999999</ele>
        <time>2022-05-05T15:03:48Z</time>
      </trkpt>
      <trkpt lat="46.833128677681088" lon="5.706960428506136">
        <ele>318.63999999999999</ele>
        <time>2022-05-05T15:03:49Z</time>
      </trkpt>
      <trkpt lat="46.833121972158551" lon="5.706935534253717">
        <ele>318.63</ele>
        <time>2022-05-05T15:03:50Z</time>
      </trkpt>
      <trkpt lat="46.833118954673409" lon="5.70691080763936">
        <ele>318.61000000000001</ele>
        <time>2022-05-05T15:03:51Z</time>
      </trkpt>
      <trkpt lat="46.833116607740521" lon="5.706885913386941">
        <ele>318.58999999999997</ele>
        <time>2022-05-05T15:03:52Z</time>
      </trkpt>
      <trkpt lat="46.833115601912141" lon="5.706863282248378">
        <ele>318.56</ele>
        <time>2022-05-05T15:03:53Z</time>
      </trkpt>
      <trkpt lat="46.833117948845029" lon="5.706844003871083">
        <ele>318.54000000000002</ele>
        <time>2022-05-05T15:03:54Z</time>
      </trkpt>
      <trkpt lat="46.833123229444027" lon="5.70682916790247">
        <ele>318.51999999999998</ele>
        <time>2022-05-05T15:03:55Z</time>
      </trkpt>
      <trkpt lat="46.833125911653042" lon="5.706811733543873">
        <ele>318.51999999999998</ele>
        <time>2022-05-05T15:03:56Z</time>
      </trkpt>
      <trkpt lat="46.833125492557883" lon="5.706793460994959">
        <ele>318.44999999999999</ele>
        <time>2022-05-05T15:03:57Z</time>
      </trkpt>
      <trkpt lat="46.833131862804294" lon="5.706671169027686">
        <ele>317.93000000000001</ele>
        <time>2022-05-05T15:04:04Z</time>
      </trkpt>
      <trkpt lat="46.833138484507799" lon="5.706556336954236">
        <ele>317.94</ele>
        <time>2022-05-05T15:04:11Z</time>
      </trkpt>
      <trkpt lat="46.833150135353208" lon="5.706473859027028">
        <ele>317.44999999999999</ele>
        <time>2022-05-05T15:04:18Z</time>
      </trkpt>
      <trkpt lat="46.833131527528167" lon="5.706412084400654">
        <ele>316.54000000000002</ele>
        <time>2022-05-05T15:04:27Z</time>
      </trkpt>
      <trkpt lat="46.833138316869736" lon="5.706361960619688">
        <ele>317.13</ele>
        <time>2022-05-05T15:04:35Z</time>
      </trkpt>
      <trkpt lat="46.833136053755879" lon="5.706326002255082">
        <ele>317.23000000000002</ele>
        <time>2022-05-05T15:04:37Z</time>
      </trkpt>
      <trkpt lat="46.833165222778916" lon="5.706162387505174">
        <ele>317.36000000000001</ele>
        <time>2022-05-05T15:04:45Z</time>
      </trkpt>
      <trkpt lat="46.833173772320151" lon="5.706077897921205">
        <ele>317.13999999999999</ele>
        <time>2022-05-05T15:04:49Z</time>
      </trkpt>
      <trkpt lat="46.833174107596278" lon="5.706058032810688">
        <ele>317.06999999999999</ele>
        <time>2022-05-05T15:04:50Z</time>
      </trkpt>
      <trkpt lat="46.833175951614976" lon="5.706038922071457">
        <ele>316.98000000000002</ele>
        <time>2022-05-05T15:04:51Z</time>
      </trkpt>
      <trkpt lat="46.833177963271737" lon="5.706020649522543">
        <ele>316.86000000000001</ele>
        <time>2022-05-05T15:04:52Z</time>
      </trkpt>
      <trkpt lat="46.833178717643023" lon="5.706000281497836">
        <ele>316.74000000000001</ele>
        <time>2022-05-05T15:04:53Z</time>
      </trkpt>
      <trkpt lat="46.833173353224993" lon="5.705970022827387">
        <ele>316.64999999999998</ele>
        <time>2022-05-05T15:04:54Z</time>
      </trkpt>
      <trkpt lat="46.833171173930168" lon="5.705944793298841">
        <ele>316.56999999999999</ele>
        <time>2022-05-05T15:04:55Z</time>
      </trkpt>
      <trkpt lat="46.833168491721153" lon="5.705920485779643">
        <ele>316.5</ele>
        <time>2022-05-05T15:04:56Z</time>
      </trkpt>
      <trkpt lat="46.833164552226663" lon="5.705827446654439">
        <ele>316.22000000000003</ele>
        <time>2022-05-05T15:05:01Z</time>
      </trkpt>
      <trkpt lat="46.83316589333117" lon="5.705793416127563">
        <ele>316.14999999999998</ele>
        <time>2022-05-05T15:05:03Z</time>
      </trkpt>
      <trkpt lat="46.833171090111136" lon="5.705772126093507">
        <ele>316.12</ele>
        <time>2022-05-05T15:05:04Z</time>
      </trkpt>
      <trkpt lat="46.833175951614976" lon="5.7057517580688">
        <ele>316.11000000000001</ele>
        <time>2022-05-05T15:05:05Z</time>
      </trkpt>
      <trkpt lat="46.833185087889433" lon="5.70573122240603">
        <ele>316.08999999999997</ele>
        <time>2022-05-05T15:05:06Z</time>
      </trkpt>
      <trkpt lat="46.833187015727162" lon="5.705711441114545">
        <ele>316.06999999999999</ele>
        <time>2022-05-05T15:05:07Z</time>
      </trkpt>
      <trkpt lat="46.833193637430668" lon="5.705688893795013">
        <ele>316.05000000000001</ele>
        <time>2022-05-05T15:05:08Z</time>
      </trkpt>
      <trkpt lat="46.833200426772237" lon="5.705672968178988">
        <ele>316.02999999999997</ele>
        <time>2022-05-05T15:05:09Z</time>
      </trkpt>
      <trkpt lat="46.833204785361886" lon="5.705654863268137">
        <ele>316</ele>
        <time>2022-05-05T15:05:10Z</time>
      </trkpt>
      <trkpt lat="46.833206294104457" lon="5.705508263781667">
        <ele>315.47000000000003</ele>
        <time>2022-05-05T15:05:17Z</time>
      </trkpt>
      <trkpt lat="46.833224985748529" lon="5.705336602404714">
        <ele>315.22000000000003</ele>
        <time>2022-05-05T15:05:25Z</time>
      </trkpt>
      <trkpt lat="46.833227248862386" lon="5.705178184434772">
        <ele>314.76999999999998</ele>
        <time>2022-05-05T15:05:33Z</time>
      </trkpt>
      <trkpt lat="46.833228254690766" lon="5.705034686252475">
        <ele>314.49000000000001</ele>
        <time>2022-05-05T15:05:39Z</time>
      </trkpt>
      <trkpt lat="46.83322356082499" lon="5.705015156418085">
        <ele>314.43000000000001</ele>
        <time>2022-05-05T15:05:40Z</time>
      </trkpt>
      <trkpt lat="46.8332230579108" lon="5.70499730296433">
        <ele>314.38999999999999</ele>
        <time>2022-05-05T15:05:41Z</time>
      </trkpt>
      <trkpt lat="46.833225237205625" lon="5.704975007101893">
        <ele>314.38</ele>
        <time>2022-05-05T15:05:42Z</time>
      </trkpt>
      <trkpt lat="46.833227081224322" lon="5.704951118677855">
        <ele>314.38</ele>
        <time>2022-05-05T15:05:43Z</time>
      </trkpt>
      <trkpt lat="46.833230433985591" lon="5.704928571358323">
        <ele>314.36000000000001</ele>
        <time>2022-05-05T15:05:44Z</time>
      </trkpt>
      <trkpt lat="46.833230433985591" lon="5.704907281324267">
        <ele>314.31999999999999</ele>
        <time>2022-05-05T15:05:45Z</time>
      </trkpt>
      <trkpt lat="46.83322942815721" lon="5.704884231090546">
        <ele>314.27999999999997</ele>
        <time>2022-05-05T15:05:46Z</time>
      </trkpt>
      <trkpt lat="46.83322842232883" lon="5.704862521961331">
        <ele>314.25</ele>
        <time>2022-05-05T15:05:47Z</time>
      </trkpt>
      <trkpt lat="46.83324015699327" lon="5.704681053757668">
        <ele>313.86000000000001</ele>
        <time>2022-05-05T15:05:56Z</time>
      </trkpt>
      <trkpt lat="46.83324015699327" lon="5.704649537801743">
        <ele>313.81</ele>
        <time>2022-05-05T15:05:58Z</time>
      </trkpt>
      <trkpt lat="46.833241330459714" lon="5.704596564173698">
        <ele>313.76999999999998</ele>
        <time>2022-05-05T15:06:01Z</time>
      </trkpt>
      <trkpt lat="46.833243677392602" lon="5.704444097355008">
        <ele>313.49000000000001</ele>
        <time>2022-05-05T15:06:08Z</time>
      </trkpt>
      <trkpt lat="46.833243928849697" lon="5.704423561692238">
        <ele>313.41000000000003</ele>
        <time>2022-05-05T15:06:09Z</time>
      </trkpt>
      <trkpt lat="46.833247449249029" lon="5.704406881704927">
        <ele>313.31999999999999</ele>
        <time>2022-05-05T15:06:10Z</time>
      </trkpt>
      <trkpt lat="46.833253903314471" lon="5.704390788450837">
        <ele>313.25</ele>
        <time>2022-05-05T15:06:11Z</time>
      </trkpt>
      <trkpt lat="46.833259183913469" lon="5.704361284151673">
        <ele>313.12</ele>
        <time>2022-05-05T15:06:13Z</time>
      </trkpt>
      <trkpt lat="46.833264799788594" lon="5.704330606386066">
        <ele>313.01999999999998</ele>
        <time>2022-05-05T15:06:15Z</time>
      </trkpt>
      <trkpt lat="46.833271672949195" lon="5.704315854236484">
        <ele>313.01999999999998</ele>
        <time>2022-05-05T15:06:16Z</time>
      </trkpt>
      <trkpt lat="46.833281479775906" lon="5.704302527010441">
        <ele>312.99000000000001</ele>
        <time>2022-05-05T15:06:17Z</time>
      </trkpt>
      <trkpt lat="46.833387846127152" lon="5.704228347167373">
        <ele>312.57999999999998</ele>
        <time>2022-05-05T15:06:25Z</time>
      </trkpt>
      <trkpt lat="46.833397401496768" lon="5.70421552285552">
        <ele>312.56999999999999</ele>
        <time>2022-05-05T15:06:26Z</time>
      </trkpt>
      <trkpt lat="46.833404945209622" lon="5.704198591411114">
        <ele>312.55000000000001</ele>
        <time>2022-05-05T15:06:27Z</time>
      </trkpt>
      <trkpt lat="46.833408549427986" lon="5.704179899767041">
        <ele>312.52999999999997</ele>
        <time>2022-05-05T15:06:28Z</time>
      </trkpt>
      <trkpt lat="46.833412824198604" lon="5.704156765714288">
        <ele>312.48000000000002</ele>
        <time>2022-05-05T15:06:29Z</time>
      </trkpt>
      <trkpt lat="46.833416176959872" lon="5.704136062413454">
        <ele>312.41000000000003</ele>
        <time>2022-05-05T15:06:30Z</time>
      </trkpt>
      <trkpt lat="46.833416009321809" lon="5.70411535911262">
        <ele>312.32999999999998</ele>
        <time>2022-05-05T15:06:31Z</time>
      </trkpt>
      <trkpt lat="46.833415254950523" lon="5.704092979431152">
        <ele>312.26999999999998</ele>
        <time>2022-05-05T15:06:32Z</time>
      </trkpt>
      <trkpt lat="46.833411566913128" lon="5.704072276130319">
        <ele>312.19999999999999</ele>
        <time>2022-05-05T15:06:33Z</time>
      </trkpt>
      <trkpt lat="46.833406034857035" lon="5.704054422676563">
        <ele>312.13999999999999</ele>
        <time>2022-05-05T15:06:34Z</time>
      </trkpt>
      <trkpt lat="46.833360018208623" lon="5.70394629612565">
        <ele>311.74000000000001</ele>
        <time>2022-05-05T15:06:41Z</time>
      </trkpt>
      <trkpt lat="46.833339314907789" lon="5.703863315284252">
        <ele>311.60000000000002</ele>
        <time>2022-05-05T15:06:46Z</time>
      </trkpt>
      <trkpt lat="46.833335626870394" lon="5.703845880925655">
        <ele>311.61000000000001</ele>
        <time>2022-05-05T15:06:47Z</time>
      </trkpt>
      <trkpt lat="46.833340991288424" lon="5.703809838742018">
        <ele>311.63</ele>
        <time>2022-05-05T15:06:49Z</time>
      </trkpt>
      <trkpt lat="46.83335155248642" lon="5.70378745906055">
        <ele>311.63</ele>
        <time>2022-05-05T15:06:50Z</time>
      </trkpt>
      <trkpt lat="46.833409136161208" lon="5.703678242862225">
        <ele>311.50999999999999</ele>
        <time>2022-05-05T15:06:55Z</time>
      </trkpt>
      <trkpt lat="46.83341265656054" lon="5.703654689714313">
        <ele>311.44</ele>
        <time>2022-05-05T15:06:56Z</time>
      </trkpt>
      <trkpt lat="46.833446938544512" lon="5.703476406633854">
        <ele>311</ele>
        <time>2022-05-05T15:07:05Z</time>
      </trkpt>
      <trkpt lat="46.833511395379901" lon="5.703295860439539">
        <ele>310.66000000000003</ele>
        <time>2022-05-05T15:07:13Z</time>
      </trkpt>
      <trkpt lat="46.833522208034992" lon="5.703164767473936">
        <ele>310.36000000000001</ele>
        <time>2022-05-05T15:07:20Z</time>
      </trkpt>
      <trkpt lat="46.833576774224639" lon="5.703023532405496">
        <ele>310.07999999999998</ele>
        <time>2022-05-05T15:07:26Z</time>
      </trkpt>
      <trkpt lat="46.83357828296721" lon="5.703005343675613">
        <ele>310.01999999999998</ele>
        <time>2022-05-05T15:07:27Z</time>
      </trkpt>
      <trkpt lat="46.833578534424305" lon="5.702985394746065">
        <ele>309.95999999999998</ele>
        <time>2022-05-05T15:07:28Z</time>
      </trkpt>
      <trkpt lat="46.833577696233988" lon="5.702966786921024">
        <ele>309.88999999999999</ele>
        <time>2022-05-05T15:07:29Z</time>
      </trkpt>
      <trkpt lat="46.833574762567878" lon="5.702945748344064">
        <ele>309.81</ele>
        <time>2022-05-05T15:07:30Z</time>
      </trkpt>
      <trkpt lat="46.833568224683404" lon="5.702923620119691">
        <ele>309.75</ele>
        <time>2022-05-05T15:07:31Z</time>
      </trkpt>
      <trkpt lat="46.833569314330816" lon="5.70290207862854">
        <ele>309.69</ele>
        <time>2022-05-05T15:07:32Z</time>
      </trkpt>
      <trkpt lat="46.833574678748846" lon="5.702881459146738">
        <ele>309.63999999999999</ele>
        <time>2022-05-05T15:07:33Z</time>
      </trkpt>
      <trkpt lat="46.833615247160196" lon="5.702734440565109">
        <ele>309.49000000000001</ele>
        <time>2022-05-05T15:07:40Z</time>
      </trkpt>
      <trkpt lat="46.833613738417625" lon="5.702713401988149">
        <ele>309.47000000000003</ele>
        <time>2022-05-05T15:07:41Z</time>
      </trkpt>
      <trkpt lat="46.833612564951181" lon="5.702696805819869">
        <ele>309.41000000000003</ele>
        <time>2022-05-05T15:07:42Z</time>
      </trkpt>
      <trkpt lat="46.833613570779562" lon="5.702681383118033">
        <ele>309.31</ele>
        <time>2022-05-05T15:07:43Z</time>
      </trkpt>
      <trkpt lat="46.833613654598594" lon="5.702665206044912">
        <ele>309.19999999999999</ele>
        <time>2022-05-05T15:07:44Z</time>
      </trkpt>
      <trkpt lat="46.83361642062664" lon="5.702649699524045">
        <ele>309.08999999999997</ele>
        <time>2022-05-05T15:07:45Z</time>
      </trkpt>
      <trkpt lat="46.833620443940163" lon="5.702632097527385">
        <ele>309.00999999999999</ele>
        <time>2022-05-05T15:07:46Z</time>
      </trkpt>
      <trkpt lat="46.83369311504066" lon="5.70249211974442">
        <ele>308.61000000000001</ele>
        <time>2022-05-05T15:07:53Z</time>
      </trkpt>
      <trkpt lat="46.833714405074716" lon="5.702381143346429">
        <ele>308.48000000000002</ele>
        <time>2022-05-05T15:07:59Z</time>
      </trkpt>
      <trkpt lat="46.833712561056018" lon="5.702363373711705">
        <ele>308.42000000000002</ele>
        <time>2022-05-05T15:08:00Z</time>
      </trkpt>
      <trkpt lat="46.833712141960859" lon="5.702344765886664">
        <ele>308.37</ele>
        <time>2022-05-05T15:08:01Z</time>
      </trkpt>
      <trkpt lat="46.833714069798589" lon="5.702328504994512">
        <ele>308.36000000000001</ele>
        <time>2022-05-05T15:08:02Z</time>
      </trkpt>
      <trkpt lat="46.833716416731477" lon="5.702310651540756">
        <ele>308.31</ele>
        <time>2022-05-05T15:08:03Z</time>
      </trkpt>
      <trkpt lat="46.833720691502094" lon="5.702290199697018">
        <ele>308.27999999999997</ele>
        <time>2022-05-05T15:08:04Z</time>
      </trkpt>
      <trkpt lat="46.833726055920124" lon="5.702267736196518">
        <ele>308.25999999999999</ele>
        <time>2022-05-05T15:08:05Z</time>
      </trkpt>
      <trkpt lat="46.833775425329804" lon="5.702141923829913">
        <ele>308.10000000000002</ele>
        <time>2022-05-05T15:08:11Z</time>
      </trkpt>
      <trkpt lat="46.833802247419953" lon="5.702003454789519">
        <ele>307.52999999999997</ele>
        <time>2022-05-05T15:08:19Z</time>
      </trkpt>
      <trkpt lat="46.833810545504093" lon="5.701985936611891">
        <ele>307.48000000000002</ele>
        <time>2022-05-05T15:08:20Z</time>
      </trkpt>
      <trkpt lat="46.833819095045328" lon="5.70196783170104">
        <ele>307.41000000000003</ele>
        <time>2022-05-05T15:08:21Z</time>
      </trkpt>
      <trkpt lat="46.8338274769485" lon="5.701949140056968">
        <ele>307.38</ele>
        <time>2022-05-05T15:08:22Z</time>
      </trkpt>
      <trkpt lat="46.833837786689401" lon="5.701929358765483">
        <ele>307.33999999999997</ele>
        <time>2022-05-05T15:08:23Z</time>
      </trkpt>
      <trkpt lat="46.833867877721786" lon="5.701804049313068">
        <ele>307.04000000000002</ele>
        <time>2022-05-05T15:08:30Z</time>
      </trkpt>
      <trkpt lat="46.833884809166193" lon="5.70174990221858">
        <ele>306.94</ele>
        <time>2022-05-05T15:08:33Z</time>
      </trkpt>
      <trkpt lat="46.833894113078713" lon="5.701728947460651">
        <ele>306.88999999999999</ele>
        <time>2022-05-05T15:08:34Z</time>
      </trkpt>
      <trkpt lat="46.833900734782219" lon="5.701707405969501">
        <ele>306.81</ele>
        <time>2022-05-05T15:08:35Z</time>
      </trkpt>
      <trkpt lat="46.833910122513771" lon="5.70168636739254">
        <ele>306.69999999999999</ele>
        <time>2022-05-05T15:08:36Z</time>
      </trkpt>
      <trkpt lat="46.833921605721116" lon="5.701664825901389">
        <ele>306.60000000000002</ele>
        <time>2022-05-05T15:08:37Z</time>
      </trkpt>
      <trkpt lat="46.833928897976875" lon="5.701642194762826">
        <ele>306.49000000000001</ele>
        <time>2022-05-05T15:08:38Z</time>
      </trkpt>
      <trkpt lat="46.83393057435751" lon="5.701614366844297">
        <ele>306.38999999999999</ele>
        <time>2022-05-05T15:08:39Z</time>
      </trkpt>
      <trkpt lat="46.833929400891066" lon="5.701583353802562">
        <ele>306.31</ele>
        <time>2022-05-05T15:08:40Z</time>
      </trkpt>
      <trkpt lat="46.833927808329463" lon="5.701557034626603">
        <ele>306.19999999999999</ele>
        <time>2022-05-05T15:08:41Z</time>
      </trkpt>
      <trkpt lat="46.833928059786558" lon="5.701534152030945">
        <ele>306.14999999999998</ele>
        <time>2022-05-05T15:08:42Z</time>
      </trkpt>
      <trkpt lat="46.83392914943397" lon="5.701515544205904">
        <ele>306.11000000000001</ele>
        <time>2022-05-05T15:08:43Z</time>
      </trkpt>
      <trkpt lat="46.83393158018589" lon="5.701439436525106">
        <ele>305.83999999999997</ele>
        <time>2022-05-05T15:08:47Z</time>
      </trkpt>
      <trkpt lat="46.833936190232635" lon="5.70141957141459">
        <ele>305.75</ele>
        <time>2022-05-05T15:08:48Z</time>
      </trkpt>
      <trkpt lat="46.834002742543817" lon="5.701268529519439">
        <ele>305.54000000000002</ele>
        <time>2022-05-05T15:08:55Z</time>
      </trkpt>
      <trkpt lat="46.834055548533797" lon="5.701137185096741">
        <ele>305.08999999999997</ele>
        <time>2022-05-05T15:09:02Z</time>
      </trkpt>
      <trkpt lat="46.834055464714766" lon="5.701083624735475">
        <ele>304.89999999999998</ele>
        <time>2022-05-05T15:09:05Z</time>
      </trkpt>
      <trkpt lat="46.834054877981544" lon="5.701063256710768">
        <ele>304.86000000000001</ele>
        <time>2022-05-05T15:09:06Z</time>
      </trkpt>
      <trkpt lat="46.834060326218605" lon="5.701045319437981">
        <ele>304.76999999999998</ele>
        <time>2022-05-05T15:09:07Z</time>
      </trkpt>
      <trkpt lat="46.834067199379206" lon="5.701027465984225">
        <ele>304.74000000000001</ele>
        <time>2022-05-05T15:09:08Z</time>
      </trkpt>
      <trkpt lat="46.834071725606918" lon="5.701007517054677">
        <ele>304.67000000000002</ele>
        <time>2022-05-05T15:09:09Z</time>
      </trkpt>
      <trkpt lat="46.834078682586551" lon="5.700985388830304">
        <ele>304.64999999999998</ele>
        <time>2022-05-05T15:09:10Z</time>
      </trkpt>
      <trkpt lat="46.834087315946817" lon="5.700959153473377">
        <ele>304.61000000000001</ele>
        <time>2022-05-05T15:09:11Z</time>
      </trkpt>
      <trkpt lat="46.834131069481373" lon="5.700803250074387">
        <ele>304.33999999999997</ele>
        <time>2022-05-05T15:09:18Z</time>
      </trkpt>
      <trkpt lat="46.83414364233613" lon="5.70067785680294">
        <ele>304.07999999999998</ele>
        <time>2022-05-05T15:09:25Z</time>
      </trkpt>
      <trkpt lat="46.834155712276697" lon="5.700624464079738">
        <ele>303.81</ele>
        <time>2022-05-05T15:09:28Z</time>
      </trkpt>
      <trkpt lat="46.834210529923439" lon="5.700460094958544">
        <ele>303.44999999999999</ele>
        <time>2022-05-05T15:09:36Z</time>
      </trkpt>
      <trkpt lat="46.834206506609917" lon="5.700315339490771">
        <ele>303.01999999999998</ele>
        <time>2022-05-05T15:09:43Z</time>
      </trkpt>
      <trkpt lat="46.834246320649981" lon="5.700111323967576">
        <ele>302.41000000000003</ele>
        <time>2022-05-05T15:09:52Z</time>
      </trkpt>
      <trkpt lat="46.834317650645971" lon="5.699948212131858">
        <ele>302.08999999999997</ele>
        <time>2022-05-05T15:09:59Z</time>
      </trkpt>
      <trkpt lat="46.83438059873879" lon="5.699798846617341">
        <ele>301.56</ele>
        <time>2022-05-05T15:10:06Z</time>
      </trkpt>
      <trkpt lat="46.834372468292713" lon="5.699680745601654">
        <ele>301.17000000000002</ele>
        <time>2022-05-05T15:10:13Z</time>
      </trkpt>
      <trkpt lat="46.834417562931776" lon="5.699520567432046">
        <ele>300.92000000000002</ele>
        <time>2022-05-05T15:10:20Z</time>
      </trkpt>
      <trkpt lat="46.834468021988869" lon="5.699343457818031">
        <ele>300.60000000000002</ele>
        <time>2022-05-05T15:10:28Z</time>
      </trkpt>
      <trkpt lat="46.834483612328768" lon="5.699213119223714">
        <ele>300.29000000000002</ele>
        <time>2022-05-05T15:10:35Z</time>
      </trkpt>
      <trkpt lat="46.834516637027264" lon="5.699024945497513">
        <ele>299.66000000000003</ele>
        <time>2022-05-05T15:10:44Z</time>
      </trkpt>
      <trkpt lat="46.834563491865993" lon="5.698879603296518">
        <ele>299.19999999999999</ele>
        <time>2022-05-05T15:10:51Z</time>
      </trkpt>
      <trkpt lat="46.834550583735108" lon="5.698800310492516">
        <ele>298.93000000000001</ele>
        <time>2022-05-05T15:10:56Z</time>
      </trkpt>
      <trkpt lat="46.834541950374842" lon="5.698746917769313">
        <ele>298.70999999999998</ele>
        <time>2022-05-05T15:10:59Z</time>
      </trkpt>
      <trkpt lat="46.834552176296711" lon="5.698710959404707">
        <ele>298.58999999999997</ele>
        <time>2022-05-05T15:11:01Z</time>
      </trkpt>
      <trkpt lat="46.834563240408897" lon="5.698693105950952">
        <ele>298.54000000000002</ele>
        <time>2022-05-05T15:11:02Z</time>
      </trkpt>
      <trkpt lat="46.834574220702052" lon="5.698673240840435">
        <ele>298.48000000000002</ele>
        <time>2022-05-05T15:11:03Z</time>
      </trkpt>
      <trkpt lat="46.834652759134769" lon="5.698522031307221">
        <ele>298.07999999999998</ele>
        <time>2022-05-05T15:11:10Z</time>
      </trkpt>
      <trkpt lat="46.83465963229537" lon="5.698385993018746">
        <ele>297.54000000000002</ele>
        <time>2022-05-05T15:11:17Z</time>
      </trkpt>
      <trkpt lat="46.834682766348124" lon="5.698278369382024">
        <ele>297.06999999999999</ele>
        <time>2022-05-05T15:11:23Z</time>
      </trkpt>
      <trkpt lat="46.834686705842614" lon="5.698259845376015">
        <ele>297.02999999999997</ele>
        <time>2022-05-05T15:11:24Z</time>
      </trkpt>
      <trkpt lat="46.834760801866651" lon="5.698099415749311">
        <ele>296.51999999999998</ele>
        <time>2022-05-05T15:11:31Z</time>
      </trkpt>
      <trkpt lat="46.834843698889017" lon="5.697905793786049">
        <ele>295.95999999999998</ele>
        <time>2022-05-05T15:11:38Z</time>
      </trkpt>
      <trkpt lat="46.83490538969636" lon="5.697756763547659">
        <ele>295.61000000000001</ele>
        <time>2022-05-05T15:11:44Z</time>
      </trkpt>
      <trkpt lat="46.834904132410884" lon="5.69773631170392">
        <ele>295.56</ele>
        <time>2022-05-05T15:11:45Z</time>
      </trkpt>
      <trkpt lat="46.834903629496694" lon="5.697716698050499">
        <ele>295.54000000000002</ele>
        <time>2022-05-05T15:11:46Z</time>
      </trkpt>
      <trkpt lat="46.83490346185863" lon="5.697696413844824">
        <ele>295.52999999999997</ele>
        <time>2022-05-05T15:11:47Z</time>
      </trkpt>
      <trkpt lat="46.834904132410884" lon="5.697676632553339">
        <ele>295.5</ele>
        <time>2022-05-05T15:11:48Z</time>
      </trkpt>
      <trkpt lat="46.834901701658964" lon="5.697655593976378">
        <ele>295.43000000000001</ele>
        <time>2022-05-05T15:11:49Z</time>
      </trkpt>
      <trkpt lat="46.834900276735425" lon="5.697633298113942">
        <ele>295.19999999999999</ele>
        <time>2022-05-05T15:11:50Z</time>
      </trkpt>
      <trkpt lat="46.834898013621569" lon="5.697611756622791">
        <ele>295.08999999999997</ele>
        <time>2022-05-05T15:11:51Z</time>
      </trkpt>
      <trkpt lat="46.834900276735425" lon="5.697589460760355">
        <ele>294.99000000000001</ele>
        <time>2022-05-05T15:11:52Z</time>
      </trkpt>
      <trkpt lat="46.834905976429582" lon="5.697565404698253">
        <ele>294.91000000000003</ele>
        <time>2022-05-05T15:11:53Z</time>
      </trkpt>
      <trkpt lat="46.834913436323404" lon="5.697540594264865">
        <ele>294.83999999999997</ele>
        <time>2022-05-05T15:11:54Z</time>
      </trkpt>
      <trkpt lat="46.834963895380497" lon="5.697367591783404">
        <ele>294.43000000000001</ele>
        <time>2022-05-05T15:12:01Z</time>
      </trkpt>
      <trkpt lat="46.834967248141766" lon="5.697346553206444">
        <ele>294.41000000000003</ele>
        <time>2022-05-05T15:12:02Z</time>
      </trkpt>
      <trkpt lat="46.834965404123068" lon="5.697327274829149">
        <ele>294.33999999999997</ele>
        <time>2022-05-05T15:12:03Z</time>
      </trkpt>
      <trkpt lat="46.834975797683001" lon="5.697159133851528">
        <ele>293.81999999999999</ele>
        <time>2022-05-05T15:12:12Z</time>
      </trkpt>
      <trkpt lat="46.834977641701698" lon="5.696973642334342">
        <ele>293.27999999999997</ele>
        <time>2022-05-05T15:12:21Z</time>
      </trkpt>
      <trkpt lat="46.835032794624567" lon="5.696781612932682">
        <ele>292.63</ele>
        <time>2022-05-05T15:12:30Z</time>
      </trkpt>
      <trkpt lat="46.835070513188839" lon="5.69662612862885">
        <ele>292.19</ele>
        <time>2022-05-05T15:12:37Z</time>
      </trkpt>
      <trkpt lat="46.835110830143094" lon="5.696493526920676">
        <ele>291.87</ele>
        <time>2022-05-05T15:12:43Z</time>
      </trkpt>
      <trkpt lat="46.835167156532407" lon="5.696330415084958">
        <ele>291.32999999999998</ele>
        <time>2022-05-05T15:12:50Z</time>
      </trkpt>
      <trkpt lat="46.835229685530066" lon="5.696157496422529">
        <ele>290.66000000000003</ele>
        <time>2022-05-05T15:12:58Z</time>
      </trkpt>
      <trkpt lat="46.835305206477642" lon="5.695952391251922">
        <ele>289.74000000000001</ele>
        <time>2022-05-05T15:13:07Z</time>
      </trkpt>
      <trkpt lat="46.835346613079309" lon="5.695789782330394">
        <ele>288.91000000000003</ele>
        <time>2022-05-05T15:13:15Z</time>
      </trkpt>
      <trkpt lat="46.835333621129394" lon="5.695798248052597">
        <ele>288.62</ele>
        <time>2022-05-05T15:13:24Z</time>
      </trkpt>
      <trkpt lat="46.835365556180477" lon="5.695689618587494">
        <ele>288.45999999999998</ele>
        <time>2022-05-05T15:13:32Z</time>
      </trkpt>
      <trkpt lat="46.835422972217202" lon="5.695507060736418">
        <ele>288.13</ele>
        <time>2022-05-05T15:13:40Z</time>
      </trkpt>
      <trkpt lat="46.835441580042243" lon="5.695368591696024">
        <ele>288.10000000000002</ele>
        <time>2022-05-05T15:13:46Z</time>
      </trkpt>
      <trkpt lat="46.835538474842906" lon="5.695140268653631">
        <ele>286.95999999999998</ele>
        <time>2022-05-05T15:13:56Z</time>
      </trkpt>
      <trkpt lat="46.835604691877961" lon="5.694958968088031">
        <ele>286.19</ele>
        <time>2022-05-05T15:14:05Z</time>
      </trkpt>
      <trkpt lat="46.83565347455442" lon="5.69483776576817">
        <ele>285.75</ele>
        <time>2022-05-05T15:14:12Z</time>
      </trkpt>
      <trkpt lat="46.83566034771502" lon="5.694818571209908">
        <ele>285.67000000000002</ele>
        <time>2022-05-05T15:14:13Z</time>
      </trkpt>
      <trkpt lat="46.835664957761765" lon="5.694802226498723">
        <ele>285.57999999999998</ele>
        <time>2022-05-05T15:14:14Z</time>
      </trkpt>
      <trkpt lat="46.835668059065938" lon="5.69478596560657">
        <ele>285.48000000000002</ele>
        <time>2022-05-05T15:14:15Z</time>
      </trkpt>
      <trkpt lat="46.835673674941063" lon="5.694768279790878">
        <ele>285.37</ele>
        <time>2022-05-05T15:14:16Z</time>
      </trkpt>
      <trkpt lat="46.83567937463522" lon="5.694751348346472">
        <ele>285.18000000000001</ele>
        <time>2022-05-05T15:14:17Z</time>
      </trkpt>
      <trkpt lat="46.83568281121552" lon="5.694732489064336">
        <ele>285.18000000000001</ele>
        <time>2022-05-05T15:14:18Z</time>
      </trkpt>
      <trkpt lat="46.835693456232548" lon="5.694626877084374">
        <ele>284.72000000000003</ele>
        <time>2022-05-05T15:14:24Z</time>
      </trkpt>
      <trkpt lat="46.835699323564768" lon="5.694569880142808">
        <ele>284.61000000000001</ele>
        <time>2022-05-05T15:14:27Z</time>
      </trkpt>
      <trkpt lat="46.83573167771101" lon="5.69444976747036">
        <ele>284.08999999999997</ele>
        <time>2022-05-05T15:14:33Z</time>
      </trkpt>
      <trkpt lat="46.835739556699991" lon="5.694427974522114">
        <ele>284.00999999999999</ele>
        <time>2022-05-05T15:14:34Z</time>
      </trkpt>
      <trkpt lat="46.835789009928703" lon="5.694281375035644">
        <ele>283.54000000000002</ele>
        <time>2022-05-05T15:14:41Z</time>
      </trkpt>
      <trkpt lat="46.835850114002824" lon="5.694125723093748">
        <ele>283.06999999999999</ele>
        <time>2022-05-05T15:14:48Z</time>
      </trkpt>
      <trkpt lat="46.835903590545058" lon="5.693962275981903">
        <ele>282.5</ele>
        <time>2022-05-05T15:14:55Z</time>
      </trkpt>
      <trkpt lat="46.83597207069397" lon="5.69381115026772">
        <ele>281.94999999999999</ele>
        <time>2022-05-05T15:15:02Z</time>
      </trkpt>
      <trkpt lat="46.836005430668592" lon="5.693652229383588">
        <ele>281.56999999999999</ele>
        <time>2022-05-05T15:15:08Z</time>
      </trkpt>
      <trkpt lat="46.83600484393537" lon="5.69363278336823">
        <ele>281.47000000000003</ele>
        <time>2022-05-05T15:15:09Z</time>
      </trkpt>
      <trkpt lat="46.836002161726356" lon="5.693614929914475">
        <ele>281.36000000000001</ele>
        <time>2022-05-05T15:15:10Z</time>
      </trkpt>
      <trkpt lat="46.83600434102118" lon="5.693592550233007">
        <ele>281.25</ele>
        <time>2022-05-05T15:15:11Z</time>
      </trkpt>
      <trkpt lat="46.83604197576642" lon="5.69342952221632">
        <ele>280.44</ele>
        <time>2022-05-05T15:15:19Z</time>
      </trkpt>
      <trkpt lat="46.836074581369758" lon="5.693235564976931">
        <ele>279.91000000000003</ele>
        <time>2022-05-05T15:15:29Z</time>
      </trkpt>
      <trkpt lat="46.836104756221175" lon="5.69313925690949">
        <ele>279.74000000000001</ele>
        <time>2022-05-05T15:15:34Z</time>
      </trkpt>
      <trkpt lat="46.836111545562744" lon="5.69312022998929">
        <ele>279.72000000000003</ele>
        <time>2022-05-05T15:15:35Z</time>
      </trkpt>
      <trkpt lat="46.836121184751391" lon="5.693099442869425">
        <ele>279.69999999999999</ele>
        <time>2022-05-05T15:15:36Z</time>
      </trkpt>
      <trkpt lat="46.836166027933359" lon="5.692963404580951">
        <ele>279.37</ele>
        <time>2022-05-05T15:15:43Z</time>
      </trkpt>
      <trkpt lat="46.836236352100968" lon="5.692813033238053">
        <ele>278.86000000000001</ele>
        <time>2022-05-05T15:15:51Z</time>
      </trkpt>
      <trkpt lat="46.836288487538695" lon="5.692663751542568">
        <ele>278.51999999999998</ele>
        <time>2022-05-05T15:15:57Z</time>
      </trkpt>
      <trkpt lat="46.836391752585769" lon="5.692473566159606">
        <ele>278.10000000000002</ele>
        <time>2022-05-05T15:16:05Z</time>
      </trkpt>
      <trkpt lat="46.836443552747369" lon="5.692334678024054">
        <ele>277.70999999999998</ele>
        <time>2022-05-05T15:16:13Z</time>
      </trkpt>
      <trkpt lat="46.836453694850206" lon="5.692197633907199">
        <ele>277.13</ele>
        <time>2022-05-05T15:16:20Z</time>
      </trkpt>
      <trkpt lat="46.836463753134012" lon="5.692039718851447">
        <ele>276.69999999999999</ele>
        <time>2022-05-05T15:16:28Z</time>
      </trkpt>
      <trkpt lat="46.836472135037184" lon="5.691994791850448">
        <ele>276.45999999999998</ele>
        <time>2022-05-05T15:16:30Z</time>
      </trkpt>
      <trkpt lat="46.836473979055882" lon="5.691970903426409">
        <ele>276.37</ele>
        <time>2022-05-05T15:16:31Z</time>
      </trkpt>
      <trkpt lat="46.836475152522326" lon="5.691947350278497">
        <ele>276.27999999999997</ele>
        <time>2022-05-05T15:16:32Z</time>
      </trkpt>
      <trkpt lat="46.836475487798452" lon="5.691924970597029">
        <ele>276.17000000000002</ele>
        <time>2022-05-05T15:16:33Z</time>
      </trkpt>
      <trkpt lat="46.836475236341357" lon="5.691902758553624">
        <ele>276.06</ele>
        <time>2022-05-05T15:16:34Z</time>
      </trkpt>
      <trkpt lat="46.836492419242859" lon="5.691817682236433">
        <ele>275.64999999999998</ele>
        <time>2022-05-05T15:16:38Z</time>
      </trkpt>
      <trkpt lat="46.836500549688935" lon="5.691665718331933">
        <ele>275.17000000000002</ele>
        <time>2022-05-05T15:16:46Z</time>
      </trkpt>
      <trkpt lat="46.836505327373743" lon="5.691627999767661">
        <ele>275.11000000000001</ele>
        <time>2022-05-05T15:16:48Z</time>
      </trkpt>
      <trkpt lat="46.836504656821489" lon="5.691609727218747">
        <ele>275.07999999999998</ele>
        <time>2022-05-05T15:16:49Z</time>
      </trkpt>
      <trkpt lat="46.836504656821489" lon="5.691591203212738">
        <ele>275.06</ele>
        <time>2022-05-05T15:16:50Z</time>
      </trkpt>
      <trkpt lat="46.83650272898376" lon="5.691573433578014">
        <ele>275.02999999999997</ele>
        <time>2022-05-05T15:16:51Z</time>
      </trkpt>
      <trkpt lat="46.836501471698284" lon="5.691554741933942">
        <ele>275</ele>
        <time>2022-05-05T15:16:52Z</time>
      </trkpt>
      <trkpt lat="46.836501220241189" lon="5.691534457728267">
        <ele>274.99000000000001</ele>
        <time>2022-05-05T15:16:53Z</time>
      </trkpt>
      <trkpt lat="46.83655159547925" lon="5.691398000344634">
        <ele>274.74000000000001</ele>
        <time>2022-05-05T15:17:00Z</time>
      </trkpt>
      <trkpt lat="46.836561569944024" lon="5.691378973424435">
        <ele>274.69</ele>
        <time>2022-05-05T15:17:01Z</time>
      </trkpt>
      <trkpt lat="46.83657213114202" lon="5.691363299265504">
        <ele>274.63</ele>
        <time>2022-05-05T15:17:02Z</time>
      </trkpt>
      <trkpt lat="46.836628541350365" lon="5.691249137744308">
        <ele>274.38999999999999</ele>
        <time>2022-05-05T15:17:08Z</time>
      </trkpt>
      <trkpt lat="46.836714120581746" lon="5.691079990938306">
        <ele>274.04000000000002</ele>
        <time>2022-05-05T15:17:15Z</time>
      </trkpt>
      <trkpt lat="46.836797352880239" lon="5.690910425037146">
        <ele>273.80000000000001</ele>
        <time>2022-05-05T15:17:22Z</time>
      </trkpt>
      <trkpt lat="46.836828533560038" lon="5.690758796408773">
        <ele>273.88</ele>
        <time>2022-05-05T15:17:30Z</time>
      </trkpt>
      <trkpt lat="46.836863150820136" lon="5.690532233566046">
        <ele>273.26999999999998</ele>
        <time>2022-05-05T15:17:40Z</time>
      </trkpt>
      <trkpt lat="46.836884105578065" lon="5.690367948263884">
        <ele>273.14999999999998</ele>
        <time>2022-05-05T15:17:47Z</time>
      </trkpt>
      <trkpt lat="46.836914112791419" lon="5.69021581672132">
        <ele>272.97000000000003</ele>
        <time>2022-05-05T15:17:53Z</time>
      </trkpt>
      <trkpt lat="46.836928362026811" lon="5.690080532804132">
        <ele>272.83999999999997</ele>
        <time>2022-05-05T15:17:59Z</time>
      </trkpt>
      <trkpt lat="46.836938420310616" lon="5.690058991312981">
        <ele>272.82999999999998</ele>
        <time>2022-05-05T15:18:00Z</time>
      </trkpt>
      <trkpt lat="46.8369478918612" lon="5.690035857260227">
        <ele>272.81999999999999</ele>
        <time>2022-05-05T15:18:01Z</time>
      </trkpt>
      <trkpt lat="46.83695225045085" lon="5.690012974664569">
        <ele>272.81999999999999</ele>
        <time>2022-05-05T15:18:02Z</time>
      </trkpt>
      <trkpt lat="46.836956022307277" lon="5.689990762621164">
        <ele>272.81999999999999</ele>
        <time>2022-05-05T15:18:03Z</time>
      </trkpt>
      <trkpt lat="46.836960967630148" lon="5.689965197816491">
        <ele>272.81999999999999</ele>
        <time>2022-05-05T15:18:04Z</time>
      </trkpt>
      <trkpt lat="46.836961470544338" lon="5.689799655228853">
        <ele>272.77999999999997</ele>
        <time>2022-05-05T15:18:11Z</time>
      </trkpt>
      <trkpt lat="46.836965410038829" lon="5.689688678830862">
        <ele>272.66000000000003</ele>
        <time>2022-05-05T15:18:16Z</time>
      </trkpt>
      <trkpt lat="46.836965074762702" lon="5.689668646082282">
        <ele>272.64999999999998</ele>
        <time>2022-05-05T15:18:17Z</time>
      </trkpt>
      <trkpt lat="46.836964236572385" lon="5.68964802660048">
        <ele>272.66000000000003</ele>
        <time>2022-05-05T15:18:18Z</time>
      </trkpt>
      <trkpt lat="46.836974630132318" lon="5.689492039382458">
        <ele>272.57999999999998</ele>
        <time>2022-05-05T15:18:26Z</time>
      </trkpt>
      <trkpt lat="46.836978401988745" lon="5.689470581710339">
        <ele>272.56</ele>
        <time>2022-05-05T15:18:27Z</time>
      </trkpt>
      <trkpt lat="46.8370221555233" lon="5.689465133473277">
        <ele>272.58999999999997</ele>
        <time>2022-05-05T15:18:34Z</time>
      </trkpt>
      <trkpt lat="46.83703875169158" lon="5.689495140686631">
        <ele>272.61000000000001</ele>
        <time>2022-05-05T15:18:36Z</time>
      </trkpt>
      <trkpt lat="46.837050151079893" lon="5.689502097666264">
        <ele>272.62</ele>
        <time>2022-05-05T15:18:37Z</time>
      </trkpt>
      <trkpt lat="46.837060879915953" lon="5.689507713541389">
        <ele>272.63999999999999</ele>
        <time>2022-05-05T15:18:38Z</time>
      </trkpt>
      <trkpt lat="46.837071441113949" lon="5.689514083787799">
        <ele>272.68000000000001</ele>
        <time>2022-05-05T15:18:39Z</time>
      </trkpt>
      <trkpt lat="46.837084097787738" lon="5.689517855644226">
        <ele>272.73000000000002</ele>
        <time>2022-05-05T15:18:40Z</time>
      </trkpt>
      <trkpt lat="46.837145118042827" lon="5.689525566995144">
        <ele>272.83999999999997</ele>
        <time>2022-05-05T15:18:44Z</time>
      </trkpt>
      <trkpt lat="46.837256513535976" lon="5.689432779327035">
        <ele>272.63</ele>
        <time>2022-05-05T15:18:52Z</time>
      </trkpt>
      <trkpt lat="46.837318288162351" lon="5.68937779404223">
        <ele>272.47000000000003</ele>
        <time>2022-05-05T15:18:58Z</time>
      </trkpt>
      <trkpt lat="46.837332285940647" lon="5.689370920881629">
        <ele>272.47000000000003</ele>
        <time>2022-05-05T15:18:59Z</time>
      </trkpt>
      <trkpt lat="46.837431862950325" lon="5.6893758662045">
        <ele>272.63</ele>
        <time>2022-05-05T15:19:08Z</time>
      </trkpt>
      <trkpt lat="46.837470168247819" lon="5.689368238672614">
        <ele>272.66000000000003</ele>
        <time>2022-05-05T15:19:11Z</time>
      </trkpt>
      <trkpt lat="46.837481651455164" lon="5.689355246722698">
        <ele>272.67000000000002</ele>
        <time>2022-05-05T15:19:12Z</time>
      </trkpt>
      <trkpt lat="46.837503863498569" lon="5.689321383833885">
        <ele>272.68000000000001</ele>
        <time>2022-05-05T15:19:14Z</time>
      </trkpt>
      <trkpt lat="46.837511491030455" lon="5.689302440732718">
        <ele>272.66000000000003</ele>
        <time>2022-05-05T15:19:15Z</time>
      </trkpt>
      <trkpt lat="46.83751710690558" lon="5.689282910898328">
        <ele>272.62</ele>
        <time>2022-05-05T15:19:16Z</time>
      </trkpt>
      <trkpt lat="46.837519118562341" lon="5.689263297244906">
        <ele>272.58999999999997</ele>
        <time>2022-05-05T15:19:17Z</time>
      </trkpt>
      <trkpt lat="46.837522722780704" lon="5.689239492639899">
        <ele>272.56999999999999</ele>
        <time>2022-05-05T15:19:18Z</time>
      </trkpt>
      <trkpt lat="46.8375264108181" lon="5.6892170291394">
        <ele>272.55000000000001</ele>
        <time>2022-05-05T15:19:19Z</time>
      </trkpt>
      <trkpt lat="46.837531272321939" lon="5.689194230362773">
        <ele>272.55000000000001</ele>
        <time>2022-05-05T15:19:20Z</time>
      </trkpt>
      <trkpt lat="46.837540492415428" lon="5.689172772690654">
        <ele>272.55000000000001</ele>
        <time>2022-05-05T15:19:21Z</time>
      </trkpt>
      <trkpt lat="46.837550299242139" lon="5.689156427979469">
        <ele>272.55000000000001</ele>
        <time>2022-05-05T15:19:22Z</time>
      </trkpt>
      <trkpt lat="46.837561447173357" lon="5.689139496535063">
        <ele>272.54000000000002</ele>
        <time>2022-05-05T15:19:23Z</time>
      </trkpt>
      <trkpt lat="46.837574271485209" lon="5.689123654738069">
        <ele>272.54000000000002</ele>
        <time>2022-05-05T15:19:24Z</time>
      </trkpt>
      <trkpt lat="46.837625065818429" lon="5.689080152660608">
        <ele>272.50999999999999</ele>
        <time>2022-05-05T15:19:27Z</time>
      </trkpt>
      <trkpt lat="46.83768373914063" lon="5.688919387757778">
        <ele>272.63999999999999</ele>
        <time>2022-05-05T15:19:35Z</time>
      </trkpt>
      <trkpt lat="46.837722547352314" lon="5.688741020858288">
        <ele>272.54000000000002</ele>
        <time>2022-05-05T15:19:42Z</time>
      </trkpt>
      <trkpt lat="46.837724475190043" lon="5.688682766631246">
        <ele>272.52999999999997</ele>
        <time>2022-05-05T15:19:45Z</time>
      </trkpt>
      <trkpt lat="46.837721457704902" lon="5.688665667548776">
        <ele>272.54000000000002</ele>
        <time>2022-05-05T15:19:46Z</time>
      </trkpt>
      <trkpt lat="46.837721457704902" lon="5.688647897914052">
        <ele>272.55000000000001</ele>
        <time>2022-05-05T15:19:47Z</time>
      </trkpt>
      <trkpt lat="46.837721792981029" lon="5.688626021146774">
        <ele>272.56</ele>
        <time>2022-05-05T15:19:48Z</time>
      </trkpt>
      <trkpt lat="46.837721290066838" lon="5.688601797446609">
        <ele>272.56</ele>
        <time>2022-05-05T15:19:49Z</time>
      </trkpt>
      <trkpt lat="46.837719948962331" lon="5.688581261783838">
        <ele>272.56</ele>
        <time>2022-05-05T15:19:50Z</time>
      </trkpt>
      <trkpt lat="46.837721541523933" lon="5.688548656180501">
        <ele>272.56999999999999</ele>
        <time>2022-05-05T15:19:52Z</time>
      </trkpt>
      <trkpt lat="46.837736209854484" lon="5.688530467450619">
        <ele>272.56999999999999</ele>
        <time>2022-05-05T15:19:53Z</time>
      </trkpt>
      <trkpt lat="46.837748279795051" lon="5.688508674502373">
        <ele>272.56999999999999</ele>
        <time>2022-05-05T15:19:54Z</time>
      </trkpt>
      <trkpt lat="46.83775364421308" lon="5.688488306477666">
        <ele>272.55000000000001</ele>
        <time>2022-05-05T15:19:55Z</time>
      </trkpt>
      <trkpt lat="46.837763451039791" lon="5.688466764986515">
        <ele>272.52999999999997</ele>
        <time>2022-05-05T15:19:56Z</time>
      </trkpt>
      <trkpt lat="46.837769569829106" lon="5.688445055857301">
        <ele>272.48000000000002</ele>
        <time>2022-05-05T15:19:57Z</time>
      </trkpt>
      <trkpt lat="46.837780550122261" lon="5.688420329242945">
        <ele>272.43000000000001</ele>
        <time>2022-05-05T15:19:58Z</time>
      </trkpt>
      <trkpt lat="46.83779320679605" lon="5.688396105542779">
        <ele>272.39999999999998</ele>
        <time>2022-05-05T15:19:59Z</time>
      </trkpt>
      <trkpt lat="46.837797649204731" lon="5.688374564051628">
        <ele>272.33999999999997</ele>
        <time>2022-05-05T15:20:00Z</time>
      </trkpt>
      <trkpt lat="46.837799660861492" lon="5.688352519646287">
        <ele>272.26999999999998</ele>
        <time>2022-05-05T15:20:01Z</time>
      </trkpt>
      <trkpt lat="46.837803013622761" lon="5.688328631222248">
        <ele>272.22000000000003</ele>
        <time>2022-05-05T15:20:02Z</time>
      </trkpt>
      <trkpt lat="46.83781860396266" lon="5.688188737258315">
        <ele>271.94999999999999</ele>
        <time>2022-05-05T15:20:10Z</time>
      </trkpt>
      <trkpt lat="46.837839307263494" lon="5.688126711174846">
        <ele>271.63999999999999</ele>
        <time>2022-05-05T15:20:16Z</time>
      </trkpt>
      <trkpt lat="46.837849617004395" lon="5.688109779730439">
        <ele>271.58999999999997</ele>
        <time>2022-05-05T15:20:17Z</time>
      </trkpt>
      <trkpt lat="46.837860597297549" lon="5.688092596828938">
        <ele>271.56</ele>
        <time>2022-05-05T15:20:18Z</time>
      </trkpt>
      <trkpt lat="46.83787090703845" lon="5.688076503574848">
        <ele>271.47000000000003</ele>
        <time>2022-05-05T15:20:19Z</time>
      </trkpt>
      <trkpt lat="46.837877696380019" lon="5.688060745596886">
        <ele>271.42000000000002</ele>
        <time>2022-05-05T15:20:20Z</time>
      </trkpt>
      <trkpt lat="46.837911391630769" lon="5.687954882159829">
        <ele>271.10000000000002</ele>
        <time>2022-05-05T15:20:28Z</time>
      </trkpt>
      <trkpt lat="46.837928490713239" lon="5.687928311526775">
        <ele>270.98000000000002</ele>
        <time>2022-05-05T15:20:33Z</time>
      </trkpt>
      <trkpt lat="46.837952043861151" lon="5.687857400625944">
        <ele>271.16000000000003</ele>
        <time>2022-05-05T15:20:43Z</time>
      </trkpt>
      <trkpt lat="46.837977860122919" lon="5.687842229381204">
        <ele>271.39999999999998</ele>
        <time>2022-05-05T15:20:52Z</time>
      </trkpt>
    </trkseg>
  </trk>

</gpx>