<?xml version="1.0"?>
<gpx version="1.1" creator="GDAL 3.8.4" xmlns:xsi="http://www.w3.org/2001/XMLSchema-instance" xmlns:ogr="http://osgeo.org/gdal" xmlns="http://www.topografix.com/GPX/1/1" xsi:schemaLocation="http://www.topografix.com/GPX/1/1 http://www.topografix.com/GPX/1/1/gpx.xsd">
<metadata>
<bounds minlat="50.769127999291221" minlon="3.426865900000000" maxlat="53.472786199116925" maxlon="7.206714699999999"/>                                         
</metadata>
<wpt lat="53.343498822103285" lon="6.154203758885795">
  <name>Lauwersmeer - Ezumakeeg-Zuid - Sylkajút</name>
  <extensions>
    <ogr:osm_id>44924064.0</ogr:osm_id>
    <ogr:tags>&quot;name&quot;=&gt;&quot;Lauwersmeer - Ezumakeeg-Zuid - Sylkajút&quot;, &quot;source&quot;=&gt;&quot;3dShapes&quot;, &quot;leisure&quot;=&gt;&quot;bird_hide&quot;, &quot;building&quot;=&gt;&quot;yes&quot;, &quot;way_area&quot;=&gt;&quot;62.6779&quot;, &quot;check_date:existence&quot;=&gt;&quot;2021&quot;</ogr:tags>
  </extensions>
</wpt>
<wpt lat="51.332838811815186" lon="4.183642130593904">
  <name>birdwatching</name>
  <extensions>
    <ogr:osm_id>45212430.0</ogr:osm_id>
    <ogr:tags>&quot;source&quot;=&gt;&quot;BAG&quot;, &quot;leisure&quot;=&gt;&quot;bird_hide&quot;, &quot;ref:bag&quot;=&gt;&quot;0677100000714069&quot;, &quot;building&quot;=&gt;&quot;yes&quot;, &quot;way_area&quot;=&gt;&quot;66.9069&quot;, &quot;mapillary&quot;=&gt;&quot;326963652284958&quot;, &quot;start_date&quot;=&gt;&quot;2021&quot;, &quot;source:date&quot;=&gt;&quot;2022-12-08&quot;</ogr:tags>
  </extensions>
</wpt>
<wpt lat="52.45155008532285" lon="5.400614217926712">
  <name>Observatiehut De Zeearend</name>
  <extensions>
    <ogr:osm_id>47274261.0</ogr:osm_id>
    <ogr:tags>&quot;name&quot;=&gt;&quot;Observatiehut De Zeearend&quot;, &quot;source&quot;=&gt;&quot;3dShapes&quot;, &quot;leisure&quot;=&gt;&quot;bird_hide&quot;, &quot;tourism&quot;=&gt;&quot;viewpoint&quot;, &quot;building&quot;=&gt;&quot;yes&quot;, &quot;way_area&quot;=&gt;&quot;320.748&quot;</ogr:tags>
  </extensions>
</wpt>
<wpt lat="52.447035388095166" lon="5.423215466661701">
  <name>De Krakeend - Vogelkijkhut</name>
  <extensions>
    <ogr:osm_id>47274265.0</ogr:osm_id>
    <ogr:tags>&quot;name&quot;=&gt;&quot;De Krakeend - Vogelkijkhut&quot;, &quot;source&quot;=&gt;&quot;3dShapes&quot;, &quot;amenity&quot;=&gt;&quot;shelter&quot;, &quot;leisure&quot;=&gt;&quot;bird_hide&quot;, &quot;tourism&quot;=&gt;&quot;viewpoint&quot;, &quot;building&quot;=&gt;&quot;yes&quot;, &quot;way_area&quot;=&gt;&quot;117.028&quot;</ogr:tags>
  </extensions>
</wpt>
<wpt lat="53.361911975992193" lon="6.25130203726594">
  <name>Jaap Deensgat</name>
  <extensions>
    <ogr:osm_id>47348236.0</ogr:osm_id>
    <ogr:tags>&quot;name&quot;=&gt;&quot;Jaap Deensgat&quot;, &quot;source&quot;=&gt;&quot;BAG&quot;, &quot;leisure&quot;=&gt;&quot;bird_hide&quot;, &quot;ref:bag&quot;=&gt;&quot;1663100000007039&quot;, &quot;building&quot;=&gt;&quot;yes&quot;, &quot;way_area&quot;=&gt;&quot;86.5479&quot;, &quot;start_date&quot;=&gt;&quot;2000&quot;, &quot;source:date&quot;=&gt;&quot;2014-03-24&quot;</ogr:tags>
  </extensions>
</wpt>
<wpt lat="51.466777265522495" lon="4.281029178953042">
  <name>birdwatching</name>
  <extensions>
    <ogr:osm_id>48689482.0</ogr:osm_id>
    <ogr:tags>&quot;source&quot;=&gt;&quot;3dShapes&quot;, &quot;leisure&quot;=&gt;&quot;bird_hide&quot;, &quot;building&quot;=&gt;&quot;yes&quot;, &quot;way_area&quot;=&gt;&quot;183.244&quot;, &quot;description&quot;=&gt;&quot;Bird spotting hut&quot;</ogr:tags>
  </extensions>
</wpt>
<wpt lat="52.820733512022464" lon="4.699214150815382">
  <name>Vogelobservatiehut Zwanenwater</name>
  <extensions>
    <ogr:osm_id>49411543.0</ogr:osm_id>
    <ogr:tags>&quot;name&quot;=&gt;&quot;Vogelobservatiehut Zwanenwater&quot;, &quot;layer&quot;=&gt;&quot;1&quot;, &quot;leisure&quot;=&gt;&quot;bird_hide&quot;, &quot;building&quot;=&gt;&quot;hut&quot;, &quot;floating&quot;=&gt;&quot;yes&quot;, &quot;way_area&quot;=&gt;&quot;119.782&quot;</ogr:tags>
  </extensions>
</wpt>
<wpt lat="51.330160032655357" lon="5.804245697118946">
  <name>De Groote Peel - Vogelkijkhut</name>
  <extensions>
    <ogr:osm_id>49628053.0</ogr:osm_id>
    <ogr:tags>&quot;name&quot;=&gt;&quot;De Groote Peel - Vogelkijkhut&quot;, &quot;note&quot;=&gt;&quot;De Groote Peel - Vogelkijkhut&quot;, &quot;layer&quot;=&gt;&quot;1&quot;, &quot;source&quot;=&gt;&quot;3dShapes&quot;, &quot;leisure&quot;=&gt;&quot;bird_hide&quot;, &quot;building&quot;=&gt;&quot;yes&quot;, &quot;way_area&quot;=&gt;&quot;51.2061&quot;</ogr:tags>
  </extensions>
</wpt>
<wpt lat="52.046147267251271" lon="6.690536759271334">
  <name>birdwatching</name>
  <extensions>
    <ogr:osm_id>50662411.0</ogr:osm_id>
    <ogr:tags>&quot;source&quot;=&gt;&quot;3dShapes&quot;, &quot;leisure&quot;=&gt;&quot;bird_hide&quot;, &quot;way_area&quot;=&gt;&quot;134.723&quot;</ogr:tags>
  </extensions>
</wpt>
<wpt lat="51.355743250666869" lon="3.497377794475319">
  <name>De Blikken - Vogelkijkhut</name>
  <extensions>
    <ogr:osm_id>50895898.0</ogr:osm_id>
    <ogr:tags>&quot;name&quot;=&gt;&quot;De Blikken - Vogelkijkhut&quot;, &quot;source&quot;=&gt;&quot;BAG&quot;, &quot;leisure&quot;=&gt;&quot;bird_hide&quot;, &quot;ref:bag&quot;=&gt;&quot;1714100000784526&quot;, &quot;building&quot;=&gt;&quot;yes&quot;, &quot;way_area&quot;=&gt;&quot;63.7908&quot;, &quot;start_date&quot;=&gt;&quot;2012&quot;, &quot;source:date&quot;=&gt;&quot;2023-02-10&quot;</ogr:tags>
  </extensions>
</wpt>
<wpt lat="52.577635677186059" lon="4.628851132301053">
  <name>Noordhollands Duinreservaat - Doornvlak - Vogelkijkhut</name>
  <extensions>
    <ogr:osm_id>51114194.0</ogr:osm_id>
    <ogr:tags>&quot;name&quot;=&gt;&quot;Noordhollands Duinreservaat - Doornvlak - Vogelkijkhut&quot;, &quot;note&quot;=&gt;&quot;Noordhollands Duinreservaat - Doornvlak - Vogelkijkhut&quot;, &quot;source&quot;=&gt;&quot;3dShapes&quot;, &quot;leisure&quot;=&gt;&quot;bird_hide&quot;, &quot;building&quot;=&gt;&quot;yes&quot;, &quot;way_area&quot;=&gt;&quot;29.8174&quot;</ogr:tags>
  </extensions>
</wpt>
<wpt lat="51.866316915332035" lon="6.004498643427595">
  <name>Flevopost</name>
  <extensions>
    <ogr:osm_id>51888715.0</ogr:osm_id>
    <ogr:tags>&quot;name&quot;=&gt;&quot;Flevopost&quot;, &quot;source&quot;=&gt;&quot;3dShapes;survey&quot;, &quot;leisure&quot;=&gt;&quot;bird_hide&quot;, &quot;tourism&quot;=&gt;&quot;viewpoint&quot;, &quot;building&quot;=&gt;&quot;yes&quot;, &quot;way_area&quot;=&gt;&quot;169.346&quot;, &quot;description&quot;=&gt;&quot;Vogelkijkhuis&quot;</ogr:tags>
  </extensions>
</wpt>
<wpt lat="51.973408466539375" lon="5.879409004639349">
  <name>Vogelkijkhut Meinerswijk</name>
  <extensions>
    <ogr:osm_id>51936530.0</ogr:osm_id>
    <ogr:tags>&quot;name&quot;=&gt;&quot;Vogelkijkhut Meinerswijk&quot;, &quot;source&quot;=&gt;&quot;3dShapes&quot;, &quot;leisure&quot;=&gt;&quot;bird_hide&quot;, &quot;tourism&quot;=&gt;&quot;viewpoint&quot;, &quot;website&quot;=&gt;&quot;https://vogelkijkhut.nl/view/164/&quot;, &quot;building&quot;=&gt;&quot;yes&quot;, &quot;way_area&quot;=&gt;&quot;108.02&quot;</ogr:tags>
  </extensions>
</wpt>
<wpt lat="52.283508654630118" lon="5.124037809765171">
  <name>birdwatching</name>
  <extensions>
    <ogr:osm_id>52629170.0</ogr:osm_id>
    <ogr:tags>&quot;source&quot;=&gt;&quot;3dShapes&quot;, &quot;leisure&quot;=&gt;&quot;bird_hide&quot;, &quot;building&quot;=&gt;&quot;yes&quot;, &quot;way_area&quot;=&gt;&quot;28.2767&quot;</ogr:tags>
  </extensions>
</wpt>
<wpt lat="51.575584930033614" lon="6.097308513728478">
  <name>Vogelkijkhut Reindersmeer</name>
  <extensions>
    <ogr:osm_id>54271269.0</ogr:osm_id>
    <ogr:tags>&quot;name&quot;=&gt;&quot;Vogelkijkhut Reindersmeer&quot;, &quot;source&quot;=&gt;&quot;3dShapes&quot;, &quot;leisure&quot;=&gt;&quot;bird_hide&quot;, &quot;building&quot;=&gt;&quot;yes&quot;, &quot;way_area&quot;=&gt;&quot;71.799&quot;</ogr:tags>
  </extensions>
</wpt>
<wpt lat="51.527421549171251" lon="6.164534700000069">
  <name>Vogelkijkhut - Westmeerven</name>
  <extensions>
    <ogr:osm_id>54275360.0</ogr:osm_id>
    <ogr:tags>&quot;name&quot;=&gt;&quot;Vogelkijkhut - Westmeerven&quot;, &quot;source&quot;=&gt;&quot;3dShapes&quot;, &quot;leisure&quot;=&gt;&quot;bird_hide&quot;, &quot;building&quot;=&gt;&quot;yes&quot;, &quot;way_area&quot;=&gt;&quot;51.4775&quot;</ogr:tags>
  </extensions>
</wpt>
<wpt lat="52.869215233204947" lon="5.87709708149349">
  <name>birdwatching</name>
  <extensions>
    <ogr:osm_id>54594803.0</ogr:osm_id>
    <ogr:tags>&quot;source&quot;=&gt;&quot;3dShapes&quot;, &quot;leisure&quot;=&gt;&quot;bird_hide&quot;, &quot;building&quot;=&gt;&quot;yes&quot;, &quot;way_area&quot;=&gt;&quot;42.2215&quot;</ogr:tags>
  </extensions>
</wpt>
<wpt lat="51.322689853536268" lon="3.500323811592855">
  <name>Het Groote Gat - Vogelkijkhut</name>
  <extensions>
    <ogr:osm_id>61043901.0</ogr:osm_id>
    <ogr:tags>&quot;name&quot;=&gt;&quot;Het Groote Gat - Vogelkijkhut&quot;, &quot;note&quot;=&gt;&quot;Het Groote Gat - Vogelkijkhut&quot;, &quot;leisure&quot;=&gt;&quot;bird_hide&quot;, &quot;building&quot;=&gt;&quot;yes&quot;, &quot;way_area&quot;=&gt;&quot;17.8643&quot;</ogr:tags>
  </extensions>
</wpt>
<wpt lat="53.151152050376652" lon="5.417687393916006">
  <name>Vogelkijkhut Hegewiersterfjild</name>
  <extensions>
    <ogr:osm_id>205887033.0</ogr:osm_id>
    <ogr:tags>&quot;name&quot;=&gt;&quot;Vogelkijkhut Hegewiersterfjild&quot;, &quot;note&quot;=&gt;&quot;It Hegewierster Fjild&quot;, &quot;leisure&quot;=&gt;&quot;bird_hide&quot;, &quot;tourism&quot;=&gt;&quot;viewpoint&quot;, &quot;website&quot;=&gt;&quot;https://vogelkijkhut.nl/view/79/&quot;, &quot;building&quot;=&gt;&quot;hut&quot;, &quot;way_area&quot;=&gt;&quot;55.8766&quot;, &quot;wheelchair&quot;=&gt;&quot;yes&quot;, &quot;opening_hours&quot;=&gt;&quot;sunrise-sunset&quot;</ogr:tags>
  </extensions>
</wpt>
<wpt lat="52.873444349090825" lon="5.757499200000333">
  <name>Vogelkijkhut</name>
  <extensions>
    <ogr:osm_id>268149949.0</ogr:osm_id>
    <ogr:tags>&quot;name&quot;=&gt;&quot;Vogelkijkhut&quot;, &quot;source&quot;=&gt;&quot;BAG&quot;, &quot;leisure&quot;=&gt;&quot;bird_hide&quot;, &quot;ref:bag&quot;=&gt;&quot;0082100000155650&quot;, &quot;building&quot;=&gt;&quot;yes&quot;, &quot;way_area&quot;=&gt;&quot;37.6842&quot;, &quot;start_date&quot;=&gt;&quot;1946&quot;, &quot;description&quot;=&gt;&quot;Vogelkijkhut&quot;, &quot;source:date&quot;=&gt;&quot;2014-02-11&quot;</ogr:tags>
  </extensions>
</wpt>
<wpt lat="52.489822003924935" lon="4.774559379358932">
  <name>birdwatching</name>
  <extensions>
    <ogr:osm_id>269738923.0</ogr:osm_id>
    <ogr:tags>&quot;layer&quot;=&gt;&quot;1&quot;, &quot;source&quot;=&gt;&quot;survey 4-03-14&quot;, &quot;leisure&quot;=&gt;&quot;bird_hide&quot;, &quot;building&quot;=&gt;&quot;shelter&quot;, &quot;material&quot;=&gt;&quot;steel&quot;, &quot;way_area&quot;=&gt;&quot;31.3129&quot;</ogr:tags>
  </extensions>
</wpt>
<wpt lat="52.893779099089741" lon="4.908416049999127">
  <name>Peilschaalhuisje Wieringen</name>
  <extensions>
    <ogr:osm_id>270894607.0</ogr:osm_id>
    <ogr:tags>&quot;name&quot;=&gt;&quot;Peilschaalhuisje Wieringen&quot;, &quot;source&quot;=&gt;&quot;BAG&quot;, &quot;leisure&quot;=&gt;&quot;bird_hide&quot;, &quot;ref:bag&quot;=&gt;&quot;0462100000000615&quot;, &quot;building&quot;=&gt;&quot;yes&quot;, &quot;way_area&quot;=&gt;&quot;42.36&quot;, &quot;start_date&quot;=&gt;&quot;1919&quot;, &quot;source:date&quot;=&gt;&quot;2019-04-05&quot;</ogr:tags>
  </extensions>
</wpt>
<wpt lat="51.756314512916738" lon="4.212313795596081">
  <name>Pallandtpolder - Vogelkijkhut</name>
  <extensions>
    <ogr:osm_id>270940718.0</ogr:osm_id>
    <ogr:tags>&quot;name&quot;=&gt;&quot;Pallandtpolder - Vogelkijkhut&quot;, &quot;source&quot;=&gt;&quot;BAG&quot;, &quot;leisure&quot;=&gt;&quot;bird_hide&quot;, &quot;ref:bag&quot;=&gt;&quot;0559100000011655&quot;, &quot;building&quot;=&gt;&quot;yes&quot;, &quot;way_area&quot;=&gt;&quot;54.286&quot;, &quot;start_date&quot;=&gt;&quot;1980&quot;, &quot;source:date&quot;=&gt;&quot;2014-03-24&quot;</ogr:tags>
  </extensions>
</wpt>
<wpt lat="51.775278466955399" lon="4.529129057845765">
  <name>Oudeland van Strijen</name>
  <extensions>
    <ogr:osm_id>272796657.0</ogr:osm_id>
    <ogr:tags>&quot;name&quot;=&gt;&quot;Oudeland van Strijen&quot;, &quot;source&quot;=&gt;&quot;BAG&quot;, &quot;leisure&quot;=&gt;&quot;bird_hide&quot;, &quot;ref:bag&quot;=&gt;&quot;0617100000715334&quot;, &quot;building&quot;=&gt;&quot;yes&quot;, &quot;way_area&quot;=&gt;&quot;308.794&quot;, &quot;start_date&quot;=&gt;&quot;1880&quot;, &quot;source:date&quot;=&gt;&quot;2014-03-24&quot;</ogr:tags>
  </extensions>
</wpt>
<wpt lat="51.947673801525518" lon="5.61326303615553">
  <name>Blauwe Kamer - Vogelkijkhut</name>
  <extensions>
    <ogr:osm_id>273502186.0</ogr:osm_id>
    <ogr:tags>&quot;name&quot;=&gt;&quot;Blauwe Kamer - Vogelkijkhut&quot;, &quot;source&quot;=&gt;&quot;BAG&quot;, &quot;leisure&quot;=&gt;&quot;bird_hide&quot;, &quot;ref:bag&quot;=&gt;&quot;0340100000322307&quot;, &quot;building&quot;=&gt;&quot;yes&quot;, &quot;way_area&quot;=&gt;&quot;98.2866&quot;, &quot;start_date&quot;=&gt;&quot;1992&quot;, &quot;source:date&quot;=&gt;&quot;2014-03-24&quot;</ogr:tags>
  </extensions>
</wpt>
<wpt lat="52.134453699106892" lon="4.3400358">
  <name>Meijendel - vogelkijkscherm</name>
  <extensions>
    <ogr:osm_id>274804016.0</ogr:osm_id>
    <ogr:tags>&quot;name&quot;=&gt;&quot;Meijendel - vogelkijkscherm&quot;, &quot;leisure&quot;=&gt;&quot;bird_hide&quot;, &quot;tourism&quot;=&gt;&quot;viewpoint&quot;</ogr:tags>
  </extensions>
</wpt>
<wpt lat="52.134109199106923" lon="4.3384535">
  <name>Meijendel - vogelkijkscherm</name>
  <extensions>
    <ogr:osm_id>274804026.0</ogr:osm_id>
    <ogr:tags>&quot;name&quot;=&gt;&quot;Meijendel - vogelkijkscherm&quot;, &quot;leisure&quot;=&gt;&quot;bird_hide&quot;, &quot;tourism&quot;=&gt;&quot;viewpoint&quot;</ogr:tags>
  </extensions>
</wpt>
<wpt lat="52.28213982070838" lon="4.927131565847878">
  <name>Vogelkijkhut Landje van Geijsel</name>
  <extensions>
    <ogr:osm_id>278363596.0</ogr:osm_id>
    <ogr:tags>&quot;name&quot;=&gt;&quot;Vogelkijkhut Landje van Geijsel&quot;, &quot;source&quot;=&gt;&quot;BAG&quot;, &quot;leisure&quot;=&gt;&quot;bird_hide&quot;, &quot;ref:bag&quot;=&gt;&quot;0437100000006040&quot;, &quot;building&quot;=&gt;&quot;yes&quot;, &quot;way_area&quot;=&gt;&quot;163.164&quot;, &quot;start_date&quot;=&gt;&quot;1900&quot;, &quot;source:date&quot;=&gt;&quot;2014-03-24&quot;</ogr:tags>
  </extensions>
</wpt>
<wpt lat="53.187767880990663" lon="6.4296766936887">
  <name>Vogelkijkhut Olde Mart</name>
  <extensions>
    <ogr:osm_id>278606366.0</ogr:osm_id>
    <ogr:tags>&quot;name&quot;=&gt;&quot;Vogelkijkhut Olde Mart&quot;, &quot;note&quot;=&gt;&quot;Lettelberter Petten - Vogelkijkhut&quot;, &quot;source&quot;=&gt;&quot;BAG&quot;, &quot;leisure&quot;=&gt;&quot;bird_hide&quot;, &quot;ref:bag&quot;=&gt;&quot;0022100000010682&quot;, &quot;building&quot;=&gt;&quot;hut&quot;, &quot;operator&quot;=&gt;&quot;Groninger Landschap&quot;, &quot;way_area&quot;=&gt;&quot;42.4151&quot;, &quot;start_date&quot;=&gt;&quot;2000&quot;, &quot;source:date&quot;=&gt;&quot;2014-03-24&quot;</ogr:tags>
  </extensions>
</wpt>
<wpt lat="53.248055071756212" lon="6.291592768585582">
  <name>birdwatching</name>
  <extensions>
    <ogr:osm_id>278957279.0</ogr:osm_id>
    <ogr:tags>&quot;source&quot;=&gt;&quot;BAG&quot;, &quot;leisure&quot;=&gt;&quot;bird_hide&quot;, &quot;ref:bag&quot;=&gt;&quot;0056100000013139&quot;, &quot;building&quot;=&gt;&quot;yes&quot;, &quot;way_area&quot;=&gt;&quot;96.3975&quot;, &quot;start_date&quot;=&gt;&quot;1900&quot;, &quot;source:date&quot;=&gt;&quot;2014-03-24&quot;</ogr:tags>
  </extensions>
</wpt>
<wpt lat="51.594189250593608" lon="3.747430361778431">
  <name>Keihoogte - Inlaag Keihoogte - Vogelkijkhut</name>
  <extensions>
    <ogr:osm_id>281430397.0</ogr:osm_id>
    <ogr:tags>&quot;name&quot;=&gt;&quot;Keihoogte - Inlaag Keihoogte - Vogelkijkhut&quot;, &quot;source&quot;=&gt;&quot;BAG-viewer&quot;, &quot;leisure&quot;=&gt;&quot;bird_hide&quot;, &quot;ref:bag&quot;=&gt;&quot;1695100000010530&quot;, &quot;building&quot;=&gt;&quot;yes&quot;, &quot;way_area&quot;=&gt;&quot;122.233&quot;, &quot;start_date&quot;=&gt;&quot;2012&quot;, &quot;source:date&quot;=&gt;&quot;2019-06-13&quot;</ogr:tags>
  </extensions>
</wpt>
<wpt lat="51.602372840374429" lon="3.818810389378468">
  <name>De Vogelarij</name>
  <extensions>
    <ogr:osm_id>281702848.0</ogr:osm_id>
    <ogr:tags>&quot;name&quot;=&gt;&quot;De Vogelarij&quot;, &quot;source&quot;=&gt;&quot;BAG&quot;, &quot;leisure&quot;=&gt;&quot;bird_hide&quot;, &quot;ref:bag&quot;=&gt;&quot;1695100000010289&quot;, &quot;building&quot;=&gt;&quot;yes&quot;, &quot;way_area&quot;=&gt;&quot;48.6473&quot;, &quot;mapillary&quot;=&gt;&quot;1208213602932018&quot;, &quot;start_date&quot;=&gt;&quot;2003&quot;, &quot;source:date&quot;=&gt;&quot;2014-05-07&quot;</ogr:tags>
  </extensions>
</wpt>
<wpt lat="51.761003362013994" lon="4.800213881434697">
  <name>Biesbosch - Maltha - Vogelkijkhut</name>
  <extensions>
    <ogr:osm_id>287146957.0</ogr:osm_id>
    <ogr:tags>&quot;name&quot;=&gt;&quot;Biesbosch - Maltha - Vogelkijkhut&quot;, &quot;leisure&quot;=&gt;&quot;bird_hide&quot;, &quot;building&quot;=&gt;&quot;yes&quot;, &quot;way_area&quot;=&gt;&quot;54.6418&quot;, &quot;wheelchair&quot;=&gt;&quot;limited&quot;</ogr:tags>
  </extensions>
</wpt>
<wpt lat="51.631031336960234" lon="4.260681098640071">
  <name>birdwatching</name>
  <extensions>
    <ogr:osm_id>292046646.0</ogr:osm_id>
    <ogr:tags>&quot;leisure&quot;=&gt;&quot;bird_hide&quot;, &quot;shelter&quot;=&gt;&quot;yes&quot;, &quot;building&quot;=&gt;&quot;yes&quot;, &quot;way_area&quot;=&gt;&quot;89.8608&quot;</ogr:tags>
  </extensions>
</wpt>
<wpt lat="51.278718917380772" lon="5.378898450272247">
  <name>Vogelkijkhut</name>
  <extensions>
    <ogr:osm_id>295702988.0</ogr:osm_id>
    <ogr:tags>&quot;name&quot;=&gt;&quot;Vogelkijkhut&quot;, &quot;leisure&quot;=&gt;&quot;bird_hide&quot;, &quot;shelter&quot;=&gt;&quot;yes&quot;, &quot;tourism&quot;=&gt;&quot;viewpoint&quot;, &quot;building&quot;=&gt;&quot;yes&quot;, &quot;way_area&quot;=&gt;&quot;47.2388&quot;</ogr:tags>
  </extensions>
</wpt>
<wpt lat="53.389076299109604" lon="6.2040578">
  <name>Uitzichtheuvel Achter de Zwarten</name>
  <extensions>
    <ogr:osm_id>318594313.0</ogr:osm_id>
    <ogr:tags>&quot;name&quot;=&gt;&quot;Uitzichtheuvel Achter de Zwarten&quot;, &quot;leisure&quot;=&gt;&quot;bird_hide&quot;, &quot;tourism&quot;=&gt;&quot;viewpoint&quot;</ogr:tags>
  </extensions>
</wpt>
<wpt lat="52.439029248947158" lon="6.119322859911111">
  <name>De IJsvogel</name>
  <extensions>
    <ogr:osm_id>320511358.0</ogr:osm_id>
    <ogr:tags>&quot;name&quot;=&gt;&quot;De IJsvogel&quot;, &quot;leisure&quot;=&gt;&quot;bird_hide&quot;, &quot;building&quot;=&gt;&quot;yes&quot;, &quot;way_area&quot;=&gt;&quot;27.6904&quot;</ogr:tags>
  </extensions>
</wpt>
<wpt lat="52.089065799110244" lon="4.9237037">
  <name>birdwatching</name>
  <extensions>
    <ogr:osm_id>332050193.0</ogr:osm_id>
    <ogr:tags>&quot;leisure&quot;=&gt;&quot;bird_hide&quot;</ogr:tags>
  </extensions>
</wpt>
<wpt lat="52.899399099085421" lon="6.0779142">
  <name>Gerrit's hutte</name>
  <extensions>
    <ogr:osm_id>338660350.0</ogr:osm_id>
    <ogr:tags>&quot;name&quot;=&gt;&quot;Gerrit's hutte&quot;, &quot;leisure&quot;=&gt;&quot;bird_hide&quot;</ogr:tags>
  </extensions>
</wpt>
<wpt lat="51.820906989287778" lon="4.026478133008442">
  <name>Kop van Goeree - 't Kiekgat - Vogelkijkhut</name>
  <extensions>
    <ogr:osm_id>352140095.0</ogr:osm_id>
    <ogr:tags>&quot;name&quot;=&gt;&quot;Kop van Goeree - 't Kiekgat - Vogelkijkhut&quot;, &quot;note&quot;=&gt;&quot;Kop van Goeree - 't Kiekgat - Vogelkijkhut&quot;, &quot;leisure&quot;=&gt;&quot;bird_hide&quot;, &quot;tourism&quot;=&gt;&quot;viewpoint&quot;, &quot;building&quot;=&gt;&quot;yes&quot;, &quot;way_area&quot;=&gt;&quot;59.2871&quot;</ogr:tags>
  </extensions>
</wpt>
<wpt lat="52.147575467142019" lon="4.791800436322077">
  <name>birdwatching</name>
  <extensions>
    <ogr:osm_id>357904890.0</ogr:osm_id>
    <ogr:tags>&quot;leisure&quot;=&gt;&quot;bird_hide&quot;, &quot;building&quot;=&gt;&quot;yes&quot;, &quot;way_area&quot;=&gt;&quot;60.3356&quot;</ogr:tags>
  </extensions>
</wpt>
<wpt lat="51.540253599354074" lon="3.845447150284802">
  <name>birdwatching</name>
  <extensions>
    <ogr:osm_id>364648617.0</ogr:osm_id>
    <ogr:tags>&quot;leisure&quot;=&gt;&quot;bird_hide&quot;, &quot;way_area&quot;=&gt;&quot;9.66095&quot;, &quot;direction&quot;=&gt;&quot;320-130&quot;, &quot;mapillary&quot;=&gt;&quot;2084651718341522&quot;, &quot;wheelchair&quot;=&gt;&quot;no&quot;</ogr:tags>
  </extensions>
</wpt>
<wpt lat="51.627258433268757" lon="3.725436915116175">
  <name>observatiehut</name>
  <extensions>
    <ogr:osm_id>371415903.0</ogr:osm_id>
    <ogr:tags>&quot;name&quot;=&gt;&quot;observatiehut&quot;, &quot;leisure&quot;=&gt;&quot;bird_hide&quot;, &quot;building&quot;=&gt;&quot;yes&quot;, &quot;way_area&quot;=&gt;&quot;34.5159&quot;</ogr:tags>
  </extensions>
</wpt>
<wpt lat="52.979211399087241" lon="5.5705361">
  <name>birdwatching</name>
  <extensions>
    <ogr:osm_id>410561710.0</ogr:osm_id>
    <ogr:tags>&quot;leisure&quot;=&gt;&quot;bird_hide&quot;, &quot;tourism&quot;=&gt;&quot;viewpoint&quot;</ogr:tags>
  </extensions>
</wpt>
<wpt lat="52.602531699085581" lon="4.6267905">
  <name>birdwatching</name>
  <extensions>
    <ogr:osm_id>411016277.0</ogr:osm_id>
    <ogr:tags>&quot;leisure&quot;=&gt;&quot;bird_hide&quot;, &quot;tourism&quot;=&gt;&quot;viewpoint&quot;</ogr:tags>
  </extensions>
</wpt>
<wpt lat="52.5776373990861" lon="4.6288592">
  <name>birdwatching</name>
  <extensions>
    <ogr:osm_id>411055858.0</ogr:osm_id>
    <ogr:tags>&quot;leisure&quot;=&gt;&quot;bird_hide&quot;, &quot;tourism&quot;=&gt;&quot;viewpoint&quot;</ogr:tags>
  </extensions>
</wpt>
<wpt lat="52.050643899113247" lon="5.7220108">
  <name>birdwatching</name>
  <extensions>
    <ogr:osm_id>417411656.0</ogr:osm_id>
    <ogr:tags>&quot;note&quot;=&gt;&quot;vogelkijkhut Plas van Gent Noord-Ginkel&quot;, &quot;leisure&quot;=&gt;&quot;bird_hide&quot;, &quot;tourism&quot;=&gt;&quot;viewpoint&quot;</ogr:tags>
  </extensions>
</wpt>
<wpt lat="51.269340983784446" lon="5.424851208954681">
  <name>Uitkijkpost</name>
  <extensions>
    <ogr:osm_id>420641755.0</ogr:osm_id>
    <ogr:tags>&quot;name&quot;=&gt;&quot;Uitkijkpost&quot;, &quot;leisure&quot;=&gt;&quot;bird_hide&quot;, &quot;tourism&quot;=&gt;&quot;viewpoint&quot;, &quot;building&quot;=&gt;&quot;yes&quot;, &quot;way_area&quot;=&gt;&quot;68.3027&quot;</ogr:tags>
  </extensions>
</wpt>
<wpt lat="51.783266699138899" lon="3.885985749999985">
  <name>birdwatching</name>
  <extensions>
    <ogr:osm_id>425650970.0</ogr:osm_id>
    <ogr:tags>&quot;leisure&quot;=&gt;&quot;bird_hide&quot;, &quot;building&quot;=&gt;&quot;yes&quot;, &quot;way_area&quot;=&gt;&quot;6.11451&quot;, &quot;building:material&quot;=&gt;&quot;wood&quot;</ogr:tags>
  </extensions>
</wpt>
<wpt lat="51.363434432526347" lon="5.8953713">
  <name>vogelkijkhut Blankesplas</name>
  <extensions>
    <ogr:osm_id>428978074.0</ogr:osm_id>
    <ogr:tags>&quot;name&quot;=&gt;&quot;vogelkijkhut Blankesplas&quot;, &quot;leisure&quot;=&gt;&quot;bird_hide&quot;, &quot;way_area&quot;=&gt;&quot;10.6817&quot;</ogr:tags>
  </extensions>
</wpt>
<wpt lat="53.155248299094168" lon="6.5750457">
  <name>Friese Veen - Vogelkijkhut</name>
  <extensions>
    <ogr:osm_id>431977534.0</ogr:osm_id>
    <ogr:tags>&quot;name&quot;=&gt;&quot;Friese Veen - Vogelkijkhut&quot;, &quot;leisure&quot;=&gt;&quot;bird_hide&quot;</ogr:tags>
  </extensions>
</wpt>
<wpt lat="51.865271599129926" lon="5.9092718">
  <name>Ooijpolder - Groenlanden - Uitkijktoren</name>
  <extensions>
    <ogr:osm_id>447887066.0</ogr:osm_id>
    <ogr:tags>&quot;name&quot;=&gt;&quot;Ooijpolder - Groenlanden - Uitkijktoren&quot;, &quot;leisure&quot;=&gt;&quot;bird_hide&quot;, &quot;tourism&quot;=&gt;&quot;viewpoint&quot;, &quot;man_made&quot;=&gt;&quot;tower&quot;, &quot;tower:type&quot;=&gt;&quot;observation&quot;, &quot;wheelchair&quot;=&gt;&quot;no&quot;</ogr:tags>
  </extensions>
</wpt>
<wpt lat="51.928540936575047" lon="4.03046511095534">
  <name>birdwatching</name>
  <extensions>
    <ogr:osm_id>487491437.0</ogr:osm_id>
    <ogr:tags>&quot;leisure&quot;=&gt;&quot;bird_hide&quot;, &quot;shelter&quot;=&gt;&quot;no&quot;, &quot;way_area&quot;=&gt;&quot;156.167&quot;</ogr:tags>
  </extensions>
</wpt>
<wpt lat="51.927907735002783" lon="4.024294419298454">
  <name>birdwatching</name>
  <extensions>
    <ogr:osm_id>491419059.0</ogr:osm_id>
    <ogr:tags>&quot;leisure&quot;=&gt;&quot;bird_hide&quot;, &quot;shelter&quot;=&gt;&quot;no&quot;, &quot;way_area&quot;=&gt;&quot;5.55363&quot;</ogr:tags>
  </extensions>
</wpt>
<wpt lat="51.977815999119393" lon="4.4039342">
  <name>birdwatching</name>
  <extensions>
    <ogr:osm_id>503053514.0</ogr:osm_id>
    <ogr:tags>&quot;leisure&quot;=&gt;&quot;bird_hide&quot;, &quot;tourism&quot;=&gt;&quot;viewpoint&quot;</ogr:tags>
  </extensions>
</wpt>
<wpt lat="53.233711891121999" lon="5.952788290374909">
  <name>It Bûtefjild</name>
  <extensions>
    <ogr:osm_id>525236619.0</ogr:osm_id>
    <ogr:tags>&quot;name&quot;=&gt;&quot;It Bûtefjild&quot;, &quot;leisure&quot;=&gt;&quot;bird_hide&quot;, &quot;tourism&quot;=&gt;&quot;viewpoint&quot;, &quot;way_area&quot;=&gt;&quot;75.7735&quot;</ogr:tags>
  </extensions>
</wpt>
<wpt lat="51.950274899121851" lon="4.9903682">
  <name>Zouweboezem - Vogelkijkhut</name>
  <extensions>
    <ogr:osm_id>549325018.0</ogr:osm_id>
    <ogr:tags>&quot;name&quot;=&gt;&quot;Zouweboezem - Vogelkijkhut&quot;, &quot;leisure&quot;=&gt;&quot;bird_hide&quot;</ogr:tags>
  </extensions>
</wpt>
<wpt lat="52.645931829114936" lon="6.010839022730876">
  <name>Vogeleiland</name>
  <extensions>
    <ogr:osm_id>555836128.0</ogr:osm_id>
    <ogr:tags>&quot;name&quot;=&gt;&quot;Vogeleiland&quot;, &quot;access&quot;=&gt;&quot;private&quot;, &quot;leisure&quot;=&gt;&quot;bird_hide&quot;, &quot;building&quot;=&gt;&quot;yes&quot;, &quot;operator&quot;=&gt;&quot;Natuurmonumenten&quot;, &quot;way_area&quot;=&gt;&quot;85.6776&quot;, &quot;description&quot;=&gt;&quot;Toegang in overleg.&quot;</ogr:tags>
  </extensions>
</wpt>
<wpt lat="52.44855978229009" lon="5.404051109618179">
  <name>birdwatching</name>
  <extensions>
    <ogr:osm_id>558639712.0</ogr:osm_id>
    <ogr:tags>&quot;leisure&quot;=&gt;&quot;bird_hide&quot;, &quot;building&quot;=&gt;&quot;yes&quot;, &quot;way_area&quot;=&gt;&quot;133.413&quot;</ogr:tags>
  </extensions>
</wpt>
<wpt lat="52.109947749109921" lon="4.575441849999914">
  <name>De Tureluur</name>
  <extensions>
    <ogr:osm_id>562551558.0</ogr:osm_id>
    <ogr:tags>&quot;name&quot;=&gt;&quot;De Tureluur&quot;, &quot;leisure&quot;=&gt;&quot;bird_hide&quot;, &quot;shelter&quot;=&gt;&quot;yes&quot;, &quot;website&quot;=&gt;&quot;https://www.vogelsrijnwoude.nl/&quot;, &quot;seasonal&quot;=&gt;&quot;yes&quot;, &quot;way_area&quot;=&gt;&quot;31.0418&quot;, &quot;access:conditional&quot;=&gt;&quot;no @ (Mar 15-Jun 15)&quot;</ogr:tags>
  </extensions>
</wpt>
<wpt lat="51.153381149229055" lon="5.834858900002378">
  <name>Vogelkijkhut</name>
  <extensions>
    <ogr:osm_id>564145297.0</ogr:osm_id>
    <ogr:tags>&quot;name&quot;=&gt;&quot;Vogelkijkhut&quot;, &quot;amenity&quot;=&gt;&quot;shelter&quot;, &quot;leisure&quot;=&gt;&quot;bird_hide&quot;, &quot;building&quot;=&gt;&quot;shelter&quot;, &quot;way_area&quot;=&gt;&quot;49.4527&quot;</ogr:tags>
  </extensions>
</wpt>
<wpt lat="52.983863899087382" lon="6.400914">
  <name>Uitkijktoren &quot;De Zeven&quot;</name>
  <extensions>
    <ogr:osm_id>571169575.0</ogr:osm_id>
    <ogr:tags>&quot;fee&quot;=&gt;&quot;no&quot;, &quot;name&quot;=&gt;&quot;Uitkijktoren \&quot;De Zeven\&quot;&quot;, &quot;access&quot;=&gt;&quot;yes&quot;, &quot;height&quot;=&gt;&quot;15&quot;, &quot;source&quot;=&gt;&quot;https://www.bestemmingbuitenlucht.nl/uitkijktoren-de-zeven-in-fochteloerveen/&quot;, &quot;leisure&quot;=&gt;&quot;bird_hide&quot;, &quot;tourism&quot;=&gt;&quot;viewpoint&quot;, &quot;website&quot;=&gt;&quot;https://www.natuurmonumenten.nl/natuurgebieden/fochteloerveen/uitkijktorens/uitkijktoren-fochteloerveen&quot;, &quot;elevator&quot;=&gt;&quot;no&quot;, &quot;man_made&quot;=&gt;&quot;tower&quot;, &quot;architect&quot;=&gt;&quot;Dick de Haan&quot;, &quot;start_date&quot;=&gt;&quot;2000&quot;, &quot;tower:type&quot;=&gt;&quot;observation&quot;, &quot;description&quot;=&gt;&quot;De 'Zeven', zoals deze bijzondere uitkijktoren wordt genoemd, is te vinden in het Friese Fochteloërveen. Met een beetje geluk zie je in het voorjaar en 's zomers kraanvogels vanuit deze bijzondere uitkijktoren.&quot;</ogr:tags>
  </extensions>
</wpt>
<wpt lat="52.913881024744029" lon="5.407863831883121">
  <name>De Swan</name>
  <extensions>
    <ogr:osm_id>589668103.0</ogr:osm_id>
    <ogr:tags>&quot;name&quot;=&gt;&quot;De Swan&quot;, &quot;leisure&quot;=&gt;&quot;bird_hide&quot;, &quot;building&quot;=&gt;&quot;yes&quot;, &quot;operator&quot;=&gt;&quot;It Fryske Gea&quot;, &quot;way_area&quot;=&gt;&quot;81.9809&quot;</ogr:tags>
  </extensions>
</wpt>
<wpt lat="53.112258099094717" lon="5.889055250000141">
  <name>Vogelkijkhut</name>
  <extensions>
    <ogr:osm_id>626126984.0</ogr:osm_id>
    <ogr:tags>&quot;name&quot;=&gt;&quot;Vogelkijkhut&quot;, &quot;leisure&quot;=&gt;&quot;bird_hide&quot;, &quot;tourism&quot;=&gt;&quot;viewpoint&quot;, &quot;building&quot;=&gt;&quot;yes&quot;, &quot;operator&quot;=&gt;&quot;It Fryske Gea&quot;, &quot;way_area&quot;=&gt;&quot;18.0244&quot;, &quot;shelter_type&quot;=&gt;&quot;bir&quot;</ogr:tags>
  </extensions>
</wpt>
<wpt lat="52.922751999085889" lon="6.4566064">
  <name>Vogelkijkhut Diependal</name>
  <extensions>
    <ogr:osm_id>660194766.0</ogr:osm_id>
    <ogr:tags>&quot;fee&quot;=&gt;&quot;no&quot;, &quot;name&quot;=&gt;&quot;Vogelkijkhut Diependal&quot;, &quot;note&quot;=&gt;&quot;Diependal - Vogelkijkhut&quot;, &quot;source&quot;=&gt;&quot;BAG&quot;, &quot;leisure&quot;=&gt;&quot;bird_hide&quot;, &quot;tourism&quot;=&gt;&quot;viewpoint&quot;, &quot;man_made&quot;=&gt;&quot;tower&quot;, &quot;addr:city&quot;=&gt;&quot;Oranje&quot;, &quot;tower:type&quot;=&gt;&quot;observation&quot;, &quot;addr:street&quot;=&gt;&quot;Oranje&quot;, &quot;source:date&quot;=&gt;&quot;2018-05-08&quot;, &quot;addr:postcode&quot;=&gt;&quot;9416TD&quot;, &quot;addr:housenumber&quot;=&gt;&quot;60&quot;</ogr:tags>
  </extensions>
</wpt>
<wpt lat="52.917419099085784" lon="6.4607073">
  <name>Diependal - Vogelkijkscherm</name>
  <extensions>
    <ogr:osm_id>660194792.0</ogr:osm_id>
    <ogr:tags>&quot;name&quot;=&gt;&quot;Diependal - Vogelkijkscherm&quot;, &quot;note&quot;=&gt;&quot;Diependal - Vogelkijkscherm&quot;, &quot;leisure&quot;=&gt;&quot;bird_hide&quot;, &quot;tourism&quot;=&gt;&quot;viewpoint&quot;</ogr:tags>
  </extensions>
</wpt>
<wpt lat="51.600991078499995" lon="4.752394213575815">
  <name>Emerput - Vogelkijkhut</name>
  <extensions>
    <ogr:osm_id>661298184.0</ogr:osm_id>
    <ogr:tags>&quot;name&quot;=&gt;&quot;Emerput - Vogelkijkhut&quot;, &quot;note&quot;=&gt;&quot;Emerput - Vogelkijkhut&quot;, &quot;image&quot;=&gt;&quot;https://photos.app.goo.gl/UwoiL5yRyjSuVzt88&quot;, &quot;leisure&quot;=&gt;&quot;bird_hide&quot;, &quot;building&quot;=&gt;&quot;yes&quot;, &quot;way_area&quot;=&gt;&quot;45.8925&quot;, &quot;mapillary&quot;=&gt;&quot;166968615326140&quot;</ogr:tags>
  </extensions>
</wpt>
<wpt lat="51.436702732690136" lon="4.264322139237762">
  <name>Scheldekreek - Traan - Vogelkijkpunt</name>
  <extensions>
    <ogr:osm_id>668159106.0</ogr:osm_id>
    <ogr:tags>&quot;name&quot;=&gt;&quot;Scheldekreek - Traan - Vogelkijkpunt&quot;, &quot;note&quot;=&gt;&quot;Scheldekreek - Traan - Vogelkijkpunt&quot;, &quot;image&quot;=&gt;&quot;https://photos.app.goo.gl/bG4VbqtXxPKbUTxu7&quot;, &quot;leisure&quot;=&gt;&quot;bird_hide&quot;, &quot;building&quot;=&gt;&quot;yes&quot;, &quot;way_area&quot;=&gt;&quot;38.0605&quot;, &quot;mapillary&quot;=&gt;&quot;4138101056242394&quot;</ogr:tags>
  </extensions>
</wpt>
<wpt lat="51.871593766372285" lon="4.342752474253126">
  <name>birdwatching</name>
  <extensions>
    <ogr:osm_id>688989513.0</ogr:osm_id>
    <ogr:tags>&quot;leisure&quot;=&gt;&quot;bird_hide&quot;, &quot;tourism&quot;=&gt;&quot;viewpoint&quot;, &quot;building&quot;=&gt;&quot;yes&quot;, &quot;way_area&quot;=&gt;&quot;36.8644&quot;</ogr:tags>
  </extensions>
</wpt>
<wpt lat="51.818592970283213" lon="4.0560877632994">
  <name>Vogelobservatorium Tij</name>
  <extensions>
    <ogr:osm_id>689488554.0</ogr:osm_id>
    <ogr:tags>&quot;name&quot;=&gt;&quot;Vogelobservatorium Tij&quot;, &quot;leisure&quot;=&gt;&quot;bird_hide&quot;, &quot;tourism&quot;=&gt;&quot;viewpoint&quot;, &quot;building&quot;=&gt;&quot;yes&quot;, &quot;operator&quot;=&gt;&quot;Natuurmonumenten;Vogelbescherming&quot;, &quot;way_area&quot;=&gt;&quot;95.0587&quot;, &quot;binoculars&quot;=&gt;&quot;yes&quot;, &quot;binoculars:fee&quot;=&gt;&quot;no&quot;</ogr:tags>
  </extensions>
</wpt>
<wpt lat="51.684629315063475" lon="4.364493195070668">
  <name>Hellegatsplaten - Uitkijktoren</name>
  <extensions>
    <ogr:osm_id>693950256.0</ogr:osm_id>
    <ogr:tags>&quot;name&quot;=&gt;&quot;Hellegatsplaten - Uitkijktoren&quot;, &quot;note&quot;=&gt;&quot;Hellegatsplaten - Uitkijktoren&quot;, &quot;leisure&quot;=&gt;&quot;bird_hide&quot;, &quot;tourism&quot;=&gt;&quot;viewpoint&quot;, &quot;man_made&quot;=&gt;&quot;tower&quot;, &quot;way_area&quot;=&gt;&quot;117.084&quot;, &quot;tower:type&quot;=&gt;&quot;watchtower&quot;</ogr:tags>
  </extensions>
</wpt>
<wpt lat="51.702589524911183" lon="4.329717698495188">
  <name>Visarend</name>
  <extensions>
    <ogr:osm_id>693950272.0</ogr:osm_id>
    <ogr:tags>&quot;name&quot;=&gt;&quot;Visarend&quot;, &quot;leisure&quot;=&gt;&quot;bird_hide&quot;, &quot;building&quot;=&gt;&quot;yes&quot;, &quot;operator&quot;=&gt;&quot;Staatsbosbeheer&quot;, &quot;way_area&quot;=&gt;&quot;46.3542&quot;, &quot;description&quot;=&gt;&quot;Vogelkijkhut, Ventjagersplaten - Visarend -&quot;, &quot;building:levels&quot;=&gt;&quot;2&quot;, &quot;operator:wikidata&quot;=&gt;&quot;Q7510564&quot;</ogr:tags>
  </extensions>
</wpt>
<wpt lat="51.700918982877582" lon="4.356769898434898">
  <name>Hellegatsplaten - Lepelaar - Vogelkijkhut</name>
  <extensions>
    <ogr:osm_id>693950281.0</ogr:osm_id>
    <ogr:tags>&quot;name&quot;=&gt;&quot;Hellegatsplaten - Lepelaar - Vogelkijkhut&quot;, &quot;note&quot;=&gt;&quot;Hellegatsplaten - Lepelaar - Vogelkijkhut&quot;, &quot;leisure&quot;=&gt;&quot;bird_hide&quot;, &quot;way_area&quot;=&gt;&quot;60.5965&quot;</ogr:tags>
  </extensions>
</wpt>
<wpt lat="51.695659997035712" lon="4.388181480055937">
  <name>Hellegatsplaten - Kluut - Vogelkijkhut</name>
  <extensions>
    <ogr:osm_id>693950295.0</ogr:osm_id>
    <ogr:tags>&quot;name&quot;=&gt;&quot;Hellegatsplaten - Kluut - Vogelkijkhut&quot;, &quot;note&quot;=&gt;&quot;Hellegatsplaten - Kluut - Vogelkijkhut&quot;, &quot;leisure&quot;=&gt;&quot;bird_hide&quot;, &quot;building&quot;=&gt;&quot;yes&quot;, &quot;way_area&quot;=&gt;&quot;18.2153&quot;, &quot;wheelchair&quot;=&gt;&quot;yes&quot;</ogr:tags>
  </extensions>
</wpt>
<wpt lat="51.751126099141878" lon="3.8709943">
  <name>Kabbelaarsbank - Vogelkijkscherm</name>
  <extensions>
    <ogr:osm_id>703216851.0</ogr:osm_id>
    <ogr:tags>&quot;name&quot;=&gt;&quot;Kabbelaarsbank - Vogelkijkscherm&quot;, &quot;leisure&quot;=&gt;&quot;bird_hide&quot;</ogr:tags>
  </extensions>
</wpt>
<wpt lat="51.785352899138175" lon="3.8946499">
  <name>Vogelkijkscherm</name>
  <extensions>
    <ogr:osm_id>704467644.0</ogr:osm_id>
    <ogr:tags>&quot;name&quot;=&gt;&quot;Vogelkijkscherm&quot;, &quot;note&quot;=&gt;&quot;Vogelkijkscherm&quot;, &quot;leisure&quot;=&gt;&quot;bird_hide&quot;, &quot;tourism&quot;=&gt;&quot;viewpoint&quot;</ogr:tags>
  </extensions>
</wpt>
<wpt lat="51.419549556158053" lon="5.154710463839612">
  <name>birdwatching</name>
  <extensions>
    <ogr:osm_id>779102685.0</ogr:osm_id>
    <ogr:tags>&quot;leisure&quot;=&gt;&quot;bird_hide&quot;, &quot;way_area&quot;=&gt;&quot;13.631&quot;</ogr:tags>
  </extensions>
</wpt>
<wpt lat="53.120274675807998" lon="6.711529263877112">
  <name>birdwatching</name>
  <extensions>
    <ogr:osm_id>783338514.0</ogr:osm_id>
    <ogr:tags>&quot;leisure&quot;=&gt;&quot;bird_hide&quot;, &quot;building&quot;=&gt;&quot;yes&quot;, &quot;way_area&quot;=&gt;&quot;17.2583&quot;</ogr:tags>
  </extensions>
</wpt>
<wpt lat="53.123135561327665" lon="6.714234818042899">
  <name>birdwatching</name>
  <extensions>
    <ogr:osm_id>783338515.0</ogr:osm_id>
    <ogr:tags>&quot;leisure&quot;=&gt;&quot;bird_hide&quot;, &quot;building&quot;=&gt;&quot;yes&quot;, &quot;way_area&quot;=&gt;&quot;18.1984&quot;</ogr:tags>
  </extensions>
</wpt>
<wpt lat="50.979113399254416" lon="5.9725521">
  <name>birdwatching</name>
  <extensions>
    <ogr:osm_id>791305269.0</ogr:osm_id>
    <ogr:tags>&quot;leisure&quot;=&gt;&quot;bird_hide&quot;, &quot;building&quot;=&gt;&quot;hut&quot;, &quot;way_area&quot;=&gt;&quot;11.7976&quot;</ogr:tags>
  </extensions>
</wpt>
<wpt lat="51.501045697514137" lon="5.039740105939941">
  <name>birdwatching</name>
  <extensions>
    <ogr:osm_id>795862912.0</ogr:osm_id>
    <ogr:tags>&quot;leisure&quot;=&gt;&quot;bird_hide&quot;, &quot;way_area&quot;=&gt;&quot;9.05175&quot;</ogr:tags>
  </extensions>
</wpt>
<wpt lat="51.530488395614782" lon="4.835342785397646">
  <name>birdwatching</name>
  <extensions>
    <ogr:osm_id>807702389.0</ogr:osm_id>
    <ogr:tags>&quot;leisure&quot;=&gt;&quot;bird_hide&quot;, &quot;way_area&quot;=&gt;&quot;18.5158&quot;</ogr:tags>
  </extensions>
</wpt>
<wpt lat="53.122557307147375" lon="5.951804128476788">
  <name>Alde Feanen - Westersanning - Vogelkijkhut</name>
  <extensions>
    <ogr:osm_id>815921420.0</ogr:osm_id>
    <ogr:tags>&quot;name&quot;=&gt;&quot;Alde Feanen - Westersanning - Vogelkijkhut&quot;, &quot;note&quot;=&gt;&quot;Alde Feanen - Westersanning - Vogelkijkhut&quot;, &quot;leisure&quot;=&gt;&quot;bird_hide&quot;, &quot;building&quot;=&gt;&quot;yes&quot;, &quot;way_area&quot;=&gt;&quot;24.3987&quot;</ogr:tags>
  </extensions>
</wpt>
<wpt lat="53.093147222268925" lon="5.949458756630024">
  <name>De Veenhoop - Kraanlannen - Vogelkijkhut</name>
  <extensions>
    <ogr:osm_id>820198717.0</ogr:osm_id>
    <ogr:tags>&quot;name&quot;=&gt;&quot;De Veenhoop - Kraanlannen - Vogelkijkhut&quot;, &quot;leisure&quot;=&gt;&quot;bird_hide&quot;, &quot;way_area&quot;=&gt;&quot;76.8356&quot;</ogr:tags>
  </extensions>
</wpt>
<wpt lat="53.141613750029293" lon="5.950820685654779">
  <name>Alde Feanen - Reid om 'e Krite - Vogelkijkhut</name>
  <extensions>
    <ogr:osm_id>820203907.0</ogr:osm_id>
    <ogr:tags>&quot;name&quot;=&gt;&quot;Alde Feanen - Reid om 'e Krite - Vogelkijkhut&quot;, &quot;note&quot;=&gt;&quot;Alde Feanen - Reid om 'e Krite - Vogelkijkhut&quot;, &quot;leisure&quot;=&gt;&quot;bird_hide&quot;, &quot;building&quot;=&gt;&quot;yes&quot;, &quot;way_area&quot;=&gt;&quot;27.4127&quot;</ogr:tags>
  </extensions>
</wpt>
<wpt lat="53.141944997609741" lon="5.939104815911675">
  <name>Alde Feanen - Ierdige mar- Vogelkijkhut</name>
  <extensions>
    <ogr:osm_id>820212675.0</ogr:osm_id>
    <ogr:tags>&quot;name&quot;=&gt;&quot;Alde Feanen - Ierdige mar- Vogelkijkhut&quot;, &quot;leisure&quot;=&gt;&quot;bird_hide&quot;, &quot;building&quot;=&gt;&quot;yes&quot;, &quot;way_area&quot;=&gt;&quot;42.9566&quot;, &quot;building:colour&quot;=&gt;&quot;#85552e&quot;</ogr:tags>
  </extensions>
</wpt>
<wpt lat="52.176232699107779" lon="6.18790929999991">
  <name>birdwatching</name>
  <extensions>
    <ogr:osm_id>832278258.0</ogr:osm_id>
    <ogr:tags>&quot;leisure&quot;=&gt;&quot;bird_hide&quot;, &quot;shelter&quot;=&gt;&quot;yes&quot;, &quot;way_area&quot;=&gt;&quot;32.8326&quot;</ogr:tags>
  </extensions>
</wpt>
<wpt lat="52.630352213339151" lon="4.636373530425747">
  <name>Wimmenummerduinen - De Vlieger - Vogelkijkhut</name>
  <extensions>
    <ogr:osm_id>892863596.0</ogr:osm_id>
    <ogr:tags>&quot;name&quot;=&gt;&quot;Wimmenummerduinen - De Vlieger - Vogelkijkhut&quot;, &quot;note&quot;=&gt;&quot;Wimmenummerduinen - De Vlieger - Vogelkijkhut&quot;, &quot;leisure&quot;=&gt;&quot;bird_hide&quot;, &quot;building&quot;=&gt;&quot;yes&quot;, &quot;way_area&quot;=&gt;&quot;65.6814&quot;</ogr:tags>
  </extensions>
</wpt>
<wpt lat="51.509285699171279" lon="4.6371437">
  <name>Vogelkijkhut ''De Flesch''</name>
  <extensions>
    <ogr:osm_id>903635960.0</ogr:osm_id>
    <ogr:tags>&quot;name&quot;=&gt;&quot;Vogelkijkhut ''De Flesch''&quot;, &quot;note&quot;=&gt;&quot;Vogelkijkhut ''De Flesch'' in natuurgebied de Pannenhoef.&quot;, &quot;leisure&quot;=&gt;&quot;bird_hide&quot;</ogr:tags>
  </extensions>
</wpt>
<wpt lat="51.976967818301212" lon="6.334092066098823">
  <name>birdwatching</name>
  <extensions>
    <ogr:osm_id>903894992.0</ogr:osm_id>
    <ogr:tags>&quot;leisure&quot;=&gt;&quot;bird_hide&quot;, &quot;building&quot;=&gt;&quot;yes&quot;, &quot;way_area&quot;=&gt;&quot;37.4265&quot;</ogr:tags>
  </extensions>
</wpt>
<wpt lat="51.258054595308202" lon="6.099068506955416">
  <name>Vogelkijkhut Meerlebroek</name>
  <extensions>
    <ogr:osm_id>920029586.0</ogr:osm_id>
    <ogr:tags>&quot;name&quot;=&gt;&quot;Vogelkijkhut Meerlebroek&quot;, &quot;source&quot;=&gt;&quot;BAG&quot;, &quot;leisure&quot;=&gt;&quot;bird_hide&quot;, &quot;ref:bag&quot;=&gt;&quot;0889100000280924&quot;, &quot;building&quot;=&gt;&quot;yes&quot;, &quot;way_area&quot;=&gt;&quot;25.4989&quot;, &quot;start_date&quot;=&gt;&quot;2021&quot;, &quot;source:date&quot;=&gt;&quot;2021-10-08&quot;, &quot;building:levels&quot;=&gt;&quot;1&quot;</ogr:tags>
  </extensions>
</wpt>
<wpt lat="53.354780899106892" lon="6.1531748">
  <name>kijkheuvel Ezumakeeg</name>
  <extensions>
    <ogr:osm_id>928521206.0</ogr:osm_id>
    <ogr:tags>&quot;name&quot;=&gt;&quot;kijkheuvel Ezumakeeg&quot;, &quot;leisure&quot;=&gt;&quot;bird_hide&quot;</ogr:tags>
  </extensions>
</wpt>
<wpt lat="52.398404465829941" lon="4.751104502988682">
  <name>birdwatching</name>
  <extensions>
    <ogr:osm_id>934418982.0</ogr:osm_id>
    <ogr:tags>&quot;leisure&quot;=&gt;&quot;bird_hide&quot;, &quot;building&quot;=&gt;&quot;yes&quot;, &quot;way_area&quot;=&gt;&quot;23.843&quot;</ogr:tags>
  </extensions>
</wpt>
<wpt lat="53.153678127262019" lon="6.701794216620792">
  <name>Vogelkijkhut Kropswolderbuitenpolder</name>
  <extensions>
    <ogr:osm_id>936362850.0</ogr:osm_id>
    <ogr:tags>&quot;name&quot;=&gt;&quot;Vogelkijkhut Kropswolderbuitenpolder&quot;, &quot;layer&quot;=&gt;&quot;1&quot;, &quot;leisure&quot;=&gt;&quot;bird_hide&quot;, &quot;building&quot;=&gt;&quot;roof&quot;, &quot;way_area&quot;=&gt;&quot;165.407&quot;, &quot;wheelchair&quot;=&gt;&quot;yes&quot;</ogr:tags>
  </extensions>
</wpt>
<wpt lat="51.90711735422132" lon="6.735226076111803">
  <name>den Poef</name>
  <extensions>
    <ogr:osm_id>937424056.0</ogr:osm_id>
    <ogr:tags>&quot;name&quot;=&gt;&quot;den Poef&quot;, &quot;leisure&quot;=&gt;&quot;bird_hide&quot;, &quot;tourism&quot;=&gt;&quot;viewpoint&quot;, &quot;building&quot;=&gt;&quot;yes&quot;, &quot;way_area&quot;=&gt;&quot;79.2662&quot;</ogr:tags>
  </extensions>
</wpt>
<wpt lat="52.069682864927067" lon="4.423279234288021">
  <name>De Tureluur</name>
  <extensions>
    <ogr:osm_id>983042291.0</ogr:osm_id>
    <ogr:tags>&quot;name&quot;=&gt;&quot;De Tureluur&quot;, &quot;covered&quot;=&gt;&quot;yes&quot;, &quot;leisure&quot;=&gt;&quot;bird_hide&quot;, &quot;way_area&quot;=&gt;&quot;18.6304&quot;, &quot;survey:date&quot;=&gt;&quot;2021-09&quot;</ogr:tags>
  </extensions>
</wpt>
<wpt lat="52.44516039908995" lon="5.4077135">
  <name>Observatiehut De Brandgans</name>
  <extensions>
    <ogr:osm_id>985385655.0</ogr:osm_id>
    <ogr:tags>&quot;name&quot;=&gt;&quot;Observatiehut De Brandgans&quot;, &quot;leisure&quot;=&gt;&quot;bird_hide&quot;, &quot;tourism&quot;=&gt;&quot;viewpoint&quot;, &quot;viewpoint&quot;=&gt;&quot;birdwatching&quot;</ogr:tags>
  </extensions>
</wpt>
<wpt lat="50.971818446005493" lon="5.734716287134108">
  <name>Vogelkijkplatform 't Schaor</name>
  <extensions>
    <ogr:osm_id>987019001.0</ogr:osm_id>
    <ogr:tags>&quot;name&quot;=&gt;&quot;Vogelkijkplatform 't Schaor&quot;, &quot;leisure&quot;=&gt;&quot;bird_hide&quot;, &quot;tourism&quot;=&gt;&quot;viewpoint&quot;, &quot;building&quot;=&gt;&quot;yes&quot;, &quot;way_area&quot;=&gt;&quot;21.4135&quot;</ogr:tags>
  </extensions>
</wpt>
<wpt lat="52.231104443531677" lon="5.382553684149499">
  <name>birdwatching</name>
  <extensions>
    <ogr:osm_id>1043075546.0</ogr:osm_id>
    <ogr:tags>&quot;leisure&quot;=&gt;&quot;bird_hide&quot;, &quot;shelter&quot;=&gt;&quot;no&quot;, &quot;way_area&quot;=&gt;&quot;9.38743&quot;</ogr:tags>
  </extensions>
</wpt>
<wpt lat="51.775624821270966" lon="4.217412891365331">
  <name>birdwatching</name>
  <extensions>
    <ogr:osm_id>1052730514.0</ogr:osm_id>
    <ogr:tags>&quot;leisure&quot;=&gt;&quot;bird_hide&quot;, &quot;operator&quot;=&gt;&quot;Staatsbosbeheer;Hoekschewaards Landschap&quot;, &quot;way_area&quot;=&gt;&quot;81.599&quot;</ogr:tags>
  </extensions>
</wpt>
<wpt lat="53.204019144241194" lon="5.721045918410176">
  <name>birdwatching</name>
  <extensions>
    <ogr:osm_id>1053397329.0</ogr:osm_id>
    <ogr:tags>&quot;leisure&quot;=&gt;&quot;bird_hide&quot;, &quot;shelter&quot;=&gt;&quot;yes&quot;, &quot;way_area&quot;=&gt;&quot;29.8644&quot;</ogr:tags>
  </extensions>
</wpt>
<wpt lat="53.219723145350891" lon="6.268815102242823">
  <name>birdwatching</name>
  <extensions>
    <ogr:osm_id>1063615455.0</ogr:osm_id>
    <ogr:tags>&quot;leisure&quot;=&gt;&quot;bird_hide&quot;, &quot;way_area&quot;=&gt;&quot;19.4704&quot;</ogr:tags>
  </extensions>
</wpt>
<wpt lat="53.140348718583802" lon="5.943336622896257">
  <name>Alde Feanen - Earnesleat - Vogelkijkhut</name>
  <extensions>
    <ogr:osm_id>1084100675.0</ogr:osm_id>
    <ogr:tags>&quot;name&quot;=&gt;&quot;Alde Feanen - Earnesleat - Vogelkijkhut&quot;, &quot;height&quot;=&gt;&quot;3&quot;, &quot;leisure&quot;=&gt;&quot;bird_hide&quot;, &quot;building&quot;=&gt;&quot;yes&quot;, &quot;way_area&quot;=&gt;&quot;12.9498&quot;</ogr:tags>
  </extensions>
</wpt>
<wpt lat="53.193706648431629" lon="5.672232801515691">
  <name>birdwatching</name>
  <extensions>
    <ogr:osm_id>1085821650.0</ogr:osm_id>
    <ogr:tags>&quot;leisure&quot;=&gt;&quot;bird_hide&quot;, &quot;building&quot;=&gt;&quot;yes&quot;, &quot;way_area&quot;=&gt;&quot;27.7048&quot;</ogr:tags>
  </extensions>
</wpt>
<wpt lat="53.092092533531307" lon="5.562516672899143">
  <name>De Skries</name>
  <extensions>
    <ogr:osm_id>1089049755.0</ogr:osm_id>
    <ogr:tags>&quot;name&quot;=&gt;&quot;De Skries&quot;, &quot;access&quot;=&gt;&quot;customers&quot;, &quot;leisure&quot;=&gt;&quot;bird_hide&quot;, &quot;building&quot;=&gt;&quot;yes&quot;, &quot;way_area&quot;=&gt;&quot;132.564&quot;</ogr:tags>
  </extensions>
</wpt>
<wpt lat="53.092016744220764" lon="5.561663655368392">
  <name>De Kluut</name>
  <extensions>
    <ogr:osm_id>1089049756.0</ogr:osm_id>
    <ogr:tags>&quot;name&quot;=&gt;&quot;De Kluut&quot;, &quot;access&quot;=&gt;&quot;customers&quot;, &quot;leisure&quot;=&gt;&quot;bird_hide&quot;, &quot;building&quot;=&gt;&quot;yes&quot;, &quot;way_area&quot;=&gt;&quot;104.926&quot;</ogr:tags>
  </extensions>
</wpt>
<wpt lat="53.092070940459649" lon="5.560748975643742">
  <name>De Oants</name>
  <extensions>
    <ogr:osm_id>1089049757.0</ogr:osm_id>
    <ogr:tags>&quot;name&quot;=&gt;&quot;De Oants&quot;, &quot;access&quot;=&gt;&quot;customers&quot;, &quot;leisure&quot;=&gt;&quot;bird_hide&quot;, &quot;building&quot;=&gt;&quot;yes&quot;, &quot;way_area&quot;=&gt;&quot;125.277&quot;</ogr:tags>
  </extensions>
</wpt>
<wpt lat="53.091980198582952" lon="5.559804604140292">
  <name>De Swel</name>
  <extensions>
    <ogr:osm_id>1089049758.0</ogr:osm_id>
    <ogr:tags>&quot;name&quot;=&gt;&quot;De Swel&quot;, &quot;access&quot;=&gt;&quot;customers&quot;, &quot;leisure&quot;=&gt;&quot;bird_hide&quot;, &quot;building&quot;=&gt;&quot;yes&quot;, &quot;way_area&quot;=&gt;&quot;102.301&quot;</ogr:tags>
  </extensions>
</wpt>
<wpt lat="51.400031254130674" lon="3.519904613173783">
  <name>birdwatching</name>
  <extensions>
    <ogr:osm_id>1089310274.0</ogr:osm_id>
    <ogr:tags>&quot;source&quot;=&gt;&quot;BAG&quot;, &quot;leisure&quot;=&gt;&quot;bird_hide&quot;, &quot;ref:bag&quot;=&gt;&quot;1714100000812807&quot;, &quot;building&quot;=&gt;&quot;yes&quot;, &quot;way_area&quot;=&gt;&quot;110.023&quot;, &quot;start_date&quot;=&gt;&quot;2019&quot;, &quot;source:date&quot;=&gt;&quot;2022-08-25&quot;</ogr:tags>
  </extensions>
</wpt>
<wpt lat="51.399192735232397" lon="3.517271793669186">
  <name>birdwatching</name>
  <extensions>
    <ogr:osm_id>1089310277.0</ogr:osm_id>
    <ogr:tags>&quot;source&quot;=&gt;&quot;BAG&quot;, &quot;leisure&quot;=&gt;&quot;bird_hide&quot;, &quot;ref:bag&quot;=&gt;&quot;1714100000812808&quot;, &quot;building&quot;=&gt;&quot;yes&quot;, &quot;way_area&quot;=&gt;&quot;121.765&quot;, &quot;start_date&quot;=&gt;&quot;2019&quot;, &quot;source:date&quot;=&gt;&quot;2022-08-25&quot;</ogr:tags>
  </extensions>
</wpt>
<wpt lat="53.060533130647642" lon="4.866144645947226">
  <name>birdwatching</name>
  <extensions>
    <ogr:osm_id>1091377973.0</ogr:osm_id>
    <ogr:tags>&quot;covered&quot;=&gt;&quot;yes&quot;, &quot;leisure&quot;=&gt;&quot;bird_hide&quot;, &quot;tourism&quot;=&gt;&quot;viewpoint&quot;, &quot;building&quot;=&gt;&quot;yes&quot;, &quot;way_area&quot;=&gt;&quot;39.129&quot;, &quot;viewpoint&quot;=&gt;&quot;birdwatching&quot;</ogr:tags>
  </extensions>
</wpt>
<wpt lat="52.588102697485681" lon="5.367225419273201">
  <name>Vogelkijkhut Duikeend</name>
  <extensions>
    <ogr:osm_id>1115755051.0</ogr:osm_id>
    <ogr:tags>&quot;name&quot;=&gt;&quot;Vogelkijkhut Duikeend&quot;, &quot;leisure&quot;=&gt;&quot;bird_hide&quot;, &quot;building&quot;=&gt;&quot;yes&quot;, &quot;way_area&quot;=&gt;&quot;63.1148&quot;</ogr:tags>
  </extensions>
</wpt>
<wpt lat="52.593129291550618" lon="5.359148438808376">
  <name>Vogelkijkhut Lepelaar</name>
  <extensions>
    <ogr:osm_id>1115755060.0</ogr:osm_id>
    <ogr:tags>&quot;name&quot;=&gt;&quot;Vogelkijkhut Lepelaar&quot;, &quot;source&quot;=&gt;&quot;local survey &amp; PDOK 27-04-19;local knowledge&quot;, &quot;leisure&quot;=&gt;&quot;bird_hide&quot;, &quot;way_area&quot;=&gt;&quot;46.0271&quot;, &quot;direction&quot;=&gt;&quot;0&quot;, &quot;description&quot;=&gt;&quot;uitzicht 180 graden vooruit richting noordstrand&quot;</ogr:tags>
  </extensions>
</wpt>
<wpt lat="52.584686526199917" lon="5.363559377392103">
  <name>Steltloper</name>
  <extensions>
    <ogr:osm_id>1115755063.0</ogr:osm_id>
    <ogr:tags>&quot;name&quot;=&gt;&quot;Steltloper&quot;, &quot;leisure&quot;=&gt;&quot;bird_hide&quot;, &quot;tourism&quot;=&gt;&quot;viewpoint&quot;, &quot;man_made&quot;=&gt;&quot;tower&quot;, &quot;way_area&quot;=&gt;&quot;180.466&quot;, &quot;tower:type&quot;=&gt;&quot;observation&quot;</ogr:tags>
  </extensions>
</wpt>
<wpt lat="51.611713349160539" lon="5.373813650001172">
  <name>birdwatching</name>
  <extensions>
    <ogr:osm_id>1118104319.0</ogr:osm_id>
    <ogr:tags>&quot;leisure&quot;=&gt;&quot;bird_hide&quot;, &quot;building&quot;=&gt;&quot;yes&quot;, &quot;way_area&quot;=&gt;&quot;27.3794&quot;</ogr:tags>
  </extensions>
</wpt>
<wpt lat="52.074941072469166" lon="5.174117291757525">
  <name>birdwatching</name>
  <extensions>
    <ogr:osm_id>1136810940.0</ogr:osm_id>
    <ogr:tags>&quot;leisure&quot;=&gt;&quot;bird_hide&quot;, &quot;way_area&quot;=&gt;&quot;27.4837&quot;</ogr:tags>
  </extensions>
</wpt>
<wpt lat="52.558646461148989" lon="6.593010326097872">
  <name>birdwatching</name>
  <extensions>
    <ogr:osm_id>1167802843.0</ogr:osm_id>
    <ogr:tags>&quot;leisure&quot;=&gt;&quot;bird_hide&quot;, &quot;building&quot;=&gt;&quot;terrace&quot;, &quot;way_area&quot;=&gt;&quot;34.9773&quot;, &quot;wheelchair&quot;=&gt;&quot;yes&quot;</ogr:tags>
  </extensions>
</wpt>
<wpt lat="51.381159999188974" lon="3.61131">
  <name>Westerschelde - Nummer Een - Vogelkijkhut</name>
  <extensions>
    <ogr:osm_id>1169747586.0</ogr:osm_id>
    <ogr:tags>&quot;name&quot;=&gt;&quot;Westerschelde - Nummer Een - Vogelkijkhut&quot;, &quot;note&quot;=&gt;&quot;Westerschelde - Nummer Een - Vogelkijkhut&quot;, &quot;leisure&quot;=&gt;&quot;bird_hide&quot;</ogr:tags>
  </extensions>
</wpt>
<wpt lat="52.571269999086233" lon="6.61152">
  <name>Vogelkijkhut Prins Bernardbrug</name>
  <extensions>
    <ogr:osm_id>1169747588.0</ogr:osm_id>
    <ogr:tags>&quot;name&quot;=&gt;&quot;Vogelkijkhut Prins Bernardbrug&quot;, &quot;note&quot;=&gt;&quot;Hardenberg - Prins Bernardbrug - Vogelkijkhut&quot;, &quot;leisure&quot;=&gt;&quot;bird_hide&quot;</ogr:tags>
  </extensions>
</wpt>
<wpt lat="52.440805199090128" lon="4.9416528">
  <name>Ilperveld - Vogelkijkhut</name>
  <extensions>
    <ogr:osm_id>1169747596.0</ogr:osm_id>
    <ogr:tags>&quot;name&quot;=&gt;&quot;Ilperveld - Vogelkijkhut&quot;, &quot;leisure&quot;=&gt;&quot;bird_hide&quot;</ogr:tags>
  </extensions>
</wpt>
<wpt lat="52.412654499091232" lon="4.5695693">
  <name>Kennemerduinen - Vogelmeer - Vogelkijkhut</name>
  <extensions>
    <ogr:osm_id>1169747600.0</ogr:osm_id>
    <ogr:tags>&quot;url&quot;=&gt;&quot;https://vogelkijkhut.nl/view/776/&quot;, &quot;name&quot;=&gt;&quot;Kennemerduinen - Vogelmeer - Vogelkijkhut&quot;, &quot;note&quot;=&gt;&quot;Kennemerduinen - Vogelmeer - Vogelkijkhut&quot;, &quot;leisure&quot;=&gt;&quot;bird_hide&quot;</ogr:tags>
  </extensions>
</wpt>
<wpt lat="52.99852469908781" lon="5.6683562">
  <name>Wite en Swarte Brekken - Uitkijktoren</name>
  <extensions>
    <ogr:osm_id>1169747607.0</ogr:osm_id>
    <ogr:tags>&quot;name&quot;=&gt;&quot;Wite en Swarte Brekken - Uitkijktoren&quot;, &quot;leisure&quot;=&gt;&quot;bird_hide&quot;, &quot;tourism&quot;=&gt;&quot;viewpoint&quot;, &quot;man_made&quot;=&gt;&quot;tower&quot;, &quot;tower:type&quot;=&gt;&quot;observation&quot;</ogr:tags>
  </extensions>
</wpt>
<wpt lat="51.540338699167215" lon="3.4376554">
  <name>Westkapelle - Telpost</name>
  <extensions>
    <ogr:osm_id>1169747610.0</ogr:osm_id>
    <ogr:tags>&quot;name&quot;=&gt;&quot;Westkapelle - Telpost&quot;, &quot;leisure&quot;=&gt;&quot;bird_hide&quot;, &quot;mapillary&quot;=&gt;&quot;935031214012812&quot;</ogr:tags>
  </extensions>
</wpt>
<wpt lat="53.02211989908858" lon="5.9125042">
  <name>De Deelen - De Turfhut - Vogelkijkhut</name>
  <extensions>
    <ogr:osm_id>1169747611.0</ogr:osm_id>
    <ogr:tags>&quot;name&quot;=&gt;&quot;De Deelen - De Turfhut - Vogelkijkhut&quot;, &quot;note&quot;=&gt;&quot;De Deelen - De Turfhut - Vogelkijkhut&quot;, &quot;leisure&quot;=&gt;&quot;bird_hide&quot;</ogr:tags>
  </extensions>
</wpt>
<wpt lat="52.427564999090649" lon="5.3959316">
  <name>Grote Praambult</name>
  <extensions>
    <ogr:osm_id>1169747615.0</ogr:osm_id>
    <ogr:tags>&quot;name&quot;=&gt;&quot;Grote Praambult&quot;, &quot;tourism&quot;=&gt;&quot;viewpoint&quot;, &quot;viewpoint&quot;=&gt;&quot;birdwatching&quot;</ogr:tags>
  </extensions>
</wpt>
<wpt lat="52.414779999091145" lon="5.20348">
  <name>Lepelaarplassen - Kwelplas - Uitkijkpunt</name>
  <extensions>
    <ogr:osm_id>1169747625.0</ogr:osm_id>
    <ogr:tags>&quot;name&quot;=&gt;&quot;Lepelaarplassen - Kwelplas - Uitkijkpunt&quot;, &quot;note&quot;=&gt;&quot;Lepelaarplassen - Kwelplas - Uitkijkpunt&quot;, &quot;leisure&quot;=&gt;&quot;bird_hide&quot;</ogr:tags>
  </extensions>
</wpt>
<wpt lat="53.082539999090834" lon="5.38509">
  <name>Cornwerd - Kijkpunt Cornwerd</name>
  <extensions>
    <ogr:osm_id>1169747641.0</ogr:osm_id>
    <ogr:tags>&quot;name&quot;=&gt;&quot;Cornwerd - Kijkpunt Cornwerd&quot;, &quot;note&quot;=&gt;&quot;Cornwerd - Kijkpunt Cornwerd&quot;, &quot;leisure&quot;=&gt;&quot;bird_hide&quot;</ogr:tags>
  </extensions>
</wpt>
<wpt lat="53.000272399087869" lon="5.5740538">
  <name>Oudega - Plasdras - Vogeluitkijkpunt</name>
  <extensions>
    <ogr:osm_id>1169747646.0</ogr:osm_id>
    <ogr:tags>&quot;name&quot;=&gt;&quot;Oudega - Plasdras - Vogeluitkijkpunt&quot;, &quot;leisure&quot;=&gt;&quot;bird_hide&quot;, &quot;tourism&quot;=&gt;&quot;viewpoint&quot;</ogr:tags>
  </extensions>
</wpt>
<wpt lat="51.810719999135479" lon="5.16534">
  <name>Breemwaard - Vogelkijkhut</name>
  <extensions>
    <ogr:osm_id>1169747657.0</ogr:osm_id>
    <ogr:tags>&quot;name&quot;=&gt;&quot;Breemwaard - Vogelkijkhut&quot;, &quot;note&quot;=&gt;&quot;Breemwaard - Vogelkijkhut&quot;, &quot;leisure&quot;=&gt;&quot;bird_hide&quot;</ogr:tags>
  </extensions>
</wpt>
<wpt lat="52.836700599084551" lon="5.5330908">
  <name>Oudemirdumerklif - Uitkijkheuvel</name>
  <extensions>
    <ogr:osm_id>1169747671.0</ogr:osm_id>
    <ogr:tags>&quot;name&quot;=&gt;&quot;Oudemirdumerklif - Uitkijkheuvel&quot;, &quot;note&quot;=&gt;&quot;Oudemirdumerklif - Uitkijkheuvel&quot;, &quot;leisure&quot;=&gt;&quot;bird_hide&quot;</ogr:tags>
  </extensions>
</wpt>
<wpt lat="51.447149599179689" lon="5.2364491">
  <name>Landschotse Heide - Uitkijkpunt</name>
  <extensions>
    <ogr:osm_id>1169747675.0</ogr:osm_id>
    <ogr:tags>&quot;name&quot;=&gt;&quot;Landschotse Heide - Uitkijkpunt&quot;, &quot;note&quot;=&gt;&quot;Landschotse Heide - Uitkijkpunt&quot;, &quot;leisure&quot;=&gt;&quot;bird_hide&quot;</ogr:tags>
  </extensions>
</wpt>
<wpt lat="52.104869999109063" lon="5.83969">
  <name>Hoge Veluwe - Landschappentuin - Vogelkijkhut</name>
  <extensions>
    <ogr:osm_id>1169747690.0</ogr:osm_id>
    <ogr:tags>&quot;name&quot;=&gt;&quot;Hoge Veluwe - Landschappentuin - Vogelkijkhut&quot;, &quot;note&quot;=&gt;&quot;Hoge Veluwe - Landschappentuin - Vogelkijkhut&quot;, &quot;leisure&quot;=&gt;&quot;bird_hide&quot;</ogr:tags>
  </extensions>
</wpt>
<wpt lat="51.840951099132354" lon="4.4914599">
  <name>Carnisse Grienden - Vogelkijkhut</name>
  <extensions>
    <ogr:osm_id>1169747692.0</ogr:osm_id>
    <ogr:tags>&quot;name&quot;=&gt;&quot;Carnisse Grienden - Vogelkijkhut&quot;, &quot;note&quot;=&gt;&quot;Carnisse Grienden - Vogelkijkhut&quot;, &quot;leisure&quot;=&gt;&quot;bird_hide&quot;</ogr:tags>
  </extensions>
</wpt>
<wpt lat="52.861219999084852" lon="5.61642">
  <name>Sondelerleien - De Sondeler Leijen - Vogelkijkhut</name>
  <extensions>
    <ogr:osm_id>1169747694.0</ogr:osm_id>
    <ogr:tags>&quot;name&quot;=&gt;&quot;Sondelerleien - De Sondeler Leijen - Vogelkijkhut&quot;, &quot;note&quot;=&gt;&quot;Sondelerleien - De Sondeler Leijen - Vogelkijkhut&quot;, &quot;leisure&quot;=&gt;&quot;bird_hide&quot;</ogr:tags>
  </extensions>
</wpt>
<wpt lat="53.236819099098724" lon="7.2067147">
  <name>De Kiekkaaste</name>
  <extensions>
    <ogr:osm_id>1169747695.0</ogr:osm_id>
    <ogr:tags>&quot;name&quot;=&gt;&quot;De Kiekkaaste&quot;, &quot;bench&quot;=&gt;&quot;yes&quot;, &quot;leisure&quot;=&gt;&quot;bird_hide&quot;, &quot;tourism&quot;=&gt;&quot;viewpoint&quot;, &quot;website&quot;=&gt;&quot;https://www.visitgroningen.nl/nl/plekken/kiekkaaste&quot;, &quot;description&quot;=&gt;&quot;De Kiekkaaste, een vogelkijkhut.&quot;</ogr:tags>
  </extensions>
</wpt>
<wpt lat="51.554619999165375" lon="5.20696">
  <name>Kampina - Kolkven - Vogelkijkpunten</name>
  <extensions>
    <ogr:osm_id>1169747699.0</ogr:osm_id>
    <ogr:tags>&quot;name&quot;=&gt;&quot;Kampina - Kolkven - Vogelkijkpunten&quot;, &quot;note&quot;=&gt;&quot;Kampina - Kolkven - Vogelkijkpunten&quot;, &quot;leisure&quot;=&gt;&quot;bird_hide&quot;</ogr:tags>
  </extensions>
</wpt>
<wpt lat="52.566624299086328" lon="5.8289616">
  <name>Vossemeer - De Zwaan - Vogelkijkpunt</name>
  <extensions>
    <ogr:osm_id>1169747709.0</ogr:osm_id>
    <ogr:tags>&quot;name&quot;=&gt;&quot;Vossemeer - De Zwaan - Vogelkijkpunt&quot;, &quot;note&quot;=&gt;&quot;Vossemeer - De Zwaan - Vogelkijkpunt&quot;, &quot;leisure&quot;=&gt;&quot;bird_hide&quot;</ogr:tags>
  </extensions>
</wpt>
<wpt lat="52.851092199084711" lon="5.4297928">
  <name>Mokkebank - De Mok - Vogelkijkhut</name>
  <extensions>
    <ogr:osm_id>1169747719.0</ogr:osm_id>
    <ogr:tags>&quot;name&quot;=&gt;&quot;Mokkebank - De Mok - Vogelkijkhut&quot;, &quot;leisure&quot;=&gt;&quot;bird_hide&quot;, &quot;website&quot;=&gt;&quot;https://vogelkijkhut.nl/view/26/&quot;</ogr:tags>
  </extensions>
</wpt>
<wpt lat="52.034199999114584" lon="5.05278">
  <name>Nedereindse Plas - Vogelkijkscherm</name>
  <extensions>
    <ogr:osm_id>1169747722.0</ogr:osm_id>
    <ogr:tags>&quot;name&quot;=&gt;&quot;Nedereindse Plas - Vogelkijkscherm&quot;, &quot;note&quot;=&gt;&quot;Nedereindse Plas - Vogelkijkscherm&quot;, &quot;leisure&quot;=&gt;&quot;bird_hide&quot;</ogr:tags>
  </extensions>
</wpt>
<wpt lat="53.214499999097399" lon="6.10908">
  <name>Drogeham - De Hege Bulten I</name>
  <extensions>
    <ogr:osm_id>1169747727.0</ogr:osm_id>
    <ogr:tags>&quot;name&quot;=&gt;&quot;Drogeham - De Hege Bulten I&quot;, &quot;note&quot;=&gt;&quot;Drogeham - De Hege Bulten I&quot;, &quot;leisure&quot;=&gt;&quot;bird_hide&quot;</ogr:tags>
  </extensions>
</wpt>
<wpt lat="52.045457899113678" lon="4.7609315">
  <name>Surfplas - Plas Broekvelden</name>
  <extensions>
    <ogr:osm_id>1169747729.0</ogr:osm_id>
    <ogr:tags>&quot;name&quot;=&gt;&quot;Surfplas - Plas Broekvelden&quot;, &quot;note&quot;=&gt;&quot;Reeuwijkse plassen - Surfplas - Plas Broekvelden&quot;, &quot;leisure&quot;=&gt;&quot;bird_hide&quot;</ogr:tags>
  </extensions>
</wpt>
<wpt lat="53.209222599097089" lon="5.8780482">
  <name>Kleine Wielen - Vogelkijkhut</name>
  <extensions>
    <ogr:osm_id>1169747732.0</ogr:osm_id>
    <ogr:tags>&quot;name&quot;=&gt;&quot;Kleine Wielen - Vogelkijkhut&quot;, &quot;note&quot;=&gt;&quot;Kleine Wielen - Vogelkijkhut&quot;, &quot;leisure&quot;=&gt;&quot;bird_hide&quot;</ogr:tags>
  </extensions>
</wpt>
<wpt lat="51.788243499137863" lon="4.1253567">
  <name>Westplaat Buitengronden - De Slechtvalk - Vogelkijkhut</name>
  <extensions>
    <ogr:osm_id>1169747735.0</ogr:osm_id>
    <ogr:tags>&quot;name&quot;=&gt;&quot;Westplaat Buitengronden - De Slechtvalk - Vogelkijkhut&quot;, &quot;note&quot;=&gt;&quot;Westplaat Buitengronden - De Slechtvalk - Vogelkijkhut&quot;, &quot;leisure&quot;=&gt;&quot;bird_hide&quot;, &quot;shelter&quot;=&gt;&quot;yes&quot;, &quot;tourism&quot;=&gt;&quot;viewpoint&quot;</ogr:tags>
  </extensions>
</wpt>
<wpt lat="52.141836599106362" lon="6.8663734">
  <name>Witte Veen - Vogelkijkscherm</name>
  <extensions>
    <ogr:osm_id>1169747740.0</ogr:osm_id>
    <ogr:tags>&quot;name&quot;=&gt;&quot;Witte Veen - Vogelkijkscherm&quot;, &quot;note&quot;=&gt;&quot;Witte Veen - Vogelkijkscherm&quot;, &quot;leisure&quot;=&gt;&quot;bird_hide&quot;</ogr:tags>
  </extensions>
</wpt>
<wpt lat="52.281769999097534" lon="5.11663">
  <name>Bovenmeent - Vogelkijkscherm</name>
  <extensions>
    <ogr:osm_id>1169747752.0</ogr:osm_id>
    <ogr:tags>&quot;name&quot;=&gt;&quot;Bovenmeent - Vogelkijkscherm&quot;, &quot;leisure&quot;=&gt;&quot;bird_hide&quot;</ogr:tags>
  </extensions>
</wpt>
<wpt lat="52.548603399086751" lon="4.7407424">
  <name>Johans vogelkijkhut</name>
  <extensions>
    <ogr:osm_id>1169747755.0</ogr:osm_id>
    <ogr:tags>&quot;name&quot;=&gt;&quot;Johans vogelkijkhut&quot;, &quot;leisure&quot;=&gt;&quot;bird_hide&quot;, &quot;website&quot;=&gt;&quot;https://www.landschapnoordholland.nl&quot;, &quot;operator&quot;=&gt;&quot;Landschap Noord-Holland&quot;</ogr:tags>
  </extensions>
</wpt>
<wpt lat="52.082399999110756" lon="5.83946">
  <name>Nationaal Park de Hoge Veluwe - Observatieschermen</name>
  <extensions>
    <ogr:osm_id>1169747756.0</ogr:osm_id>
    <ogr:tags>&quot;name&quot;=&gt;&quot;Nationaal Park de Hoge Veluwe - Observatieschermen&quot;, &quot;note&quot;=&gt;&quot;Nationaal Park de Hoge Veluwe - Observatieschermen&quot;, &quot;leisure&quot;=&gt;&quot;bird_hide&quot;</ogr:tags>
  </extensions>
</wpt>
<wpt lat="51.637829999155002" lon="4.30377">
  <name>Dintelse Gorzen - Vogelkijkhut</name>
  <extensions>
    <ogr:osm_id>1169747764.0</ogr:osm_id>
    <ogr:tags>&quot;name&quot;=&gt;&quot;Dintelse Gorzen - Vogelkijkhut&quot;, &quot;note&quot;=&gt;&quot;Dintelse Gorzen - Vogelkijkhut&quot;, &quot;leisure&quot;=&gt;&quot;bird_hide&quot;</ogr:tags>
  </extensions>
</wpt>
<wpt lat="51.354496199192823" lon="5.4894965">
  <name>Valkenswaard - Vogelkijkscherm</name>
  <extensions>
    <ogr:osm_id>1169747765.0</ogr:osm_id>
    <ogr:tags>&quot;name&quot;=&gt;&quot;Valkenswaard - Vogelkijkscherm&quot;, &quot;note&quot;=&gt;&quot;Valkenswaard - Vogelkijkscherm&quot;, &quot;leisure&quot;=&gt;&quot;bird_hide&quot;</ogr:tags>
  </extensions>
</wpt>
<wpt lat="52.326969199095132" lon="6.7836402">
  <name>Molenven - De Waterral - Vogelkijkhut</name>
  <extensions>
    <ogr:osm_id>1169747767.0</ogr:osm_id>
    <ogr:tags>&quot;name&quot;=&gt;&quot;Molenven - De Waterral - Vogelkijkhut&quot;, &quot;note&quot;=&gt;&quot;Molenven - De Waterral - Vogelkijkhut&quot;, &quot;leisure&quot;=&gt;&quot;bird_hide&quot;</ogr:tags>
  </extensions>
</wpt>
<wpt lat="52.892075199085298" lon="5.0751545">
  <name>Dijkwielen - Vogelkijkscherm</name>
  <extensions>
    <ogr:osm_id>1169747771.0</ogr:osm_id>
    <ogr:tags>&quot;name&quot;=&gt;&quot;Dijkwielen - Vogelkijkscherm&quot;, &quot;leisure&quot;=&gt;&quot;bird_hide&quot;, &quot;tourism&quot;=&gt;&quot;viewpoint&quot;, &quot;viewpoint&quot;=&gt;&quot;birdwatching&quot;</ogr:tags>
  </extensions>
</wpt>
<wpt lat="53.192036499096112" lon="6.0605994">
  <name>Burgumer Mar - Hoogzand - Atsmapolder - Uitkijkheuvel</name>
  <extensions>
    <ogr:osm_id>1169747778.0</ogr:osm_id>
    <ogr:tags>&quot;name&quot;=&gt;&quot;Burgumer Mar - Hoogzand - Atsmapolder - Uitkijkheuvel&quot;, &quot;note&quot;=&gt;&quot;Burgumer Mar - Hoogzand - Atsmapolder - Uitkijkheuvel&quot;, &quot;leisure&quot;=&gt;&quot;bird_hide&quot;, &quot;shelter&quot;=&gt;&quot;no&quot;</ogr:tags>
  </extensions>
</wpt>
<wpt lat="53.333777499105281" lon="5.7350063">
  <name>Noard-Fryslân Bûtendyks - Uitkijk 'bunker'</name>
  <extensions>
    <ogr:osm_id>1169747789.0</ogr:osm_id>
    <ogr:tags>&quot;name&quot;=&gt;&quot;Noard-Fryslân Bûtendyks - Uitkijk 'bunker'&quot;, &quot;note&quot;=&gt;&quot;Noard-FryslÃ¢n BÃ»tendyks - Uitkijk 'bunker'&quot;, &quot;leisure&quot;=&gt;&quot;bird_hide&quot;, &quot;tourism&quot;=&gt;&quot;viewpoint&quot;</ogr:tags>
  </extensions>
</wpt>
<wpt lat="51.627859999156193" lon="4.2029">
  <name>Slikken van de Heen - Vogelkijkscherm</name>
  <extensions>
    <ogr:osm_id>1169747803.0</ogr:osm_id>
    <ogr:tags>&quot;name&quot;=&gt;&quot;Slikken van de Heen - Vogelkijkscherm&quot;, &quot;note&quot;=&gt;&quot;Slikken van de Heen - Vogelkijkscherm&quot;, &quot;leisure&quot;=&gt;&quot;bird_hide&quot;</ogr:tags>
  </extensions>
</wpt>
<wpt lat="52.443498399090018" lon="5.4090394">
  <name>Kleine Praambult</name>
  <extensions>
    <ogr:osm_id>1169747807.0</ogr:osm_id>
    <ogr:tags>&quot;name&quot;=&gt;&quot;Kleine Praambult&quot;, &quot;tourism&quot;=&gt;&quot;viewpoint&quot;, &quot;viewpoint&quot;=&gt;&quot;birdwatching&quot;</ogr:tags>
  </extensions>
</wpt>
<wpt lat="52.700709999084346" lon="7.0310137">
  <name>Bargerveen - Vogelkijkhut - Noordzijde</name>
  <extensions>
    <ogr:osm_id>1169747812.0</ogr:osm_id>
    <ogr:tags>&quot;name&quot;=&gt;&quot;Bargerveen - Vogelkijkhut - Noordzijde&quot;, &quot;leisure&quot;=&gt;&quot;bird_hide&quot;</ogr:tags>
  </extensions>
</wpt>
<wpt lat="53.156099999094209" lon="6.049">
  <name>De Leien - De Tike - Uitkijkhut</name>
  <extensions>
    <ogr:osm_id>1169747818.0</ogr:osm_id>
    <ogr:tags>&quot;name&quot;=&gt;&quot;De Leien - De Tike - Uitkijkhut&quot;, &quot;note&quot;=&gt;&quot;De Leien - De Tike - Uitkijkhut&quot;, &quot;leisure&quot;=&gt;&quot;bird_hide&quot;</ogr:tags>
  </extensions>
</wpt>
<wpt lat="53.004099999087977" lon="5.40374">
  <name>Workumer Buitenwaard - Observatietoren</name>
  <extensions>
    <ogr:osm_id>1169747843.0</ogr:osm_id>
    <ogr:tags>&quot;name&quot;=&gt;&quot;Workumer Buitenwaard - Observatietoren&quot;, &quot;note&quot;=&gt;&quot;Workumer Buitenwaard - Observatietoren&quot;, &quot;leisure&quot;=&gt;&quot;bird_hide&quot;</ogr:tags>
  </extensions>
</wpt>
<wpt lat="52.564775799086355" lon="4.6509501">
  <name>Noordhollands Duinreservaat - Meertje van Vogelenzang</name>
  <extensions>
    <ogr:osm_id>1169747865.0</ogr:osm_id>
    <ogr:tags>&quot;name&quot;=&gt;&quot;Noordhollands Duinreservaat - Meertje van Vogelenzang&quot;, &quot;note&quot;=&gt;&quot;Noordhollands Duinreservaat - Meertje van Vogelenzang&quot;, &quot;leisure&quot;=&gt;&quot;bird_hide&quot;</ogr:tags>
  </extensions>
</wpt>
<wpt lat="51.692859699148464" lon="3.846165">
  <name>Slikweg</name>
  <extensions>
    <ogr:osm_id>1169747876.0</ogr:osm_id>
    <ogr:tags>&quot;name&quot;=&gt;&quot;Slikweg&quot;, &quot;note&quot;=&gt;&quot;Slikweg - Vogelkijkscherm&quot;, &quot;leisure&quot;=&gt;&quot;bird_hide&quot;, &quot;tourism&quot;=&gt;&quot;viewpoint&quot;, &quot;viewpoint&quot;=&gt;&quot;birdwatching&quot;, &quot;description&quot;=&gt;&quot;bird blind&quot;</ogr:tags>
  </extensions>
</wpt>
<wpt lat="52.438479999090205" lon="4.71104">
  <name>Buitenhuizen Vogelkijkscherm</name>
  <extensions>
    <ogr:osm_id>1169747893.0</ogr:osm_id>
    <ogr:tags>&quot;name&quot;=&gt;&quot;Buitenhuizen Vogelkijkscherm&quot;, &quot;leisure&quot;=&gt;&quot;bird_hide&quot;</ogr:tags>
  </extensions>
</wpt>
<wpt lat="53.460590099115791" lon="5.6529987">
  <name>Ameland - Duinmeer - Benoorden Hollum</name>
  <extensions>
    <ogr:osm_id>1169747894.0</ogr:osm_id>
    <ogr:tags>&quot;name&quot;=&gt;&quot;Ameland - Duinmeer - Benoorden Hollum&quot;, &quot;note&quot;=&gt;&quot;Ameland - Duinmeer - Benoorden Hollum&quot;, &quot;leisure&quot;=&gt;&quot;bird_hide&quot;</ogr:tags>
  </extensions>
</wpt>
<wpt lat="52.971817499087052" lon="5.4096628">
  <name>Workumer Buitenwaard - It Soal - Uitzichtplateau</name>
  <extensions>
    <ogr:osm_id>1169747908.0</ogr:osm_id>
    <ogr:tags>&quot;name&quot;=&gt;&quot;Workumer Buitenwaard - It Soal - Uitzichtplateau&quot;, &quot;note&quot;=&gt;&quot;Workumer Buitenwaard - It Soal - Uitzichtplateau&quot;, &quot;leisure&quot;=&gt;&quot;bird_hide&quot;</ogr:tags>
  </extensions>
</wpt>
<wpt lat="52.443609999090036" lon="4.90773">
  <name>Het Twiske - De Vennen - Vogelkijkscherm</name>
  <extensions>
    <ogr:osm_id>1169747918.0</ogr:osm_id>
    <ogr:tags>&quot;name&quot;=&gt;&quot;Het Twiske - De Vennen - Vogelkijkscherm&quot;, &quot;leisure&quot;=&gt;&quot;bird_hide&quot;</ogr:tags>
  </extensions>
</wpt>
<wpt lat="52.758315499084169" lon="5.9610819">
  <name>De Weerribben - Vogelkijkhut</name>
  <extensions>
    <ogr:osm_id>1169747920.0</ogr:osm_id>
    <ogr:tags>&quot;name&quot;=&gt;&quot;De Weerribben - Vogelkijkhut&quot;, &quot;leisure&quot;=&gt;&quot;bird_hide&quot;</ogr:tags>
  </extensions>
</wpt>
<wpt lat="52.990821699087583" lon="5.6980792">
  <name>De Staten - Kijkheuvel</name>
  <extensions>
    <ogr:osm_id>1169747928.0</ogr:osm_id>
    <ogr:tags>&quot;name&quot;=&gt;&quot;De Staten - Kijkheuvel&quot;, &quot;note&quot;=&gt;&quot;De Staten - Kijkheuvel&quot;, &quot;leisure&quot;=&gt;&quot;bird_hide&quot;</ogr:tags>
  </extensions>
</wpt>
<wpt lat="51.585969999161406" lon="3.60837">
  <name>Vroondijk - Vrouwenpolder - Vogelkijkscherm</name>
  <extensions>
    <ogr:osm_id>1169747947.0</ogr:osm_id>
    <ogr:tags>&quot;name&quot;=&gt;&quot;Vroondijk - Vrouwenpolder - Vogelkijkscherm&quot;, &quot;note&quot;=&gt;&quot;Vroondijk - Vrouwenpolder - Vogelkijkscherm&quot;, &quot;leisure&quot;=&gt;&quot;bird_hide&quot;</ogr:tags>
  </extensions>
</wpt>
<wpt lat="52.291602399096988" lon="5.2973126">
  <name>Vogelhut Eemmeer</name>
  <extensions>
    <ogr:osm_id>1169747949.0</ogr:osm_id>
    <ogr:tags>&quot;name&quot;=&gt;&quot;Vogelhut Eemmeer&quot;, &quot;leisure&quot;=&gt;&quot;bird_hide&quot;, &quot;alt_name&quot;=&gt;&quot;De Natte Hond&quot;</ogr:tags>
  </extensions>
</wpt>
<wpt lat="52.48252299908868" lon="6.6673088">
  <name>De Pluus</name>
  <extensions>
    <ogr:osm_id>1169747952.0</ogr:osm_id>
    <ogr:tags>&quot;ref&quot;=&gt;&quot;216&quot;, &quot;name&quot;=&gt;&quot;De Pluus&quot;, &quot;leisure&quot;=&gt;&quot;bird_hide&quot;, &quot;tourism&quot;=&gt;&quot;viewpoint&quot;, &quot;website&quot;=&gt;&quot;https://vogelkijkhut.nl/view/216/&quot;, &quot;operator&quot;=&gt;&quot;Staatsbosbeheer&quot;, &quot;direction&quot;=&gt;&quot;90;150;210&quot;, &quot;wheelchair&quot;=&gt;&quot;yes&quot;, &quot;motor_vehicle&quot;=&gt;&quot;no&quot;</ogr:tags>
  </extensions>
</wpt>
<wpt lat="52.466904899089172" lon="4.900513">
  <name>Het Twiske - Het Drijfsijsje - Vogelkijkwand</name>
  <extensions>
    <ogr:osm_id>1169747953.0</ogr:osm_id>
    <ogr:tags>&quot;name&quot;=&gt;&quot;Het Twiske - Het Drijfsijsje - Vogelkijkwand&quot;, &quot;leisure&quot;=&gt;&quot;bird_hide&quot;, &quot;tourism&quot;=&gt;&quot;viewpoint&quot;</ogr:tags>
  </extensions>
</wpt>
<wpt lat="52.344826799094243" lon="4.5785873">
  <name>Amsterdamse Waterleidingduinen - Oranjekom - Uitkijkplatform</name>
  <extensions>
    <ogr:osm_id>1169747969.0</ogr:osm_id>
    <ogr:tags>&quot;name&quot;=&gt;&quot;Amsterdamse Waterleidingduinen - Oranjekom - Uitkijkplatform&quot;, &quot;leisure&quot;=&gt;&quot;bird_hide&quot;</ogr:tags>
  </extensions>
</wpt>
<wpt lat="51.306929999199859" lon="3.45199">
  <name>Sophiapolder - Vogelkijkhut</name>
  <extensions>
    <ogr:osm_id>1169747974.0</ogr:osm_id>
    <ogr:tags>&quot;name&quot;=&gt;&quot;Sophiapolder - Vogelkijkhut&quot;, &quot;note&quot;=&gt;&quot;Sophiapolder - Vogelkijkhut&quot;, &quot;leisure&quot;=&gt;&quot;bird_hide&quot;, &quot;shelter&quot;=&gt;&quot;yes&quot;, &quot;shelter_type&quot;=&gt;&quot;wildlife_hide&quot;</ogr:tags>
  </extensions>
</wpt>
<wpt lat="52.827537499084492" lon="5.9172409">
  <name>Rottige Meente - Lindedijk - Vogelkijkhut</name>
  <extensions>
    <ogr:osm_id>1169747983.0</ogr:osm_id>
    <ogr:tags>&quot;name&quot;=&gt;&quot;Rottige Meente - Lindedijk - Vogelkijkhut&quot;, &quot;note&quot;=&gt;&quot;Rottige Meente - Lindedijk - Vogelkijkhut&quot;, &quot;leisure&quot;=&gt;&quot;bird_hide&quot;</ogr:tags>
  </extensions>
</wpt>
<wpt lat="51.572763799163035" lon="5.3968722">
  <name>Scheeken - 't Meulke - Uitkijktoren</name>
  <extensions>
    <ogr:osm_id>1169747987.0</ogr:osm_id>
    <ogr:tags>&quot;name&quot;=&gt;&quot;Scheeken - 't Meulke - Uitkijktoren&quot;, &quot;note&quot;=&gt;&quot;Scheeken - 't Meulke - Uitkijktoren&quot;, &quot;leisure&quot;=&gt;&quot;bird_hide&quot;</ogr:tags>
  </extensions>
</wpt>
<wpt lat="52.286948799097232" lon="4.9350644">
  <name>Ouderkerkerplas - Vogelkijkhut</name>
  <extensions>
    <ogr:osm_id>1169747991.0</ogr:osm_id>
    <ogr:tags>&quot;name&quot;=&gt;&quot;Ouderkerkerplas - Vogelkijkhut&quot;, &quot;note&quot;=&gt;&quot;Ouderkerkerplas - Vogelkijkhut&quot;, &quot;leisure&quot;=&gt;&quot;bird_hide&quot;, &quot;tourism&quot;=&gt;&quot;viewpoint&quot;, &quot;wheelchair&quot;=&gt;&quot;yes&quot;</ogr:tags>
  </extensions>
</wpt>
<wpt lat="52.561176699086467" lon="4.6394069">
  <name>Noordhollands Duinreservaat - Natuurtuin - Vogelkijkscherm</name>
  <extensions>
    <ogr:osm_id>1169748000.0</ogr:osm_id>
    <ogr:tags>&quot;name&quot;=&gt;&quot;Noordhollands Duinreservaat - Natuurtuin - Vogelkijkscherm&quot;, &quot;note&quot;=&gt;&quot;Noordhollands Duinreservaat - Natuurtuin - Vogelkijkscherm&quot;, &quot;leisure&quot;=&gt;&quot;bird_hide&quot;</ogr:tags>
  </extensions>
</wpt>
<wpt lat="51.68297999914963" lon="3.77484">
  <name>Koudekerkse inlaag - Plompetoren - Uitkijkpunt</name>
  <extensions>
    <ogr:osm_id>1169748009.0</ogr:osm_id>
    <ogr:tags>&quot;name&quot;=&gt;&quot;Koudekerkse inlaag - Plompetoren - Uitkijkpunt&quot;, &quot;note&quot;=&gt;&quot;Koudekerkse inlaag - Plompetoren - Uitkijkpunt&quot;, &quot;leisure&quot;=&gt;&quot;bird_hide&quot;</ogr:tags>
  </extensions>
</wpt>
<wpt lat="53.137800999093294" lon="5.8975991">
  <name>Alde Feanen - Lytse Saiterpolder - Vogelkijkhut</name>
  <extensions>
    <ogr:osm_id>1169748013.0</ogr:osm_id>
    <ogr:tags>&quot;name&quot;=&gt;&quot;Alde Feanen - Lytse Saiterpolder - Vogelkijkhut&quot;, &quot;note&quot;=&gt;&quot;Alde Feanen - Lytse Saiterpolder - Vogelkijkhut&quot;, &quot;leisure&quot;=&gt;&quot;bird_hide&quot;</ogr:tags>
  </extensions>
</wpt>
<wpt lat="52.487416199088507" lon="5.3865354">
  <name>De Grote Zilverreiger</name>
  <extensions>
    <ogr:osm_id>1169748021.0</ogr:osm_id>
    <ogr:tags>&quot;name&quot;=&gt;&quot;De Grote Zilverreiger&quot;, &quot;amenity&quot;=&gt;&quot;shelter&quot;, &quot;leisure&quot;=&gt;&quot;bird_hide&quot;, &quot;tourism&quot;=&gt;&quot;viewpoint&quot;, &quot;viewpoint&quot;=&gt;&quot;birdwatching&quot;</ogr:tags>
  </extensions>
</wpt>
<wpt lat="53.143607799093573" lon="4.8302546">
  <name>Uitkijkpunt Diepe Gat</name>
  <extensions>
    <ogr:osm_id>1169748042.0</ogr:osm_id>
    <ogr:tags>&quot;name&quot;=&gt;&quot;Uitkijkpunt Diepe Gat&quot;, &quot;leisure&quot;=&gt;&quot;bird_hide&quot;, &quot;wheelchair&quot;=&gt;&quot;yes&quot;</ogr:tags>
  </extensions>
</wpt>
<wpt lat="52.805729999084292" lon="6.37389">
  <name>Dwingelderveld - Davidsplassen - Vogelkijkhut</name>
  <extensions>
    <ogr:osm_id>1169748062.0</ogr:osm_id>
    <ogr:tags>&quot;name&quot;=&gt;&quot;Dwingelderveld - Davidsplassen - Vogelkijkhut&quot;, &quot;note&quot;=&gt;&quot;Dwingelderveld - Davidsplassen - Vogelkijkhut&quot;, &quot;leisure&quot;=&gt;&quot;bird_hide&quot;</ogr:tags>
  </extensions>
</wpt>
<wpt lat="53.225889999098072" lon="6.1321">
  <name>De Mieden - Kijkheuvel met Vogelkijkscherm</name>
  <extensions>
    <ogr:osm_id>1169748086.0</ogr:osm_id>
    <ogr:tags>&quot;name&quot;=&gt;&quot;De Mieden - Kijkheuvel met Vogelkijkscherm&quot;, &quot;note&quot;=&gt;&quot;De Mieden - Kijkheuvel met Vogelkijkscherm&quot;, &quot;leisure&quot;=&gt;&quot;bird_hide&quot;</ogr:tags>
  </extensions>
</wpt>
<wpt lat="53.064033199090076" lon="5.8420959">
  <name>Bokkumer Mar - Vogelkijkhut</name>
  <extensions>
    <ogr:osm_id>1169748092.0</ogr:osm_id>
    <ogr:tags>&quot;name&quot;=&gt;&quot;Bokkumer Mar - Vogelkijkhut&quot;, &quot;note&quot;=&gt;&quot;Bokkumer Mar - Vogelkijkhut&quot;, &quot;source&quot;=&gt;&quot;BAG&quot;, &quot;leisure&quot;=&gt;&quot;bird_hide&quot;, &quot;addr:city&quot;=&gt;&quot;Nes&quot;, &quot;addr:street&quot;=&gt;&quot;Birstum&quot;, &quot;source:date&quot;=&gt;&quot;2014-06-21&quot;, &quot;addr:postcode&quot;=&gt;&quot;8494MZ&quot;, &quot;addr:housenumber&quot;=&gt;&quot;9A&quot;</ogr:tags>
  </extensions>
</wpt>
<wpt lat="53.217309999097559" lon="6.11321">
  <name>Drogeham - De Hege Bulten II</name>
  <extensions>
    <ogr:osm_id>1169748107.0</ogr:osm_id>
    <ogr:tags>&quot;name&quot;=&gt;&quot;Drogeham - De Hege Bulten II&quot;, &quot;note&quot;=&gt;&quot;Drogeham - De Hege Bulten II&quot;, &quot;leisure&quot;=&gt;&quot;bird_hide&quot;</ogr:tags>
  </extensions>
</wpt>
<wpt lat="53.054930399089756" lon="4.8612778">
  <name>Dijkmanshuizen - Vogelkijkhut</name>
  <extensions>
    <ogr:osm_id>1169748115.0</ogr:osm_id>
    <ogr:tags>&quot;name&quot;=&gt;&quot;Dijkmanshuizen - Vogelkijkhut&quot;, &quot;leisure&quot;=&gt;&quot;bird_hide&quot;, &quot;tourism&quot;=&gt;&quot;viewpoint&quot;, &quot;viewpoint&quot;=&gt;&quot;birdwatching&quot;</ogr:tags>
  </extensions>
</wpt>
<wpt lat="52.913737799085681" lon="5.8802902">
  <name>De skiere goes</name>
  <extensions>
    <ogr:osm_id>1169748116.0</ogr:osm_id>
    <ogr:tags>&quot;name&quot;=&gt;&quot;De skiere goes&quot;, &quot;note&quot;=&gt;&quot;Oosterschar - Vogelkijkhut&quot;, &quot;leisure&quot;=&gt;&quot;bird_hide&quot;</ogr:tags>
  </extensions>
</wpt>
<wpt lat="51.598883899159773" lon="4.1628231">
  <name>Stinkgat - Van Haaftenpolder - Vogelkijkscherm</name>
  <extensions>
    <ogr:osm_id>1169748117.0</ogr:osm_id>
    <ogr:tags>&quot;name&quot;=&gt;&quot;Stinkgat - Van Haaftenpolder - Vogelkijkscherm&quot;, &quot;note&quot;=&gt;&quot;Stinkgat - Van Haaftenpolder - Vogelkijkscherm&quot;, &quot;leisure&quot;=&gt;&quot;bird_hide&quot;</ogr:tags>
  </extensions>
</wpt>
<wpt lat="53.333663699105294" lon="6.1911336">
  <name>Lauwersmeer - Zomerhuisbos - Uitzichtplateau</name>
  <extensions>
    <ogr:osm_id>1169748130.0</ogr:osm_id>
    <ogr:tags>&quot;name&quot;=&gt;&quot;Lauwersmeer - Zomerhuisbos - Uitzichtplateau&quot;, &quot;note&quot;=&gt;&quot;Lauwersmeer - Zomerhuisbos - Uitzichtplateau&quot;, &quot;leisure&quot;=&gt;&quot;bird_hide&quot;</ogr:tags>
  </extensions>
</wpt>
<wpt lat="51.800108099136601" lon="4.752456">
  <name>Vogelkijkhut Mariapolder</name>
  <extensions>
    <ogr:osm_id>1169748131.0</ogr:osm_id>
    <ogr:tags>&quot;name&quot;=&gt;&quot;Vogelkijkhut Mariapolder&quot;, &quot;leisure&quot;=&gt;&quot;bird_hide&quot;, &quot;website&quot;=&gt;&quot;https://vogelkijkhut.nl/view/423/&quot;</ogr:tags>
  </extensions>
</wpt>
<wpt lat="52.556691399086567" lon="5.8438151">
  <name>Vossemeer - Plaat - Uitkijkpunt</name>
  <extensions>
    <ogr:osm_id>1169748136.0</ogr:osm_id>
    <ogr:tags>&quot;name&quot;=&gt;&quot;Vossemeer - Plaat - Uitkijkpunt&quot;, &quot;note&quot;=&gt;&quot;Vossemeer - Plaat - Uitkijkpunt&quot;, &quot;leisure&quot;=&gt;&quot;bird_hide&quot;</ogr:tags>
  </extensions>
</wpt>
<wpt lat="51.847644099131685" lon="4.078069">
  <name>Quackjeswater - Uitkijkpunt</name>
  <extensions>
    <ogr:osm_id>1169748137.0</ogr:osm_id>
    <ogr:tags>&quot;name&quot;=&gt;&quot;Quackjeswater - Uitkijkpunt&quot;, &quot;leisure&quot;=&gt;&quot;bird_hide&quot;, &quot;tourism&quot;=&gt;&quot;viewpoint&quot;</ogr:tags>
  </extensions>
</wpt>
<wpt lat="51.956412699121302" lon="5.1020929">
  <name>Bolgerijen - Vogelkijkscherm</name>
  <extensions>
    <ogr:osm_id>1169748155.0</ogr:osm_id>
    <ogr:tags>&quot;name&quot;=&gt;&quot;Bolgerijen - Vogelkijkscherm&quot;, &quot;note&quot;=&gt;&quot;Bolgerijen - Vogelkijkscherm&quot;, &quot;leisure&quot;=&gt;&quot;bird_hide&quot;</ogr:tags>
  </extensions>
</wpt>
<wpt lat="52.713401599084278" lon="6.0574803">
  <name>De Wieden â€“ Beulakerpolder - De Wiedekiek</name>
  <extensions>
    <ogr:osm_id>1169748157.0</ogr:osm_id>
    <ogr:tags>&quot;name&quot;=&gt;&quot;De Wieden â€“ Beulakerpolder - De Wiedekiek&quot;, &quot;note&quot;=&gt;&quot;De Wieden â€“ Beulakerpolder - De Wiedekiek&quot;, &quot;height&quot;=&gt;&quot;3&quot;, &quot;leisure&quot;=&gt;&quot;bird_hide&quot;, &quot;man_made&quot;=&gt;&quot;tower&quot;, &quot;tower:type&quot;=&gt;&quot;observation&quot;</ogr:tags>
  </extensions>
</wpt>
<wpt lat="52.914587499085734" lon="4.799588">
  <name>Balgzandpolder - Vogelkijkscherm</name>
  <extensions>
    <ogr:osm_id>1169748160.0</ogr:osm_id>
    <ogr:tags>&quot;name&quot;=&gt;&quot;Balgzandpolder - Vogelkijkscherm&quot;, &quot;leisure&quot;=&gt;&quot;bird_hide&quot;, &quot;tourism&quot;=&gt;&quot;viewpoint&quot;, &quot;viewpoint&quot;=&gt;&quot;birdwatching&quot;</ogr:tags>
  </extensions>
</wpt>
<wpt lat="53.044642099089366" lon="5.7425836">
  <name>Sneekermeer - Gerbrandygemaal - Vogelkijkpunt</name>
  <extensions>
    <ogr:osm_id>1169748162.0</ogr:osm_id>
    <ogr:tags>&quot;name&quot;=&gt;&quot;Sneekermeer - Gerbrandygemaal - Vogelkijkpunt&quot;, &quot;note&quot;=&gt;&quot;Sneekermeer - Gerbrandygemaal - Vogelkijkpunt&quot;, &quot;leisure&quot;=&gt;&quot;bird_hide&quot;</ogr:tags>
  </extensions>
</wpt>
<wpt lat="53.294159999102448" lon="7.07644">
  <name>Polder Breebaart - Vogelkijkhut</name>
  <extensions>
    <ogr:osm_id>1169748168.0</ogr:osm_id>
    <ogr:tags>&quot;name&quot;=&gt;&quot;Polder Breebaart - Vogelkijkhut&quot;, &quot;note&quot;=&gt;&quot;Polder Breebaart - Vogelkijkhut&quot;, &quot;leisure&quot;=&gt;&quot;bird_hide&quot;</ogr:tags>
  </extensions>
</wpt>
<wpt lat="51.687829399149045" lon="4.9973544">
  <name>Sprang-Capelle - De Dullaard - Vogelkijkhut</name>
  <extensions>
    <ogr:osm_id>1169748170.0</ogr:osm_id>
    <ogr:tags>&quot;name&quot;=&gt;&quot;Sprang-Capelle - De Dullaard - Vogelkijkhut&quot;, &quot;note&quot;=&gt;&quot;Sprang-Capelle - De Dullaard - Vogelkijkhut&quot;, &quot;leisure&quot;=&gt;&quot;bird_hide&quot;</ogr:tags>
  </extensions>
</wpt>
<wpt lat="53.164085099094628" lon="6.0498431">
  <name>De Leien - De Putten</name>
  <extensions>
    <ogr:osm_id>1169748182.0</ogr:osm_id>
    <ogr:tags>&quot;name&quot;=&gt;&quot;De Leien - De Putten&quot;, &quot;note&quot;=&gt;&quot;De Leien - De Putten&quot;, &quot;leisure&quot;=&gt;&quot;bird_hide&quot;</ogr:tags>
  </extensions>
</wpt>
<wpt lat="53.010799999088199" lon="4.7543">
  <name>Texel - De Petten - Vogelkijkpunt</name>
  <extensions>
    <ogr:osm_id>1169748184.0</ogr:osm_id>
    <ogr:tags>&quot;name&quot;=&gt;&quot;Texel - De Petten - Vogelkijkpunt&quot;, &quot;note&quot;=&gt;&quot;Texel - De Petten - Vogelkijkpunt&quot;, &quot;leisure&quot;=&gt;&quot;bird_hide&quot;</ogr:tags>
  </extensions>
</wpt>
<wpt lat="52.434986899090347" lon="5.8112249">
  <name>Doornspijk - Sint Ludgeruskerk - Vogelkijkhut</name>
  <extensions>
    <ogr:osm_id>1169748187.0</ogr:osm_id>
    <ogr:tags>&quot;name&quot;=&gt;&quot;Doornspijk - Sint Ludgeruskerk - Vogelkijkhut&quot;, &quot;note&quot;=&gt;&quot;Doornspijk - Sint Ludgeruskerk - Vogelkijkhut&quot;, &quot;leisure&quot;=&gt;&quot;bird_hide&quot;</ogr:tags>
  </extensions>
</wpt>
<wpt lat="53.268799999100779" lon="4.96754">
  <name>Vlieland - Bomenland - Uitzichtplateau</name>
  <extensions>
    <ogr:osm_id>1169748200.0</ogr:osm_id>
    <ogr:tags>&quot;name&quot;=&gt;&quot;Vlieland - Bomenland - Uitzichtplateau&quot;, &quot;note&quot;=&gt;&quot;Vlieland - Bomenland - Uitzichtplateau&quot;, &quot;leisure&quot;=&gt;&quot;bird_hide&quot;</ogr:tags>
  </extensions>
</wpt>
<wpt lat="52.580315099086022" lon="6.0844755">
  <name>Glureluur - Jutjesriet - Vogelkijkhut</name>
  <extensions>
    <ogr:osm_id>1169748203.0</ogr:osm_id>
    <ogr:tags>&quot;name&quot;=&gt;&quot;Glureluur - Jutjesriet - Vogelkijkhut&quot;, &quot;note&quot;=&gt;&quot;Glureluur - Jutjesriet - Vogelkijkhut&quot;, &quot;leisure&quot;=&gt;&quot;bird_hide&quot;</ogr:tags>
  </extensions>
</wpt>
<wpt lat="51.711758999146305" lon="4.6758421">
  <name>Schuddebeurs - Lage Zwaluwe</name>
  <extensions>
    <ogr:osm_id>1169748215.0</ogr:osm_id>
    <ogr:tags>&quot;name&quot;=&gt;&quot;Schuddebeurs - Lage Zwaluwe&quot;, &quot;note&quot;=&gt;&quot;Schuddebeurs - Lage Zwaluwe&quot;, &quot;leisure&quot;=&gt;&quot;bird_hide&quot;</ogr:tags>
  </extensions>
</wpt>
<wpt lat="52.788079999084232" lon="5.79485">
  <name>Kuinderbos - De Kuilen - Vogelkijkhut</name>
  <extensions>
    <ogr:osm_id>1169748217.0</ogr:osm_id>
    <ogr:tags>&quot;name&quot;=&gt;&quot;Kuinderbos - De Kuilen - Vogelkijkhut&quot;, &quot;note&quot;=&gt;&quot;Kuinderbos - De Kuilen - Vogelkijkhut&quot;, &quot;leisure&quot;=&gt;&quot;bird_hide&quot;</ogr:tags>
  </extensions>
</wpt>
<wpt lat="51.341005599194794" lon="3.8753296">
  <name>Margarethapolder - Vogelkijkscherm</name>
  <extensions>
    <ogr:osm_id>1169748220.0</ogr:osm_id>
    <ogr:tags>&quot;name&quot;=&gt;&quot;Margarethapolder - Vogelkijkscherm&quot;, &quot;note&quot;=&gt;&quot;Margarethapolder - Vogelkijkscherm&quot;, &quot;leisure&quot;=&gt;&quot;bird_hide&quot;</ogr:tags>
  </extensions>
</wpt>
<wpt lat="51.688149999149026" lon="4.72341">
  <name>Zandwinput Lange Reeweg Lage Zwaluwe - Vogelkijkscherm</name>
  <extensions>
    <ogr:osm_id>1169748237.0</ogr:osm_id>
    <ogr:tags>&quot;name&quot;=&gt;&quot;Zandwinput Lange Reeweg Lage Zwaluwe - Vogelkijkscherm&quot;, &quot;note&quot;=&gt;&quot;Zandwinput Lange Reeweg Lage Zwaluwe - Vogelkijkscherm&quot;, &quot;leisure&quot;=&gt;&quot;bird_hide&quot;</ogr:tags>
  </extensions>
</wpt>
<wpt lat="51.401959999186019" lon="5.64909">
  <name>Beuven - Laat ut zo - Vogelkijkhut</name>
  <extensions>
    <ogr:osm_id>1169748245.0</ogr:osm_id>
    <ogr:tags>&quot;name&quot;=&gt;&quot;Beuven - Laat ut zo - Vogelkijkhut&quot;, &quot;note&quot;=&gt;&quot;Beuven - Laat ut zo - Vogelkijkhut&quot;, &quot;leisure&quot;=&gt;&quot;bird_hide&quot;</ogr:tags>
  </extensions>
</wpt>
<wpt lat="51.764196599140455" lon="4.0338476">
  <name>Slikken van Flakkee - Vogelkijkwand</name>
  <extensions>
    <ogr:osm_id>1169748251.0</ogr:osm_id>
    <ogr:tags>&quot;name&quot;=&gt;&quot;Slikken van Flakkee - Vogelkijkwand&quot;, &quot;leisure&quot;=&gt;&quot;bird_hide&quot;, &quot;direction&quot;=&gt;&quot;20&quot;</ogr:tags>
  </extensions>
</wpt>
<wpt lat="52.98443919908739" lon="5.4102812">
  <name>Workumer Buitenwaard - Bijenkamp</name>
  <extensions>
    <ogr:osm_id>1169748254.0</ogr:osm_id>
    <ogr:tags>&quot;name&quot;=&gt;&quot;Workumer Buitenwaard - Bijenkamp&quot;, &quot;note&quot;=&gt;&quot;Workumer Buitenwaard - Bijenkamp&quot;, &quot;leisure&quot;=&gt;&quot;bird_hide&quot;</ogr:tags>
  </extensions>
</wpt>
<wpt lat="52.281339999097561" lon="6.75341">
  <name>Retentiegebied Woolde - Vogelkijkhut</name>
  <extensions>
    <ogr:osm_id>1169748256.0</ogr:osm_id>
    <ogr:tags>&quot;name&quot;=&gt;&quot;Retentiegebied Woolde - Vogelkijkhut&quot;, &quot;note&quot;=&gt;&quot;Retentiegebied Woolde - Vogelkijkhut&quot;, &quot;leisure&quot;=&gt;&quot;bird_hide&quot;</ogr:tags>
  </extensions>
</wpt>
<wpt lat="51.977961199119378" lon="4.6974422">
  <name>Vogelplas Middelblok - Vogelkijkhut</name>
  <extensions>
    <ogr:osm_id>1169748273.0</ogr:osm_id>
    <ogr:tags>&quot;name&quot;=&gt;&quot;Vogelplas Middelblok - Vogelkijkhut&quot;, &quot;leisure&quot;=&gt;&quot;bird_hide&quot;</ogr:tags>
  </extensions>
</wpt>
<wpt lat="52.600988799085627" lon="5.6367536">
  <name>Ketelbos - Vogelkijkhut</name>
  <extensions>
    <ogr:osm_id>1169748277.0</ogr:osm_id>
    <ogr:tags>&quot;name&quot;=&gt;&quot;Ketelbos - Vogelkijkhut&quot;, &quot;note&quot;=&gt;&quot;Ketelbos - Vogelkijkhut&quot;, &quot;leisure&quot;=&gt;&quot;bird_hide&quot;</ogr:tags>
  </extensions>
</wpt>
<wpt lat="51.630849999155842" lon="3.71169">
  <name>Neeltje Jans - Vogelkijkhut</name>
  <extensions>
    <ogr:osm_id>1169748282.0</ogr:osm_id>
    <ogr:tags>&quot;name&quot;=&gt;&quot;Neeltje Jans - Vogelkijkhut&quot;, &quot;note&quot;=&gt;&quot;Neeltje Jans - Vogelkijkhut&quot;, &quot;leisure&quot;=&gt;&quot;bird_hide&quot;</ogr:tags>
  </extensions>
</wpt>
<wpt lat="52.4517299990897" lon="5.29747">
  <name>Oostvaardersdijk - Vogelkijkpunten</name>
  <extensions>
    <ogr:osm_id>1169748284.0</ogr:osm_id>
    <ogr:tags>&quot;name&quot;=&gt;&quot;Oostvaardersdijk - Vogelkijkpunten&quot;, &quot;note&quot;=&gt;&quot;Oostvaardersdijk - Vogelkijkpunten&quot;, &quot;leisure&quot;=&gt;&quot;bird_hide&quot;, &quot;tourism&quot;=&gt;&quot;viewpoint&quot;</ogr:tags>
  </extensions>
</wpt>
<wpt lat="53.166905499094767" lon="6.684321">
  <name>Zuidlaardermeer - Westerbroekstermadepolder - Vogelkijkhut</name>
  <extensions>
    <ogr:osm_id>1169748285.0</ogr:osm_id>
    <ogr:tags>&quot;name&quot;=&gt;&quot;Zuidlaardermeer - Westerbroekstermadepolder - Vogelkijkhut&quot;, &quot;note&quot;=&gt;&quot;Zuidlaardermeer - Westerbroekstermadepolder - Vogelkijkhut&quot;, &quot;leisure&quot;=&gt;&quot;bird_hide&quot;</ogr:tags>
  </extensions>
</wpt>
<wpt lat="53.099989999091548" lon="4.89794">
  <name>Texel - Krassekeet - Vogelkijkpunt</name>
  <extensions>
    <ogr:osm_id>1169748288.0</ogr:osm_id>
    <ogr:tags>&quot;name&quot;=&gt;&quot;Texel - Krassekeet - Vogelkijkpunt&quot;, &quot;note&quot;=&gt;&quot;Texel - Krassekeet - Vogelkijkpunt&quot;, &quot;leisure&quot;=&gt;&quot;bird_hide&quot;</ogr:tags>
  </extensions>
</wpt>
<wpt lat="52.439361499090168" lon="4.5764476">
  <name>Kennemerduinen - Duinmeer - Vogelkijkhut</name>
  <extensions>
    <ogr:osm_id>1169748305.0</ogr:osm_id>
    <ogr:tags>&quot;url&quot;=&gt;&quot;https://vogelkijkhut.nl/view/774/&quot;, &quot;name&quot;=&gt;&quot;Kennemerduinen - Duinmeer - Vogelkijkhut&quot;, &quot;note&quot;=&gt;&quot;Kennemerduinen - Duinmeer - Vogelkijkhut&quot;, &quot;leisure&quot;=&gt;&quot;bird_hide&quot;</ogr:tags>
  </extensions>
</wpt>
<wpt lat="51.242789999209606" lon="5.66654">
  <name>Kleine IJzerenman</name>
  <extensions>
    <ogr:osm_id>1169748306.0</ogr:osm_id>
    <ogr:tags>&quot;name&quot;=&gt;&quot;Kleine IJzerenman&quot;, &quot;note&quot;=&gt;&quot;Kleine IJzerenman&quot;, &quot;leisure&quot;=&gt;&quot;bird_hide&quot;</ogr:tags>
  </extensions>
</wpt>
<wpt lat="52.286978099097233" lon="4.9394782">
  <name>Ouderkerkerplas - Bultje van John - Uitkijkpunt</name>
  <extensions>
    <ogr:osm_id>1169748320.0</ogr:osm_id>
    <ogr:tags>&quot;name&quot;=&gt;&quot;Ouderkerkerplas - Bultje van John - Uitkijkpunt&quot;, &quot;leisure&quot;=&gt;&quot;bird_hide&quot;</ogr:tags>
  </extensions>
</wpt>
<wpt lat="50.922199999263121" lon="5.9845">
  <name>birdwatching</name>
  <extensions>
    <ogr:osm_id>1169748323.0</ogr:osm_id>
    <ogr:tags>&quot;note&quot;=&gt;&quot;Brunsummerheide - Trektelpost&quot;, &quot;leisure&quot;=&gt;&quot;bird_hide&quot;</ogr:tags>
  </extensions>
</wpt>
<wpt lat="52.45806889908949" lon="4.5381881">
  <name>Zuidpier - IJmuiden - Vogelkijkpunt</name>
  <extensions>
    <ogr:osm_id>1169748328.0</ogr:osm_id>
    <ogr:tags>&quot;name&quot;=&gt;&quot;Zuidpier - IJmuiden - Vogelkijkpunt&quot;, &quot;note&quot;=&gt;&quot;Zuidpier - IJmuiden - Vogelkijkpunt&quot;, &quot;leisure&quot;=&gt;&quot;bird_hide&quot;</ogr:tags>
  </extensions>
</wpt>
<wpt lat="51.2832999992034" lon="5.3872">
  <name>De Maaij - Vogelkijkhut</name>
  <extensions>
    <ogr:osm_id>1169748345.0</ogr:osm_id>
    <ogr:tags>&quot;name&quot;=&gt;&quot;De Maaij - Vogelkijkhut&quot;, &quot;note&quot;=&gt;&quot;De Maaij - Vogelkijkhut&quot;, &quot;leisure&quot;=&gt;&quot;bird_hide&quot;</ogr:tags>
  </extensions>
</wpt>
<wpt lat="52.37107299909303" lon="5.5947167">
  <name>Harderbroek - Laarzenpad - Uitkijkpunt</name>
  <extensions>
    <ogr:osm_id>1169748348.0</ogr:osm_id>
    <ogr:tags>&quot;name&quot;=&gt;&quot;Harderbroek - Laarzenpad - Uitkijkpunt&quot;, &quot;note&quot;=&gt;&quot;Harderbroek - Laarzenpad - Uitkijkpunt&quot;, &quot;leisure&quot;=&gt;&quot;bird_hide&quot;</ogr:tags>
  </extensions>
</wpt>
<wpt lat="51.606709999158809" lon="5.1851">
  <name>Leemkuilen - Vogelkijkscherm</name>
  <extensions>
    <ogr:osm_id>1169748349.0</ogr:osm_id>
    <ogr:tags>&quot;name&quot;=&gt;&quot;Leemkuilen - Vogelkijkscherm&quot;, &quot;note&quot;=&gt;&quot;Leemkuilen - Vogelkijkscherm&quot;, &quot;leisure&quot;=&gt;&quot;bird_hide&quot;</ogr:tags>
  </extensions>
</wpt>
<wpt lat="51.425799999182637" lon="3.72543">
  <name>'t Sloe - Vogelkijkscherm</name>
  <extensions>
    <ogr:osm_id>1169748360.0</ogr:osm_id>
    <ogr:tags>&quot;name&quot;=&gt;&quot;'t Sloe - Vogelkijkscherm&quot;, &quot;note&quot;=&gt;&quot;'t Sloe - Vogelkijkscherm&quot;, &quot;leisure&quot;=&gt;&quot;bird_hide&quot;</ogr:tags>
  </extensions>
</wpt>
<wpt lat="51.301195399200701" lon="5.5515974">
  <name>Soerendonks Goor - Hou it Moi - Vogelkijkhut</name>
  <extensions>
    <ogr:osm_id>1169748370.0</ogr:osm_id>
    <ogr:tags>&quot;name&quot;=&gt;&quot;Soerendonks Goor - Hou it Moi - Vogelkijkhut&quot;, &quot;note&quot;=&gt;&quot;Soerendonks Goor - Hou it Moi - Vogelkijkhut&quot;, &quot;amenity&quot;=&gt;&quot;shelter&quot;, &quot;leisure&quot;=&gt;&quot;bird_hide&quot;, &quot;shelter&quot;=&gt;&quot;yes&quot;, &quot;building&quot;=&gt;&quot;yes&quot;, &quot;operator&quot;=&gt;&quot;Staatsbosbeheer&quot;, &quot;wheelchair&quot;=&gt;&quot;limited&quot;</ogr:tags>
  </extensions>
</wpt>
<wpt lat="53.08895869909108" lon="4.8225767">
  <name>Texel - Westerkolk - Vogelkijkhut</name>
  <extensions>
    <ogr:osm_id>1169748378.0</ogr:osm_id>
    <ogr:tags>&quot;name&quot;=&gt;&quot;Texel - Westerkolk - Vogelkijkhut&quot;, &quot;note&quot;=&gt;&quot;Texel - Westerkolk - Vogelkijkhut&quot;, &quot;leisure&quot;=&gt;&quot;bird_hide&quot;</ogr:tags>
  </extensions>
</wpt>
<wpt lat="52.597750699085672" lon="5.8386644">
  <name>De Jan Nap</name>
  <extensions>
    <ogr:osm_id>1169748406.0</ogr:osm_id>
    <ogr:tags>&quot;name&quot;=&gt;&quot;De Jan Nap&quot;, &quot;note&quot;=&gt;&quot;Ramspol - Uitkijktoren&quot;, &quot;leisure&quot;=&gt;&quot;bird_hide&quot;, &quot;tourism&quot;=&gt;&quot;viewpoint&quot;</ogr:tags>
  </extensions>
</wpt>
<wpt lat="53.111649999092073" lon="5.60181">
  <name>Skrok - Vogelkijkhut</name>
  <extensions>
    <ogr:osm_id>1169748412.0</ogr:osm_id>
    <ogr:tags>&quot;name&quot;=&gt;&quot;Skrok - Vogelkijkhut&quot;, &quot;note&quot;=&gt;&quot;Skrok - Vogelkijkhut&quot;, &quot;leisure&quot;=&gt;&quot;bird_hide&quot;</ogr:tags>
  </extensions>
</wpt>
<wpt lat="52.901389799085464" lon="5.0581592">
  <name>Dijkgatsweide - Uitkijktoren</name>
  <extensions>
    <ogr:osm_id>1169748423.0</ogr:osm_id>
    <ogr:tags>&quot;name&quot;=&gt;&quot;Dijkgatsweide - Uitkijktoren&quot;, &quot;note&quot;=&gt;&quot;Dijkgatsweide - Uitkijktoren&quot;, &quot;leisure&quot;=&gt;&quot;bird_hide&quot;</ogr:tags>
  </extensions>
</wpt>
<wpt lat="52.623102999085212" lon="6.1058152">
  <name>De Olde Maten - Vogelkijkhut</name>
  <extensions>
    <ogr:osm_id>1169748426.0</ogr:osm_id>
    <ogr:tags>&quot;name&quot;=&gt;&quot;De Olde Maten - Vogelkijkhut&quot;, &quot;note&quot;=&gt;&quot;De Olde Maten - Vogelkijkhut&quot;, &quot;leisure&quot;=&gt;&quot;bird_hide&quot;</ogr:tags>
  </extensions>
</wpt>
<wpt lat="51.658895699152453" lon="4.1663422">
  <name>Plaat van de Vliet - Vogelkijkhut</name>
  <extensions>
    <ogr:osm_id>1169748439.0</ogr:osm_id>
    <ogr:tags>&quot;name&quot;=&gt;&quot;Plaat van de Vliet - Vogelkijkhut&quot;, &quot;note&quot;=&gt;&quot;Plaat van de Vliet - Vogelkijkhut&quot;, &quot;leisure&quot;=&gt;&quot;bird_hide&quot;, &quot;operator&quot;=&gt;&quot;Het Zeeuws Landschap&quot;, &quot;mapillary&quot;=&gt;&quot;487160889144846&quot;</ogr:tags>
  </extensions>
</wpt>
<wpt lat="51.610153999158378" lon="5.0381683">
  <name>Leikeven (Oost) - Uitkijkpunt</name>
  <extensions>
    <ogr:osm_id>1169748449.0</ogr:osm_id>
    <ogr:tags>&quot;name&quot;=&gt;&quot;Leikeven (Oost) - Uitkijkpunt&quot;, &quot;note&quot;=&gt;&quot;Leikeven (Oost) - Uitkijkpunt&quot;, &quot;leisure&quot;=&gt;&quot;bird_hide&quot;, &quot;tourism&quot;=&gt;&quot;viewpoint&quot;</ogr:tags>
  </extensions>
</wpt>
<wpt lat="53.004029999087997" lon="4.74366">
  <name>Texel - Horsmeertjes - Uitkijkpunt</name>
  <extensions>
    <ogr:osm_id>1169748462.0</ogr:osm_id>
    <ogr:tags>&quot;name&quot;=&gt;&quot;Texel - Horsmeertjes - Uitkijkpunt&quot;, &quot;note&quot;=&gt;&quot;Texel - Horsmeertjes - Uitkijkpunt&quot;, &quot;leisure&quot;=&gt;&quot;bird_hide&quot;</ogr:tags>
  </extensions>
</wpt>
<wpt lat="52.155639999105411" lon="6.8047">
  <name>Rietschot - West - Parnassia</name>
  <extensions>
    <ogr:osm_id>1169748496.0</ogr:osm_id>
    <ogr:tags>&quot;name&quot;=&gt;&quot;Rietschot - West - Parnassia&quot;, &quot;note&quot;=&gt;&quot;Rietschot - West - Parnassia&quot;, &quot;leisure&quot;=&gt;&quot;bird_hide&quot;</ogr:tags>
  </extensions>
</wpt>
<wpt lat="51.870296899129436" lon="5.1037605">
  <name>Vogelkijkscherm</name>
  <extensions>
    <ogr:osm_id>1169748501.0</ogr:osm_id>
    <ogr:tags>&quot;name&quot;=&gt;&quot;Vogelkijkscherm&quot;, &quot;note&quot;=&gt;&quot;Klein Hoogland - Vogelkijkscherm&quot;, &quot;leisure&quot;=&gt;&quot;bird_hide&quot;</ogr:tags>
  </extensions>
</wpt>
<wpt lat="52.301309999096482" lon="4.81069">
  <name>Amsterdamse Bos - Schinkelbos - Vogelkijkschermen</name>
  <extensions>
    <ogr:osm_id>1169748520.0</ogr:osm_id>
    <ogr:tags>&quot;name&quot;=&gt;&quot;Amsterdamse Bos - Schinkelbos - Vogelkijkschermen&quot;, &quot;note&quot;=&gt;&quot;Amsterdamse Bos - Schinkelbos - Vogelkijkschermen&quot;, &quot;leisure&quot;=&gt;&quot;bird_hide&quot;</ogr:tags>
  </extensions>
</wpt>
<wpt lat="52.397672099091849" lon="5.7372281">
  <name>Polsmaten - Vogelkijkscherm</name>
  <extensions>
    <ogr:osm_id>1169748525.0</ogr:osm_id>
    <ogr:tags>&quot;name&quot;=&gt;&quot;Polsmaten - Vogelkijkscherm&quot;, &quot;note&quot;=&gt;&quot;Polsmaten - Vogelkijkscherm&quot;, &quot;leisure&quot;=&gt;&quot;bird_hide&quot;</ogr:tags>
  </extensions>
</wpt>
<wpt lat="51.772079999139606" lon="4.24259">
  <name>Korendijkse Slikken - Uitkijkpunten</name>
  <extensions>
    <ogr:osm_id>1169748530.0</ogr:osm_id>
    <ogr:tags>&quot;name&quot;=&gt;&quot;Korendijkse Slikken - Uitkijkpunten&quot;, &quot;note&quot;=&gt;&quot;Korendijkse Slikken - Uitkijkpunten&quot;, &quot;leisure&quot;=&gt;&quot;bird_hide&quot;</ogr:tags>
  </extensions>
</wpt>
<wpt lat="53.270554999100888" lon="4.9850097">
  <name>Vlieland - Dodemansbol - Vogelkijkhut</name>
  <extensions>
    <ogr:osm_id>1169748547.0</ogr:osm_id>
    <ogr:tags>&quot;name&quot;=&gt;&quot;Vlieland - Dodemansbol - Vogelkijkhut&quot;, &quot;note&quot;=&gt;&quot;Vlieland - Dodemansbol - Vogelkijkhut&quot;, &quot;leisure&quot;=&gt;&quot;bird_hide&quot;</ogr:tags>
  </extensions>
</wpt>
<wpt lat="53.202390099096696" lon="6.0540589">
  <name>Burgumer Mar - Jistrum - De Dunen - Uitkijkheuvel</name>
  <extensions>
    <ogr:osm_id>1169748553.0</ogr:osm_id>
    <ogr:tags>&quot;name&quot;=&gt;&quot;Burgumer Mar - Jistrum - De Dunen - Uitkijkheuvel&quot;, &quot;note&quot;=&gt;&quot;Burgumer Mar - Jistrum - De Dunen - Uitkijkheuvel&quot;, &quot;leisure&quot;=&gt;&quot;bird_hide&quot;</ogr:tags>
  </extensions>
</wpt>
<wpt lat="51.883949999128099" lon="4.77717">
  <name>Polder Langenbroek - Donkse Laagten - Vogelkijkpunt</name>
  <extensions>
    <ogr:osm_id>1169748558.0</ogr:osm_id>
    <ogr:tags>&quot;name&quot;=&gt;&quot;Polder Langenbroek - Donkse Laagten - Vogelkijkpunt&quot;, &quot;note&quot;=&gt;&quot;Polder Langenbroek - Donkse Laagten - Vogelkijkpunt&quot;, &quot;leisure&quot;=&gt;&quot;bird_hide&quot;</ogr:tags>
  </extensions>
</wpt>
<wpt lat="53.440769999114025" lon="5.72037">
  <name>Ameland - Ballumerbocht - Vogelkijkpunt</name>
  <extensions>
    <ogr:osm_id>1169748583.0</ogr:osm_id>
    <ogr:tags>&quot;name&quot;=&gt;&quot;Ameland - Ballumerbocht - Vogelkijkpunt&quot;, &quot;note&quot;=&gt;&quot;Ameland - Ballumerbocht - Vogelkijkpunt&quot;, &quot;leisure&quot;=&gt;&quot;bird_hide&quot;</ogr:tags>
  </extensions>
</wpt>
<wpt lat="51.806556199135912" lon="3.9688001">
  <name>Koudenhoek - Koedijk - Vogelkijkhut</name>
  <extensions>
    <ogr:osm_id>1169748585.0</ogr:osm_id>
    <ogr:tags>&quot;name&quot;=&gt;&quot;Koudenhoek - Koedijk - Vogelkijkhut&quot;, &quot;note&quot;=&gt;&quot;Koudenhoek - Koedijk - Vogelkijkhut&quot;, &quot;leisure&quot;=&gt;&quot;bird_hide&quot;</ogr:tags>
  </extensions>
</wpt>
<wpt lat="52.474741699088931" lon="5.4070569">
  <name>De Grauwe Gans</name>
  <extensions>
    <ogr:osm_id>1169748590.0</ogr:osm_id>
    <ogr:tags>&quot;name&quot;=&gt;&quot;De Grauwe Gans&quot;, &quot;leisure&quot;=&gt;&quot;bird_hide&quot;, &quot;description&quot;=&gt;&quot;Vogelkijkhut&quot;</ogr:tags>
  </extensions>
</wpt>
<wpt lat="53.008239999088111" lon="6.987">
  <name>Veenhuizerstukken - Vogelkijkhut</name>
  <extensions>
    <ogr:osm_id>1169748616.0</ogr:osm_id>
    <ogr:tags>&quot;name&quot;=&gt;&quot;Veenhuizerstukken - Vogelkijkhut&quot;, &quot;note&quot;=&gt;&quot;Veenhuizerstukken - Vogelkijkhut&quot;, &quot;leisure&quot;=&gt;&quot;bird_hide&quot;</ogr:tags>
  </extensions>
</wpt>
<wpt lat="51.816732199134854" lon="4.98126">
  <name>De Groesplaat - Vogelkijkhut 'Het Vinkennestje'</name>
  <extensions>
    <ogr:osm_id>1169748622.0</ogr:osm_id>
    <ogr:tags>&quot;name&quot;=&gt;&quot;De Groesplaat - Vogelkijkhut 'Het Vinkennestje'&quot;, &quot;note&quot;=&gt;&quot;De Groesplaat - Vogelkijkhut 'Het Vinkennestje'&quot;, &quot;leisure&quot;=&gt;&quot;bird_hide&quot;</ogr:tags>
  </extensions>
</wpt>
<wpt lat="52.766972499084176" lon="6.0932193">
  <name>De Wieden - De Auken - Vogelkijkhut</name>
  <extensions>
    <ogr:osm_id>1169748628.0</ogr:osm_id>
    <ogr:tags>&quot;name&quot;=&gt;&quot;De Wieden - De Auken - Vogelkijkhut&quot;, &quot;note&quot;=&gt;&quot;De Wieden - De Auken - Vogelkijkhut&quot;, &quot;leisure&quot;=&gt;&quot;bird_hide&quot;, &quot;operator&quot;=&gt;&quot;Natuurmonumenten&quot;</ogr:tags>
  </extensions>
</wpt>
<wpt lat="51.741549499142941" lon="5.7944301">
  <name>Kraaijenbergse plassen - Vogelkijkhut</name>
  <extensions>
    <ogr:osm_id>1169748657.0</ogr:osm_id>
    <ogr:tags>&quot;name&quot;=&gt;&quot;Kraaijenbergse plassen - Vogelkijkhut&quot;, &quot;note&quot;=&gt;&quot;Kraaijenbergse plassen - Vogelkijkhut&quot;, &quot;leisure&quot;=&gt;&quot;bird_hide&quot;</ogr:tags>
  </extensions>
</wpt>
<wpt lat="51.60448159915908" lon="5.0277069">
  <name>Leikeven - Uitkijktoren</name>
  <extensions>
    <ogr:osm_id>1169748692.0</ogr:osm_id>
    <ogr:tags>&quot;name&quot;=&gt;&quot;Leikeven - Uitkijktoren&quot;, &quot;leisure&quot;=&gt;&quot;bird_hide&quot;, &quot;tourism&quot;=&gt;&quot;viewpoint&quot;</ogr:tags>
  </extensions>
</wpt>
<wpt lat="53.426129999112725" lon="5.66385">
  <name>Ameland - Hollum - Dijk nabij P. Miedeweg - Vogelkijkpunt</name>
  <extensions>
    <ogr:osm_id>1169748707.0</ogr:osm_id>
    <ogr:tags>&quot;name&quot;=&gt;&quot;Ameland - Hollum - Dijk nabij P. Miedeweg - Vogelkijkpunt&quot;, &quot;note&quot;=&gt;&quot;Ameland - Hollum - Dijk nabij P. Miedeweg - Vogelkijkpunt&quot;, &quot;leisure&quot;=&gt;&quot;bird_hide&quot;</ogr:tags>
  </extensions>
</wpt>
<wpt lat="51.924409199124234" lon="4.0465221">
  <name>Oostvoornse Meer - Brielse Gatdam - Vogelkijkscherm</name>
  <extensions>
    <ogr:osm_id>1169748723.0</ogr:osm_id>
    <ogr:tags>&quot;name&quot;=&gt;&quot;Oostvoornse Meer - Brielse Gatdam - Vogelkijkscherm&quot;, &quot;note&quot;=&gt;&quot;Oostvoornse Meer - Brielse Gatdam - Vogelkijkscherm&quot;, &quot;leisure&quot;=&gt;&quot;bird_hide&quot;, &quot;tourism&quot;=&gt;&quot;viewpoint&quot;</ogr:tags>
  </extensions>
</wpt>
<wpt lat="53.151099999093958" lon="5.41262">
  <name>Plasjes langs de N31, Harlingen - Vogelkijkpunt</name>
  <extensions>
    <ogr:osm_id>1169748727.0</ogr:osm_id>
    <ogr:tags>&quot;name&quot;=&gt;&quot;Plasjes langs de N31, Harlingen - Vogelkijkpunt&quot;, &quot;note&quot;=&gt;&quot;Plasjes langs de N31, Harlingen - Vogelkijkpunt&quot;, &quot;leisure&quot;=&gt;&quot;bird_hide&quot;</ogr:tags>
  </extensions>
</wpt>
<wpt lat="51.983199999118916" lon="6.39666">
  <name>Landgoed 't Velde - Vogelkijkhut</name>
  <extensions>
    <ogr:osm_id>1169748732.0</ogr:osm_id>
    <ogr:tags>&quot;name&quot;=&gt;&quot;Landgoed 't Velde - Vogelkijkhut&quot;, &quot;note&quot;=&gt;&quot;Landgoed 't Velde - Vogelkijkhut&quot;, &quot;leisure&quot;=&gt;&quot;bird_hide&quot;</ogr:tags>
  </extensions>
</wpt>
<wpt lat="52.667213399084631" lon="4.9138557">
  <name>Weijdemeer - Vogelkijkscherm</name>
  <extensions>
    <ogr:osm_id>1169748737.0</ogr:osm_id>
    <ogr:tags>&quot;name&quot;=&gt;&quot;Weijdemeer - Vogelkijkscherm&quot;, &quot;leisure&quot;=&gt;&quot;bird_hide&quot;</ogr:tags>
  </extensions>
</wpt>
<wpt lat="52.797382299084276" lon="5.9793573">
  <name>De Weerribben - Meenteweg - Vogelkijkhut</name>
  <extensions>
    <ogr:osm_id>1169748748.0</ogr:osm_id>
    <ogr:tags>&quot;name&quot;=&gt;&quot;De Weerribben - Meenteweg - Vogelkijkhut&quot;, &quot;note&quot;=&gt;&quot;De Weerribben - Meenteweg - Vogelkijkhut&quot;, &quot;leisure&quot;=&gt;&quot;bird_hide&quot;</ogr:tags>
  </extensions>
</wpt>
<wpt lat="52.399568299091754" lon="4.6929973">
  <name>Spaarnwouderplas - Vogelkijkhut &quot;De Smient&quot;.</name>
  <extensions>
    <ogr:osm_id>1169748753.0</ogr:osm_id>
    <ogr:tags>&quot;name&quot;=&gt;&quot;Spaarnwouderplas - Vogelkijkhut \&quot;De Smient\&quot;.&quot;, &quot;note&quot;=&gt;&quot;Spaarnwouderplas - Vogelkijkhut \&quot;De Smient\&quot;.&quot;, &quot;leisure&quot;=&gt;&quot;bird_hide&quot;, &quot;addr:street&quot;=&gt;&quot;Kerkweg&quot;</ogr:tags>
  </extensions>
</wpt>
<wpt lat="53.427489999112865" lon="5.64335">
  <name>Ameland - Hollum - Dijk bij de Reeweg - Vogelkijkpunt</name>
  <extensions>
    <ogr:osm_id>1169748756.0</ogr:osm_id>
    <ogr:tags>&quot;name&quot;=&gt;&quot;Ameland - Hollum - Dijk bij de Reeweg - Vogelkijkpunt&quot;, &quot;note&quot;=&gt;&quot;Ameland - Hollum - Dijk bij de Reeweg - Vogelkijkpunt&quot;, &quot;leisure&quot;=&gt;&quot;bird_hide&quot;</ogr:tags>
  </extensions>
</wpt>
<wpt lat="52.203090399102244" lon="5.314946">
  <name>Polder Zeldert - Vogelkijkhut</name>
  <extensions>
    <ogr:osm_id>1169748772.0</ogr:osm_id>
    <ogr:tags>&quot;name&quot;=&gt;&quot;Polder Zeldert - Vogelkijkhut&quot;, &quot;note&quot;=&gt;&quot;Polder Zeldert - Vogelkijkhut&quot;, &quot;leisure&quot;=&gt;&quot;bird_hide&quot;</ogr:tags>
  </extensions>
</wpt>
<wpt lat="51.986569999118615" lon="6.65376">
  <name>Meddosche Veen - Uitkijktoren</name>
  <extensions>
    <ogr:osm_id>1169748775.0</ogr:osm_id>
    <ogr:tags>&quot;name&quot;=&gt;&quot;Meddosche Veen - Uitkijktoren&quot;, &quot;note&quot;=&gt;&quot;Meddosche Veen - Uitkijktoren&quot;, &quot;leisure&quot;=&gt;&quot;bird_hide&quot;</ogr:tags>
  </extensions>
</wpt>
<wpt lat="52.866025799084916" lon="6.0339351">
  <name>Lindevallei - De Blauwborst - Vogelkijkhut</name>
  <extensions>
    <ogr:osm_id>1169748790.0</ogr:osm_id>
    <ogr:tags>&quot;name&quot;=&gt;&quot;Lindevallei - De Blauwborst - Vogelkijkhut&quot;, &quot;note&quot;=&gt;&quot;Lindevallei - De Blauwborst - Vogelkijkhut&quot;, &quot;leisure&quot;=&gt;&quot;bird_hide&quot;</ogr:tags>
  </extensions>
</wpt>
<wpt lat="52.38731309909231" lon="4.5805648">
  <name>Wisenten Kraansvlak</name>
  <extensions>
    <ogr:osm_id>1169748794.0</ogr:osm_id>
    <ogr:tags>&quot;url&quot;=&gt;&quot;https://vogelkijkhut.nl/view/438/&quot;, &quot;name&quot;=&gt;&quot;Wisenten Kraansvlak&quot;, &quot;leisure&quot;=&gt;&quot;bird_hide&quot;, &quot;tourism&quot;=&gt;&quot;viewpoint&quot;</ogr:tags>
  </extensions>
</wpt>
<wpt lat="52.905469999085547" lon="4.94104">
  <name>Normerven - Vogelkijkscherm</name>
  <extensions>
    <ogr:osm_id>1169748818.0</ogr:osm_id>
    <ogr:tags>&quot;name&quot;=&gt;&quot;Normerven - Vogelkijkscherm&quot;, &quot;leisure&quot;=&gt;&quot;bird_hide&quot;, &quot;tourism&quot;=&gt;&quot;viewpoint&quot;</ogr:tags>
  </extensions>
</wpt>
<wpt lat="53.192399999096139" lon="6.0203">
  <name>Burgum - Soestpolder - Vogelkijkhut</name>
  <extensions>
    <ogr:osm_id>1169748821.0</ogr:osm_id>
    <ogr:tags>&quot;name&quot;=&gt;&quot;Burgum - Soestpolder - Vogelkijkhut&quot;, &quot;note&quot;=&gt;&quot;Burgum - Soestpolder - Vogelkijkhut&quot;, &quot;leisure&quot;=&gt;&quot;bird_hide&quot;</ogr:tags>
  </extensions>
</wpt>
<wpt lat="52.467979999089138" lon="4.5580526">
  <name>Noordpier IJmuiden - Vogelkijkpunt</name>
  <extensions>
    <ogr:osm_id>1169748824.0</ogr:osm_id>
    <ogr:tags>&quot;name&quot;=&gt;&quot;Noordpier IJmuiden - Vogelkijkpunt&quot;, &quot;note&quot;=&gt;&quot;Noordpier IJmuiden - Vogelkijkpunt&quot;, &quot;leisure&quot;=&gt;&quot;bird_hide&quot;</ogr:tags>
  </extensions>
</wpt>
<wpt lat="53.22737939909814" lon="5.9004656">
  <name>Rypstjerksterpolder - Uitzichtplateau</name>
  <extensions>
    <ogr:osm_id>1169748838.0</ogr:osm_id>
    <ogr:tags>&quot;ele&quot;=&gt;&quot;8&quot;, &quot;name&quot;=&gt;&quot;Rypstjerksterpolder - Uitzichtplateau&quot;, &quot;note&quot;=&gt;&quot;Rypstjerksterpolder - Uitzichtplateau&quot;, &quot;covered&quot;=&gt;&quot;yes&quot;, &quot;leisure&quot;=&gt;&quot;bird_hide&quot;, &quot;tourism&quot;=&gt;&quot;viewpoint&quot;</ogr:tags>
  </extensions>
</wpt>
<wpt lat="52.49336149908833" lon="6.2075028">
  <name>De Horte - Vogelkijkscherm</name>
  <extensions>
    <ogr:osm_id>1169748859.0</ogr:osm_id>
    <ogr:tags>&quot;name&quot;=&gt;&quot;De Horte - Vogelkijkscherm&quot;, &quot;note&quot;=&gt;&quot;De Horte - Vogelkijkscherm&quot;, &quot;leisure&quot;=&gt;&quot;bird_hide&quot;</ogr:tags>
  </extensions>
</wpt>
<wpt lat="51.324579999197212" lon="3.73297">
  <name>Braakman Noord - Gluurmuur</name>
  <extensions>
    <ogr:osm_id>1169748864.0</ogr:osm_id>
    <ogr:tags>&quot;name&quot;=&gt;&quot;Braakman Noord - Gluurmuur&quot;, &quot;note&quot;=&gt;&quot;Braakman Noord - Gluurmuur&quot;, &quot;leisure&quot;=&gt;&quot;bird_hide&quot;</ogr:tags>
  </extensions>
</wpt>
<wpt lat="53.11886989909241" lon="5.9555749">
  <name>Jan Durkspolder - vogelkijkhut</name>
  <extensions>
    <ogr:osm_id>1169748874.0</ogr:osm_id>
    <ogr:tags>&quot;name&quot;=&gt;&quot;Jan Durkspolder - vogelkijkhut&quot;, &quot;leisure&quot;=&gt;&quot;bird_hide&quot;</ogr:tags>
  </extensions>
</wpt>
<wpt lat="52.920221399085825" lon="5.5559713">
  <name>It Swin - Vogelkijkhut</name>
  <extensions>
    <ogr:osm_id>1169748881.0</ogr:osm_id>
    <ogr:tags>&quot;name&quot;=&gt;&quot;It Swin - Vogelkijkhut&quot;, &quot;leisure&quot;=&gt;&quot;bird_hide&quot;</ogr:tags>
  </extensions>
</wpt>
<wpt lat="51.493279999173424" lon="4.84578">
  <name>Bleeke Heide - Vogelkijkscherm</name>
  <extensions>
    <ogr:osm_id>1169748899.0</ogr:osm_id>
    <ogr:tags>&quot;name&quot;=&gt;&quot;Bleeke Heide - Vogelkijkscherm&quot;, &quot;note&quot;=&gt;&quot;Bleeke Heide - Vogelkijkscherm&quot;, &quot;leisure&quot;=&gt;&quot;bird_hide&quot;</ogr:tags>
  </extensions>
</wpt>
<wpt lat="51.922821899124372" lon="4.3122356">
  <name>vogelkijkhut Aalkeetbuitenpolder</name>
  <extensions>
    <ogr:osm_id>1169748905.0</ogr:osm_id>
    <ogr:tags>&quot;name&quot;=&gt;&quot;vogelkijkhut Aalkeetbuitenpolder&quot;, &quot;access&quot;=&gt;&quot;no&quot;, &quot;leisure&quot;=&gt;&quot;bird_hide&quot;, &quot;website&quot;=&gt;&quot;https://vogelkijkhut.nl/view/203/&quot;</ogr:tags>
  </extensions>
</wpt>
<wpt lat="53.309749699103556" lon="5.6256813">
  <name>Zwarte Haan - Vogelkijkpunt</name>
  <extensions>
    <ogr:osm_id>1169748914.0</ogr:osm_id>
    <ogr:tags>&quot;name&quot;=&gt;&quot;Zwarte Haan - Vogelkijkpunt&quot;, &quot;leisure&quot;=&gt;&quot;bird_hide&quot;, &quot;man_made&quot;=&gt;&quot;tower&quot;</ogr:tags>
  </extensions>
</wpt>
<wpt lat="52.406424499091472" lon="5.2208113">
  <name>Vogelkijkhut Lepelaarsplassen</name>
  <extensions>
    <ogr:osm_id>1169748918.0</ogr:osm_id>
    <ogr:tags>&quot;name&quot;=&gt;&quot;Vogelkijkhut Lepelaarsplassen&quot;, &quot;note&quot;=&gt;&quot;Lepelaarplassen - Vogelkijkhutten&quot;, &quot;leisure&quot;=&gt;&quot;bird_hide&quot;</ogr:tags>
  </extensions>
</wpt>
<wpt lat="53.118771499092389" lon="5.8452218">
  <name>Timertsmar - Vogelkijkscherm</name>
  <extensions>
    <ogr:osm_id>1169748932.0</ogr:osm_id>
    <ogr:tags>&quot;name&quot;=&gt;&quot;Timertsmar - Vogelkijkscherm&quot;, &quot;note&quot;=&gt;&quot;Timertsmar - Vogelkijkscherm&quot;, &quot;leisure&quot;=&gt;&quot;bird_hide&quot;</ogr:tags>
  </extensions>
</wpt>
<wpt lat="52.098287899109543" lon="4.4362279">
  <name>Starrevaart - De Vogelknip - Vogelkijkhut</name>
  <extensions>
    <ogr:osm_id>1169748937.0</ogr:osm_id>
    <ogr:tags>&quot;name&quot;=&gt;&quot;Starrevaart - De Vogelknip - Vogelkijkhut&quot;, &quot;note&quot;=&gt;&quot;Starrevaart - De Vogelknip - Vogelkijkhut&quot;, &quot;leisure&quot;=&gt;&quot;bird_hide&quot;</ogr:tags>
  </extensions>
</wpt>
<wpt lat="52.975199999087145" lon="5.60917">
  <name>Heeg - Kijkhut Heeg</name>
  <extensions>
    <ogr:osm_id>1169748939.0</ogr:osm_id>
    <ogr:tags>&quot;name&quot;=&gt;&quot;Heeg - Kijkhut Heeg&quot;, &quot;note&quot;=&gt;&quot;Heeg - Kijkhut Heeg&quot;, &quot;leisure&quot;=&gt;&quot;bird_hide&quot;</ogr:tags>
  </extensions>
</wpt>
<wpt lat="53.175643199095219" lon="4.8637247">
  <name>De Robbenjager</name>
  <extensions>
    <ogr:osm_id>1169748961.0</ogr:osm_id>
    <ogr:tags>&quot;name&quot;=&gt;&quot;De Robbenjager&quot;, &quot;leisure&quot;=&gt;&quot;bird_hide&quot;, &quot;tourism&quot;=&gt;&quot;viewpoint&quot;, &quot;viewpoint&quot;=&gt;&quot;birdwatching&quot;</ogr:tags>
  </extensions>
</wpt>
<wpt lat="51.269809299205455" lon="5.8024278">
  <name>De Banen - Vogelkijkhut</name>
  <extensions>
    <ogr:osm_id>1169748966.0</ogr:osm_id>
    <ogr:tags>&quot;name&quot;=&gt;&quot;De Banen - Vogelkijkhut&quot;, &quot;note&quot;=&gt;&quot;De Banen - Vogelkijkhut&quot;, &quot;leisure&quot;=&gt;&quot;bird_hide&quot;, &quot;opening_hours&quot;=&gt;&quot;24/7&quot;</ogr:tags>
  </extensions>
</wpt>
<wpt lat="52.929949999086027" lon="5.43985">
  <name>Koudum - De Heanmar - Vogelkijkhut</name>
  <extensions>
    <ogr:osm_id>1169748989.0</ogr:osm_id>
    <ogr:tags>&quot;name&quot;=&gt;&quot;Koudum - De Heanmar - Vogelkijkhut&quot;, &quot;note&quot;=&gt;&quot;Koudum - De Heanmar - Vogelkijkhut&quot;, &quot;leisure&quot;=&gt;&quot;bird_hide&quot;</ogr:tags>
  </extensions>
</wpt>
<wpt lat="52.940789999086277" lon="5.02892">
  <name>Den Oever - Uitkijkpunt</name>
  <extensions>
    <ogr:osm_id>1169748991.0</ogr:osm_id>
    <ogr:tags>&quot;name&quot;=&gt;&quot;Den Oever - Uitkijkpunt&quot;, &quot;note&quot;=&gt;&quot;Den Oever - Uitkijkpunt&quot;, &quot;leisure&quot;=&gt;&quot;bird_hide&quot;</ogr:tags>
  </extensions>
</wpt>
<wpt lat="53.009364599088151" lon="4.745097">
  <name>Texel - De Geul - Uitkijkplatform</name>
  <extensions>
    <ogr:osm_id>1169749006.0</ogr:osm_id>
    <ogr:tags>&quot;name&quot;=&gt;&quot;Texel - De Geul - Uitkijkplatform&quot;, &quot;note&quot;=&gt;&quot;Texel - De Geul - Uitkijkplatform&quot;, &quot;leisure&quot;=&gt;&quot;bird_hide&quot;, &quot;tourism&quot;=&gt;&quot;viewpoint&quot;, &quot;viewpoint&quot;=&gt;&quot;birdwatching&quot;</ogr:tags>
  </extensions>
</wpt>
<wpt lat="51.526129999169072" lon="4.11014">
  <name>Scherpenissepolder - Vogelkijkscherm</name>
  <extensions>
    <ogr:osm_id>1169749011.0</ogr:osm_id>
    <ogr:tags>&quot;name&quot;=&gt;&quot;Scherpenissepolder - Vogelkijkscherm&quot;, &quot;note&quot;=&gt;&quot;Scherpenissepolder - Vogelkijkscherm&quot;, &quot;leisure&quot;=&gt;&quot;bird_hide&quot;</ogr:tags>
  </extensions>
</wpt>
<wpt lat="52.333225799094819" lon="6.8421409">
  <name>Zoekerveld - Vogelkijkscherm</name>
  <extensions>
    <ogr:osm_id>1169749052.0</ogr:osm_id>
    <ogr:tags>&quot;name&quot;=&gt;&quot;Zoekerveld - Vogelkijkscherm&quot;, &quot;note&quot;=&gt;&quot;Zoekerveld - Vogelkijkscherm&quot;, &quot;leisure&quot;=&gt;&quot;bird_hide&quot;</ogr:tags>
  </extensions>
</wpt>
<wpt lat="52.309389399096041" lon="5.1139689">
  <name>De Machine</name>
  <extensions>
    <ogr:osm_id>1169749055.0</ogr:osm_id>
    <ogr:tags>&quot;name&quot;=&gt;&quot;De Machine&quot;, &quot;leisure&quot;=&gt;&quot;bird_hide&quot;, &quot;tourism&quot;=&gt;&quot;viewpoint&quot;, &quot;description&quot;=&gt;&quot;Naardermeer - De Machine - Uitkijkpunt&quot;</ogr:tags>
  </extensions>
</wpt>
<wpt lat="52.908419999085595" lon="5.47581">
  <name>Koudum - Kijkheuvel de Samenvoeging</name>
  <extensions>
    <ogr:osm_id>1169749101.0</ogr:osm_id>
    <ogr:tags>&quot;name&quot;=&gt;&quot;Koudum - Kijkheuvel de Samenvoeging&quot;, &quot;note&quot;=&gt;&quot;Koudum - Kijkheuvel de Samenvoeging&quot;, &quot;leisure&quot;=&gt;&quot;bird_hide&quot;</ogr:tags>
  </extensions>
</wpt>
<wpt lat="52.129199999107264" lon="6.76004">
  <name>Haaksbergerveen - Vogelkijkscherm</name>
  <extensions>
    <ogr:osm_id>1169749110.0</ogr:osm_id>
    <ogr:tags>&quot;name&quot;=&gt;&quot;Haaksbergerveen - Vogelkijkscherm&quot;, &quot;note&quot;=&gt;&quot;Haaksbergerveen - Vogelkijkscherm&quot;, &quot;leisure&quot;=&gt;&quot;bird_hide&quot;</ogr:tags>
  </extensions>
</wpt>
<wpt lat="51.687129999149143" lon="4.99974">
  <name>Sprang-Capelle - De Dullaard - Vogelkijkscherm</name>
  <extensions>
    <ogr:osm_id>1169749116.0</ogr:osm_id>
    <ogr:tags>&quot;name&quot;=&gt;&quot;Sprang-Capelle - De Dullaard - Vogelkijkscherm&quot;, &quot;note&quot;=&gt;&quot;Sprang-Capelle - De Dullaard - Vogelkijkscherm&quot;, &quot;leisure&quot;=&gt;&quot;bird_hide&quot;</ogr:tags>
  </extensions>
</wpt>
<wpt lat="53.024016199088628" lon="5.7208579">
  <name>Sneekermeer - Vogelkijkhut</name>
  <extensions>
    <ogr:osm_id>1169749134.0</ogr:osm_id>
    <ogr:tags>&quot;name&quot;=&gt;&quot;Sneekermeer - Vogelkijkhut&quot;, &quot;note&quot;=&gt;&quot;Sneekermeer - Vogelkijkhut&quot;, &quot;leisure&quot;=&gt;&quot;bird_hide&quot;</ogr:tags>
  </extensions>
</wpt>
<wpt lat="51.601219999159483" lon="4.18466">
  <name>Rammegors - De Steltkluut - Vogelkijkhut</name>
  <extensions>
    <ogr:osm_id>1169749147.0</ogr:osm_id>
    <ogr:tags>&quot;name&quot;=&gt;&quot;Rammegors - De Steltkluut - Vogelkijkhut&quot;, &quot;note&quot;=&gt;&quot;Rammegors - De Steltkluut - Vogelkijkhut&quot;, &quot;leisure&quot;=&gt;&quot;bird_hide&quot;</ogr:tags>
  </extensions>
</wpt>
<wpt lat="52.686693199084452" lon="7.0116895">
  <name>Bargerveen - Uitkijkheuvel</name>
  <extensions>
    <ogr:osm_id>1169749157.0</ogr:osm_id>
    <ogr:tags>&quot;name&quot;=&gt;&quot;Bargerveen - Uitkijkheuvel&quot;, &quot;leisure&quot;=&gt;&quot;bird_hide&quot;, &quot;tourism&quot;=&gt;&quot;viewpoint&quot;</ogr:tags>
  </extensions>
</wpt>
<wpt lat="51.955219299121403" lon="4.9895857">
  <name>Zouweboezem - Vogelkijkscherm</name>
  <extensions>
    <ogr:osm_id>1169749163.0</ogr:osm_id>
    <ogr:tags>&quot;name&quot;=&gt;&quot;Zouweboezem - Vogelkijkscherm&quot;, &quot;note&quot;=&gt;&quot;Zouweboezem - Vogelkijkscherm&quot;, &quot;leisure&quot;=&gt;&quot;bird_hide&quot;, &quot;tourism&quot;=&gt;&quot;viewpoint&quot;</ogr:tags>
  </extensions>
</wpt>
<wpt lat="52.417533399091035" lon="4.6788331">
  <name>birdwatching</name>
  <extensions>
    <ogr:osm_id>1169749173.0</ogr:osm_id>
    <ogr:tags>&quot;source&quot;=&gt;&quot;www.landjevangruijters.nl&quot;, &quot;leisure&quot;=&gt;&quot;bird_hide&quot;, &quot;operator&quot;=&gt;&quot;Stichting Duurzaam Beheer Landje van Gruijters&quot;</ogr:tags>
  </extensions>
</wpt>
<wpt lat="53.274986099101163" lon="5.8155945">
  <name>De Wydemar - Vogelkijkhut</name>
  <extensions>
    <ogr:osm_id>1169749177.0</ogr:osm_id>
    <ogr:tags>&quot;name&quot;=&gt;&quot;De Wydemar - Vogelkijkhut&quot;, &quot;note&quot;=&gt;&quot;De Wydemar - Vogelkijkhut&quot;, &quot;leisure&quot;=&gt;&quot;bird_hide&quot;</ogr:tags>
  </extensions>
</wpt>
<wpt lat="51.75395559914157" lon="3.8740188">
  <name>Kabbelaarsbank - Zela2</name>
  <extensions>
    <ogr:osm_id>1169749187.0</ogr:osm_id>
    <ogr:tags>&quot;name&quot;=&gt;&quot;Kabbelaarsbank - Zela2&quot;, &quot;leisure&quot;=&gt;&quot;bird_hide&quot;</ogr:tags>
  </extensions>
</wpt>
<wpt lat="53.167229999094772" lon="6.07086">
  <name>De Leien - Uitzichtpunt Malewei</name>
  <extensions>
    <ogr:osm_id>1169749207.0</ogr:osm_id>
    <ogr:tags>&quot;name&quot;=&gt;&quot;De Leien - Uitzichtpunt Malewei&quot;, &quot;note&quot;=&gt;&quot;De Leien - Uitzichtpunt Malewei&quot;, &quot;leisure&quot;=&gt;&quot;bird_hide&quot;</ogr:tags>
  </extensions>
</wpt>
<wpt lat="52.723384299084231" lon="4.6407735">
  <name>Camperduin - Trektelpost</name>
  <extensions>
    <ogr:osm_id>1169749213.0</ogr:osm_id>
    <ogr:tags>&quot;name&quot;=&gt;&quot;Camperduin - Trektelpost&quot;, &quot;note&quot;=&gt;&quot;Camperduin - Trektelpost&quot;, &quot;leisure&quot;=&gt;&quot;bird_hide&quot;</ogr:tags>
  </extensions>
</wpt>
<wpt lat="52.40895999909138" lon="5.65882">
  <name>Spijk-Bremerberg - Vogelkijkhut</name>
  <extensions>
    <ogr:osm_id>1169749218.0</ogr:osm_id>
    <ogr:tags>&quot;name&quot;=&gt;&quot;Spijk-Bremerberg - Vogelkijkhut&quot;, &quot;note&quot;=&gt;&quot;Spijk-Bremerberg - Vogelkijkhut&quot;, &quot;leisure&quot;=&gt;&quot;bird_hide&quot;</ogr:tags>
  </extensions>
</wpt>
<wpt lat="51.894647899127058" lon="4.049852">
  <name>Breede Water vogelkijkscherm</name>
  <extensions>
    <ogr:osm_id>1169749221.0</ogr:osm_id>
    <ogr:tags>&quot;name&quot;=&gt;&quot;Breede Water vogelkijkscherm&quot;, &quot;leisure&quot;=&gt;&quot;bird_hide&quot;, &quot;shelter&quot;=&gt;&quot;yes&quot;</ogr:tags>
  </extensions>
</wpt>
<wpt lat="52.444195599090008" lon="5.4148399">
  <name>De Poelruiter</name>
  <extensions>
    <ogr:osm_id>1169749236.0</ogr:osm_id>
    <ogr:tags>&quot;name&quot;=&gt;&quot;De Poelruiter&quot;, &quot;amenity&quot;=&gt;&quot;shelter&quot;, &quot;leisure&quot;=&gt;&quot;bird_hide&quot;, &quot;tourism&quot;=&gt;&quot;viewpoint&quot;, &quot;viewpoint&quot;=&gt;&quot;birdwatching&quot;</ogr:tags>
  </extensions>
</wpt>
<wpt lat="52.794974999084246" lon="6.440952">
  <name>Dwingelderveld - Vogelkijkscherm - Holtveen</name>
  <extensions>
    <ogr:osm_id>1169749240.0</ogr:osm_id>
    <ogr:tags>&quot;name&quot;=&gt;&quot;Dwingelderveld - Vogelkijkscherm - Holtveen&quot;, &quot;leisure&quot;=&gt;&quot;bird_hide&quot;, &quot;tourism&quot;=&gt;&quot;viewpoint&quot;</ogr:tags>
  </extensions>
</wpt>
<wpt lat="52.382536899092514" lon="5.002857">
  <name>Durgerdam - Vogelkijkscherm</name>
  <extensions>
    <ogr:osm_id>1169749243.0</ogr:osm_id>
    <ogr:tags>&quot;name&quot;=&gt;&quot;Durgerdam - Vogelkijkscherm&quot;, &quot;leisure&quot;=&gt;&quot;bird_hide&quot;, &quot;tourism&quot;=&gt;&quot;viewpoint&quot;</ogr:tags>
  </extensions>
</wpt>
<wpt lat="52.817734599084396" lon="4.6937573">
  <name>birdwatching</name>
  <extensions>
    <ogr:osm_id>1169749262.0</ogr:osm_id>
    <ogr:tags>&quot;leisure&quot;=&gt;&quot;bird_hide&quot;</ogr:tags>
  </extensions>
</wpt>
<wpt lat="53.116355099092281" lon="5.6418368">
  <name>Skrins - Vogelkijkhut</name>
  <extensions>
    <ogr:osm_id>1169749267.0</ogr:osm_id>
    <ogr:tags>&quot;name&quot;=&gt;&quot;Skrins - Vogelkijkhut&quot;, &quot;note&quot;=&gt;&quot;Skrins - Vogelkijkhut&quot;, &quot;source&quot;=&gt;&quot;BAG&quot;, &quot;leisure&quot;=&gt;&quot;bird_hide&quot;, &quot;addr:city&quot;=&gt;&quot;Hinnaard&quot;, &quot;addr:street&quot;=&gt;&quot;Monsamabuorren&quot;, &quot;source:date&quot;=&gt;&quot;2017-09-12&quot;, &quot;addr:postcode&quot;=&gt;&quot;8844KT&quot;, &quot;addr:housenumber&quot;=&gt;&quot;18&quot;</ogr:tags>
  </extensions>
</wpt>
<wpt lat="51.679899999150003" lon="4.02802">
  <name>Dijkwater - Vogelkijkscherm</name>
  <extensions>
    <ogr:osm_id>1169749270.0</ogr:osm_id>
    <ogr:tags>&quot;name&quot;=&gt;&quot;Dijkwater - Vogelkijkscherm&quot;, &quot;leisure&quot;=&gt;&quot;bird_hide&quot;</ogr:tags>
  </extensions>
</wpt>
<wpt lat="52.413907299091164" lon="5.3359677">
  <name>Oostvaardersplassen - Kotterbos - Uitkijkheuvel</name>
  <extensions>
    <ogr:osm_id>1169749287.0</ogr:osm_id>
    <ogr:tags>&quot;name&quot;=&gt;&quot;Oostvaardersplassen - Kotterbos - Uitkijkheuvel&quot;, &quot;note&quot;=&gt;&quot;Oostvaardersplassen - Kotterbos - Uitkijkheuvel&quot;, &quot;leisure&quot;=&gt;&quot;bird_hide&quot;</ogr:tags>
  </extensions>
</wpt>
<wpt lat="52.448466099089842" lon="6.6670314">
  <name>'t Krik-eantie</name>
  <extensions>
    <ogr:osm_id>1169749293.0</ogr:osm_id>
    <ogr:tags>&quot;ref&quot;=&gt;&quot;450&quot;, &quot;name&quot;=&gt;&quot;'t Krik-eantie&quot;, &quot;leisure&quot;=&gt;&quot;bird_hide&quot;, &quot;tourism&quot;=&gt;&quot;viewpoint&quot;, &quot;website&quot;=&gt;&quot;https://vogelkijkhut.nl/view/450/&quot;, &quot;operator&quot;=&gt;&quot;Staatsbosbeheer&quot;, &quot;direction&quot;=&gt;&quot;270;330&quot;, &quot;wheelchair&quot;=&gt;&quot;no&quot;, &quot;motor_vehicle&quot;=&gt;&quot;no&quot;</ogr:tags>
  </extensions>
</wpt>
<wpt lat="53.089579999091107" lon="4.89946">
  <name>Texel - Wagejot - Vogelkijkpunt</name>
  <extensions>
    <ogr:osm_id>1169749297.0</ogr:osm_id>
    <ogr:tags>&quot;name&quot;=&gt;&quot;Texel - Wagejot - Vogelkijkpunt&quot;, &quot;note&quot;=&gt;&quot;Texel - Wagejot - Vogelkijkpunt&quot;, &quot;tourism&quot;=&gt;&quot;viewpoint&quot;, &quot;viewpoint&quot;=&gt;&quot;birdwatching&quot;, &quot;wheelchair&quot;=&gt;&quot;yes&quot;</ogr:tags>
  </extensions>
</wpt>
<wpt lat="52.116902599108165" lon="4.6111859">
  <name>Amalia-hut</name>
  <extensions>
    <ogr:osm_id>1169749305.0</ogr:osm_id>
    <ogr:tags>&quot;name&quot;=&gt;&quot;Amalia-hut&quot;, &quot;note&quot;=&gt;&quot;Spookverlaat - Amalia-hut - Vogelkijkhut&quot;, &quot;leisure&quot;=&gt;&quot;bird_hide&quot;, &quot;shelter&quot;=&gt;&quot;yes&quot;</ogr:tags>
  </extensions>
</wpt>
<wpt lat="51.634946399155311" lon="5.6744314">
  <name>Hemelrijk - Vogelkijkhut</name>
  <extensions>
    <ogr:osm_id>1169749308.0</ogr:osm_id>
    <ogr:tags>&quot;name&quot;=&gt;&quot;Hemelrijk - Vogelkijkhut&quot;, &quot;leisure&quot;=&gt;&quot;bird_hide&quot;</ogr:tags>
  </extensions>
</wpt>
<wpt lat="51.405682799185477" lon="3.5282934">
  <name>Breskens - Telpost</name>
  <extensions>
    <ogr:osm_id>1169749312.0</ogr:osm_id>
    <ogr:tags>&quot;name&quot;=&gt;&quot;Breskens - Telpost&quot;, &quot;note&quot;=&gt;&quot;Breskens - Telpost&quot;, &quot;leisure&quot;=&gt;&quot;bird_hide&quot;</ogr:tags>
  </extensions>
</wpt>
<wpt lat="51.235849999210679" lon="5.99861">
  <name>Bouxweerd - Vogelkijkscherm</name>
  <extensions>
    <ogr:osm_id>1169749326.0</ogr:osm_id>
    <ogr:tags>&quot;name&quot;=&gt;&quot;Bouxweerd - Vogelkijkscherm&quot;, &quot;note&quot;=&gt;&quot;Bouxweerd - Vogelkijkscherm&quot;, &quot;leisure&quot;=&gt;&quot;bird_hide&quot;</ogr:tags>
  </extensions>
</wpt>
<wpt lat="52.404239999091587" lon="5.65991">
  <name>Strandgaperweg - Uitkijkpunt</name>
  <extensions>
    <ogr:osm_id>1169749328.0</ogr:osm_id>
    <ogr:tags>&quot;name&quot;=&gt;&quot;Strandgaperweg - Uitkijkpunt&quot;, &quot;note&quot;=&gt;&quot;Strandgaperweg - Uitkijkpunt&quot;, &quot;leisure&quot;=&gt;&quot;bird_hide&quot;</ogr:tags>
  </extensions>
</wpt>
<wpt lat="51.682269999149689" lon="3.84183">
  <name>Flauwers en Weversinlagen - Vogelkijkpunten</name>
  <extensions>
    <ogr:osm_id>1169749338.0</ogr:osm_id>
    <ogr:tags>&quot;name&quot;=&gt;&quot;Flauwers en Weversinlagen - Vogelkijkpunten&quot;, &quot;note&quot;=&gt;&quot;Flauwers en Weversinlagen - Vogelkijkpunten&quot;, &quot;leisure&quot;=&gt;&quot;bird_hide&quot;</ogr:tags>
  </extensions>
</wpt>
<wpt lat="53.048681499089504" lon="5.39307">
  <name>Makkum - Zuidwaard</name>
  <extensions>
    <ogr:osm_id>1169749347.0</ogr:osm_id>
    <ogr:tags>&quot;name&quot;=&gt;&quot;Makkum - Zuidwaard&quot;, &quot;leisure&quot;=&gt;&quot;bird_hide&quot;</ogr:tags>
  </extensions>
</wpt>
<wpt lat="52.244099999099703" lon="4.92531">
  <name>Botshol - Grote Wije - Uitkijkpunt</name>
  <extensions>
    <ogr:osm_id>1169749352.0</ogr:osm_id>
    <ogr:tags>&quot;name&quot;=&gt;&quot;Botshol - Grote Wije - Uitkijkpunt&quot;, &quot;note&quot;=&gt;&quot;Botshol - Grote Wije - Uitkijkpunt&quot;, &quot;leisure&quot;=&gt;&quot;bird_hide&quot;</ogr:tags>
  </extensions>
</wpt>
<wpt lat="52.556997699086565" lon="4.6375246">
  <name>Noordhollands Duinreservaat - Winterkoning - Vogelkijkhut</name>
  <extensions>
    <ogr:osm_id>1169749366.0</ogr:osm_id>
    <ogr:tags>&quot;name&quot;=&gt;&quot;Noordhollands Duinreservaat - Winterkoning - Vogelkijkhut&quot;, &quot;note&quot;=&gt;&quot;Noordhollands Duinreservaat - Winterkoning - Vogelkijkhut&quot;, &quot;leisure&quot;=&gt;&quot;bird_hide&quot;, &quot;website&quot;=&gt;&quot;https://vogelkijkhut.nl/view/42/#&quot;</ogr:tags>
  </extensions>
</wpt>
<wpt lat="53.409013299111265" lon="6.2245426">
  <name>Lauwersmeer - Rietzuivering - Vogelkijkhut</name>
  <extensions>
    <ogr:osm_id>1169749370.0</ogr:osm_id>
    <ogr:tags>&quot;name&quot;=&gt;&quot;Lauwersmeer - Rietzuivering - Vogelkijkhut&quot;, &quot;note&quot;=&gt;&quot;Lauwersmeer - Rietzuivering - Vogelkijkhut&quot;, &quot;leisure&quot;=&gt;&quot;bird_hide&quot;</ogr:tags>
  </extensions>
</wpt>
<wpt lat="51.694137599148327" lon="3.722102">
  <name>De Zeepeduinen - Vogelkijkscherm</name>
  <extensions>
    <ogr:osm_id>1169749373.0</ogr:osm_id>
    <ogr:tags>&quot;name&quot;=&gt;&quot;De Zeepeduinen - Vogelkijkscherm&quot;, &quot;note&quot;=&gt;&quot;De Zeepeduinen - Vogelkijkscherm&quot;, &quot;leisure&quot;=&gt;&quot;bird_hide&quot;, &quot;tourism&quot;=&gt;&quot;viewpoint&quot;</ogr:tags>
  </extensions>
</wpt>
<wpt lat="53.129189999092887" lon="5.89367">
  <name>Alde Feanen - Otterproject - Observatietoren</name>
  <extensions>
    <ogr:osm_id>1169749383.0</ogr:osm_id>
    <ogr:tags>&quot;name&quot;=&gt;&quot;Alde Feanen - Otterproject - Observatietoren&quot;, &quot;note&quot;=&gt;&quot;Alde Feanen - Otterproject - Observatietoren&quot;, &quot;leisure&quot;=&gt;&quot;bird_hide&quot;</ogr:tags>
  </extensions>
</wpt>
<wpt lat="51.690819999148708" lon="4.36494">
  <name>Hellegatsplaten - Zwartkopmeeuw - Vogelkijkhut</name>
  <extensions>
    <ogr:osm_id>1169749387.0</ogr:osm_id>
    <ogr:tags>&quot;name&quot;=&gt;&quot;Hellegatsplaten - Zwartkopmeeuw - Vogelkijkhut&quot;, &quot;note&quot;=&gt;&quot;Hellegatsplaten - Zwartkopmeeuw - Vogelkijkhut&quot;, &quot;leisure&quot;=&gt;&quot;bird_hide&quot;</ogr:tags>
  </extensions>
</wpt>
<wpt lat="52.367846799093179" lon="5.5633225">
  <name>Harderbroek - Uitkijkpunt - Knardijkzijde</name>
  <extensions>
    <ogr:osm_id>1169749389.0</ogr:osm_id>
    <ogr:tags>&quot;name&quot;=&gt;&quot;Harderbroek - Uitkijkpunt - Knardijkzijde&quot;, &quot;note&quot;=&gt;&quot;Harderbroek - Uitkijkpunt - Knardijkzijde&quot;, &quot;leisure&quot;=&gt;&quot;bird_hide&quot;</ogr:tags>
  </extensions>
</wpt>
<wpt lat="51.316585499198432" lon="5.1653594">
  <name>Reuselse Moeren - De Kiekkaaste</name>
  <extensions>
    <ogr:osm_id>1169749402.0</ogr:osm_id>
    <ogr:tags>&quot;name&quot;=&gt;&quot;Reuselse Moeren - De Kiekkaaste&quot;, &quot;note&quot;=&gt;&quot;Reuselse Moeren - De Kiekkaaste&quot;, &quot;leisure&quot;=&gt;&quot;bird_hide&quot;</ogr:tags>
  </extensions>
</wpt>
<wpt lat="52.538847599086999" lon="4.6211376">
  <name>Noordhollands Duinreservaat - Boetje v/o Kees - Vogelkijkhut</name>
  <extensions>
    <ogr:osm_id>1169749404.0</ogr:osm_id>
    <ogr:tags>&quot;name&quot;=&gt;&quot;Noordhollands Duinreservaat - Boetje v/o Kees - Vogelkijkhut&quot;, &quot;note&quot;=&gt;&quot;Noordhollands Duinreservaat - Boetje v/o Kees - Vogelkijkhut&quot;, &quot;leisure&quot;=&gt;&quot;bird_hide&quot;</ogr:tags>
  </extensions>
</wpt>
<wpt lat="53.254756999099833" lon="5.6364423">
  <name>Wiersterfjild - Vogelkijkscherm</name>
  <extensions>
    <ogr:osm_id>1169749425.0</ogr:osm_id>
    <ogr:tags>&quot;name&quot;=&gt;&quot;Wiersterfjild - Vogelkijkscherm&quot;, &quot;leisure&quot;=&gt;&quot;bird_hide&quot;</ogr:tags>
  </extensions>
</wpt>
<wpt lat="52.360355999093521" lon="6.3368567">
  <name>Boetelerveld - Vogelkijkhut</name>
  <extensions>
    <ogr:osm_id>1169749442.0</ogr:osm_id>
    <ogr:tags>&quot;name&quot;=&gt;&quot;Boetelerveld - Vogelkijkhut&quot;, &quot;leisure&quot;=&gt;&quot;bird_hide&quot;</ogr:tags>
  </extensions>
</wpt>
<wpt lat="52.46541579908925" lon="5.8391692">
  <name>Rietland Elburg - Vogelkijkscherm</name>
  <extensions>
    <ogr:osm_id>1169749446.0</ogr:osm_id>
    <ogr:tags>&quot;name&quot;=&gt;&quot;Rietland Elburg - Vogelkijkscherm&quot;, &quot;note&quot;=&gt;&quot;Rietland Elburg - Vogelkijkscherm&quot;, &quot;leisure&quot;=&gt;&quot;bird_hide&quot;</ogr:tags>
  </extensions>
</wpt>
<wpt lat="52.21413399910152" lon="4.446917">
  <name>Hoogeweg polder - Vogelkijkhut</name>
  <extensions>
    <ogr:osm_id>1169749447.0</ogr:osm_id>
    <ogr:tags>&quot;name&quot;=&gt;&quot;Hoogeweg polder - Vogelkijkhut&quot;, &quot;note&quot;=&gt;&quot;Hoogeweg polder - Vogelkijkhut&quot;, &quot;leisure&quot;=&gt;&quot;bird_hide&quot;</ogr:tags>
  </extensions>
</wpt>
<wpt lat="51.615186199157755" lon="5.0425427">
  <name>Plakkeven - Vogelkijkscherm</name>
  <extensions>
    <ogr:osm_id>1169749514.0</ogr:osm_id>
    <ogr:tags>&quot;name&quot;=&gt;&quot;Plakkeven - Vogelkijkscherm&quot;, &quot;note&quot;=&gt;&quot;Plakkeven - Vogelkijkscherm&quot;, &quot;leisure&quot;=&gt;&quot;bird_hide&quot;, &quot;tourism&quot;=&gt;&quot;viewpoint&quot;</ogr:tags>
  </extensions>
</wpt>
<wpt lat="53.079878899090701" lon="4.7532839">
  <name>birdwatching</name>
  <extensions>
    <ogr:osm_id>1169749520.0</ogr:osm_id>
    <ogr:tags>&quot;leisure&quot;=&gt;&quot;bird_hide&quot;, &quot;description&quot;=&gt;&quot;Texel - Alloo - Vogelkijkscherm&quot;</ogr:tags>
  </extensions>
</wpt>
<wpt lat="53.232165599098458" lon="5.8758315">
  <name>Gytsjerk - 't Set - Vogelkijkhut</name>
  <extensions>
    <ogr:osm_id>1169749532.0</ogr:osm_id>
    <ogr:tags>&quot;name&quot;=&gt;&quot;Gytsjerk - 't Set - Vogelkijkhut&quot;, &quot;note&quot;=&gt;&quot;Gytsjerk - 't Set - Vogelkijkhut&quot;, &quot;leisure&quot;=&gt;&quot;bird_hide&quot;</ogr:tags>
  </extensions>
</wpt>
<wpt lat="51.629375899156024" lon="4.1261122">
  <name>De Bruintjeskreek - Vogelkijkscherm</name>
  <extensions>
    <ogr:osm_id>1169749538.0</ogr:osm_id>
    <ogr:tags>&quot;name&quot;=&gt;&quot;De Bruintjeskreek - Vogelkijkscherm&quot;, &quot;note&quot;=&gt;&quot;De Bruintjeskreek - Vogelkijkscherm&quot;, &quot;leisure&quot;=&gt;&quot;bird_hide&quot;</ogr:tags>
  </extensions>
</wpt>
<wpt lat="52.275308099097892" lon="6.844395">
  <name>Landgoed Lonnekermeer - Vogelkijkscherm</name>
  <extensions>
    <ogr:osm_id>1169749550.0</ogr:osm_id>
    <ogr:tags>&quot;name&quot;=&gt;&quot;Landgoed Lonnekermeer - Vogelkijkscherm&quot;, &quot;note&quot;=&gt;&quot;Landgoed Lonnekermeer - Vogelkijkscherm&quot;, &quot;leisure&quot;=&gt;&quot;bird_hide&quot;</ogr:tags>
  </extensions>
</wpt>
<wpt lat="52.289679999097089" lon="5.11605">
  <name>Naardermeer - Vogelkijkhutten</name>
  <extensions>
    <ogr:osm_id>1169749568.0</ogr:osm_id>
    <ogr:tags>&quot;name&quot;=&gt;&quot;Naardermeer - Vogelkijkhutten&quot;, &quot;note&quot;=&gt;&quot;Naardermeer - Vogelkijkhutten&quot;, &quot;leisure&quot;=&gt;&quot;bird_hide&quot;</ogr:tags>
  </extensions>
</wpt>
<wpt lat="52.475899999088888" lon="6.13824">
  <name>Polder Sekdoorn - Vogelkijkscherm</name>
  <extensions>
    <ogr:osm_id>1169749574.0</ogr:osm_id>
    <ogr:tags>&quot;name&quot;=&gt;&quot;Polder Sekdoorn - Vogelkijkscherm&quot;, &quot;note&quot;=&gt;&quot;Polder Sekdoorn - Vogelkijkscherm&quot;, &quot;leisure&quot;=&gt;&quot;bird_hide&quot;</ogr:tags>
  </extensions>
</wpt>
<wpt lat="53.451779999114983" lon="5.74904">
  <name>Ameland - Môchdijk / Hagedoornveld - Vogelkijkpunten</name>
  <extensions>
    <ogr:osm_id>1169749579.0</ogr:osm_id>
    <ogr:tags>&quot;name&quot;=&gt;&quot;Ameland - Môchdijk / Hagedoornveld - Vogelkijkpunten&quot;, &quot;note&quot;=&gt;&quot;Ameland - Mochdijk / Hagedoornveld - Vogelkijkpunten&quot;, &quot;leisure&quot;=&gt;&quot;bird_hide&quot;</ogr:tags>
  </extensions>
</wpt>
<wpt lat="53.166299999094733" lon="6.05814">
  <name>De Leien - Mienskerwei</name>
  <extensions>
    <ogr:osm_id>1169749602.0</ogr:osm_id>
    <ogr:tags>&quot;name&quot;=&gt;&quot;De Leien - Mienskerwei&quot;, &quot;leisure&quot;=&gt;&quot;bird_hide&quot;</ogr:tags>
  </extensions>
</wpt>
<wpt lat="53.119606699092451" lon="4.7857729">
  <name>Texel - De Muy - Uitkijkpunt</name>
  <extensions>
    <ogr:osm_id>1169749604.0</ogr:osm_id>
    <ogr:tags>&quot;name&quot;=&gt;&quot;Texel - De Muy - Uitkijkpunt&quot;, &quot;note&quot;=&gt;&quot;Texel - De Muy - Uitkijkpunt&quot;, &quot;leisure&quot;=&gt;&quot;bird_hide&quot;</ogr:tags>
  </extensions>
</wpt>
<wpt lat="52.42602589909071" lon="7.0042108">
  <name>Bergvennen - Vogelkijkhut</name>
  <extensions>
    <ogr:osm_id>1169749623.0</ogr:osm_id>
    <ogr:tags>&quot;name&quot;=&gt;&quot;Bergvennen - Vogelkijkhut&quot;, &quot;note&quot;=&gt;&quot;Bergvennen - Vogelkijkhut&quot;, &quot;leisure&quot;=&gt;&quot;bird_hide&quot;</ogr:tags>
  </extensions>
</wpt>
<wpt lat="52.028529999115058" lon="6.02179">
  <name>Posbank - Veluwezoom - Uitkijkpunt</name>
  <extensions>
    <ogr:osm_id>1169749629.0</ogr:osm_id>
    <ogr:tags>&quot;name&quot;=&gt;&quot;Posbank - Veluwezoom - Uitkijkpunt&quot;, &quot;note&quot;=&gt;&quot;Posbank - Veluwezoom - Uitkijkpunt&quot;, &quot;leisure&quot;=&gt;&quot;bird_hide&quot;, &quot;check_date&quot;=&gt;&quot;2025-10-19&quot;</ogr:tags>
  </extensions>
</wpt>
<wpt lat="52.040443299114074" lon="5.8046206">
  <name>Oud Reemst - Kijkpunt</name>
  <extensions>
    <ogr:osm_id>1169749647.0</ogr:osm_id>
    <ogr:tags>&quot;name&quot;=&gt;&quot;Oud Reemst - Kijkpunt&quot;, &quot;note&quot;=&gt;&quot;Oud Reemst - Kijkpunt&quot;, &quot;leisure&quot;=&gt;&quot;bird_hide&quot;, &quot;tourism&quot;=&gt;&quot;viewpoint&quot;</ogr:tags>
  </extensions>
</wpt>
<wpt lat="51.669139999151248" lon="3.88377">
  <name>De Brashoeve - Vogeluitkijktoren</name>
  <extensions>
    <ogr:osm_id>1169749650.0</ogr:osm_id>
    <ogr:tags>&quot;name&quot;=&gt;&quot;De Brashoeve - Vogeluitkijktoren&quot;, &quot;note&quot;=&gt;&quot;De Brashoeve - Vogeluitkijktoren&quot;, &quot;leisure&quot;=&gt;&quot;bird_hide&quot;</ogr:tags>
  </extensions>
</wpt>
<wpt lat="53.031754199088908" lon="5.4024328">
  <name>Piaam - De Ral - Vogelkijkhut</name>
  <extensions>
    <ogr:osm_id>1169749655.0</ogr:osm_id>
    <ogr:tags>&quot;name&quot;=&gt;&quot;Piaam - De Ral - Vogelkijkhut&quot;, &quot;leisure&quot;=&gt;&quot;bird_hide&quot;, &quot;tourism&quot;=&gt;&quot;viewpoint&quot;</ogr:tags>
  </extensions>
</wpt>
<wpt lat="52.432859999090432" lon="5.02969">
  <name>Zuiderwoude - Vogelkijkhut</name>
  <extensions>
    <ogr:osm_id>1169749663.0</ogr:osm_id>
    <ogr:tags>&quot;name&quot;=&gt;&quot;Zuiderwoude - Vogelkijkhut&quot;, &quot;note&quot;=&gt;&quot;Zuiderwoude - Vogelkijkhut&quot;, &quot;leisure&quot;=&gt;&quot;bird_hide&quot;</ogr:tags>
  </extensions>
</wpt>
<wpt lat="52.738078299084172" lon="4.6451583">
  <name>De Putten - Vogelkijkpunt</name>
  <extensions>
    <ogr:osm_id>1169749682.0</ogr:osm_id>
    <ogr:tags>&quot;name&quot;=&gt;&quot;De Putten - Vogelkijkpunt&quot;, &quot;note&quot;=&gt;&quot;De Putten - Vogelkijkpunt&quot;, &quot;leisure&quot;=&gt;&quot;bird_hide&quot;</ogr:tags>
  </extensions>
</wpt>
<wpt lat="51.806039999135976" lon="4.05322">
  <name>Scheelhoek - Uitkijkpunt</name>
  <extensions>
    <ogr:osm_id>1169749689.0</ogr:osm_id>
    <ogr:tags>&quot;name&quot;=&gt;&quot;Scheelhoek - Uitkijkpunt&quot;, &quot;note&quot;=&gt;&quot;Scheelhoek - Uitkijkpunt&quot;, &quot;leisure&quot;=&gt;&quot;bird_hide&quot;</ogr:tags>
  </extensions>
</wpt>
<wpt lat="53.258826599100118" lon="5.9893719">
  <name>De Houtwiel - Vogelkijkpunt</name>
  <extensions>
    <ogr:osm_id>1169749703.0</ogr:osm_id>
    <ogr:tags>&quot;name&quot;=&gt;&quot;De Houtwiel - Vogelkijkpunt&quot;, &quot;note&quot;=&gt;&quot;De Houtwiel - Vogelkijkpunt&quot;, &quot;leisure&quot;=&gt;&quot;bird_hide&quot;, &quot;tourism&quot;=&gt;&quot;viewpoint&quot;</ogr:tags>
  </extensions>
</wpt>
<wpt lat="52.435832799090328" lon="4.7069206">
  <name>Noordzeekanaal - Vogelkijkscherm</name>
  <extensions>
    <ogr:osm_id>1169749706.0</ogr:osm_id>
    <ogr:tags>&quot;name&quot;=&gt;&quot;Noordzeekanaal - Vogelkijkscherm&quot;, &quot;note&quot;=&gt;&quot;Noordzeekanaal - Vogelkijkscherm&quot;, &quot;leisure&quot;=&gt;&quot;bird_hide&quot;</ogr:tags>
  </extensions>
</wpt>
<wpt lat="52.39234999909209" lon="5.64009">
  <name>Broekbos - De Kapteinshut - Vogelkijkhut</name>
  <extensions>
    <ogr:osm_id>1169749717.0</ogr:osm_id>
    <ogr:tags>&quot;name&quot;=&gt;&quot;Broekbos - De Kapteinshut - Vogelkijkhut&quot;, &quot;note&quot;=&gt;&quot;Broekbos - De Kapteinshut - Vogelkijkhut&quot;, &quot;leisure&quot;=&gt;&quot;bird_hide&quot;</ogr:tags>
  </extensions>
</wpt>
<wpt lat="51.921031599124554" lon="4.021016">
  <name>Maasvlakte - Westplaat - Vogelkijkschutting</name>
  <extensions>
    <ogr:osm_id>1169749720.0</ogr:osm_id>
    <ogr:tags>&quot;name&quot;=&gt;&quot;Maasvlakte - Westplaat - Vogelkijkschutting&quot;, &quot;note&quot;=&gt;&quot;Building was destroyed in storm, now there is a steel plate with viewing holes&quot;, &quot;leisure&quot;=&gt;&quot;bird_hide&quot;, &quot;rwn_ref&quot;=&gt;&quot;79&quot;, &quot;tourism&quot;=&gt;&quot;viewpoint&quot;, &quot;old_name&quot;=&gt;&quot;De Bonte Piet&quot;, &quot;wheelchair&quot;=&gt;&quot;no&quot;, &quot;network:type&quot;=&gt;&quot;node_network&quot;</ogr:tags>
  </extensions>
</wpt>
<wpt lat="53.076329999090568" lon="5.33498">
  <name>Kornwerderzand - Afsluitdijk - Vogelkijkpunt</name>
  <extensions>
    <ogr:osm_id>1169749725.0</ogr:osm_id>
    <ogr:tags>&quot;name&quot;=&gt;&quot;Kornwerderzand - Afsluitdijk - Vogelkijkpunt&quot;, &quot;note&quot;=&gt;&quot;Kornwerderzand - Afsluitdijk - Vogelkijkpunt&quot;, &quot;leisure&quot;=&gt;&quot;bird_hide&quot;</ogr:tags>
  </extensions>
</wpt>
<wpt lat="53.125659999092726" lon="4.90012">
  <name>Texel - De Schorren - Uitkijkpunt</name>
  <extensions>
    <ogr:osm_id>1169749735.0</ogr:osm_id>
    <ogr:tags>&quot;name&quot;=&gt;&quot;Texel - De Schorren - Uitkijkpunt&quot;, &quot;note&quot;=&gt;&quot;Texel - De Schorren - Uitkijkpunt&quot;, &quot;leisure&quot;=&gt;&quot;bird_hide&quot;</ogr:tags>
  </extensions>
</wpt>
<wpt lat="51.627849999156197" lon="5.9404487">
  <name>Sambeeksedijk - Oeffeltse Raam</name>
  <extensions>
    <ogr:osm_id>1169749738.0</ogr:osm_id>
    <ogr:tags>&quot;name&quot;=&gt;&quot;Sambeeksedijk - Oeffeltse Raam&quot;, &quot;note&quot;=&gt;&quot;Sambeeksedijk - Oeffeltseraam&quot;, &quot;leisure&quot;=&gt;&quot;bird_hide&quot;</ogr:tags>
  </extensions>
</wpt>
<wpt lat="53.174244599095154" lon="5.6973281">
  <name>De Strânljip</name>
  <extensions>
    <ogr:osm_id>1169749742.0</ogr:osm_id>
    <ogr:tags>&quot;name&quot;=&gt;&quot;De Strânljip&quot;, &quot;source&quot;=&gt;&quot;BAG&quot;, &quot;leisure&quot;=&gt;&quot;bird_hide&quot;, &quot;addr:city&quot;=&gt;&quot;Hilaard&quot;, &quot;addr:street&quot;=&gt;&quot;Hilaerdermieden&quot;, &quot;source:date&quot;=&gt;&quot;2014-07-14&quot;, &quot;addr:housenumber&quot;=&gt;&quot;1a&quot;</ogr:tags>
  </extensions>
</wpt>
<wpt lat="51.677999741821054" lon="4.405021817383787">
  <name>Sint Anthoniegorzen - Sabina - Vogelkijkhut</name>
  <extensions>
    <ogr:osm_id>1176147100.0</ogr:osm_id>
    <ogr:tags>&quot;url&quot;=&gt;&quot;https://youtu.be/zTi2osv7-Zk&quot;, &quot;name&quot;=&gt;&quot;Sint Anthoniegorzen - Sabina - Vogelkijkhut&quot;, &quot;note&quot;=&gt;&quot;Sint Anthoniegorzen - Sabina - Vogelkijkhut&quot;, &quot;image&quot;=&gt;&quot;https://photos.app.goo.gl/uceyYfwHkjZeFz4g9&quot;, &quot;source&quot;=&gt;&quot;BAG&quot;, &quot;covered&quot;=&gt;&quot;yes&quot;, &quot;leisure&quot;=&gt;&quot;bird_hide&quot;, &quot;ref:bag&quot;=&gt;&quot;1709100000245913&quot;, &quot;building&quot;=&gt;&quot;yes&quot;, &quot;way_area&quot;=&gt;&quot;71.4667&quot;, &quot;start_date&quot;=&gt;&quot;2004&quot;, &quot;source:date&quot;=&gt;&quot;2023-05-26&quot;</ogr:tags>
  </extensions>
</wpt>
<wpt lat="53.261050132782501" lon="4.966998884500415">
  <name>Vogelkijkhut</name>
  <extensions>
    <ogr:osm_id>1218972775.0</ogr:osm_id>
    <ogr:tags>&quot;name&quot;=&gt;&quot;Vogelkijkhut&quot;, &quot;source&quot;=&gt;&quot;BAG&quot;, &quot;leisure&quot;=&gt;&quot;bird_hide&quot;, &quot;ref:bag&quot;=&gt;&quot;0096100011130033&quot;, &quot;building&quot;=&gt;&quot;yes&quot;, &quot;way_area&quot;=&gt;&quot;45.6654&quot;, &quot;start_date&quot;=&gt;&quot;2016&quot;, &quot;source:date&quot;=&gt;&quot;2024-11-13&quot;</ogr:tags>
  </extensions>
</wpt>
<wpt lat="51.895341099126988" lon="4.0446702">
  <name>Breede Water vogelkijkscherm</name>
  <extensions>
    <ogr:osm_id>1223647498.0</ogr:osm_id>
    <ogr:tags>&quot;name&quot;=&gt;&quot;Breede Water vogelkijkscherm&quot;, &quot;leisure&quot;=&gt;&quot;bird_hide&quot;</ogr:tags>
  </extensions>
</wpt>
<wpt lat="52.457413644302896" lon="5.392259522198094">
  <name>Roerdomp</name>
  <extensions>
    <ogr:osm_id>1241301876.0</ogr:osm_id>
    <ogr:tags>&quot;name&quot;=&gt;&quot;Roerdomp&quot;, &quot;source&quot;=&gt;&quot;BAG&quot;, &quot;leisure&quot;=&gt;&quot;bird_hide&quot;, &quot;ref:bag&quot;=&gt;&quot;0995100000841303&quot;, &quot;building&quot;=&gt;&quot;yes&quot;, &quot;way_area&quot;=&gt;&quot;81.3491&quot;, &quot;start_date&quot;=&gt;&quot;2023&quot;, &quot;source:date&quot;=&gt;&quot;2024-01-19&quot;</ogr:tags>
  </extensions>
</wpt>
<wpt lat="52.291066022117505" lon="6.48402383701805">
  <name>birdwatching</name>
  <extensions>
    <ogr:osm_id>1261939667.0</ogr:osm_id>
    <ogr:tags>&quot;leisure&quot;=&gt;&quot;bird_hide&quot;, &quot;way_area&quot;=&gt;&quot;168.065&quot;</ogr:tags>
  </extensions>
</wpt>
<wpt lat="51.230760099211494" lon="5.7619614">
  <name>Roukespeelven - Vogelkijkscherm</name>
  <extensions>
    <ogr:osm_id>1283857325.0</ogr:osm_id>
    <ogr:tags>&quot;name&quot;=&gt;&quot;Roukespeelven - Vogelkijkscherm&quot;, &quot;note&quot;=&gt;&quot;Roukespeelven - Vogelkijkscherm&quot;, &quot;leisure&quot;=&gt;&quot;bird_hide&quot;</ogr:tags>
  </extensions>
</wpt>
<wpt lat="52.747260264603177" lon="4.663749219512451">
  <name>Vogelkijkhut De Abtskolk</name>
  <extensions>
    <ogr:osm_id>1292287489.0</ogr:osm_id>
    <ogr:tags>&quot;name&quot;=&gt;&quot;Vogelkijkhut De Abtskolk&quot;, &quot;source&quot;=&gt;&quot;BAG&quot;, &quot;leisure&quot;=&gt;&quot;bird_hide&quot;, &quot;ref:bag&quot;=&gt;&quot;0441100000015854&quot;, &quot;building&quot;=&gt;&quot;yes&quot;, &quot;material&quot;=&gt;&quot;wood&quot;, &quot;operator&quot;=&gt;&quot;Staatsbosbeheer&quot;, &quot;way_area&quot;=&gt;&quot;50.4114&quot;, &quot;start_date&quot;=&gt;&quot;2019&quot;, &quot;source:date&quot;=&gt;&quot;2024-06-09&quot;</ogr:tags>
  </extensions>
</wpt>
<wpt lat="53.185675799095762" lon="6.5414798">
  <name>Vogelkijkscherm Piccardthofplas</name>
  <extensions>
    <ogr:osm_id>1352962792.0</ogr:osm_id>
    <ogr:tags>&quot;name&quot;=&gt;&quot;Vogelkijkscherm Piccardthofplas&quot;, &quot;leisure&quot;=&gt;&quot;bird_hide&quot;, &quot;tourism&quot;=&gt;&quot;viewpoint&quot;</ogr:tags>
  </extensions>
</wpt>
<wpt lat="51.485648584075165" lon="6.031308422295462">
  <name>birdwatching</name>
  <extensions>
    <ogr:osm_id>1360350365.0</ogr:osm_id>
    <ogr:tags>&quot;note&quot;=&gt;&quot;vogelkijkscherm&quot;, &quot;leisure&quot;=&gt;&quot;bird_hide&quot;, &quot;way_area&quot;=&gt;&quot;13.5412&quot;</ogr:tags>
  </extensions>
</wpt>
<wpt lat="50.790988935855616" lon="5.693609450232483">
  <name>birdwatching</name>
  <extensions>
    <ogr:osm_id>1362908635.0</ogr:osm_id>
    <ogr:tags>&quot;leisure&quot;=&gt;&quot;bird_hide&quot;, &quot;building&quot;=&gt;&quot;shelter&quot;, &quot;way_area&quot;=&gt;&quot;45.0131&quot;</ogr:tags>
  </extensions>
</wpt>
<wpt lat="52.379459400353191" lon="4.76553703784567">
  <name>In between the gap</name>
  <extensions>
    <ogr:osm_id>1410090040.0</ogr:osm_id>
    <ogr:tags>&quot;area&quot;=&gt;&quot;yes&quot;, &quot;name&quot;=&gt;&quot;In between the gap&quot;, &quot;artist&quot;=&gt;&quot;Dimitra Chrysovergi&quot;, &quot;leisure&quot;=&gt;&quot;bird_hide&quot;, &quot;man_made&quot;=&gt;&quot;yes&quot;, &quot;material&quot;=&gt;&quot;concrete&quot;, &quot;way_area&quot;=&gt;&quot;33.3117&quot;, &quot;wikidata&quot;=&gt;&quot;Q113557493&quot;, &quot;wikipedia&quot;=&gt;&quot;nl:In between the gap&quot;, &quot;wikimedia_commons&quot;=&gt;&quot;Category:In between the gap&quot;</ogr:tags>
  </extensions>
</wpt>
<wpt lat="52.347509379507542" lon="5.028979852560473">
  <name>Vogelkijkscherm de Vijfhoek</name>
  <extensions>
    <ogr:osm_id>1467298563.0</ogr:osm_id>
    <ogr:tags>&quot;name&quot;=&gt;&quot;Vogelkijkscherm de Vijfhoek&quot;, &quot;leisure&quot;=&gt;&quot;bird_hide&quot;, &quot;shelter&quot;=&gt;&quot;no&quot;, &quot;way_area&quot;=&gt;&quot;48.3313&quot;</ogr:tags>
  </extensions>
</wpt>
<wpt lat="52.117754899108107" lon="5.4789741">
  <name>birdwatching</name>
  <extensions>
    <ogr:osm_id>1469287750.0</ogr:osm_id>
    <ogr:tags>&quot;leisure&quot;=&gt;&quot;bird_hide&quot;, &quot;tourism&quot;=&gt;&quot;viewpoint&quot;, &quot;viewpoint&quot;=&gt;&quot;birdwatching&quot;</ogr:tags>
  </extensions>
</wpt>
<wpt lat="51.749079799142123" lon="4.7085482">
  <name>Vogelkijkhut Tongplaat</name>
  <extensions>
    <ogr:osm_id>1477791926.0</ogr:osm_id>
    <ogr:tags>&quot;name&quot;=&gt;&quot;Vogelkijkhut Tongplaat&quot;, &quot;leisure&quot;=&gt;&quot;bird_hide&quot;</ogr:tags>
  </extensions>
</wpt>
<wpt lat="51.955609956450672" lon="4.990635047740166">
  <name>birdwatching</name>
  <extensions>
    <ogr:osm_id>1530615990.0</ogr:osm_id>
    <ogr:tags>&quot;tourism&quot;=&gt;&quot;viewpoint&quot;, &quot;way_area&quot;=&gt;&quot;18.7927&quot;, &quot;viewpoint&quot;=&gt;&quot;birdwatching&quot;</ogr:tags>
  </extensions>
</wpt>
<wpt lat="51.78135329913858" lon="3.8793323">
  <name>birdwatching</name>
  <extensions>
    <ogr:osm_id>1663981828.0</ogr:osm_id>
    <ogr:tags>&quot;leisure&quot;=&gt;&quot;bird_hide&quot;</ogr:tags>
  </extensions>
</wpt>
<wpt lat="51.781536399138574" lon="3.8811274">
  <name>birdwatching</name>
  <extensions>
    <ogr:osm_id>1663986691.0</ogr:osm_id>
    <ogr:tags>&quot;note&quot;=&gt;&quot;Vogelkijkscherm&quot;, &quot;leisure&quot;=&gt;&quot;bird_hide&quot;</ogr:tags>
  </extensions>
</wpt>
<wpt lat="53.132616899093051" lon="6.7150948">
  <name>Uitkijktoren Leinwijk</name>
  <extensions>
    <ogr:osm_id>1714276169.0</ogr:osm_id>
    <ogr:tags>&quot;name&quot;=&gt;&quot;Uitkijktoren Leinwijk&quot;, &quot;leisure&quot;=&gt;&quot;bird_hide&quot;, &quot;tourism&quot;=&gt;&quot;viewpoint&quot;</ogr:tags>
  </extensions>
</wpt>
<wpt lat="52.00671889911689" lon="4.1971402">
  <name>birdwatching</name>
  <extensions>
    <ogr:osm_id>1721005361.0</ogr:osm_id>
    <ogr:tags>&quot;leisure&quot;=&gt;&quot;bird_hide&quot;</ogr:tags>
  </extensions>
</wpt>
<wpt lat="52.396998799091868" lon="5.1909678">
  <name>Vogelkijkhut Natte Graslanden</name>
  <extensions>
    <ogr:osm_id>1761700343.0</ogr:osm_id>
    <ogr:tags>&quot;name&quot;=&gt;&quot;Vogelkijkhut Natte Graslanden&quot;, &quot;leisure&quot;=&gt;&quot;bird_hide&quot;, &quot;shelter&quot;=&gt;&quot;yes&quot;</ogr:tags>
  </extensions>
</wpt>
<wpt lat="52.397820599091837" lon="5.1795863">
  <name>Vogelkijkhut Natte Graslanden</name>
  <extensions>
    <ogr:osm_id>1761700347.0</ogr:osm_id>
    <ogr:tags>&quot;name&quot;=&gt;&quot;Vogelkijkhut Natte Graslanden&quot;, &quot;leisure&quot;=&gt;&quot;bird_hide&quot;, &quot;shelter&quot;=&gt;&quot;yes&quot;</ogr:tags>
  </extensions>
</wpt>
<wpt lat="51.252908399208046" lon="6.0890866">
  <name>Vogelkijkhut</name>
  <extensions>
    <ogr:osm_id>1766521510.0</ogr:osm_id>
    <ogr:tags>&quot;name&quot;=&gt;&quot;Vogelkijkhut&quot;, &quot;leisure&quot;=&gt;&quot;bird_hide&quot;</ogr:tags>
  </extensions>
</wpt>
<wpt lat="51.985401599118724" lon="4.7754131">
  <name>birdwatching</name>
  <extensions>
    <ogr:osm_id>1801904410.0</ogr:osm_id>
    <ogr:tags>&quot;leisure&quot;=&gt;&quot;bird_hide&quot;</ogr:tags>
  </extensions>
</wpt>
<wpt lat="52.297843599096645" lon="6.108925">
  <name>birdwatching</name>
  <extensions>
    <ogr:osm_id>1808944618.0</ogr:osm_id>
    <ogr:tags>&quot;access&quot;=&gt;&quot;permissive&quot;, &quot;leisure&quot;=&gt;&quot;bird_hide&quot;, &quot;shelter&quot;=&gt;&quot;yes&quot;, &quot;operator&quot;=&gt;&quot;Staatsbosbeheer&quot;, &quot;survey:date&quot;=&gt;&quot;2019-03&quot;, &quot;opening_hours&quot;=&gt;&quot;sunrise-sunset&quot;</ogr:tags>
  </extensions>
</wpt>
<wpt lat="52.276435699097838" lon="5.3087308">
  <name>Vogelkijkhut Gooyersgracht</name>
  <extensions>
    <ogr:osm_id>1810740082.0</ogr:osm_id>
    <ogr:tags>&quot;name&quot;=&gt;&quot;Vogelkijkhut Gooyersgracht&quot;, &quot;leisure&quot;=&gt;&quot;bird_hide&quot;, &quot;shelter&quot;=&gt;&quot;yes&quot;</ogr:tags>
  </extensions>
</wpt>
<wpt lat="51.929627299123737" lon="5.0858466">
  <name>birdwatching</name>
  <extensions>
    <ogr:osm_id>1842703009.0</ogr:osm_id>
    <ogr:tags>&quot;leisure&quot;=&gt;&quot;bird_hide&quot;</ogr:tags>
  </extensions>
</wpt>
<wpt lat="53.175519499095216" lon="6.3042909">
  <name>Oude Riet - Uitkijktoren</name>
  <extensions>
    <ogr:osm_id>1897738479.0</ogr:osm_id>
    <ogr:tags>&quot;name&quot;=&gt;&quot;Oude Riet - Uitkijktoren&quot;, &quot;leisure&quot;=&gt;&quot;bird_hide&quot;, &quot;tourism&quot;=&gt;&quot;viewpoint&quot;, &quot;man_made&quot;=&gt;&quot;tower&quot;</ogr:tags>
  </extensions>
</wpt>
<wpt lat="52.265030499098479" lon="4.5342883">
  <name>birdwatching</name>
  <extensions>
    <ogr:osm_id>1906679156.0</ogr:osm_id>
    <ogr:tags>&quot;covered&quot;=&gt;&quot;no&quot;, &quot;leisure&quot;=&gt;&quot;bird_hide&quot;</ogr:tags>
  </extensions>
</wpt>
<wpt lat="51.5994004991597" lon="3.785378">
  <name>Vogelkijkscherm 's-Gravenhoekinlaag</name>
  <extensions>
    <ogr:osm_id>1950974838.0</ogr:osm_id>
    <ogr:tags>&quot;name&quot;=&gt;&quot;Vogelkijkscherm 's-Gravenhoekinlaag&quot;, &quot;leisure&quot;=&gt;&quot;bird_hide&quot;</ogr:tags>
  </extensions>
</wpt>
<wpt lat="51.837882099132678" lon="4.6669761">
  <name>Vogelkijkhut Sophiapolder</name>
  <extensions>
    <ogr:osm_id>1984813905.0</ogr:osm_id>
    <ogr:tags>&quot;name&quot;=&gt;&quot;Vogelkijkhut Sophiapolder&quot;, &quot;leisure&quot;=&gt;&quot;bird_hide&quot;, &quot;tourism&quot;=&gt;&quot;viewpoint&quot;</ogr:tags>
  </extensions>
</wpt>
<wpt lat="51.924964799124169" lon="4.0843241">
  <name>Oostvoornse Meer - Groene Strand - Vogelkijkscherm</name>
  <extensions>
    <ogr:osm_id>2009604217.0</ogr:osm_id>
    <ogr:tags>&quot;name&quot;=&gt;&quot;Oostvoornse Meer - Groene Strand - Vogelkijkscherm&quot;, &quot;leisure&quot;=&gt;&quot;bird_hide&quot;, &quot;shelter&quot;=&gt;&quot;yes&quot;, &quot;tourism&quot;=&gt;&quot;viewpoint&quot;, &quot;designation&quot;=&gt;&quot;Vogelkijkscherm&quot;</ogr:tags>
  </extensions>
</wpt>
<wpt lat="51.924665599124204" lon="4.0803456">
  <name>Oostvoornse Meer - Groene Strand - Vogelkijkscherm</name>
  <extensions>
    <ogr:osm_id>2009604218.0</ogr:osm_id>
    <ogr:tags>&quot;name&quot;=&gt;&quot;Oostvoornse Meer - Groene Strand - Vogelkijkscherm&quot;, &quot;leisure&quot;=&gt;&quot;bird_hide&quot;, &quot;rwn_ref&quot;=&gt;&quot;55&quot;, &quot;tourism&quot;=&gt;&quot;viewpoint&quot;, &quot;network:type&quot;=&gt;&quot;node_network&quot;</ogr:tags>
  </extensions>
</wpt>
<wpt lat="51.923195899124345" lon="4.0305136">
  <name>birdwatching</name>
  <extensions>
    <ogr:osm_id>2009604219.0</ogr:osm_id>
    <ogr:tags>&quot;leisure&quot;=&gt;&quot;bird_hide&quot;, &quot;tourism&quot;=&gt;&quot;viewpoint&quot;, &quot;wheelchair&quot;=&gt;&quot;no&quot;</ogr:tags>
  </extensions>
</wpt>
<wpt lat="53.002032399087923" lon="6.3586341">
  <name>Kleine Veen</name>
  <extensions>
    <ogr:osm_id>2025540571.0</ogr:osm_id>
    <ogr:tags>&quot;name&quot;=&gt;&quot;Kleine Veen&quot;, &quot;leisure&quot;=&gt;&quot;bird_hide&quot;, &quot;tourism&quot;=&gt;&quot;viewpoint&quot;</ogr:tags>
  </extensions>
</wpt>
<wpt lat="51.960523099120913" lon="5.2709059">
  <name>Vogelkijkscherm Beusichemse Waard</name>
  <extensions>
    <ogr:osm_id>2105714803.0</ogr:osm_id>
    <ogr:tags>&quot;name&quot;=&gt;&quot;Vogelkijkscherm Beusichemse Waard&quot;, &quot;leisure&quot;=&gt;&quot;bird_hide&quot;</ogr:tags>
  </extensions>
</wpt>
<wpt lat="51.917575999124871" lon="4.0028575">
  <name>Vogeluitkijkpunt 'Lyondell'</name>
  <extensions>
    <ogr:osm_id>2137878146.0</ogr:osm_id>
    <ogr:tags>&quot;name&quot;=&gt;&quot;Vogeluitkijkpunt 'Lyondell'&quot;, &quot;leisure&quot;=&gt;&quot;bird_hide&quot;, &quot;tourism&quot;=&gt;&quot;viewpoint&quot;</ogr:tags>
  </extensions>
</wpt>
<wpt lat="52.489825699088435" lon="4.7745631">
  <name>birdwatching</name>
  <extensions>
    <ogr:osm_id>2232528152.0</ogr:osm_id>
    <ogr:tags>&quot;leisure&quot;=&gt;&quot;bird_hide&quot;, &quot;tourism&quot;=&gt;&quot;viewpoint&quot;</ogr:tags>
  </extensions>
</wpt>
<wpt lat="52.040363399114085" lon="4.7549079">
  <name>birdwatching</name>
  <extensions>
    <ogr:osm_id>2256006701.0</ogr:osm_id>
    <ogr:tags>&quot;leisure&quot;=&gt;&quot;bird_hide&quot;, &quot;shelter&quot;=&gt;&quot;no&quot;</ogr:tags>
  </extensions>
</wpt>
<wpt lat="51.923941299124259" lon="4.0754668">
  <name>Oostvoornse Meer - Groene Strand - Vogelkijkscherm</name>
  <extensions>
    <ogr:osm_id>2260609077.0</ogr:osm_id>
    <ogr:tags>&quot;name&quot;=&gt;&quot;Oostvoornse Meer - Groene Strand - Vogelkijkscherm&quot;, &quot;leisure&quot;=&gt;&quot;bird_hide&quot;, &quot;tourism&quot;=&gt;&quot;viewpoint&quot;</ogr:tags>
  </extensions>
</wpt>
<wpt lat="51.925157199124165" lon="4.0786699">
  <name>Oostvoornse Meer - Groene Strand - Vogelkijkscherm</name>
  <extensions>
    <ogr:osm_id>2260609080.0</ogr:osm_id>
    <ogr:tags>&quot;name&quot;=&gt;&quot;Oostvoornse Meer - Groene Strand - Vogelkijkscherm&quot;, &quot;leisure&quot;=&gt;&quot;bird_hide&quot;, &quot;tourism&quot;=&gt;&quot;viewpoint&quot;</ogr:tags>
  </extensions>
</wpt>
<wpt lat="52.118517699108025" lon="5.0119498">
  <name>Haarrijnse Plas - Vogelkijkhut</name>
  <extensions>
    <ogr:osm_id>2318886741.0</ogr:osm_id>
    <ogr:tags>&quot;name&quot;=&gt;&quot;Haarrijnse Plas - Vogelkijkhut&quot;, &quot;leisure&quot;=&gt;&quot;bird_hide&quot;</ogr:tags>
  </extensions>
</wpt>
<wpt lat="52.4083445990914" lon="4.5643704">
  <name>birdwatching</name>
  <extensions>
    <ogr:osm_id>2372467190.0</ogr:osm_id>
    <ogr:tags>&quot;url&quot;=&gt;&quot;https://vogelkijkhut.nl/view/788/&quot;, &quot;leisure&quot;=&gt;&quot;bird_hide&quot;</ogr:tags>
  </extensions>
</wpt>
<wpt lat="51.516908199170274" lon="5.2591842">
  <name>birdwatching</name>
  <extensions>
    <ogr:osm_id>2428389369.0</ogr:osm_id>
    <ogr:tags>&quot;leisure&quot;=&gt;&quot;bird_hide&quot;, &quot;shelter&quot;=&gt;&quot;no&quot;</ogr:tags>
  </extensions>
</wpt>
<wpt lat="52.153873499105515" lon="5.4196177">
  <name>birdwatching</name>
  <extensions>
    <ogr:osm_id>2459331304.0</ogr:osm_id>
    <ogr:tags>&quot;leisure&quot;=&gt;&quot;bird_hide&quot;, &quot;tourism&quot;=&gt;&quot;viewpoint&quot;, &quot;viewpoint&quot;=&gt;&quot;birdwatching&quot;</ogr:tags>
  </extensions>
</wpt>
<wpt lat="51.775324499139252" lon="4.2654054">
  <name>Korendijkse Slikken</name>
  <extensions>
    <ogr:osm_id>2578028773.0</ogr:osm_id>
    <ogr:tags>&quot;name&quot;=&gt;&quot;Korendijkse Slikken&quot;, &quot;leisure&quot;=&gt;&quot;bird_hide&quot;</ogr:tags>
  </extensions>
</wpt>
<wpt lat="52.687121499084441" lon="6.1379751">
  <name>Vogelkijkscherm</name>
  <extensions>
    <ogr:osm_id>2581509797.0</ogr:osm_id>
    <ogr:tags>&quot;name&quot;=&gt;&quot;Vogelkijkscherm&quot;, &quot;leisure&quot;=&gt;&quot;bird_hide&quot;, &quot;tourism&quot;=&gt;&quot;viewpoint&quot;</ogr:tags>
  </extensions>
</wpt>
<wpt lat="52.696847599084364" lon="6.1413017">
  <name>Vogelkijkscherm</name>
  <extensions>
    <ogr:osm_id>2581510050.0</ogr:osm_id>
    <ogr:tags>&quot;name&quot;=&gt;&quot;Vogelkijkscherm&quot;, &quot;leisure&quot;=&gt;&quot;bird_hide&quot;, &quot;tourism&quot;=&gt;&quot;viewpoint&quot;</ogr:tags>
  </extensions>
</wpt>
<wpt lat="51.135248999226725" lon="6.1008672">
  <name>birdwatching</name>
  <extensions>
    <ogr:osm_id>2595687565.0</ogr:osm_id>
    <ogr:tags>&quot;bin&quot;=&gt;&quot;yes&quot;, &quot;lit&quot;=&gt;&quot;no&quot;, &quot;bench&quot;=&gt;&quot;no&quot;, &quot;leisure&quot;=&gt;&quot;bird_hide&quot;, &quot;shelter&quot;=&gt;&quot;yes&quot;, &quot;wheelchair&quot;=&gt;&quot;yes&quot;</ogr:tags>
  </extensions>
</wpt>
<wpt lat="51.769872299139827" lon="4.7554088">
  <name>birdwatching</name>
  <extensions>
    <ogr:osm_id>2614907597.0</ogr:osm_id>
    <ogr:tags>&quot;leisure&quot;=&gt;&quot;bird_hide&quot;</ogr:tags>
  </extensions>
</wpt>
<wpt lat="52.263107999098594" lon="7.0373038">
  <name>De Oelemars - Vogelkijkhut</name>
  <extensions>
    <ogr:osm_id>2779150946.0</ogr:osm_id>
    <ogr:tags>&quot;name&quot;=&gt;&quot;De Oelemars - Vogelkijkhut&quot;, &quot;source&quot;=&gt;&quot;BAG&quot;, &quot;leisure&quot;=&gt;&quot;bird_hide&quot;, &quot;addr:city&quot;=&gt;&quot;Losser&quot;, &quot;addr:street&quot;=&gt;&quot;Grensweg&quot;, &quot;source:date&quot;=&gt;&quot;2014-03-24&quot;, &quot;addr:country&quot;=&gt;&quot;NL&quot;, &quot;addr:postcode&quot;=&gt;&quot;7581PH&quot;, &quot;addr:housenumber&quot;=&gt;&quot;12&quot;</ogr:tags>
  </extensions>
</wpt>
<wpt lat="53.365732799107732" lon="5.2434451">
  <name>Vogeluitkijkpunt de Plaat</name>
  <extensions>
    <ogr:osm_id>2793109096.0</ogr:osm_id>
    <ogr:tags>&quot;name&quot;=&gt;&quot;Vogeluitkijkpunt de Plaat&quot;, &quot;leisure&quot;=&gt;&quot;bird_hide&quot;</ogr:tags>
  </extensions>
</wpt>
<wpt lat="53.366832399107821" lon="5.2432163">
  <name>Vogelkijkpunt Vogelmeer</name>
  <extensions>
    <ogr:osm_id>2793109105.0</ogr:osm_id>
    <ogr:tags>&quot;name&quot;=&gt;&quot;Vogelkijkpunt Vogelmeer&quot;, &quot;leisure&quot;=&gt;&quot;bird_hide&quot;</ogr:tags>
  </extensions>
</wpt>
<wpt lat="53.413035599111595" lon="5.3471005">
  <name>birdwatching</name>
  <extensions>
    <ogr:osm_id>2799913768.0</ogr:osm_id>
    <ogr:tags>&quot;leisure&quot;=&gt;&quot;bird_hide&quot;</ogr:tags>
  </extensions>
</wpt>
<wpt lat="53.471974899116844" lon="6.1516128">
  <name>Vogelkijkhut Westerplas</name>
  <extensions>
    <ogr:osm_id>2816034463.0</ogr:osm_id>
    <ogr:tags>&quot;name&quot;=&gt;&quot;Vogelkijkhut Westerplas&quot;, &quot;note&quot;=&gt;&quot;Schiermonnikoog - Westerplas - Vogelkijkhut&quot;, &quot;leisure&quot;=&gt;&quot;bird_hide&quot;</ogr:tags>
  </extensions>
</wpt>
<wpt lat="51.495039399173187" lon="5.0177514">
  <name>Tapsmoer</name>
  <extensions>
    <ogr:osm_id>2833852034.0</ogr:osm_id>
    <ogr:tags>&quot;name&quot;=&gt;&quot;Tapsmoer&quot;, &quot;source&quot;=&gt;&quot;BAG&quot;, &quot;leisure&quot;=&gt;&quot;bird_hide&quot;, &quot;addr:city&quot;=&gt;&quot;Goirle&quot;, &quot;addr:street&quot;=&gt;&quot;Aerschotsedijk&quot;, &quot;source:date&quot;=&gt;&quot;2014-03-24&quot;, &quot;addr:housenumber&quot;=&gt;&quot;2&quot;</ogr:tags>
  </extensions>
</wpt>
<wpt lat="52.433640699090411" lon="5.0298714">
  <name>birdwatching</name>
  <extensions>
    <ogr:osm_id>2890065982.0</ogr:osm_id>
    <ogr:tags>&quot;leisure&quot;=&gt;&quot;bird_hide&quot;, &quot;tourism&quot;=&gt;&quot;viewpoint&quot;, &quot;description&quot;=&gt;&quot;vogelkijkscherm&quot;</ogr:tags>
  </extensions>
</wpt>
<wpt lat="51.763859299140485" lon="5.2256734">
  <name>Simon Hendriks-vogelkijkwand</name>
  <extensions>
    <ogr:osm_id>2898204182.0</ogr:osm_id>
    <ogr:tags>&quot;name&quot;=&gt;&quot;Simon Hendriks-vogelkijkwand&quot;, &quot;leisure&quot;=&gt;&quot;bird_hide&quot;</ogr:tags>
  </extensions>
</wpt>
<wpt lat="51.728849999144373" lon="4.337939">
  <name>birdwatching</name>
  <extensions>
    <ogr:osm_id>2955032016.0</ogr:osm_id>
    <ogr:tags>&quot;leisure&quot;=&gt;&quot;bird_hide&quot;, &quot;shelter&quot;=&gt;&quot;yes&quot;, &quot;tourism&quot;=&gt;&quot;viewpoint&quot;</ogr:tags>
  </extensions>
</wpt>
<wpt lat="52.10192869910928" lon="5.8362086">
  <name>birdwatching</name>
  <extensions>
    <ogr:osm_id>2964373705.0</ogr:osm_id>
    <ogr:tags>&quot;leisure&quot;=&gt;&quot;bird_hide&quot;</ogr:tags>
  </extensions>
</wpt>
<wpt lat="52.104024699109118" lon="5.7923705">
  <name>birdwatching</name>
  <extensions>
    <ogr:osm_id>2973791849.0</ogr:osm_id>
    <ogr:tags>&quot;leisure&quot;=&gt;&quot;bird_hide&quot;</ogr:tags>
  </extensions>
</wpt>
<wpt lat="52.163384499104865" lon="6.1555347">
  <name>birdwatching</name>
  <extensions>
    <ogr:osm_id>3085804873.0</ogr:osm_id>
    <ogr:tags>&quot;leisure&quot;=&gt;&quot;bird_hide&quot;</ogr:tags>
  </extensions>
</wpt>
<wpt lat="52.758629999084164" lon="5.9608771">
  <name>Vogelkijkhut</name>
  <extensions>
    <ogr:osm_id>3102213383.0</ogr:osm_id>
    <ogr:tags>&quot;name&quot;=&gt;&quot;Vogelkijkhut&quot;, &quot;leisure&quot;=&gt;&quot;bird_hide&quot;, &quot;tourism&quot;=&gt;&quot;viewpoint&quot;</ogr:tags>
  </extensions>
</wpt>
<wpt lat="51.788238099137857" lon="4.7920943">
  <name>birdwatching</name>
  <extensions>
    <ogr:osm_id>3126442190.0</ogr:osm_id>
    <ogr:tags>&quot;leisure&quot;=&gt;&quot;bird_hide&quot;, &quot;tourism&quot;=&gt;&quot;viewpoint&quot;, &quot;man_made&quot;=&gt;&quot;tower&quot;, &quot;tower:type&quot;=&gt;&quot;observation&quot;</ogr:tags>
  </extensions>
</wpt>
<wpt lat="52.12994649910722" lon="5.2623315">
  <name>Vogelkijkhut Herman van den Bijtel</name>
  <extensions>
    <ogr:osm_id>3366897301.0</ogr:osm_id>
    <ogr:tags>&quot;name&quot;=&gt;&quot;Vogelkijkhut Herman van den Bijtel&quot;, &quot;leisure&quot;=&gt;&quot;bird_hide&quot;, &quot;direction&quot;=&gt;&quot;130&quot;</ogr:tags>
  </extensions>
</wpt>
<wpt lat="51.98903499911841" lon="4.7185196">
  <name>birdwatching</name>
  <extensions>
    <ogr:osm_id>3393042558.0</ogr:osm_id>
    <ogr:tags>&quot;leisure&quot;=&gt;&quot;bird_hide&quot;</ogr:tags>
  </extensions>
</wpt>
<wpt lat="52.309338299096034" lon="5.4582967">
  <name>Stille Kern</name>
  <extensions>
    <ogr:osm_id>3456313268.0</ogr:osm_id>
    <ogr:tags>&quot;name&quot;=&gt;&quot;Stille Kern&quot;, &quot;leisure&quot;=&gt;&quot;bird_hide&quot;, &quot;shelter&quot;=&gt;&quot;yes&quot;</ogr:tags>
  </extensions>
</wpt>
<wpt lat="52.097295399109626" lon="6.2846513">
  <name>birdwatching</name>
  <extensions>
    <ogr:osm_id>3522057543.0</ogr:osm_id>
    <ogr:tags>&quot;note&quot;=&gt;&quot;Een plek waar je dassen kunt spotten&quot;, &quot;leisure&quot;=&gt;&quot;bird_hide&quot;</ogr:tags>
  </extensions>
</wpt>
<wpt lat="51.781740599138551" lon="3.8792569">
  <name>birdwatching</name>
  <extensions>
    <ogr:osm_id>3522303221.0</ogr:osm_id>
    <ogr:tags>&quot;leisure&quot;=&gt;&quot;bird_hide&quot;</ogr:tags>
  </extensions>
</wpt>
<wpt lat="51.782031699138521" lon="3.8792894">
  <name>birdwatching</name>
  <extensions>
    <ogr:osm_id>3522303222.0</ogr:osm_id>
    <ogr:tags>&quot;leisure&quot;=&gt;&quot;bird_hide&quot;</ogr:tags>
  </extensions>
</wpt>
<wpt lat="51.833423699133128" lon="4.0103874">
  <name>Poot's Punt</name>
  <extensions>
    <ogr:osm_id>3673884224.0</ogr:osm_id>
    <ogr:tags>&quot;name&quot;=&gt;&quot;Poot's Punt&quot;, &quot;leisure&quot;=&gt;&quot;bird_hide&quot;, &quot;shelter&quot;=&gt;&quot;yes&quot;, &quot;tourism&quot;=&gt;&quot;viewpoint&quot;</ogr:tags>
  </extensions>
</wpt>
<wpt lat="51.02977889924432" lon="5.7597768">
  <name>birdwatching</name>
  <extensions>
    <ogr:osm_id>3885112425.0</ogr:osm_id>
    <ogr:tags>&quot;leisure&quot;=&gt;&quot;bird_hide&quot;</ogr:tags>
  </extensions>
</wpt>
<wpt lat="51.030068699244275" lon="5.7592152">
  <name>birdwatching</name>
  <extensions>
    <ogr:osm_id>3885112426.0</ogr:osm_id>
    <ogr:tags>&quot;leisure&quot;=&gt;&quot;bird_hide&quot;</ogr:tags>
  </extensions>
</wpt>
<wpt lat="51.309855499199422" lon="5.4943423">
  <name>Beekdal van de Tongelreep - Uitkijkpost</name>
  <extensions>
    <ogr:osm_id>3913154276.0</ogr:osm_id>
    <ogr:tags>&quot;fee&quot;=&gt;&quot;no&quot;, &quot;name&quot;=&gt;&quot;Beekdal van de Tongelreep - Uitkijkpost&quot;, &quot;access&quot;=&gt;&quot;yes&quot;, &quot;leisure&quot;=&gt;&quot;bird_hide&quot;, &quot;tourism&quot;=&gt;&quot;viewpoint&quot;, &quot;man_made&quot;=&gt;&quot;tower&quot;, &quot;tower:type&quot;=&gt;&quot;observation&quot;</ogr:tags>
  </extensions>
</wpt>
<wpt lat="52.703785799084329" lon="7.0368532">
  <name>Vogelkijkscherm</name>
  <extensions>
    <ogr:osm_id>3958210162.0</ogr:osm_id>
    <ogr:tags>&quot;name&quot;=&gt;&quot;Vogelkijkscherm&quot;, &quot;leisure&quot;=&gt;&quot;bird_hide&quot;</ogr:tags>
  </extensions>
</wpt>
<wpt lat="52.447146899089887" lon="5.4137324">
  <name>De Oeverloper</name>
  <extensions>
    <ogr:osm_id>4046250222.0</ogr:osm_id>
    <ogr:tags>&quot;name&quot;=&gt;&quot;De Oeverloper&quot;, &quot;leisure&quot;=&gt;&quot;bird_hide&quot;, &quot;tourism&quot;=&gt;&quot;viewpoint&quot;, &quot;viewpoint&quot;=&gt;&quot;birdwatching&quot;, &quot;check_date&quot;=&gt;&quot;2026-04-12&quot;</ogr:tags>
  </extensions>
</wpt>
<wpt lat="52.090760099110099" lon="4.5039974">
  <name>birdwatching</name>
  <extensions>
    <ogr:osm_id>4068534886.0</ogr:osm_id>
    <ogr:tags>&quot;leisure&quot;=&gt;&quot;bird_hide&quot;</ogr:tags>
  </extensions>
</wpt>
<wpt lat="51.526080199169066" lon="4.1136256">
  <name>birdwatching</name>
  <extensions>
    <ogr:osm_id>4200068791.0</ogr:osm_id>
    <ogr:tags>&quot;leisure&quot;=&gt;&quot;bird_hide&quot;, &quot;tourism&quot;=&gt;&quot;viewpoint&quot;</ogr:tags>
  </extensions>
</wpt>
<wpt lat="51.830363199133437" lon="4.3891555">
  <name>birdwatching</name>
  <extensions>
    <ogr:osm_id>4343729100.0</ogr:osm_id>
    <ogr:tags>&quot;leisure&quot;=&gt;&quot;bird_hide&quot;, &quot;shelter&quot;=&gt;&quot;yes&quot;, &quot;tourism&quot;=&gt;&quot;viewpoint&quot;</ogr:tags>
  </extensions>
</wpt>
<wpt lat="52.711653699084287" lon="6.115792">
  <name>De Wieden - Wanneperveen - Uitkijktoren</name>
  <extensions>
    <ogr:osm_id>4355642046.0</ogr:osm_id>
    <ogr:tags>&quot;name&quot;=&gt;&quot;De Wieden - Wanneperveen - Uitkijktoren&quot;, &quot;height&quot;=&gt;&quot;6&quot;, &quot;leisure&quot;=&gt;&quot;bird_hide&quot;, &quot;tourism&quot;=&gt;&quot;viewpoint&quot;, &quot;man_made&quot;=&gt;&quot;tower&quot;, &quot;check_date&quot;=&gt;&quot;2024-08-08&quot;, &quot;tower:type&quot;=&gt;&quot;observation&quot;, &quot;opening_hours&quot;=&gt;&quot;24/7&quot;</ogr:tags>
  </extensions>
</wpt>
<wpt lat="51.466773899176999" lon="4.2810305">
  <name>Vogelkijkhut Kraaijenberg</name>
  <extensions>
    <ogr:osm_id>4370764092.0</ogr:osm_id>
    <ogr:tags>&quot;name&quot;=&gt;&quot;Vogelkijkhut Kraaijenberg&quot;, &quot;leisure&quot;=&gt;&quot;bird_hide&quot;, &quot;name:nl&quot;=&gt;&quot;Vogelkijkhut Kraaijenberg&quot;, &quot;tourism&quot;=&gt;&quot;viewpoint&quot;</ogr:tags>
  </extensions>
</wpt>
<wpt lat="52.34445399909427" lon="4.5615881">
  <name>birdwatching</name>
  <extensions>
    <ogr:osm_id>4376121840.0</ogr:osm_id>
    <ogr:tags>&quot;amenity&quot;=&gt;&quot;shelter&quot;, &quot;leisure&quot;=&gt;&quot;bird_hide&quot;</ogr:tags>
  </extensions>
</wpt>
<wpt lat="52.468352799089139" lon="6.4460143">
  <name>Archemermaten</name>
  <extensions>
    <ogr:osm_id>4486015033.0</ogr:osm_id>
    <ogr:tags>&quot;ref&quot;=&gt;&quot;253&quot;, &quot;name&quot;=&gt;&quot;Archemermaten&quot;, &quot;leisure&quot;=&gt;&quot;bird_hide&quot;, &quot;tourism&quot;=&gt;&quot;viewpoint&quot;, &quot;website&quot;=&gt;&quot;https://vogelkijkhut.nl/view/253/&quot;, &quot;operator&quot;=&gt;&quot;Landschap Overijssel&quot;, &quot;direction&quot;=&gt;&quot;90;150&quot;, &quot;wheelchair&quot;=&gt;&quot;limited&quot;, &quot;motor_vehicle&quot;=&gt;&quot;yes&quot;</ogr:tags>
  </extensions>
</wpt>
<wpt lat="51.977646599119417" lon="4.6995233">
  <name>Vogelkijkscherm</name>
  <extensions>
    <ogr:osm_id>4523454043.0</ogr:osm_id>
    <ogr:tags>&quot;name&quot;=&gt;&quot;Vogelkijkscherm&quot;, &quot;leisure&quot;=&gt;&quot;bird_hide&quot;, &quot;tourism&quot;=&gt;&quot;viewpoint&quot;</ogr:tags>
  </extensions>
</wpt>
<wpt lat="51.630939099155825" lon="3.7030018">
  <name>birdwatching</name>
  <extensions>
    <ogr:osm_id>4593387158.0</ogr:osm_id>
    <ogr:tags>&quot;layer&quot;=&gt;&quot;1&quot;, &quot;leisure&quot;=&gt;&quot;bird_hide&quot;, &quot;shelter&quot;=&gt;&quot;yes&quot;, &quot;direction&quot;=&gt;&quot;N&quot;</ogr:tags>
  </extensions>
</wpt>
<wpt lat="50.830645299279738" lon="5.6834957">
  <name>Kiekoet Oehoe-vallei</name>
  <extensions>
    <ogr:osm_id>4704958429.0</ogr:osm_id>
    <ogr:tags>&quot;name&quot;=&gt;&quot;Kiekoet Oehoe-vallei&quot;, &quot;leisure&quot;=&gt;&quot;bird_hide&quot;, &quot;tourism&quot;=&gt;&quot;viewpoint&quot;, &quot;wikidata&quot;=&gt;&quot;Q108127486&quot;, &quot;mapillary&quot;=&gt;&quot;766619194030077&quot;, &quot;description&quot;=&gt;&quot;https://photos.app.goo.gl/eQP416W9kWoPx3JN7&quot;, &quot;wikimedia_commons&quot;=&gt;&quot;Category:Kiekoet (Sint-Pietersberg)&quot;</ogr:tags>
  </extensions>
</wpt>
<wpt lat="51.978159799119354" lon="4.4073304">
  <name>birdwatching</name>
  <extensions>
    <ogr:osm_id>4815095394.0</ogr:osm_id>
    <ogr:tags>&quot;leisure&quot;=&gt;&quot;bird_hide&quot;, &quot;tourism&quot;=&gt;&quot;viewpoint&quot;</ogr:tags>
  </extensions>
</wpt>
<wpt lat="52.116237999108201" lon="4.5618497">
  <name>De Wilck Oost</name>
  <extensions>
    <ogr:osm_id>4839005627.0</ogr:osm_id>
    <ogr:tags>&quot;name&quot;=&gt;&quot;De Wilck Oost&quot;, &quot;leisure&quot;=&gt;&quot;bird_hide&quot;, &quot;operator&quot;=&gt;&quot;Vogelwerkgroep Koudekerk/Hazerswoude e.o.&quot;, &quot;check_date&quot;=&gt;&quot;2023-05-18&quot;, &quot;tower:type&quot;=&gt;&quot;observation&quot;</ogr:tags>
  </extensions>
</wpt>
<wpt lat="52.700903999084353" lon="7.0443562">
  <name>birdwatching</name>
  <extensions>
    <ogr:osm_id>4839042787.0</ogr:osm_id>
    <ogr:tags>&quot;leisure&quot;=&gt;&quot;bird_hide&quot;</ogr:tags>
  </extensions>
</wpt>
<wpt lat="52.700309499084341" lon="7.0451679">
  <name>birdwatching</name>
  <extensions>
    <ogr:osm_id>4839042788.0</ogr:osm_id>
    <ogr:tags>&quot;leisure&quot;=&gt;&quot;bird_hide&quot;</ogr:tags>
  </extensions>
</wpt>
<wpt lat="52.192055299102947" lon="5.3238473">
  <name>Vogelboulevard Eemland</name>
  <extensions>
    <ogr:osm_id>4938871667.0</ogr:osm_id>
    <ogr:tags>&quot;name&quot;=&gt;&quot;Vogelboulevard Eemland&quot;, &quot;tourism&quot;=&gt;&quot;viewpoint&quot;, &quot;viewpoint&quot;=&gt;&quot;birdwatching&quot;</ogr:tags>
  </extensions>
</wpt>
<wpt lat="52.194251999102804" lon="5.3230613">
  <name>Vogelboulevard Eemland</name>
  <extensions>
    <ogr:osm_id>4938871668.0</ogr:osm_id>
    <ogr:tags>&quot;name&quot;=&gt;&quot;Vogelboulevard Eemland&quot;, &quot;tourism&quot;=&gt;&quot;viewpoint&quot;, &quot;viewpoint&quot;=&gt;&quot;birdwatching&quot;</ogr:tags>
  </extensions>
</wpt>
<wpt lat="51.985096799118757" lon="5.1658092">
  <name>Blokhoven</name>
  <extensions>
    <ogr:osm_id>4947587239.0</ogr:osm_id>
    <ogr:tags>&quot;name&quot;=&gt;&quot;Blokhoven&quot;, &quot;leisure&quot;=&gt;&quot;bird_hide&quot;</ogr:tags>
  </extensions>
</wpt>
<wpt lat="52.011073099116516" lon="5.3197603">
  <name>birdwatching</name>
  <extensions>
    <ogr:osm_id>4948509065.0</ogr:osm_id>
    <ogr:tags>&quot;leisure&quot;=&gt;&quot;bird_hide&quot;, &quot;description&quot;=&gt;&quot;View on IJsvogelwand&quot;</ogr:tags>
  </extensions>
</wpt>
<wpt lat="51.528219599168779" lon="5.6790649">
  <name>birdwatching</name>
  <extensions>
    <ogr:osm_id>4957434966.0</ogr:osm_id>
    <ogr:tags>&quot;leisure&quot;=&gt;&quot;bird_hide&quot;</ogr:tags>
  </extensions>
</wpt>
<wpt lat="51.528356399168793" lon="5.6785057">
  <name>birdwatching</name>
  <extensions>
    <ogr:osm_id>4957434978.0</ogr:osm_id>
    <ogr:tags>&quot;leisure&quot;=&gt;&quot;bird_hide&quot;</ogr:tags>
  </extensions>
</wpt>
<wpt lat="52.314152799095794" lon="5.0050287">
  <name>birdwatching</name>
  <extensions>
    <ogr:osm_id>4972900660.0</ogr:osm_id>
    <ogr:tags>&quot;leisure&quot;=&gt;&quot;bird_hide&quot;, &quot;tourism&quot;=&gt;&quot;viewpoint&quot;</ogr:tags>
  </extensions>
</wpt>
<wpt lat="51.792110999137435" lon="4.2426167">
  <name>birdwatching</name>
  <extensions>
    <ogr:osm_id>5072399401.0</ogr:osm_id>
    <ogr:tags>&quot;leisure&quot;=&gt;&quot;bird_hide&quot;, &quot;tourism&quot;=&gt;&quot;viewpoint&quot;</ogr:tags>
  </extensions>
</wpt>
<wpt lat="51.954336399121487" lon="4.9801966">
  <name>birdwatching</name>
  <extensions>
    <ogr:osm_id>5137376923.0</ogr:osm_id>
    <ogr:tags>&quot;leisure&quot;=&gt;&quot;bird_hide&quot;</ogr:tags>
  </extensions>
</wpt>
<wpt lat="51.865869199129868" lon="4.6375564">
  <name>birdwatching</name>
  <extensions>
    <ogr:osm_id>5299270212.0</ogr:osm_id>
    <ogr:tags>&quot;leisure&quot;=&gt;&quot;bird_hide&quot;</ogr:tags>
  </extensions>
</wpt>
<wpt lat="52.219292099101217" lon="5.0557083">
  <name>Vogelkijkhut</name>
  <extensions>
    <ogr:osm_id>5315588242.0</ogr:osm_id>
    <ogr:tags>&quot;name&quot;=&gt;&quot;Vogelkijkhut&quot;, &quot;amenity&quot;=&gt;&quot;shelter&quot;, &quot;leisure&quot;=&gt;&quot;bird_hide&quot;, &quot;tourism&quot;=&gt;&quot;viewpoint&quot;, &quot;man_made&quot;=&gt;&quot;tower&quot;</ogr:tags>
  </extensions>
</wpt>
<wpt lat="50.769127999291221" lon="5.7357354">
  <name>birdwatching</name>
  <extensions>
    <ogr:osm_id>5327434090.0</ogr:osm_id>
    <ogr:tags>&quot;leisure&quot;=&gt;&quot;bird_hide&quot;</ogr:tags>
  </extensions>
</wpt>
<wpt lat="52.46067899908941" lon="5.4004917">
  <name>De Schollevaar</name>
  <extensions>
    <ogr:osm_id>5388180759.0</ogr:osm_id>
    <ogr:tags>&quot;name&quot;=&gt;&quot;De Schollevaar&quot;, &quot;leisure&quot;=&gt;&quot;bird_hide&quot;, &quot;tourism&quot;=&gt;&quot;viewpoint&quot;, &quot;website&quot;=&gt;&quot;https://www.nationaalparknieuwland.nl/nl/locatieoverzicht/1212055764/uitkijkpunt-de-schollevaar&quot;, &quot;viewpoint&quot;=&gt;&quot;birdwatching&quot;</ogr:tags>
  </extensions>
</wpt>
<wpt lat="52.448559299089851" lon="5.4040619">
  <name>Observatiehut Wigbels Eiland</name>
  <extensions>
    <ogr:osm_id>5388180785.0</ogr:osm_id>
    <ogr:tags>&quot;name&quot;=&gt;&quot;Observatiehut Wigbels Eiland&quot;, &quot;leisure&quot;=&gt;&quot;bird_hide&quot;, &quot;tourism&quot;=&gt;&quot;viewpoint&quot;, &quot;viewpoint&quot;=&gt;&quot;birdwatching&quot;</ogr:tags>
  </extensions>
</wpt>
<wpt lat="51.208248499214996" lon="5.6154103">
  <name>birdwatching</name>
  <extensions>
    <ogr:osm_id>5440565131.0</ogr:osm_id>
    <ogr:tags>&quot;leisure&quot;=&gt;&quot;bird_hide&quot;</ogr:tags>
  </extensions>
</wpt>
<wpt lat="51.897125199126812" lon="4.5951163">
  <name>birdwatching</name>
  <extensions>
    <ogr:osm_id>5440836492.0</ogr:osm_id>
    <ogr:tags>&quot;leisure&quot;=&gt;&quot;bird_hide&quot;</ogr:tags>
  </extensions>
</wpt>
<wpt lat="52.087483099110372" lon="5.1720194">
  <name>Vogelkijkhut</name>
  <extensions>
    <ogr:osm_id>5508116524.0</ogr:osm_id>
    <ogr:tags>&quot;name&quot;=&gt;&quot;Vogelkijkhut&quot;, &quot;leisure&quot;=&gt;&quot;bird_hide&quot;, &quot;name:en&quot;=&gt;&quot;Bird watching cabin&quot;</ogr:tags>
  </extensions>
</wpt>
<wpt lat="52.020238599115743" lon="4.3886308">
  <name>birdwatching</name>
  <extensions>
    <ogr:osm_id>5517063231.0</ogr:osm_id>
    <ogr:tags>&quot;source&quot;=&gt;&quot;survey&quot;, &quot;leisure&quot;=&gt;&quot;bird_hide&quot;</ogr:tags>
  </extensions>
</wpt>
<wpt lat="51.448885999179474" lon="3.9333326">
  <name>birdwatching</name>
  <extensions>
    <ogr:osm_id>5538592763.0</ogr:osm_id>
    <ogr:tags>&quot;leisure&quot;=&gt;&quot;bird_hide&quot;, &quot;mapillary&quot;=&gt;&quot;497202931403389&quot;</ogr:tags>
  </extensions>
</wpt>
<wpt lat="52.118148899108064" lon="4.544685">
  <name>De Wilck West</name>
  <extensions>
    <ogr:osm_id>5555120899.0</ogr:osm_id>
    <ogr:tags>&quot;name&quot;=&gt;&quot;De Wilck West&quot;, &quot;leisure&quot;=&gt;&quot;bird_hide&quot;, &quot;shelter&quot;=&gt;&quot;no&quot;, &quot;operator&quot;=&gt;&quot;Vogelwerkgroep Koudekerk/Hazerswoude e.o.&quot;, &quot;check_date&quot;=&gt;&quot;2023-05-18&quot;</ogr:tags>
  </extensions>
</wpt>
<wpt lat="53.209574399097093" lon="5.8730441">
  <name>birdwatching</name>
  <extensions>
    <ogr:osm_id>5596717463.0</ogr:osm_id>
    <ogr:tags>&quot;leisure&quot;=&gt;&quot;bird_hide&quot;</ogr:tags>
  </extensions>
</wpt>
<wpt lat="51.774988599139292" lon="4.6991384">
  <name>birdwatching</name>
  <extensions>
    <ogr:osm_id>5604524100.0</ogr:osm_id>
    <ogr:tags>&quot;leisure&quot;=&gt;&quot;bird_hide&quot;</ogr:tags>
  </extensions>
</wpt>
<wpt lat="52.622873199085241" lon="5.9748249">
  <name>Mandemakers hut</name>
  <extensions>
    <ogr:osm_id>5631111915.0</ogr:osm_id>
    <ogr:tags>&quot;name&quot;=&gt;&quot;Mandemakers hut&quot;, &quot;leisure&quot;=&gt;&quot;bird_hide&quot;, &quot;tourism&quot;=&gt;&quot;attraction&quot;</ogr:tags>
  </extensions>
</wpt>
<wpt lat="51.59186109916066" lon="4.3521623">
  <name>Vogelkijkhut Roode Weel</name>
  <extensions>
    <ogr:osm_id>5631863166.0</ogr:osm_id>
    <ogr:tags>&quot;name&quot;=&gt;&quot;Vogelkijkhut Roode Weel&quot;, &quot;leisure&quot;=&gt;&quot;bird_hide&quot;, &quot;website&quot;=&gt;&quot;https://vogelkijkhut.nl/view/698/&quot;</ogr:tags>
  </extensions>
</wpt>
<wpt lat="51.955992299121341" lon="5.6909372">
  <name>birdwatching</name>
  <extensions>
    <ogr:osm_id>5653669511.0</ogr:osm_id>
    <ogr:tags>&quot;leisure&quot;=&gt;&quot;bird_hide&quot;</ogr:tags>
  </extensions>
</wpt>
<wpt lat="52.623462899085219" lon="5.9923213">
  <name>Het Kamper Riet</name>
  <extensions>
    <ogr:osm_id>5679443664.0</ogr:osm_id>
    <ogr:tags>&quot;name&quot;=&gt;&quot;Het Kamper Riet&quot;, &quot;leisure&quot;=&gt;&quot;bird_hide&quot;</ogr:tags>
  </extensions>
</wpt>
<wpt lat="51.863853899130056" lon="4.6389866">
  <name>birdwatching</name>
  <extensions>
    <ogr:osm_id>5769014701.0</ogr:osm_id>
    <ogr:tags>&quot;leisure&quot;=&gt;&quot;bird_hide&quot;</ogr:tags>
  </extensions>
</wpt>
<wpt lat="52.378077399092717" lon="5.679253">
  <name>birdwatching</name>
  <extensions>
    <ogr:osm_id>5818424826.0</ogr:osm_id>
    <ogr:tags>&quot;leisure&quot;=&gt;&quot;bird_hide&quot;</ogr:tags>
  </extensions>
</wpt>
<wpt lat="53.000647499087876" lon="4.7429059">
  <name>Horsmeertjes</name>
  <extensions>
    <ogr:osm_id>5879475332.0</ogr:osm_id>
    <ogr:tags>&quot;name&quot;=&gt;&quot;Horsmeertjes&quot;, &quot;leisure&quot;=&gt;&quot;bird_hide&quot;, &quot;tourism&quot;=&gt;&quot;viewpoint&quot;, &quot;viewpoint&quot;=&gt;&quot;birdwatching&quot;</ogr:tags>
  </extensions>
</wpt>
<wpt lat="52.739283299084157" lon="5.1642933">
  <name>Vogelkijkhut</name>
  <extensions>
    <ogr:osm_id>5882366892.0</ogr:osm_id>
    <ogr:tags>&quot;name&quot;=&gt;&quot;Vogelkijkhut&quot;, &quot;leisure&quot;=&gt;&quot;bird_hide&quot;, &quot;website&quot;=&gt;&quot;https://vogelkijkhut.nl/view/114/&quot;</ogr:tags>
  </extensions>
</wpt>
<wpt lat="53.388461899109551" lon="5.9023368">
  <name>Kees Weverswadpost</name>
  <extensions>
    <ogr:osm_id>5893386949.0</ogr:osm_id>
    <ogr:tags>&quot;name&quot;=&gt;&quot;Kees Weverswadpost&quot;, &quot;leisure&quot;=&gt;&quot;bird_hide&quot;, &quot;tourism&quot;=&gt;&quot;viewpoint&quot;</ogr:tags>
  </extensions>
</wpt>
<wpt lat="52.457945699089514" lon="5.4171962">
  <name>De Kluut</name>
  <extensions>
    <ogr:osm_id>6027755200.0</ogr:osm_id>
    <ogr:tags>&quot;name&quot;=&gt;&quot;De Kluut&quot;, &quot;leisure&quot;=&gt;&quot;bird_hide&quot;</ogr:tags>
  </extensions>
</wpt>
<wpt lat="52.455465499089584" lon="5.4152321">
  <name>Blauwborst</name>
  <extensions>
    <ogr:osm_id>6027755201.0</ogr:osm_id>
    <ogr:tags>&quot;name&quot;=&gt;&quot;Blauwborst&quot;, &quot;leisure&quot;=&gt;&quot;bird_hide&quot;, &quot;tourism&quot;=&gt;&quot;viewpoint&quot;, &quot;website&quot;=&gt;&quot;https://vogelkijkhut.nl/view/276/&quot;, &quot;viewpoint&quot;=&gt;&quot;birdwatching&quot;</ogr:tags>
  </extensions>
</wpt>
<wpt lat="52.059595499112547" lon="4.7473493">
  <name>Vogelkijkhut</name>
  <extensions>
    <ogr:osm_id>6052701561.0</ogr:osm_id>
    <ogr:tags>&quot;name&quot;=&gt;&quot;Vogelkijkhut&quot;, &quot;covered&quot;=&gt;&quot;no&quot;, &quot;leisure&quot;=&gt;&quot;bird_hide&quot;</ogr:tags>
  </extensions>
</wpt>
<wpt lat="52.414659799091147" lon="4.6657532">
  <name>Hekslootpolder - Vogelkijkhut</name>
  <extensions>
    <ogr:osm_id>6057774207.0</ogr:osm_id>
    <ogr:tags>&quot;name&quot;=&gt;&quot;Hekslootpolder - Vogelkijkhut&quot;, &quot;note&quot;=&gt;&quot;Hekslootpolder - Vogelkijkhut&quot;, &quot;leisure&quot;=&gt;&quot;bird_hide&quot;, &quot;tourism&quot;=&gt;&quot;viewpoint&quot;</ogr:tags>
  </extensions>
</wpt>
<wpt lat="52.563476199086416" lon="4.811398">
  <name>Vogelkijkscherm Kerkemeertje</name>
  <extensions>
    <ogr:osm_id>6064951402.0</ogr:osm_id>
    <ogr:tags>&quot;name&quot;=&gt;&quot;Vogelkijkscherm Kerkemeertje&quot;, &quot;leisure&quot;=&gt;&quot;bird_hide&quot;</ogr:tags>
  </extensions>
</wpt>
<wpt lat="53.330101699105036" lon="5.744273">
  <name>vogelkijkhut</name>
  <extensions>
    <ogr:osm_id>6082522050.0</ogr:osm_id>
    <ogr:tags>&quot;name&quot;=&gt;&quot;vogelkijkhut&quot;, &quot;leisure&quot;=&gt;&quot;bird_hide&quot;, &quot;direction&quot;=&gt;&quot;E&quot;</ogr:tags>
  </extensions>
</wpt>
<wpt lat="53.23076519909835" lon="6.1275564">
  <name>Skiertsjilling</name>
  <extensions>
    <ogr:osm_id>6131737466.0</ogr:osm_id>
    <ogr:tags>&quot;name&quot;=&gt;&quot;Skiertsjilling&quot;, &quot;leisure&quot;=&gt;&quot;bird_hide&quot;, &quot;shelter&quot;=&gt;&quot;yes&quot;, &quot;material&quot;=&gt;&quot;wood&quot;</ogr:tags>
  </extensions>
</wpt>
<wpt lat="52.211012599101714" lon="4.9422646">
  <name>birdwatching</name>
  <extensions>
    <ogr:osm_id>6223988205.0</ogr:osm_id>
    <ogr:tags>&quot;leisure&quot;=&gt;&quot;bird_hide&quot;, &quot;shelter&quot;=&gt;&quot;no&quot;</ogr:tags>
  </extensions>
</wpt>
<wpt lat="52.417865699091038" lon="5.2304274">
  <name>birdwatching</name>
  <extensions>
    <ogr:osm_id>6284437194.0</ogr:osm_id>
    <ogr:tags>&quot;leisure&quot;=&gt;&quot;bird_hide&quot;</ogr:tags>
  </extensions>
</wpt>
<wpt lat="52.41922549909097" lon="5.2325878">
  <name>birdwatching</name>
  <extensions>
    <ogr:osm_id>6284451525.0</ogr:osm_id>
    <ogr:tags>&quot;leisure&quot;=&gt;&quot;bird_hide&quot;</ogr:tags>
  </extensions>
</wpt>
<wpt lat="52.477674699088809" lon="4.956855">
  <name>birdwatching</name>
  <extensions>
    <ogr:osm_id>6300119679.0</ogr:osm_id>
    <ogr:tags>&quot;leisure&quot;=&gt;&quot;bird_hide&quot;, &quot;tourism&quot;=&gt;&quot;viewpoint&quot;</ogr:tags>
  </extensions>
</wpt>
<wpt lat="52.400019799091751" lon="5.1940065">
  <name>Vogelkijkscherm Natte Graslanden</name>
  <extensions>
    <ogr:osm_id>6313253186.0</ogr:osm_id>
    <ogr:tags>&quot;name&quot;=&gt;&quot;Vogelkijkscherm Natte Graslanden&quot;, &quot;leisure&quot;=&gt;&quot;bird_hide&quot;</ogr:tags>
  </extensions>
</wpt>
<wpt lat="52.395243299091952" lon="5.1859589">
  <name>birdwatching</name>
  <extensions>
    <ogr:osm_id>6331095233.0</ogr:osm_id>
    <ogr:tags>&quot;leisure&quot;=&gt;&quot;bird_hide&quot;, &quot;shelter&quot;=&gt;&quot;no&quot;</ogr:tags>
  </extensions>
</wpt>
<wpt lat="53.369435799108018" lon="6.2378569">
  <name>birdwatching</name>
  <extensions>
    <ogr:osm_id>6412048485.0</ogr:osm_id>
    <ogr:tags>&quot;fee&quot;=&gt;&quot;no&quot;, &quot;access&quot;=&gt;&quot;yes&quot;, &quot;leisure&quot;=&gt;&quot;bird_hide&quot;, &quot;tourism&quot;=&gt;&quot;viewpoint&quot;, &quot;man_made&quot;=&gt;&quot;tower&quot;, &quot;material&quot;=&gt;&quot;wood&quot;, &quot;tower:type&quot;=&gt;&quot;observation&quot;</ogr:tags>
  </extensions>
</wpt>
<wpt lat="52.991946799087621" lon="6.3788777">
  <name>Vogelkijkhut Fochteloërveen</name>
  <extensions>
    <ogr:osm_id>6415186848.0</ogr:osm_id>
    <ogr:tags>&quot;name&quot;=&gt;&quot;Vogelkijkhut Fochteloërveen&quot;, &quot;leisure&quot;=&gt;&quot;bird_hide&quot;</ogr:tags>
  </extensions>
</wpt>
<wpt lat="52.421990699090848" lon="4.991796">
  <name>birdwatching</name>
  <extensions>
    <ogr:osm_id>6450897312.0</ogr:osm_id>
    <ogr:tags>&quot;covered&quot;=&gt;&quot;no&quot;, &quot;leisure&quot;=&gt;&quot;bird_hide&quot;</ogr:tags>
  </extensions>
</wpt>
<wpt lat="51.818768699134644" lon="4.0557387">
  <name>birdwatching</name>
  <extensions>
    <ogr:osm_id>6468232618.0</ogr:osm_id>
    <ogr:tags>&quot;leisure&quot;=&gt;&quot;bird_hide&quot;</ogr:tags>
  </extensions>
</wpt>
<wpt lat="51.450237799179256" lon="3.6398405">
  <name>birdwatching</name>
  <extensions>
    <ogr:osm_id>6476149653.0</ogr:osm_id>
    <ogr:tags>&quot;leisure&quot;=&gt;&quot;bird_hide&quot;</ogr:tags>
  </extensions>
</wpt>
<wpt lat="53.358500299107206" lon="6.1537339">
  <name>birdwatching</name>
  <extensions>
    <ogr:osm_id>6481092801.0</ogr:osm_id>
    <ogr:tags>&quot;leisure&quot;=&gt;&quot;bird_hide&quot;, &quot;tourism&quot;=&gt;&quot;viewpoint&quot;, &quot;description&quot;=&gt;&quot;uitkijkheuvel&quot;</ogr:tags>
  </extensions>
</wpt>
<wpt lat="51.330575599196351" lon="5.3243539">
  <name>birdwatching</name>
  <extensions>
    <ogr:osm_id>6509563580.0</ogr:osm_id>
    <ogr:tags>&quot;leisure&quot;=&gt;&quot;bird_hide&quot;</ogr:tags>
  </extensions>
</wpt>
<wpt lat="52.859274899084816" lon="6.0327977">
  <name>Vogelkijkhut Catspoolder</name>
  <extensions>
    <ogr:osm_id>6542251256.0</ogr:osm_id>
    <ogr:tags>&quot;name&quot;=&gt;&quot;Vogelkijkhut Catspoolder&quot;, &quot;leisure&quot;=&gt;&quot;bird_hide&quot;</ogr:tags>
  </extensions>
</wpt>
<wpt lat="51.521063999169733" lon="4.8462208">
  <name>birdwatching</name>
  <extensions>
    <ogr:osm_id>6587066014.0</ogr:osm_id>
    <ogr:tags>&quot;leisure&quot;=&gt;&quot;bird_hide&quot;</ogr:tags>
  </extensions>
</wpt>
<wpt lat="51.837478999132699" lon="4.5462937">
  <name>birdwatching</name>
  <extensions>
    <ogr:osm_id>6655774978.0</ogr:osm_id>
    <ogr:tags>&quot;leisure&quot;=&gt;&quot;bird_hide&quot;</ogr:tags>
  </extensions>
</wpt>
<wpt lat="52.822550599084437" lon="5.8827343">
  <name>Kijkhut voor de niet-bestaande vogels</name>
  <extensions>
    <ogr:osm_id>6722923668.0</ogr:osm_id>
    <ogr:tags>&quot;name&quot;=&gt;&quot;Kijkhut voor de niet-bestaande vogels&quot;, &quot;leisure&quot;=&gt;&quot;bird_hide&quot;</ogr:tags>
  </extensions>
</wpt>
<wpt lat="51.709390199146576" lon="3.7607546">
  <name>birdwatching</name>
  <extensions>
    <ogr:osm_id>6810023297.0</ogr:osm_id>
    <ogr:tags>&quot;leisure&quot;=&gt;&quot;bird_hide&quot;</ogr:tags>
  </extensions>
</wpt>
<wpt lat="52.77083369908415" lon="5.9998293">
  <name>Twitterhut</name>
  <extensions>
    <ogr:osm_id>7014921554.0</ogr:osm_id>
    <ogr:tags>&quot;name&quot;=&gt;&quot;Twitterhut&quot;, &quot;leisure&quot;=&gt;&quot;bird_hide&quot;</ogr:tags>
  </extensions>
</wpt>
<wpt lat="52.246907999099534" lon="4.4687363">
  <name>birdwatching</name>
  <extensions>
    <ogr:osm_id>7276769538.0</ogr:osm_id>
    <ogr:tags>&quot;leisure&quot;=&gt;&quot;bird_hide&quot;</ogr:tags>
  </extensions>
</wpt>
<wpt lat="51.404307999185654" lon="4.2275597">
  <name>birdwatching</name>
  <extensions>
    <ogr:osm_id>7333345785.0</ogr:osm_id>
    <ogr:tags>&quot;leisure&quot;=&gt;&quot;bird_hide&quot;, &quot;description&quot;=&gt;&quot;Vogelkijkscherm&quot;</ogr:tags>
  </extensions>
</wpt>
<wpt lat="51.928355399123859" lon="5.8880662">
  <name>birdwatching</name>
  <extensions>
    <ogr:osm_id>7345625747.0</ogr:osm_id>
    <ogr:tags>&quot;leisure&quot;=&gt;&quot;bird_hide&quot;, &quot;tourism&quot;=&gt;&quot;viewpoint&quot;, &quot;website&quot;=&gt;&quot;https://parklingezegen.nl/activiteiten/vogelkijkscherm/&quot;, &quot;operator&quot;=&gt;&quot;Park Lingezegen&quot;</ogr:tags>
  </extensions>
</wpt>
<wpt lat="51.50800799917144" lon="5.4443438">
  <name>birdwatching</name>
  <extensions>
    <ogr:osm_id>7395597367.0</ogr:osm_id>
    <ogr:tags>&quot;leisure&quot;=&gt;&quot;bird_hide&quot;, &quot;description&quot;=&gt;&quot;Vogekijkhut&quot;, &quot;description:en&quot;=&gt;&quot;Bird watching tower&quot;</ogr:tags>
  </extensions>
</wpt>
<wpt lat="52.597481599085675" lon="5.3659604">
  <name>Vogelkijkscherm Aalscholver</name>
  <extensions>
    <ogr:osm_id>7443167261.0</ogr:osm_id>
    <ogr:tags>&quot;name&quot;=&gt;&quot;Vogelkijkscherm Aalscholver&quot;, &quot;leisure&quot;=&gt;&quot;bird_hide&quot;, &quot;direction&quot;=&gt;&quot;0-360&quot;</ogr:tags>
  </extensions>
</wpt>
<wpt lat="51.484532499174584" lon="5.5130794">
  <name>birdwatching</name>
  <extensions>
    <ogr:osm_id>7485939531.0</ogr:osm_id>
    <ogr:tags>&quot;leisure&quot;=&gt;&quot;bird_hide&quot;</ogr:tags>
  </extensions>
</wpt>
<wpt lat="51.641191999154579" lon="6.0271235">
  <name>birdwatching</name>
  <extensions>
    <ogr:osm_id>7525129082.0</ogr:osm_id>
    <ogr:tags>&quot;leisure&quot;=&gt;&quot;bird_hide&quot;</ogr:tags>
  </extensions>
</wpt>
<wpt lat="51.524361499169295" lon="5.5485619">
  <name>birdwatching</name>
  <extensions>
    <ogr:osm_id>7575647964.0</ogr:osm_id>
    <ogr:tags>&quot;leisure&quot;=&gt;&quot;bird_hide&quot;</ogr:tags>
  </extensions>
</wpt>
<wpt lat="51.913482799125255" lon="4.3740308">
  <name>IJsvogelreservaat</name>
  <extensions>
    <ogr:osm_id>7650656692.0</ogr:osm_id>
    <ogr:tags>&quot;name&quot;=&gt;&quot;IJsvogelreservaat&quot;, &quot;leisure&quot;=&gt;&quot;bird_hide&quot;, &quot;addr:city&quot;=&gt;&quot;Schiedam&quot;, &quot;addr:street&quot;=&gt;&quot;Poldervaartpad&quot;, &quot;opening_hours&quot;=&gt;&quot;24/7&quot;</ogr:tags>
  </extensions>
</wpt>
<wpt lat="52.160777199105048" lon="4.8697298">
  <name>birdwatching</name>
  <extensions>
    <ogr:osm_id>7702844902.0</ogr:osm_id>
    <ogr:tags>&quot;covered&quot;=&gt;&quot;no&quot;, &quot;leisure&quot;=&gt;&quot;bird_hide&quot;</ogr:tags>
  </extensions>
</wpt>
<wpt lat="51.872449699129191" lon="5.4195317">
  <name>Vogelkijkhut Passewaay</name>
  <extensions>
    <ogr:osm_id>7760849482.0</ogr:osm_id>
    <ogr:tags>&quot;name&quot;=&gt;&quot;Vogelkijkhut Passewaay&quot;, &quot;leisure&quot;=&gt;&quot;bird_hide&quot;</ogr:tags>
  </extensions>
</wpt>
<wpt lat="52.775838899084171" lon="6.7230642">
  <name>Vogelkijkhut Aalder Esch</name>
  <extensions>
    <ogr:osm_id>7781466656.0</ogr:osm_id>
    <ogr:tags>&quot;name&quot;=&gt;&quot;Vogelkijkhut Aalder Esch&quot;, &quot;leisure&quot;=&gt;&quot;bird_hide&quot;, &quot;shelter&quot;=&gt;&quot;yes&quot;</ogr:tags>
  </extensions>
</wpt>
<wpt lat="52.23370789910031" lon="5.838177">
  <name>birdwatching</name>
  <extensions>
    <ogr:osm_id>7894630885.0</ogr:osm_id>
    <ogr:tags>&quot;leisure&quot;=&gt;&quot;bird_hide&quot;</ogr:tags>
  </extensions>
</wpt>
<wpt lat="51.519310799169965" lon="5.7619152">
  <name>Vogelkijkwand</name>
  <extensions>
    <ogr:osm_id>7973081441.0</ogr:osm_id>
    <ogr:tags>&quot;name&quot;=&gt;&quot;Vogelkijkwand&quot;, &quot;covered&quot;=&gt;&quot;yes&quot;, &quot;leisure&quot;=&gt;&quot;bird_hide&quot;</ogr:tags>
  </extensions>
</wpt>
<wpt lat="52.957810999086675" lon="4.7331933">
  <name>birdwatching</name>
  <extensions>
    <ogr:osm_id>8019782918.0</ogr:osm_id>
    <ogr:tags>&quot;leisure&quot;=&gt;&quot;bird_hide&quot;, &quot;tourism&quot;=&gt;&quot;viewpoint&quot;, &quot;viewpoint&quot;=&gt;&quot;birdwatching&quot;</ogr:tags>
  </extensions>
</wpt>
<wpt lat="51.539746499167293" lon="3.4497105">
  <name>Westkapelle, Slaakweg</name>
  <extensions>
    <ogr:osm_id>8128428611.0</ogr:osm_id>
    <ogr:tags>&quot;name&quot;=&gt;&quot;Westkapelle, Slaakweg&quot;, &quot;leisure&quot;=&gt;&quot;bird_hide&quot;, &quot;direction&quot;=&gt;&quot;350-55&quot;</ogr:tags>
  </extensions>
</wpt>
<wpt lat="52.337642099094595" lon="5.1730009">
  <name>birdwatching</name>
  <extensions>
    <ogr:osm_id>8299996070.0</ogr:osm_id>
    <ogr:tags>&quot;leisure&quot;=&gt;&quot;bird_hide&quot;, &quot;shelter&quot;=&gt;&quot;yes&quot;</ogr:tags>
  </extensions>
</wpt>
<wpt lat="52.339449899094511" lon="5.1816277">
  <name>birdwatching</name>
  <extensions>
    <ogr:osm_id>8337533450.0</ogr:osm_id>
    <ogr:tags>&quot;leisure&quot;=&gt;&quot;bird_hide&quot;</ogr:tags>
  </extensions>
</wpt>
<wpt lat="52.340874799094443" lon="5.1783743">
  <name>birdwatching</name>
  <extensions>
    <ogr:osm_id>8337533451.0</ogr:osm_id>
    <ogr:tags>&quot;leisure&quot;=&gt;&quot;bird_hide&quot;</ogr:tags>
  </extensions>
</wpt>
<wpt lat="53.254463799099817" lon="4.9666216">
  <name>birdwatching</name>
  <extensions>
    <ogr:osm_id>8411902918.0</ogr:osm_id>
    <ogr:tags>&quot;leisure&quot;=&gt;&quot;bird_hide&quot;</ogr:tags>
  </extensions>
</wpt>
<wpt lat="51.400016399186271" lon="3.5199196">
  <name>birdwatching</name>
  <extensions>
    <ogr:osm_id>8500926950.0</ogr:osm_id>
    <ogr:tags>&quot;leisure&quot;=&gt;&quot;bird_hide&quot;, &quot;shelter&quot;=&gt;&quot;yes&quot;, &quot;tourism&quot;=&gt;&quot;viewpoint&quot;</ogr:tags>
  </extensions>
</wpt>
<wpt lat="52.287606499097208" lon="4.9626564">
  <name>birdwatching</name>
  <extensions>
    <ogr:osm_id>8551213300.0</ogr:osm_id>
    <ogr:tags>&quot;leisure&quot;=&gt;&quot;bird_hide&quot;</ogr:tags>
  </extensions>
</wpt>
<wpt lat="52.319271899095519" lon="6.6058752">
  <name>Mokkelengoor</name>
  <extensions>
    <ogr:osm_id>8632402237.0</ogr:osm_id>
    <ogr:tags>&quot;name&quot;=&gt;&quot;Mokkelengoor&quot;, &quot;leisure&quot;=&gt;&quot;bird_hide&quot;</ogr:tags>
  </extensions>
</wpt>
<wpt lat="51.302717899200466" lon="5.6907082">
  <name>birdwatching</name>
  <extensions>
    <ogr:osm_id>8677174034.0</ogr:osm_id>
    <ogr:tags>&quot;leisure&quot;=&gt;&quot;bird_hide&quot;</ogr:tags>
  </extensions>
</wpt>
<wpt lat="52.185539699103387" lon="4.5159242">
  <name>birdwatching</name>
  <extensions>
    <ogr:osm_id>8683002108.0</ogr:osm_id>
    <ogr:tags>&quot;leisure&quot;=&gt;&quot;bird_hide&quot;</ogr:tags>
  </extensions>
</wpt>
<wpt lat="52.419538599090949" lon="4.7127305">
  <name>De kiekendief</name>
  <extensions>
    <ogr:osm_id>8690463889.0</ogr:osm_id>
    <ogr:tags>&quot;name&quot;=&gt;&quot;De kiekendief&quot;, &quot;leisure&quot;=&gt;&quot;bird_hide&quot;</ogr:tags>
  </extensions>
</wpt>
<wpt lat="52.020381799115754" lon="4.6707044">
  <name>birdwatching</name>
  <extensions>
    <ogr:osm_id>8694170619.0</ogr:osm_id>
    <ogr:tags>&quot;leisure&quot;=&gt;&quot;bird_hide&quot;</ogr:tags>
  </extensions>
</wpt>
<wpt lat="51.777388099139017" lon="4.7049544">
  <name>birdwatching</name>
  <extensions>
    <ogr:osm_id>8742787387.0</ogr:osm_id>
    <ogr:tags>&quot;leisure&quot;=&gt;&quot;bird_hide&quot;</ogr:tags>
  </extensions>
</wpt>
<wpt lat="52.838889399084579" lon="5.5700503">
  <name>Vogelkijkhut Buitendijks</name>
  <extensions>
    <ogr:osm_id>8826919394.0</ogr:osm_id>
    <ogr:tags>&quot;name&quot;=&gt;&quot;Vogelkijkhut Buitendijks&quot;, &quot;leisure&quot;=&gt;&quot;bird_hide&quot;</ogr:tags>
  </extensions>
</wpt>
<wpt lat="53.17460129909518" lon="5.8265631">
  <name>birdwatching</name>
  <extensions>
    <ogr:osm_id>8851230229.0</ogr:osm_id>
    <ogr:tags>&quot;leisure&quot;=&gt;&quot;bird_hide&quot;</ogr:tags>
  </extensions>
</wpt>
<wpt lat="51.961578799120822" lon="5.7439501">
  <name>birdwatching</name>
  <extensions>
    <ogr:osm_id>8866648474.0</ogr:osm_id>
    <ogr:tags>&quot;leisure&quot;=&gt;&quot;bird_hide&quot;</ogr:tags>
  </extensions>
</wpt>
<wpt lat="51.309136299199523" lon="3.4268659">
  <name>birdwatching</name>
  <extensions>
    <ogr:osm_id>9048054884.0</ogr:osm_id>
    <ogr:tags>&quot;leisure&quot;=&gt;&quot;bird_hide&quot;</ogr:tags>
  </extensions>
</wpt>
<wpt lat="53.060483499089941" lon="4.8688293">
  <name>birdwatching</name>
  <extensions>
    <ogr:osm_id>9081978369.0</ogr:osm_id>
    <ogr:tags>&quot;covered&quot;=&gt;&quot;no&quot;, &quot;leisure&quot;=&gt;&quot;bird_hide&quot;, &quot;tourism&quot;=&gt;&quot;viewpoint&quot;, &quot;viewpoint&quot;=&gt;&quot;birdwatching&quot;</ogr:tags>
  </extensions>
</wpt>
<wpt lat="52.074723099111367" lon="4.4478316">
  <name>birdwatching</name>
  <extensions>
    <ogr:osm_id>9094805549.0</ogr:osm_id>
    <ogr:tags>&quot;leisure&quot;=&gt;&quot;bird_hide&quot;</ogr:tags>
  </extensions>
</wpt>
<wpt lat="52.107431399108876" lon="4.6480009">
  <name>birdwatching</name>
  <extensions>
    <ogr:osm_id>9143020120.0</ogr:osm_id>
    <ogr:tags>&quot;leisure&quot;=&gt;&quot;bird_hide&quot;</ogr:tags>
  </extensions>
</wpt>
<wpt lat="53.179556799095423" lon="4.8581604">
  <name>Renvogelveld - Uitkijkpunt</name>
  <extensions>
    <ogr:osm_id>9207045149.0</ogr:osm_id>
    <ogr:tags>&quot;name&quot;=&gt;&quot;Renvogelveld - Uitkijkpunt&quot;, &quot;leisure&quot;=&gt;&quot;bird_hide&quot;, &quot;tourism&quot;=&gt;&quot;viewpoint&quot;, &quot;viewpoint&quot;=&gt;&quot;birdwatching&quot;, &quot;opening_hours&quot;=&gt;&quot;24/7&quot;</ogr:tags>
  </extensions>
</wpt>
<wpt lat="52.109578099108703" lon="4.4422863">
  <name>birdwatching</name>
  <extensions>
    <ogr:osm_id>9388142503.0</ogr:osm_id>
    <ogr:tags>&quot;leisure&quot;=&gt;&quot;bird_hide&quot;, &quot;opening_hours&quot;=&gt;&quot;24/7&quot;</ogr:tags>
  </extensions>
</wpt>
<wpt lat="51.75748379914117" lon="4.5421744">
  <name>birdwatching</name>
  <extensions>
    <ogr:osm_id>9530252118.0</ogr:osm_id>
    <ogr:tags>&quot;leisure&quot;=&gt;&quot;bird_hide&quot;, &quot;shelter&quot;=&gt;&quot;yes&quot;</ogr:tags>
  </extensions>
</wpt>
<wpt lat="51.398002499186546" lon="3.4971862">
  <name>birdwatching</name>
  <extensions>
    <ogr:osm_id>9558341236.0</ogr:osm_id>
    <ogr:tags>&quot;leisure&quot;=&gt;&quot;bird_hide&quot;</ogr:tags>
  </extensions>
</wpt>
<wpt lat="51.398010799186586" lon="3.4970212">
  <name>birdwatching</name>
  <extensions>
    <ogr:osm_id>9558341237.0</ogr:osm_id>
    <ogr:tags>&quot;leisure&quot;=&gt;&quot;bird_hide&quot;</ogr:tags>
  </extensions>
</wpt>
<wpt lat="52.178916299103804" lon="5.4459283">
  <name>birdwatching</name>
  <extensions>
    <ogr:osm_id>9585743705.0</ogr:osm_id>
    <ogr:tags>&quot;leisure&quot;=&gt;&quot;bird_hide&quot;, &quot;shelter&quot;=&gt;&quot;no&quot;</ogr:tags>
  </extensions>
</wpt>
<wpt lat="52.328737699095029" lon="6.5868299">
  <name>Kijkhut de Turenluren</name>
  <extensions>
    <ogr:osm_id>9634981013.0</ogr:osm_id>
    <ogr:tags>&quot;name&quot;=&gt;&quot;Kijkhut de Turenluren&quot;, &quot;leisure&quot;=&gt;&quot;bird_hide&quot;</ogr:tags>
  </extensions>
</wpt>
<wpt lat="52.925362099085937" lon="6.6234706">
  <name>Vogelkijkscherm Halkenbroek</name>
  <extensions>
    <ogr:osm_id>9659016295.0</ogr:osm_id>
    <ogr:tags>&quot;name&quot;=&gt;&quot;Vogelkijkscherm Halkenbroek&quot;, &quot;leisure&quot;=&gt;&quot;bird_hide&quot;, &quot;shelter&quot;=&gt;&quot;no&quot;</ogr:tags>
  </extensions>
</wpt>
<wpt lat="52.183873099103486" lon="4.3871069">
  <name>birdwatching</name>
  <extensions>
    <ogr:osm_id>9674858956.0</ogr:osm_id>
    <ogr:tags>&quot;leisure&quot;=&gt;&quot;bird_hide&quot;</ogr:tags>
  </extensions>
</wpt>
<wpt lat="51.923241599124317" lon="4.3248819">
  <name>birdwatching</name>
  <extensions>
    <ogr:osm_id>9686470934.0</ogr:osm_id>
    <ogr:tags>&quot;leisure&quot;=&gt;&quot;bird_hide&quot;</ogr:tags>
  </extensions>
</wpt>
<wpt lat="52.112098799108509" lon="5.159416">
  <name>birdwatching</name>
  <extensions>
    <ogr:osm_id>9761989437.0</ogr:osm_id>
    <ogr:tags>&quot;leisure&quot;=&gt;&quot;bird_hide&quot;</ogr:tags>
  </extensions>
</wpt>
<wpt lat="50.9487034992584" lon="5.8952825">
  <name>birdwatching</name>
  <extensions>
    <ogr:osm_id>9791796007.0</ogr:osm_id>
    <ogr:tags>&quot;leisure&quot;=&gt;&quot;bird_hide&quot;</ogr:tags>
  </extensions>
</wpt>
<wpt lat="52.916576399085756" lon="4.7964268">
  <name>Uitkijktoren Balgzandpolder</name>
  <extensions>
    <ogr:osm_id>9809678859.0</ogr:osm_id>
    <ogr:tags>&quot;name&quot;=&gt;&quot;Uitkijktoren Balgzandpolder&quot;, &quot;tourism&quot;=&gt;&quot;viewpoint&quot;, &quot;viewpoint&quot;=&gt;&quot;birdwatching&quot;</ogr:tags>
  </extensions>
</wpt>
<wpt lat="52.380036899092616" lon="5.0071857">
  <name>birdwatching</name>
  <extensions>
    <ogr:osm_id>9827579373.0</ogr:osm_id>
    <ogr:tags>&quot;leisure&quot;=&gt;&quot;bird_hide&quot;, &quot;tourism&quot;=&gt;&quot;viewpoint&quot;</ogr:tags>
  </extensions>
</wpt>
<wpt lat="53.177558799095316" lon="7.0042157">
  <name>birdwatching</name>
  <extensions>
    <ogr:osm_id>9848890137.0</ogr:osm_id>
    <ogr:tags>&quot;leisure&quot;=&gt;&quot;bird_hide&quot;, &quot;tourism&quot;=&gt;&quot;viewpoint&quot;, &quot;wheelchair&quot;=&gt;&quot;no&quot;</ogr:tags>
  </extensions>
</wpt>
<wpt lat="51.268674999205629" lon="5.7852392">
  <name>Sarsven - Vogelkijkscherm</name>
  <extensions>
    <ogr:osm_id>9888496450.0</ogr:osm_id>
    <ogr:tags>&quot;name&quot;=&gt;&quot;Sarsven - Vogelkijkscherm&quot;, &quot;note&quot;=&gt;&quot;Sarsven - Vogelkijkscherm&quot;, &quot;leisure&quot;=&gt;&quot;bird_hide&quot;, &quot;opening_hours&quot;=&gt;&quot;24/7&quot;</ogr:tags>
  </extensions>
</wpt>
<wpt lat="52.760802299084155" lon="6.6831014">
  <name>birdwatching</name>
  <extensions>
    <ogr:osm_id>9897914794.0</ogr:osm_id>
    <ogr:tags>&quot;leisure&quot;=&gt;&quot;bird_hide&quot;</ogr:tags>
  </extensions>
</wpt>
<wpt lat="52.213747299101541" lon="5.4099197">
  <name>birdwatching</name>
  <extensions>
    <ogr:osm_id>9919424861.0</ogr:osm_id>
    <ogr:tags>&quot;leisure&quot;=&gt;&quot;bird_hide&quot;, &quot;shelter&quot;=&gt;&quot;no&quot;, &quot;tourism&quot;=&gt;&quot;viewpoint&quot;, &quot;viewpoint&quot;=&gt;&quot;birdwatching&quot;</ogr:tags>
  </extensions>
</wpt>
<wpt lat="52.105665399108986" lon="4.6547579">
  <name>birdwatching</name>
  <extensions>
    <ogr:osm_id>10095431787.0</ogr:osm_id>
    <ogr:tags>&quot;leisure&quot;=&gt;&quot;bird_hide&quot;</ogr:tags>
  </extensions>
</wpt>
<wpt lat="53.333093699105241" lon="6.1801351">
  <name>Reiddomp</name>
  <extensions>
    <ogr:osm_id>10147902541.0</ogr:osm_id>
    <ogr:tags>&quot;fee&quot;=&gt;&quot;no&quot;, &quot;name&quot;=&gt;&quot;Reiddomp&quot;, &quot;access&quot;=&gt;&quot;yes&quot;, &quot;leisure&quot;=&gt;&quot;bird_hide&quot;, &quot;tourism&quot;=&gt;&quot;viewpoint&quot;, &quot;man_made&quot;=&gt;&quot;tower&quot;, &quot;tower:type&quot;=&gt;&quot;observation&quot;, &quot;wheelchair&quot;=&gt;&quot;no&quot;</ogr:tags>
  </extensions>
</wpt>
<wpt lat="51.517213099170242" lon="3.6532128">
  <name>birdwatching</name>
  <extensions>
    <ogr:osm_id>10162877147.0</ogr:osm_id>
    <ogr:tags>&quot;leisure&quot;=&gt;&quot;bird_hide&quot;</ogr:tags>
  </extensions>
</wpt>
<wpt lat="51.510352299171139" lon="5.2571742">
  <name>birdwatching</name>
  <extensions>
    <ogr:osm_id>10180954732.0</ogr:osm_id>
    <ogr:tags>&quot;leisure&quot;=&gt;&quot;bird_hide&quot;</ogr:tags>
  </extensions>
</wpt>
<wpt lat="52.105817799108962" lon="6.1269342">
  <name>Uitkijkpunt Kiekuut</name>
  <extensions>
    <ogr:osm_id>10183445204.0</ogr:osm_id>
    <ogr:tags>&quot;name&quot;=&gt;&quot;Uitkijkpunt Kiekuut&quot;, &quot;leisure&quot;=&gt;&quot;bird_hide&quot;, &quot;shelter&quot;=&gt;&quot;no&quot;</ogr:tags>
  </extensions>
</wpt>
<wpt lat="52.586770499085901" lon="5.359794">
  <name>birdwatching</name>
  <extensions>
    <ogr:osm_id>10204357566.0</ogr:osm_id>
    <ogr:tags>&quot;leisure&quot;=&gt;&quot;bird_hide&quot;</ogr:tags>
  </extensions>
</wpt>
<wpt lat="52.413388299091203" lon="5.370302">
  <name>birdwatching</name>
  <extensions>
    <ogr:osm_id>10267010771.0</ogr:osm_id>
    <ogr:tags>&quot;leisure&quot;=&gt;&quot;bird_hide&quot;</ogr:tags>
  </extensions>
</wpt>
<wpt lat="52.424454599090758" lon="5.3966964">
  <name>birdwatching</name>
  <extensions>
    <ogr:osm_id>10267011832.0</ogr:osm_id>
    <ogr:tags>&quot;leisure&quot;=&gt;&quot;bird_hide&quot;</ogr:tags>
  </extensions>
</wpt>
<wpt lat="52.426994599090676" lon="5.4023794">
  <name>birdwatching</name>
  <extensions>
    <ogr:osm_id>10267018193.0</ogr:osm_id>
    <ogr:tags>&quot;leisure&quot;=&gt;&quot;bird_hide&quot;</ogr:tags>
  </extensions>
</wpt>
<wpt lat="52.88417809908519" lon="4.9271965">
  <name>birdwatching</name>
  <extensions>
    <ogr:osm_id>10293015132.0</ogr:osm_id>
    <ogr:tags>&quot;leisure&quot;=&gt;&quot;bird_hide&quot;, &quot;tourism&quot;=&gt;&quot;viewpoint&quot;</ogr:tags>
  </extensions>
</wpt>
<wpt lat="53.472786199116925" lon="6.144826">
  <name>birdwatching</name>
  <extensions>
    <ogr:osm_id>10301211563.0</ogr:osm_id>
    <ogr:tags>&quot;fee&quot;=&gt;&quot;no&quot;, &quot;amenity&quot;=&gt;&quot;binoculars&quot;, &quot;leisure&quot;=&gt;&quot;bird_hide&quot;</ogr:tags>
  </extensions>
</wpt>
<wpt lat="51.29126139920222" lon="5.3895628">
  <name>Pastoorsweijer - Vogelkijkhut</name>
  <extensions>
    <ogr:osm_id>10650438250.0</ogr:osm_id>
    <ogr:tags>&quot;fee&quot;=&gt;&quot;no&quot;, &quot;name&quot;=&gt;&quot;Pastoorsweijer - Vogelkijkhut&quot;, &quot;leisure&quot;=&gt;&quot;bird_hide&quot;, &quot;tourism&quot;=&gt;&quot;viewpoint&quot;, &quot;man_made&quot;=&gt;&quot;tower&quot;, &quot;tower:type&quot;=&gt;&quot;observation&quot;</ogr:tags>
  </extensions>
</wpt>
<wpt lat="53.087268499091024" lon="4.8995313">
  <name>birdwatching</name>
  <extensions>
    <ogr:osm_id>10801184520.0</ogr:osm_id>
    <ogr:tags>&quot;tourism&quot;=&gt;&quot;viewpoint&quot;, &quot;viewpoint&quot;=&gt;&quot;birdwatching&quot;</ogr:tags>
  </extensions>
</wpt>
<wpt lat="51.90309869912624" lon="4.5272793">
  <name>birdwatching</name>
  <extensions>
    <ogr:osm_id>10821172862.0</ogr:osm_id>
    <ogr:tags>&quot;leisure&quot;=&gt;&quot;bird_hide&quot;</ogr:tags>
  </extensions>
</wpt>
<wpt lat="53.456874699115438" lon="5.749259">
  <name>birdwatching</name>
  <extensions>
    <ogr:osm_id>10821190265.0</ogr:osm_id>
    <ogr:tags>&quot;leisure&quot;=&gt;&quot;bird_hide&quot;</ogr:tags>
  </extensions>
</wpt>
<wpt lat="52.521512199087454" lon="6.4030057">
  <name>Het ei</name>
  <extensions>
    <ogr:osm_id>10878115057.0</ogr:osm_id>
    <ogr:tags>&quot;name&quot;=&gt;&quot;Het ei&quot;, &quot;leisure&quot;=&gt;&quot;bird_hide&quot;, &quot;opening_hours&quot;=&gt;&quot;24/7&quot;</ogr:tags>
  </extensions>
</wpt>
<wpt lat="52.296763099096701" lon="5.550275">
  <name>birdwatching</name>
  <extensions>
    <ogr:osm_id>10925867949.0</ogr:osm_id>
    <ogr:tags>&quot;leisure&quot;=&gt;&quot;bird_hide&quot;</ogr:tags>
  </extensions>
</wpt>
<wpt lat="51.334798699195716" lon="3.7314416">
  <name>Gluurmuur de Grote Plas</name>
  <extensions>
    <ogr:osm_id>10996529089.0</ogr:osm_id>
    <ogr:tags>&quot;name&quot;=&gt;&quot;Gluurmuur de Grote Plas&quot;, &quot;leisure&quot;=&gt;&quot;bird_hide&quot;</ogr:tags>
  </extensions>
</wpt>
<wpt lat="52.356571099093685" lon="4.7587531">
  <name>Amfibion</name>
  <extensions>
    <ogr:osm_id>11016474760.0</ogr:osm_id>
    <ogr:tags>&quot;name&quot;=&gt;&quot;Amfibion&quot;, &quot;leisure&quot;=&gt;&quot;bird_hide&quot;, &quot;tourism&quot;=&gt;&quot;viewpoint&quot;, &quot;wikidata&quot;=&gt;&quot;Q135104487&quot;</ogr:tags>
  </extensions>
</wpt>
<wpt lat="52.44589889908994" lon="4.9067713">
  <name>birdwatching</name>
  <extensions>
    <ogr:osm_id>11110313561.0</ogr:osm_id>
    <ogr:tags>&quot;leisure&quot;=&gt;&quot;bird_hide&quot;</ogr:tags>
  </extensions>
</wpt>
<wpt lat="51.824599099134041" lon="5.4214942">
  <name>birdwatching</name>
  <extensions>
    <ogr:osm_id>11159725967.0</ogr:osm_id>
    <ogr:tags>&quot;leisure&quot;=&gt;&quot;bird_hide&quot;, &quot;tourism&quot;=&gt;&quot;viewpoint&quot;</ogr:tags>
  </extensions>
</wpt>
<wpt lat="52.080549499110909" lon="4.4556399">
  <name>birdwatching</name>
  <extensions>
    <ogr:osm_id>11193955223.0</ogr:osm_id>
    <ogr:tags>&quot;leisure&quot;=&gt;&quot;bird_hide&quot;</ogr:tags>
  </extensions>
</wpt>
<wpt lat="52.861679699084853" lon="5.7006934">
  <name>birdwatching</name>
  <extensions>
    <ogr:osm_id>11274791059.0</ogr:osm_id>
    <ogr:tags>&quot;leisure&quot;=&gt;&quot;bird_hide&quot;</ogr:tags>
  </extensions>
</wpt>
<wpt lat="52.044371999113764" lon="5.439188">
  <name>birdwatching</name>
  <extensions>
    <ogr:osm_id>11335282531.0</ogr:osm_id>
    <ogr:tags>&quot;leisure&quot;=&gt;&quot;bird_hide&quot;, &quot;description&quot;=&gt;&quot;Leersumse Veld - Vogelkijkhut&quot;</ogr:tags>
  </extensions>
</wpt>
<wpt lat="53.13920959909337" lon="6.6695809">
  <name>birdwatching</name>
  <extensions>
    <ogr:osm_id>11735165306.0</ogr:osm_id>
    <ogr:tags>&quot;leisure&quot;=&gt;&quot;bird_hide&quot;</ogr:tags>
  </extensions>
</wpt>
<wpt lat="52.17821979910385" lon="4.8827872">
  <name>Martin Kemperman hut</name>
  <extensions>
    <ogr:osm_id>11739627703.0</ogr:osm_id>
    <ogr:tags>&quot;name&quot;=&gt;&quot;Martin Kemperman hut&quot;, &quot;leisure&quot;=&gt;&quot;bird_hide&quot;</ogr:tags>
  </extensions>
</wpt>
<wpt lat="53.137528399093277" lon="5.9373486">
  <name>birdwatching</name>
  <extensions>
    <ogr:osm_id>11863002641.0</ogr:osm_id>
    <ogr:tags>&quot;leisure&quot;=&gt;&quot;bird_hide&quot;, &quot;website&quot;=&gt;&quot;http://www.ooievaars.nl/&quot;</ogr:tags>
  </extensions>
</wpt>
<wpt lat="53.147628699093787" lon="4.885117">
  <name>birdwatching</name>
  <extensions>
    <ogr:osm_id>11884247884.0</ogr:osm_id>
    <ogr:tags>&quot;leisure&quot;=&gt;&quot;bird_hide&quot;, &quot;tourism&quot;=&gt;&quot;viewpoint&quot;, &quot;viewpoint&quot;=&gt;&quot;birdwatching&quot;</ogr:tags>
  </extensions>
</wpt>
<wpt lat="53.091975899091203" lon="4.8990948">
  <name>birdwatching</name>
  <extensions>
    <ogr:osm_id>11884503126.0</ogr:osm_id>
    <ogr:tags>&quot;tourism&quot;=&gt;&quot;viewpoint&quot;, &quot;viewpoint&quot;=&gt;&quot;birdwatching&quot;</ogr:tags>
  </extensions>
</wpt>
<wpt lat="52.076480799111216" lon="4.2373493">
  <name>birdwatching</name>
  <extensions>
    <ogr:osm_id>11900463153.0</ogr:osm_id>
    <ogr:tags>&quot;leisure&quot;=&gt;&quot;bird_hide&quot;</ogr:tags>
  </extensions>
</wpt>
<wpt lat="53.116428599092288" lon="5.9273386">
  <name>vogelkijkhut Ielgoes</name>
  <extensions>
    <ogr:osm_id>11913649921.0</ogr:osm_id>
    <ogr:tags>&quot;name&quot;=&gt;&quot;vogelkijkhut Ielgoes&quot;, &quot;leisure&quot;=&gt;&quot;bird_hide&quot;, &quot;website&quot;=&gt;&quot;https://www.itfryskegea.nl/nieuws-publicaties/nieuwe-vogelkijkhut-aalscholverkolonie-in-de-alde-feanen/&quot;, &quot;opening_hours&quot;=&gt;&quot;zonsopkomst - zonsondergang&quot;</ogr:tags>
  </extensions>
</wpt>
<wpt lat="53.202674099096733" lon="6.3349638">
  <name>Polder de Dijken-Bakkerom</name>
  <extensions>
    <ogr:osm_id>11918183955.0</ogr:osm_id>
    <ogr:tags>&quot;name&quot;=&gt;&quot;Polder de Dijken-Bakkerom&quot;, &quot;image&quot;=&gt;&quot;https://commons.wikimedia.org/wiki/File:Vogelkijkhut_De_Dijken-Bakkerom_1.jpg&quot;, &quot;leisure&quot;=&gt;&quot;bird_hide&quot;, &quot;start_date&quot;=&gt;&quot;2024&quot;</ogr:tags>
  </extensions>
</wpt>
<wpt lat="52.253150199099174" lon="5.3413953">
  <name>Vogelkijkwand</name>
  <extensions>
    <ogr:osm_id>11939928422.0</ogr:osm_id>
    <ogr:tags>&quot;name&quot;=&gt;&quot;Vogelkijkwand&quot;, &quot;leisure&quot;=&gt;&quot;bird_hide&quot;, &quot;operator&quot;=&gt;&quot;Collectief Eemland&quot;</ogr:tags>
  </extensions>
</wpt>
<wpt lat="52.922822799085878" lon="6.4566794">
  <name>Fotohut Diependal</name>
  <extensions>
    <ogr:osm_id>11946021876.0</ogr:osm_id>
    <ogr:tags>&quot;fee&quot;=&gt;&quot;yes&quot;, &quot;name&quot;=&gt;&quot;Fotohut Diependal&quot;, &quot;access&quot;=&gt;&quot;customers&quot;, &quot;leisure&quot;=&gt;&quot;bird_hide&quot;, &quot;website&quot;=&gt;&quot;https://fotohutdiependal.nl/&quot;</ogr:tags>
  </extensions>
</wpt>
<wpt lat="53.098280799091491" lon="4.8981278">
  <name>birdwatching</name>
  <extensions>
    <ogr:osm_id>11968191280.0</ogr:osm_id>
    <ogr:tags>&quot;leisure&quot;=&gt;&quot;bird_hide&quot;, &quot;tourism&quot;=&gt;&quot;information&quot;, &quot;board_type&quot;=&gt;&quot;nature&quot;, &quot;information&quot;=&gt;&quot;board&quot;</ogr:tags>
  </extensions>
</wpt>
<wpt lat="51.403154899185843" lon="5.59291">
  <name>Strabrechtse Heide</name>
  <extensions>
    <ogr:osm_id>12006491928.0</ogr:osm_id>
    <ogr:tags>&quot;name&quot;=&gt;&quot;Strabrechtse Heide&quot;, &quot;leisure&quot;=&gt;&quot;bird_hide&quot;, &quot;shelter&quot;=&gt;&quot;yes&quot;</ogr:tags>
  </extensions>
</wpt>
<wpt lat="52.423386999090816" lon="4.9959638">
  <name>birdwatching</name>
  <extensions>
    <ogr:osm_id>12075625168.0</ogr:osm_id>
    <ogr:tags>&quot;leisure&quot;=&gt;&quot;bird_hide&quot;, &quot;shelter&quot;=&gt;&quot;wood&quot;, &quot;material&quot;=&gt;&quot;wood&quot;</ogr:tags>
  </extensions>
</wpt>
<wpt lat="51.356977399192466" lon="3.4950035">
  <name>Vogelkijkhut Hof van Scheerens</name>
  <extensions>
    <ogr:osm_id>12177802723.0</ogr:osm_id>
    <ogr:tags>&quot;name&quot;=&gt;&quot;Vogelkijkhut Hof van Scheerens&quot;, &quot;leisure&quot;=&gt;&quot;bird_hide&quot;</ogr:tags>
  </extensions>
</wpt>
<wpt lat="52.244444999099663" lon="6.8256383">
  <name>birdwatching</name>
  <extensions>
    <ogr:osm_id>12304310784.0</ogr:osm_id>
    <ogr:tags>&quot;leisure&quot;=&gt;&quot;bird_hide&quot;, &quot;addr:street&quot;=&gt;&quot;Elsbeekweg&quot;</ogr:tags>
  </extensions>
</wpt>
<wpt lat="53.259877199100174" lon="6.0194932">
  <name>birdwatching</name>
  <extensions>
    <ogr:osm_id>12451062629.0</ogr:osm_id>
    <ogr:tags>&quot;source&quot;=&gt;&quot;survey&quot;, &quot;leisure&quot;=&gt;&quot;bird_hide&quot;</ogr:tags>
  </extensions>
</wpt>
<wpt lat="51.611894999158153" lon="4.6444099">
  <name>birdwatching</name>
  <extensions>
    <ogr:osm_id>12600148148.0</ogr:osm_id>
    <ogr:tags>&quot;leisure&quot;=&gt;&quot;bird_hide&quot;</ogr:tags>
  </extensions>
</wpt>
<wpt lat="52.053980499113003" lon="6.0189743">
  <name>Natuurobservatiepost De Elsberg</name>
  <extensions>
    <ogr:osm_id>12635356287.0</ogr:osm_id>
    <ogr:tags>&quot;name&quot;=&gt;&quot;Natuurobservatiepost De Elsberg&quot;, &quot;leisure&quot;=&gt;&quot;bird_hide&quot;, &quot;mapillary&quot;=&gt;&quot;1308075857951284&quot;</ogr:tags>
  </extensions>
</wpt>
<wpt lat="51.242120899209709" lon="3.8247148">
  <name>birdwatching</name>
  <extensions>
    <ogr:osm_id>12647815143.0</ogr:osm_id>
    <ogr:tags>&quot;leisure&quot;=&gt;&quot;bird_hide&quot;</ogr:tags>
  </extensions>
</wpt>
<wpt lat="53.093909099091306" lon="4.8056971">
  <name>De Nol</name>
  <extensions>
    <ogr:osm_id>12682384145.0</ogr:osm_id>
    <ogr:tags>&quot;name&quot;=&gt;&quot;De Nol&quot;, &quot;leisure&quot;=&gt;&quot;bird_hide&quot;, &quot;direction&quot;=&gt;&quot;280-90&quot;</ogr:tags>
  </extensions>
</wpt>
<wpt lat="52.402149699091666" lon="5.1755161">
  <name>birdwatching</name>
  <extensions>
    <ogr:osm_id>12749562741.0</ogr:osm_id>
    <ogr:tags>&quot;leisure&quot;=&gt;&quot;bird_hide&quot;</ogr:tags>
  </extensions>
</wpt>
<wpt lat="51.341564599194726" lon="3.8744533">
  <name>birdwatching</name>
  <extensions>
    <ogr:osm_id>12880583963.0</ogr:osm_id>
    <ogr:tags>&quot;leisure&quot;=&gt;&quot;bird_hide&quot;</ogr:tags>
  </extensions>
</wpt>
<wpt lat="52.029771699114953" lon="4.7388691">
  <name>birdwatching</name>
  <extensions>
    <ogr:osm_id>12900210994.0</ogr:osm_id>
    <ogr:tags>&quot;leisure&quot;=&gt;&quot;bird_hide&quot;</ogr:tags>
  </extensions>
</wpt>
<wpt lat="52.217774799101313" lon="6.8059574">
  <name>birdwatching</name>
  <extensions>
    <ogr:osm_id>12922136244.0</ogr:osm_id>
    <ogr:tags>&quot;leisure&quot;=&gt;&quot;bird_hide&quot;</ogr:tags>
  </extensions>
</wpt>
<wpt lat="52.375455999092829" lon="4.7907097">
  <name>270 degrees</name>
  <extensions>
    <ogr:osm_id>12956674314.0</ogr:osm_id>
    <ogr:tags>&quot;name&quot;=&gt;&quot;270 degrees&quot;, &quot;leisure&quot;=&gt;&quot;bird_hide&quot;, &quot;tourism&quot;=&gt;&quot;artwork&quot;, &quot;wikidata&quot;=&gt;&quot;Q112287302&quot;, &quot;wikipedia&quot;=&gt;&quot;nl:270 degrees&quot;, &quot;wikimedia_commons&quot;=&gt;&quot;Category:270 degrees&quot;</ogr:tags>
  </extensions>
</wpt>
<wpt lat="52.375550599092811" lon="4.7905168">
  <name>birdwatching</name>
  <extensions>
    <ogr:osm_id>12956674316.0</ogr:osm_id>
    <ogr:tags>&quot;leisure&quot;=&gt;&quot;bird_hide&quot;</ogr:tags>
  </extensions>
</wpt>
<wpt lat="52.375369799092837" lon="4.7909841">
  <name>birdwatching</name>
  <extensions>
    <ogr:osm_id>12956674317.0</ogr:osm_id>
    <ogr:tags>&quot;leisure&quot;=&gt;&quot;bird_hide&quot;</ogr:tags>
  </extensions>
</wpt>
<wpt lat="51.355711899192663" lon="5.6280993">
  <name>birdwatching</name>
  <extensions>
    <ogr:osm_id>13022454109.0</ogr:osm_id>
    <ogr:tags>&quot;leisure&quot;=&gt;&quot;bird_hide&quot;</ogr:tags>
  </extensions>
</wpt>
<wpt lat="51.979699099119216" lon="6.0686652">
  <name>birdwatching</name>
  <extensions>
    <ogr:osm_id>13043244431.0</ogr:osm_id>
    <ogr:tags>&quot;leisure&quot;=&gt;&quot;bird_hide&quot;</ogr:tags>
  </extensions>
</wpt>
<wpt lat="51.941747299122632" lon="4.6765712">
  <name>birdwatching</name>
  <extensions>
    <ogr:osm_id>13050948041.0</ogr:osm_id>
    <ogr:tags>&quot;fixme&quot;=&gt;&quot;locatie niet zeker&quot;, &quot;leisure&quot;=&gt;&quot;bird_hide&quot;</ogr:tags>
  </extensions>
</wpt>
<wpt lat="51.058114799239512" lon="5.7842246">
  <name>Den Deyler</name>
  <extensions>
    <ogr:osm_id>13092048781.0</ogr:osm_id>
    <ogr:tags>&quot;name&quot;=&gt;&quot;Den Deyler&quot;, &quot;leisure&quot;=&gt;&quot;bird_hide&quot;</ogr:tags>
  </extensions>
</wpt>
<wpt lat="51.591664299160662" lon="3.7781305">
  <name>birdwatching</name>
  <extensions>
    <ogr:osm_id>13110543030.0</ogr:osm_id>
    <ogr:tags>&quot;leisure&quot;=&gt;&quot;bird_hide&quot;</ogr:tags>
  </extensions>
</wpt>
<wpt lat="52.500590899088095" lon="6.5410444">
  <name>birdwatching</name>
  <extensions>
    <ogr:osm_id>13142432761.0</ogr:osm_id>
    <ogr:tags>&quot;leisure&quot;=&gt;&quot;bird_hide&quot;, &quot;tourism&quot;=&gt;&quot;viewpoint&quot;, &quot;operator&quot;=&gt;&quot;Staatsbosbeheer&quot;, &quot;direction&quot;=&gt;&quot;270;330&quot;, &quot;wheelchair&quot;=&gt;&quot;no&quot;, &quot;motor_vehicle&quot;=&gt;&quot;no&quot;</ogr:tags>
  </extensions>
</wpt>
<wpt lat="53.386761899109445" lon="6.2129335">
  <name>birdwatching</name>
  <extensions>
    <ogr:osm_id>13159406464.0</ogr:osm_id>
    <ogr:tags>&quot;leisure&quot;=&gt;&quot;bird_hide&quot;</ogr:tags>
  </extensions>
</wpt>
<wpt lat="52.275752799097866" lon="5.294289">
  <name>birdwatching</name>
  <extensions>
    <ogr:osm_id>13254472090.0</ogr:osm_id>
    <ogr:tags>&quot;tourism&quot;=&gt;&quot;viewpoint&quot;, &quot;viewpoint&quot;=&gt;&quot;birdwatching&quot;</ogr:tags>
  </extensions>
</wpt>
<wpt lat="52.190447599103052" lon="5.3246025">
  <name>Vogelboulevard Eemland</name>
  <extensions>
    <ogr:osm_id>13254488319.0</ogr:osm_id>
    <ogr:tags>&quot;name&quot;=&gt;&quot;Vogelboulevard Eemland&quot;, &quot;tourism&quot;=&gt;&quot;viewpoint&quot;, &quot;viewpoint&quot;=&gt;&quot;birdwatching&quot;</ogr:tags>
  </extensions>
</wpt>
<wpt lat="52.269968599098185" lon="5.292341">
  <name>birdwatching</name>
  <extensions>
    <ogr:osm_id>13254513687.0</ogr:osm_id>
    <ogr:tags>&quot;tourism&quot;=&gt;&quot;viewpoint&quot;, &quot;viewpoint&quot;=&gt;&quot;birdwatching&quot;</ogr:tags>
  </extensions>
</wpt>
<wpt lat="53.18040719909547" lon="4.8595034">
  <name>Renvogelveld - Kijkscherm</name>
  <extensions>
    <ogr:osm_id>13263788626.0</ogr:osm_id>
    <ogr:tags>&quot;name&quot;=&gt;&quot;Renvogelveld - Kijkscherm&quot;, &quot;leisure&quot;=&gt;&quot;bird_hide&quot;, &quot;tourism&quot;=&gt;&quot;viewpoint&quot;, &quot;viewpoint&quot;=&gt;&quot;birdwatching&quot;</ogr:tags>
  </extensions>
</wpt>
<wpt lat="51.441082699180527" lon="5.2724451">
  <name>birdwatching</name>
  <extensions>
    <ogr:osm_id>13343171859.0</ogr:osm_id>
    <ogr:tags>&quot;leisure&quot;=&gt;&quot;bird_hide&quot;</ogr:tags>
  </extensions>
</wpt>
<wpt lat="52.443743299090009" lon="6.110104">
  <name>Vogelkijkhut De Visarend</name>
  <extensions>
    <ogr:osm_id>13390391198.0</ogr:osm_id>
    <ogr:tags>&quot;name&quot;=&gt;&quot;Vogelkijkhut De Visarend&quot;, &quot;leisure&quot;=&gt;&quot;bird_hide&quot;</ogr:tags>
  </extensions>
</wpt>
<wpt lat="52.516308899087626" lon="6.0271551">
  <name>Vreugderijkerwaard</name>
  <extensions>
    <ogr:osm_id>13390411594.0</ogr:osm_id>
    <ogr:tags>&quot;name&quot;=&gt;&quot;Vreugderijkerwaard&quot;, &quot;leisure&quot;=&gt;&quot;bird_hide&quot;</ogr:tags>
  </extensions>
</wpt>
<wpt lat="52.757444499084137" lon="5.0604326">
  <name>Twisk - Waterberging - Vogelkijkscherm</name>
  <extensions>
    <ogr:osm_id>13432964203.0</ogr:osm_id>
    <ogr:tags>&quot;name&quot;=&gt;&quot;Twisk - Waterberging - Vogelkijkscherm&quot;, &quot;note&quot;=&gt;&quot;Twisk - Waterberging - Vogelkijkscherm&quot;, &quot;leisure&quot;=&gt;&quot;bird_hide&quot;</ogr:tags>
  </extensions>
</wpt>
<wpt lat="52.145327399106129" lon="5.4007895">
  <name>birdwatching</name>
  <extensions>
    <ogr:osm_id>13435269939.0</ogr:osm_id>
    <ogr:tags>&quot;leisure&quot;=&gt;&quot;bird_hide&quot;, &quot;tourism&quot;=&gt;&quot;viewpoint&quot;, &quot;viewpoint&quot;=&gt;&quot;bird_watching&quot;</ogr:tags>
  </extensions>
</wpt>
<wpt lat="52.317909499095606" lon="5.0013696">
  <name>birdwatching</name>
  <extensions>
    <ogr:osm_id>13458156050.0</ogr:osm_id>
    <ogr:tags>&quot;leisure&quot;=&gt;&quot;bird_hide&quot;, &quot;tourism&quot;=&gt;&quot;viewpoint&quot;</ogr:tags>
  </extensions>
</wpt>
<wpt lat="51.624838199156564" lon="4.9121396">
  <name>birdwatching</name>
  <extensions>
    <ogr:osm_id>13620400682.0</ogr:osm_id>
    <ogr:tags>&quot;leisure&quot;=&gt;&quot;bird_hide&quot;</ogr:tags>
  </extensions>
</wpt>
<wpt lat="52.131944599107072" lon="4.9076878">
  <name>birdwatching</name>
  <extensions>
    <ogr:osm_id>13624999800.0</ogr:osm_id>
    <ogr:tags>&quot;leisure&quot;=&gt;&quot;bird_hide&quot;</ogr:tags>
  </extensions>
</wpt>
<wpt lat="51.514055699170662" lon="4.0159643">
  <name>birdwatching</name>
  <extensions>
    <ogr:osm_id>13656829256.0</ogr:osm_id>
    <ogr:tags>&quot;leisure&quot;=&gt;&quot;bird_hide&quot;</ogr:tags>
  </extensions>
</wpt>
<wpt lat="52.281137399097567" lon="5.6371372">
  <name>wild-kijkscherm</name>
  <extensions>
    <ogr:osm_id>13661889803.0</ogr:osm_id>
    <ogr:tags>&quot;name&quot;=&gt;&quot;wild-kijkscherm&quot;, &quot;leisure&quot;=&gt;&quot;bird_hide&quot;</ogr:tags>
  </extensions>
</wpt>
<wpt lat="51.823120499134198" lon="5.1991715">
  <name>birdwatching</name>
  <extensions>
    <ogr:osm_id>13711334869.0</ogr:osm_id>
    <ogr:tags>&quot;leisure&quot;=&gt;&quot;bird_hide&quot;</ogr:tags>
  </extensions>
</wpt>
<wpt lat="51.637180299155062" lon="4.2746405">
  <name>birdwatching</name>
  <extensions>
    <ogr:osm_id>13764221435.0</ogr:osm_id>
    <ogr:tags>&quot;noexit&quot;=&gt;&quot;yes&quot;, &quot;leisure&quot;=&gt;&quot;bird_hide&quot;, &quot;shelter&quot;=&gt;&quot;no&quot;</ogr:tags>
  </extensions>
</wpt>
<wpt lat="52.249449399099404" lon="5.2792485">
  <name>birdwatching</name>
  <extensions>
    <ogr:osm_id>13821634896.0</ogr:osm_id>
    <ogr:tags>&quot;leisure&quot;=&gt;&quot;bird_hide&quot;, &quot;shelter&quot;=&gt;&quot;no&quot;, &quot;tourism&quot;=&gt;&quot;viewpoint&quot;, &quot;viewpoint&quot;=&gt;&quot;birdwatching&quot;</ogr:tags>
  </extensions>
</wpt>
</gpx>
