{
  "type": "FeatureCollection",
  "generator": "overpass-turbo",
  "copyright": "The data included in this document is from www.openstreetmap.org. The data is made available under ODbL.",
  "timestamp": "2026-06-26T10:07:30Z",
  "features": [
    {
      "type": "Feature",
      "properties": {
        "@id": "way/1518646100",
        "building": "supermarket",
        "construction": "yes",
        "name": "MCD",
        "opening_hours": "Mo-Sa 08:00-20:00; Su off",
        "phone": "+31 30 2764000",
        "ref:bag": "0355100000836831",
        "shop": "supermarket",
        "source": "BAG",
        "source:date": "2026-05-22",
        "start_date": "2025",
        "website": "https://mcd-supermarkt.nl/winkels/mcd-zeist",
        "wheelchair": "yes"
      },
      "geometry": {
        "type": "Polygon",
        "coordinates": [
          [
            [
              5.2458018,
              52.1015715
            ],
            [
              5.2457282,
              52.1016975
            ],
            [
              5.2452812,
              52.1015986
            ],
            [
              5.2454287,
              52.1013458
            ],
            [
              5.2457063,
              52.1014073
            ],
            [
              5.2456323,
              52.101534
            ],
            [
              5.2458018,
              52.1015715
            ]
          ]
        ]
      },
      "id": "way/1518646100"
    },
    {
      "type": "Feature",
      "properties": {
        "@id": "node/29986846",
        "name": "Buurtwinkel Nieuw Engeland",
        "opening_hours": "Mo-Su 08:00-01:00",
        "payment:cash": "yes",
        "payment:debit_cards": "yes",
        "shop": "supermarket",
        "wheelchair": "limited"
      },
      "geometry": {
        "type": "Point",
        "coordinates": [
          5.0961539,
          52.0937018
        ]
      },
      "id": "node/29986846"
    },
    {
      "type": "Feature",
      "properties": {
        "@id": "node/34044551",
        "addr:city": "Vianen",
        "addr:housenumber": "11",
        "addr:postcode": "4132CB",
        "addr:street": "Lijnbaan",
        "brand": "Albert Heijn",
        "brand:wikidata": "Q1653985",
        "brand:wikipedia": "nl:Albert Heijn (supermarkt)",
        "name": "Albert Heijn",
        "opening_hours": "Mo-Sa 08:00-20:00; Fr 08:00-21:00; Su 12:00-17:00",
        "phone": "+31 347 326 060",
        "ref": "8679",
        "shop": "supermarket",
        "source": "BAG",
        "source:date": "2014-03-24",
        "website": "https://www.ah.nl/winkel/8679"
      },
      "geometry": {
        "type": "Point",
        "coordinates": [
          5.0943739,
          51.9914535
        ]
      },
      "id": "node/34044551"
    },
    {
      "type": "Feature",
      "properties": {
        "@id": "node/34044554",
        "addr:city": "Zeist",
        "addr:housenumber": "2",
        "addr:postcode": "3701DA",
        "addr:street": "Emmaplein",
        "brand": "Albert Heijn",
        "brand:wikidata": "Q1653985",
        "brand:wikipedia": "nl:Albert Heijn (supermarkt)",
        "name": "Albert Heijn",
        "opening_hours": "Mo-Th 08:00-20:00; Fr 08:00-21:00; Sa 08:00-20:00; Su 12:00-18:00",
        "phone": "+31 30 691 7573",
        "ref": "1062",
        "shop": "supermarket",
        "source": "BAG",
        "source:date": "2014-03-24",
        "website": "https://www.ah.nl/winkel/1062",
        "wheelchair": "yes"
      },
      "geometry": {
        "type": "Point",
        "coordinates": [
          5.240085,
          52.086752
        ]
      },
      "id": "node/34044554"
    },
    {
      "type": "Feature",
      "properties": {
        "@id": "node/34044555",
        "addr:city": "Zeist",
        "addr:housenumber": "3104",
        "addr:postcode": "3704KA",
        "addr:street": "De Clomp",
        "brand": "Albert Heijn",
        "brand:wikidata": "Q1653985",
        "brand:wikipedia": "nl:Albert Heijn (supermarkt)",
        "name": "Albert Heijn",
        "opening_hours": "Mo-Sa 08:00-21:00; Su 12:00-18:00",
        "phone": "+31 30 695 5421",
        "ref": "1214",
        "shop": "supermarket",
        "source": "BAG",
        "source:date": "2019-10-17",
        "website": "https://www.ah.nl/winkel/1214",
        "wheelchair": "yes"
      },
      "geometry": {
        "type": "Point",
        "coordinates": [
          5.2203911,
          52.0833421
        ]
      },
      "id": "node/34044555"
    },
    {
      "type": "Feature",
      "properties": {
        "@id": "node/34044557",
        "addr:city": "Houten",
        "addr:housenumber": "66",
        "addr:postcode": "3995DX",
        "addr:street": "Onderdoor",
        "brand": "Albert Heijn",
        "brand:wikidata": "Q1653985",
        "brand:wikipedia": "nl:Albert Heijn (supermarkt)",
        "check_date": "2026-04-01",
        "internet_access": "wlan",
        "level": "0",
        "name": "Albert Heijn",
        "opening_hours": "Mo-Su 08:00-21:00",
        "ref": "1507",
        "shop": "supermarket",
        "source": "BAG",
        "source:date": "2014-03-24",
        "website": "https://www.ah.nl/winkel/1507"
      },
      "geometry": {
        "type": "Point",
        "coordinates": [
          5.1687643,
          52.0340471
        ]
      },
      "id": "node/34044557"
    },
    {
      "type": "Feature",
      "properties": {
        "@id": "node/34044558",
        "addr:city": "Woudenberg",
        "addr:housenumber": "27",
        "addr:postcode": "3931ED",
        "addr:street": "Dorpsstraat",
        "brand": "Albert Heijn",
        "brand:website": "https://www.ah.nl/",
        "brand:wikidata": "Q1653985",
        "brand:wikipedia": "nl:Albert Heijn (supermarkt)",
        "name": "Albert Heijn",
        "opening_hours": "Mo-Sa 08:00-21:00",
        "phone": "+31 33 286 2974",
        "ref": "8527",
        "shop": "supermarket",
        "source": "BAG",
        "source:date": "2014-05-20",
        "website": "https://www.ah.nl/winkel/8527",
        "wheelchair": "yes"
      },
      "geometry": {
        "type": "Point",
        "coordinates": [
          5.4164581,
          52.0825315
        ]
      },
      "id": "node/34044558"
    },
    {
      "type": "Feature",
      "properties": {
        "@id": "node/34044561",
        "addr:city": "Zeist",
        "addr:housenumber": "110",
        "addr:postcode": "3708DL",
        "addr:street": "Hoog Kanje",
        "brand": "Albert Heijn",
        "brand:wikidata": "Q1653985",
        "brand:wikipedia": "nl:Albert Heijn (supermarkt)",
        "name": "Albert Heijn",
        "opening_hours": "Mo-Sa 08:00-22:00; Su 12:00-18:00",
        "phone": "+31 30 691 3303",
        "ref": "8758",
        "shop": "supermarket",
        "source": "BAG",
        "source:date": "2014-03-24",
        "website": "https://www.ah.nl/winkel/8758",
        "wheelchair": "yes"
      },
      "geometry": {
        "type": "Point",
        "coordinates": [
          5.2627742,
          52.0761255
        ]
      },
      "id": "node/34044561"
    },
    {
      "type": "Feature",
      "properties": {
        "@id": "node/34044575",
        "addr:city": "Utrecht",
        "addr:housenumber": "63",
        "addr:postcode": "3533GH",
        "addr:street": "Händelstraat",
        "brand": "Albert Heijn",
        "brand:website": "https://www.ah.nl/",
        "brand:wikidata": "Q1653985",
        "brand:wikipedia": "nl:Albert Heijn (supermarkt)",
        "name": "Albert Heijn",
        "opening_hours": "Mo-Fr 08:00-22:00;Sa 08:00-22:00;Su 10:00-22:00",
        "phone": "+31 30 293 3094",
        "ref": "1316",
        "shop": "supermarket",
        "source": "BAG",
        "source:date": "2014-02-11",
        "toilets:wheelchair": "no",
        "website": "https://www.ah.nl/winkel/1316",
        "wheelchair": "yes"
      },
      "geometry": {
        "type": "Point",
        "coordinates": [
          5.0856999,
          52.0865952
        ]
      },
      "id": "node/34044575"
    },
    {
      "type": "Feature",
      "properties": {
        "@id": "node/34044580",
        "addr:city": "Utrecht",
        "addr:housenumber": "64",
        "addr:postcode": "3527HE",
        "addr:street": "Hammarskjöldhof",
        "brand": "Albert Heijn",
        "brand:website": "https://www.ah.nl/",
        "brand:wikidata": "Q1653985",
        "brand:wikipedia": "nl:Albert Heijn (supermarkt)",
        "name": "Albert Heijn",
        "opening_hours": "Mo-Sa 07:00-22:00; Su 10:00-22:00",
        "phone": "+31 30 293 3583",
        "ref": "1467",
        "shop": "supermarket",
        "source": "BAG",
        "source:date": "2014-02-11",
        "website": "https://www.ah.nl/winkel/1467",
        "wheelchair": "yes"
      },
      "geometry": {
        "type": "Point",
        "coordinates": [
          5.0943877,
          52.0740418
        ]
      },
      "id": "node/34044580"
    },
    {
      "type": "Feature",
      "properties": {
        "@id": "node/34044581",
        "addr:city": "Utrecht",
        "addr:housenumber": "149",
        "addr:postcode": "3511DP",
        "addr:street": "Godebaldkwartier",
        "brand": "Albert Heijn",
        "brand:website": "https://www.ah.nl/",
        "brand:wikidata": "Q1653985",
        "brand:wikipedia": "nl:Albert Heijn (supermarkt)",
        "check_date": "2025-10-19",
        "check_date:opening_hours": "2025-10-19",
        "name": "Albert Heijn",
        "opening_hours": "Mo-Fr 08:00-21:00; Sa 09:00-21:00; Su 10:00-20:00",
        "phone": "+31 88 659 1294",
        "ref": "1294",
        "shop": "supermarket",
        "source": "BAG",
        "source:date": "2014-02-11",
        "website": "https://www.ah.nl/winkel/1294"
      },
      "geometry": {
        "type": "Point",
        "coordinates": [
          5.1133026,
          52.0892253
        ]
      },
      "id": "node/34044581"
    },
    {
      "type": "Feature",
      "properties": {
        "@id": "node/34044582",
        "addr:city": "Utrecht",
        "addr:full": "Hondsrug 60, Utrecht",
        "addr:housenumber": "60",
        "addr:postcode": "3524BR",
        "addr:street": "Hondsrug",
        "brand": "Albert Heijn",
        "brand:website": "https://www.ah.nl/",
        "brand:wikidata": "Q1653985",
        "brand:wikipedia": "nl:Albert Heijn (supermarkt)",
        "name": "Albert Heijn",
        "opening_hours": "Mo-Sa 08:00-21:00; Su 10:00-21:00",
        "phone": "+31 30 289 4866",
        "ref": "1249",
        "shop": "supermarket",
        "source": "BAG",
        "source:date": "2013-11-26",
        "toilets:wheelchair": "no",
        "website": "https://www.ah.nl/winkel/1249",
        "wheelchair": "yes"
      },
      "geometry": {
        "type": "Point",
        "coordinates": [
          5.1381599,
          52.0649205
        ]
      },
      "id": "node/34044582"
    },
    {
      "type": "Feature",
      "properties": {
        "@id": "node/34044583",
        "addr:city": "Utrecht",
        "addr:country": "NL",
        "addr:housenumber": "64",
        "addr:postcode": "3582VX",
        "addr:street": "Ina Boudier-Bakkerhof",
        "branch": "Utrecht Ina Boudier Bakkerhof",
        "brand": "Jumbo",
        "brand:website": "https://www.jumbo.com",
        "brand:wikidata": "Q2262314",
        "brand:wikipedia": "nl:Jumbo Supermarkten",
        "check_date:opening_hours": "2023-12-08",
        "name": "Jumbo",
        "opening_hours": "Mo-Sa 08:00-22:00; Su 10:00-22:00",
        "phone": "+31 30 252 4160",
        "ref": "3487",
        "shop": "supermarket",
        "source": "BAG",
        "source:date": "2014-02-11",
        "website": "https://www.jumbo.com/winkel/utrecht/jumbo-utrecht-ina-boudier-bakkerhof",
        "wheelchair": "yes"
      },
      "geometry": {
        "type": "Point",
        "coordinates": [
          5.1348907,
          52.0823645
        ]
      },
      "id": "node/34044583"
    },
    {
      "type": "Feature",
      "properties": {
        "@id": "node/34044584",
        "addr:city": "Utrecht",
        "addr:housenumber": "8-14",
        "addr:postcode": "3511ZK",
        "addr:street": "Twijnstraat",
        "brand": "Albert Heijn",
        "brand:website": "https://www.ah.nl/",
        "brand:wikidata": "Q1653985",
        "brand:wikipedia": "nl:Albert Heijn (supermarkt)",
        "name": "Albert Heijn",
        "opening_hours": "Mo-Sa 08:00-22:00; Su 10:00-22:00",
        "phone": "+31 30 231 1041",
        "ref": "1311",
        "shop": "supermarket",
        "toilets:wheelchair": "no",
        "website": "https://www.ah.nl/winkel/1311",
        "wheelchair": "yes"
      },
      "geometry": {
        "type": "Point",
        "coordinates": [
          5.1234828,
          52.0835323
        ]
      },
      "id": "node/34044584"
    },
    {
      "type": "Feature",
      "properties": {
        "@id": "node/34044585",
        "addr:city": "Utrecht",
        "addr:housenumber": "57",
        "addr:postcode": "3581KM",
        "addr:street": "Burgemeester Reigerstraat",
        "brand": "Albert Heijn",
        "brand:website": "https://www.ah.nl/",
        "brand:wikidata": "Q1653985",
        "brand:wikipedia": "nl:Albert Heijn (supermarkt)",
        "check_date:opening_hours": "2025-11-02",
        "name": "Albert Heijn",
        "opening_hours": "Mo-Sa 08:00-22:00; Su 10:00-22:00",
        "phone": "+31 30 251 4254",
        "ref": "1322",
        "shop": "supermarket",
        "source": "BAG",
        "source:date": "2018-09-05",
        "website": "https://www.ah.nl/winkel/1322",
        "wheelchair": "yes"
      },
      "geometry": {
        "type": "Point",
        "coordinates": [
          5.1358475,
          52.0892208
        ]
      },
      "id": "node/34044585"
    },
    {
      "type": "Feature",
      "properties": {
        "@id": "node/34044586",
        "addr:city": "Wageningen",
        "addr:housenumber": "375",
        "addr:postcode": "6707AA",
        "addr:street": "Stadsbrink",
        "brand": "Albert Heijn",
        "brand:wikidata": "Q1653985",
        "brand:wikipedia": "nl:Albert Heijn (supermarkt)",
        "contact:phone": "+31 317 411 514",
        "name": "Albert Heijn",
        "opening_hours": "Mo-Sa 08:00-22:00; Su 13:00-22:00",
        "ref": "1103",
        "shop": "supermarket",
        "source": "BAG",
        "source:date": "2014-08-13",
        "website": "https://www.ah.nl/winkel/1103"
      },
      "geometry": {
        "type": "Point",
        "coordinates": [
          5.6680544,
          51.9699586
        ]
      },
      "id": "node/34044586"
    },
    {
      "type": "Feature",
      "properties": {
        "@id": "node/34044590",
        "addr:city": "Arnhem",
        "addr:housenumber": "76",
        "addr:postcode": "6814HK",
        "addr:street": "Van Lawick van Pabststraat",
        "brand": "Albert Heijn",
        "brand:wikidata": "Q1653985",
        "brand:wikipedia": "nl:Albert Heijn (supermarkt)",
        "check_date:opening_hours": "2023-04-14",
        "name": "Albert Heijn",
        "opening_hours": "Mo-Sa 08:00-22:00; Su 09:00-22:00",
        "payment:cash": "yes",
        "payment:contactless": "yes",
        "payment:credit_cards": "no",
        "payment:maestro": "yes",
        "payment:v_pay": "yes",
        "phone": "+31 26 442 0278",
        "ref": "1438",
        "shop": "supermarket",
        "source": "BAG",
        "source:date": "2014-02-11",
        "website": "https://www.ah.nl/winkel/1438",
        "wheelchair": "yes"
      },
      "geometry": {
        "type": "Point",
        "coordinates": [
          5.8939052,
          51.9901291
        ]
      },
      "id": "node/34044590"
    },
    {
      "type": "Feature",
      "properties": {
        "@id": "node/34044652",
        "addr:city": "Utrecht",
        "addr:housenumber": "56",
        "addr:postcode": "3513AH",
        "addr:street": "Amsterdamsestraatweg",
        "brand": "Albert Heijn",
        "brand:website": "https://www.ah.nl/",
        "brand:wikidata": "Q1653985",
        "brand:wikipedia": "nl:Albert Heijn (supermarkt)",
        "check_date": "2025-12-21",
        "check_date:opening_hours": "2025-12-21",
        "name": "Albert Heijn",
        "opening_hours": "Mo-Sa 07:00-22:00; Su 10:00-22:00",
        "phone": "+31 30 233 1947",
        "ref": "8640",
        "shop": "supermarket",
        "source": "BAG",
        "source:date": "2014-01-22",
        "website": "https://www.ah.nl/winkel/8640",
        "wheelchair": "yes"
      },
      "geometry": {
        "type": "Point",
        "coordinates": [
          5.1077322,
          52.0960559
        ]
      },
      "id": "node/34044652"
    },
    {
      "type": "Feature",
      "properties": {
        "@id": "node/34044662",
        "addr:city": "Utrecht",
        "addr:housenumber": "38",
        "addr:postcode": "3512AP",
        "addr:street": "Voorstraat",
        "brand": "Albert Heijn",
        "brand:website": "https://www.ah.nl/",
        "brand:wikidata": "Q1653985",
        "brand:wikipedia": "nl:Albert Heijn (supermarkt)",
        "check_date": "2026-02-20",
        "check_date:opening_hours": "2026-02-20",
        "name": "Albert Heijn",
        "opening_hours": "Mo-Sa 09:00-21:00; Su 10:00-21:00",
        "phone": "+31 30 231 7609",
        "ref": "1173",
        "shop": "supermarket",
        "source": "BAG",
        "source:date": "2014-02-11",
        "toilets:wheelchair": "no",
        "website": "https://www.ah.nl/winkel/1173",
        "wheelchair": "yes"
      },
      "geometry": {
        "type": "Point",
        "coordinates": [
          5.119881,
          52.0947901
        ]
      },
      "id": "node/34044662"
    },
    {
      "type": "Feature",
      "properties": {
        "@id": "node/34044663",
        "addr:city": "Utrecht",
        "addr:housenumber": "41",
        "addr:postcode": "3562KC",
        "addr:street": "Roelantdreef",
        "brand": "Albert Heijn XL",
        "brand:wikidata": "Q78163765",
        "brand:wikipedia": "nl:Albert Heijn (supermarkt)",
        "check_date:opening_hours": "2025-09-06",
        "internet_access": "wlan",
        "internet_access:fee": "no",
        "name": "Albert Heijn XL",
        "opening_hours": "Mo-Sa 08:00-22:00; Su 10:00-22:00",
        "phone": "+31 30 263 0032",
        "ref": "1626",
        "shop": "supermarket",
        "source": "BAG",
        "source:date": "2014-08-25",
        "website": "https://www.ah.nl/winkel/1626",
        "wheelchair": "yes"
      },
      "geometry": {
        "type": "Point",
        "coordinates": [
          5.1126157,
          52.1128383
        ]
      },
      "id": "node/34044663"
    },
    {
      "type": "Feature",
      "properties": {
        "@id": "node/34044664",
        "addr:city": "Utrecht",
        "addr:housenumber": "55",
        "addr:postcode": "3581AD",
        "addr:street": "Nachtegaalstraat",
        "brand": "Albert Heijn",
        "brand:website": "https://www.ah.nl/",
        "brand:wikidata": "Q1653985",
        "brand:wikipedia": "nl:Albert Heijn (supermarkt)",
        "name": "Albert Heijn",
        "opening_hours": "Mo-Sa 08:00-22:00; Su 10:00-22:00",
        "phone": "+31 30 241 6226",
        "ref": "1078",
        "shop": "supermarket",
        "source": "BAG",
        "source:date": "2014-02-11",
        "website": "https://www.ah.nl/winkel/1078",
        "wheelchair": "yes"
      },
      "geometry": {
        "type": "Point",
        "coordinates": [
          5.1313367,
          52.0915641
        ]
      },
      "id": "node/34044664"
    },
    {
      "type": "Feature",
      "properties": {
        "@id": "node/34044665",
        "addr:city": "Utrecht",
        "addr:housenumber": "6",
        "addr:postcode": "3514GK",
        "addr:street": "Willem van Noortplein",
        "brand": "Albert Heijn",
        "brand:website": "https://www.ah.nl/",
        "brand:wikidata": "Q1653985",
        "brand:wikipedia": "nl:Albert Heijn (supermarkt)",
        "check_date": "2024-07-06",
        "description": "AH [Utrecht] Willem van Noortplein 6",
        "name": "Albert Heijn",
        "opening_hours": "Mo-Fr 08:00-22:00; Sa 08:00-21:00; Su 10:00-20:30",
        "phone": "+31 30 276 7100",
        "ref": "8641",
        "shop": "supermarket",
        "source": "BAG",
        "source:date": "2014-02-11",
        "toilets:wheelchair": "no",
        "website": "https://www.ah.nl/winkel/8641",
        "wheelchair": "yes"
      },
      "geometry": {
        "type": "Point",
        "coordinates": [
          5.1230395,
          52.102233
        ]
      },
      "id": "node/34044665"
    },
    {
      "type": "Feature",
      "properties": {
        "@id": "node/34044709",
        "addr:city": "Den Dolder",
        "addr:housenumber": "3",
        "addr:postcode": "3734GG",
        "addr:street": "Paduaweg",
        "brand": "Albert Heijn",
        "brand:wikidata": "Q1653985",
        "brand:wikipedia": "nl:Albert Heijn (supermarkt)",
        "name": "Albert Heijn",
        "opening_hours": "Mo-Sa 08:00-22:00; Su 12:00-18:00",
        "phone": "+31 30 228 2327",
        "ref": "1663",
        "shop": "supermarket",
        "source": "BAG",
        "source:date": "2014-03-24",
        "website": "https://www.ah.nl/winkel/1663"
      },
      "geometry": {
        "type": "Point",
        "coordinates": [
          5.2406839,
          52.139261
        ]
      },
      "id": "node/34044709"
    },
    {
      "type": "Feature",
      "properties": {
        "@id": "node/34044785",
        "addr:city": "Almere",
        "addr:housenumber": "15",
        "addr:postcode": "1326CM",
        "addr:street": "Watercipresstraat",
        "branch": "Parkwijk",
        "brand": "Albert Heijn",
        "brand:website": "https://www.ah.nl",
        "brand:wikidata": "Q1653985",
        "brand:wikipedia": "nl:Albert Heijn (supermarkt)",
        "name": "Albert Heijn",
        "opening_hours": "Mo-Sa 07:00-22:00; Su 08:00-22:00",
        "phone": "+31 36 535 3553",
        "ref": "8591",
        "shop": "supermarket",
        "website": "https://www.ah.nl/winkel/8591",
        "wheelchair": "yes"
      },
      "geometry": {
        "type": "Point",
        "coordinates": [
          5.2435034,
          52.3760102
        ]
      },
      "id": "node/34044785"
    },
    {
      "type": "Feature",
      "properties": {
        "@id": "node/34044790",
        "addr:city": "Amersfoort",
        "addr:housenumber": "43",
        "addr:postcode": "3816NR",
        "addr:street": "Euterpeplein",
        "brand": "Albert Heijn",
        "brand:wikidata": "Q1653985",
        "brand:wikipedia": "nl:Albert Heijn (supermarkt)",
        "name": "Albert Heijn",
        "opening_hours": "Mo-Th 08:00-20:00; Fr 08:00-21:00; Sa 08:00-20:00",
        "phone": "+31 33 472 1952",
        "ref": "1317",
        "shop": "supermarket",
        "website": "https://www.ah.nl/winkel/1317"
      },
      "geometry": {
        "type": "Point",
        "coordinates": [
          5.4055491,
          52.1516286
        ]
      },
      "id": "node/34044790"
    },
    {
      "type": "Feature",
      "properties": {
        "@id": "node/34044791",
        "addr:city": "Leusden",
        "addr:housenumber": "9",
        "addr:postcode": "3831NA",
        "addr:street": "'t Erf",
        "brand": "Albert Heijn",
        "brand:wikidata": "Q1653985",
        "brand:wikipedia": "nl:Albert Heijn (supermarkt)",
        "name": "Albert Heijn",
        "opening_hours": "Mo-Sa 08:00-22:00; Su 09:00-21:00",
        "phone": "+31 33 494 2205",
        "ref": "1498",
        "ref:bag": "0327200000275206",
        "shop": "supermarket",
        "source": "BAG",
        "website": "https://www.ah.nl/winkel/1498"
      },
      "geometry": {
        "type": "Point",
        "coordinates": [
          5.4283392,
          52.1307475
        ]
      },
      "id": "node/34044791"
    },
    {
      "type": "Feature",
      "properties": {
        "@id": "node/34044792",
        "addr:city": "Nijkerk",
        "addr:housenumber": "72",
        "addr:postcode": "3862BM",
        "addr:street": "Frieswijkstraat",
        "brand": "Albert Heijn",
        "brand:wikidata": "Q1653985",
        "brand:wikipedia": "nl:Albert Heijn (supermarkt)",
        "name": "Albert Heijn",
        "opening_hours": "Mo-Sa 07:00-22:00; Su 08:00-22:00",
        "phone": "+31 33 245 3332",
        "ref": "8718",
        "shop": "supermarket",
        "website": "https://www.ah.nl/winkel/8718"
      },
      "geometry": {
        "type": "Point",
        "coordinates": [
          5.4779248,
          52.2164853
        ]
      },
      "id": "node/34044792"
    },
    {
      "type": "Feature",
      "properties": {
        "@id": "node/34044793",
        "addr:city": "Barneveld",
        "addr:housenumber": "35",
        "addr:postcode": "3771EP",
        "addr:street": "Burgemeester Kuntzelaan",
        "brand": "Albert Heijn",
        "brand:wikidata": "Q1653985",
        "brand:wikipedia": "nl:Albert Heijn (supermarkt)",
        "name": "Albert Heijn",
        "opening_hours": "Mo-We 08:00-20:00; Th,Fr 08:00-21:00; Sa 08:00-20:00",
        "phone": "+31 342 421 178",
        "ref": "1602",
        "shop": "supermarket",
        "source": "BAG",
        "source:date": "2014-01-22",
        "website": "https://www.ah.nl/winkel/1602",
        "wheelchair": "yes"
      },
      "geometry": {
        "type": "Point",
        "coordinates": [
          5.5898899,
          52.1376729
        ]
      },
      "id": "node/34044793"
    },
    {
      "type": "Feature",
      "properties": {
        "@id": "node/34044796",
        "addr:city": "Amersfoort",
        "addr:housenumber": "92",
        "addr:postcode": "3822BX",
        "addr:street": "Albert Schweitzersingel",
        "brand": "Albert Heijn",
        "brand:wikidata": "Q1653985",
        "brand:wikipedia": "nl:Albert Heijn (supermarkt)",
        "name": "Albert Heijn",
        "opening_hours": "Mo-Th 08:00-20:00; Fr 08:00-21:00; Sa 08:00-19:00",
        "phone": "+31 33 455 0817",
        "ref": "1543",
        "shop": "supermarket",
        "source": "BAG",
        "source:date": "2014-02-11",
        "website": "https://www.ah.nl/winkel/1543"
      },
      "geometry": {
        "type": "Point",
        "coordinates": [
          5.4038861,
          52.1767815
        ]
      },
      "id": "node/34044796"
    },
    {
      "type": "Feature",
      "properties": {
        "@id": "node/34044798",
        "addr:city": "Soest",
        "addr:housenumber": "2",
        "addr:postcode": "3761CM",
        "addr:street": "Burgemeester Grothestraat",
        "brand": "Albert Heijn",
        "brand:wikidata": "Q1653985",
        "brand:wikipedia": "nl:Albert Heijn (supermarkt)",
        "diet:halal": "yes",
        "name": "Albert Heijn",
        "opening_hours": "Mo-Sa 07:00-22:00; Su 10:00-20:00",
        "phone": "+31 35 601 2594",
        "post_office": "yes",
        "ref": "1449",
        "self_checkout": "yes",
        "shop": "supermarket",
        "source": "BAG",
        "source:date": "2019-10-10",
        "website": "https://www.ah.nl/winkel/1449"
      },
      "geometry": {
        "type": "Point",
        "coordinates": [
          5.2936704,
          52.1875528
        ]
      },
      "id": "node/34044798"
    },
    {
      "type": "Feature",
      "properties": {
        "@id": "node/34044804",
        "addr:city": "Baarn",
        "addr:housenumber": "40",
        "addr:postcode": "3741GB",
        "addr:street": "Eemnesserweg",
        "brand": "Albert Heijn",
        "brand:wikidata": "Q1653985",
        "brand:wikipedia": "nl:Albert Heijn (supermarkt)",
        "name": "Albert Heijn",
        "opening_hours": "Mo-Sa 08:00-22:00; Su 08:00-20:00",
        "phone": "+31 35 541 2863",
        "ref": "1025",
        "shop": "supermarket",
        "source": "BAG",
        "source:date": "2014-03-24",
        "website": "https://www.ah.nl/winkel/1025"
      },
      "geometry": {
        "type": "Point",
        "coordinates": [
          5.2860094,
          52.2141255
        ]
      },
      "id": "node/34044804"
    },
    {
      "type": "Feature",
      "properties": {
        "@id": "node/34044849",
        "addr:city": "Harderwijk",
        "addr:housenumber": "2",
        "addr:postcode": "3841GL",
        "addr:street": "Selhorstweg",
        "brand": "Albert Heijn",
        "brand:wikidata": "Q1653985",
        "brand:wikipedia": "nl:Albert Heijn (supermarkt)",
        "name": "Albert Heijn",
        "opening_hours": "Mo-Sa 08:00-22:00; Su 12:00-18:00",
        "phone": "+31 341 415 202",
        "ref": "1211",
        "shop": "supermarket",
        "source": "BAG",
        "source:date": "2014-05-07",
        "website": "https://www.ah.nl/winkel/1211"
      },
      "geometry": {
        "type": "Point",
        "coordinates": [
          5.6230406,
          52.3478915
        ]
      },
      "id": "node/34044849"
    },
    {
      "type": "Feature",
      "properties": {
        "@id": "node/34045123",
        "addr:city": "Ede",
        "addr:housenumber": "16",
        "addr:postcode": "6717AD",
        "addr:street": "Verlengde Blokkenweg",
        "brand": "ALDI",
        "brand:wikidata": "Q41171373",
        "brand:wikipedia": "nl:Aldi",
        "description": "Ede,Verlengde Blokkenweg 16",
        "name": "ALDI",
        "note": "ODBL clean: geen disclaimer/copyright aangetroffen op winkelgegevens Aldi (stand: juni 2012)",
        "operator": "Aldi",
        "shop": "supermarket",
        "source": "BAG",
        "source:date": "2016-03-15"
      },
      "geometry": {
        "type": "Point",
        "coordinates": [
          5.6539373,
          52.0306643
        ]
      },
      "id": "node/34045123"
    },
    {
      "type": "Feature",
      "properties": {
        "@id": "node/34045187",
        "addr:city": "Voorthuizen",
        "addr:housenumber": "12",
        "addr:postcode": "3781GB",
        "addr:street": "Kerkstraat",
        "brand": "ALDI",
        "brand:wikidata": "Q41171373",
        "brand:wikipedia": "nl:Aldi",
        "description": "Voorthuizen,Kerkstraat 12",
        "name": "ALDI",
        "note": "ODBL clean: geen disclaimer/copyright aangetroffen op winkelgegevens Aldi (stand: juni 2012)",
        "shop": "supermarket",
        "source": "BAG",
        "source:date": "2014-02-11"
      },
      "geometry": {
        "type": "Point",
        "coordinates": [
          5.6077547,
          52.1880693
        ]
      },
      "id": "node/34045187"
    },
    {
      "type": "Feature",
      "properties": {
        "@id": "node/34045188",
        "addr:city": "Barneveld",
        "addr:housenumber": "7",
        "addr:postcode": "3772KX",
        "addr:street": "Theaterplein",
        "brand": "ALDI",
        "brand:wikidata": "Q41171373",
        "brand:wikipedia": "nl:Aldi",
        "name": "ALDI",
        "opening_hours": "Mo-Fr 08:00-20:00; Sa 08:00-18:00",
        "shop": "supermarket",
        "source": "BAG",
        "source:date": "2016-10-29",
        "website": "https://www.adli.nl/"
      },
      "geometry": {
        "type": "Point",
        "coordinates": [
          5.5868273,
          52.1357135
        ]
      },
      "id": "node/34045188"
    },
    {
      "type": "Feature",
      "properties": {
        "@id": "node/34045189",
        "addr:city": "Woudenberg",
        "addr:housenumber": "25",
        "addr:postcode": "3931ED",
        "addr:street": "Dorpsstraat",
        "brand": "ALDI",
        "brand:wikidata": "Q41171373",
        "brand:wikipedia": "nl:Aldi",
        "description": "[Woudenberg] Dorpsstraat 25",
        "name": "ALDI",
        "note": "ODBL clean: geen disclaimer/copyright aangetroffen op winkelgegevens Aldi (stand: juni 2012)",
        "shop": "supermarket",
        "source": "BAG",
        "source:date": "2014-05-20"
      },
      "geometry": {
        "type": "Point",
        "coordinates": [
          5.416235,
          52.0825278
        ]
      },
      "id": "node/34045189"
    },
    {
      "type": "Feature",
      "properties": {
        "@id": "node/34045190",
        "brand": "ALDI",
        "brand:website": "https://www.aldi.nl/",
        "brand:wikidata": "Q41171373",
        "brand:wikipedia": "nl:Aldi",
        "description": "Hoogland,Hamseweg 17",
        "name": "ALDI",
        "note": "ODBL clean: geen disclaimer/copyright aangetroffen op winkelgegevens Aldi (stand: juni 2012)",
        "shop": "supermarket"
      },
      "geometry": {
        "type": "Point",
        "coordinates": [
          5.3743307,
          52.1801762
        ]
      },
      "id": "node/34045190"
    },
    {
      "type": "Feature",
      "properties": {
        "@id": "node/34045194",
        "addr:city": "Utrecht",
        "addr:housenumber": "5",
        "addr:postcode": "3561CV",
        "addr:street": "Euterpedreef",
        "brand": "ALDI",
        "brand:website": "https://www.aldi.nl/",
        "brand:wikidata": "Q41171373",
        "brand:wikipedia": "nl:Aldi",
        "check_date:opening_hours": "2025-09-12",
        "name": "ALDI",
        "note": "ODBL clean: geen disclaimer/copyright aangetroffen op winkelgegevens Aldi (stand: juni 2012)",
        "opening_hours": "Mo-Sa 08:00-20:00, Su 10:00-20:00",
        "shop": "supermarket",
        "source": "BAG",
        "source:date": "2014-08-25",
        "website": "https://www.aldi.nl/supermarkt/utrecht/euterpedreef-5/3187628.html",
        "wheelchair": "yes"
      },
      "geometry": {
        "type": "Point",
        "coordinates": [
          5.1285324,
          52.1158159
        ]
      },
      "id": "node/34045194"
    },
    {
      "type": "Feature",
      "properties": {
        "@id": "node/34045208",
        "addr:city": "Ermelo",
        "addr:housenumber": "94",
        "addr:postcode": "3851NL",
        "addr:street": "Stationsstraat",
        "brand": "ALDI",
        "brand:wikidata": "Q41171373",
        "brand:wikipedia": "en:Aldi",
        "description": "Ermelo,Stationsstraat 94",
        "name": "ALDI",
        "note": "ODBL clean: geen disclaimer/copyright aangetroffen op winkelgegevens Aldi (stand: juni 2012)",
        "opening_hours": "Mo-Sa 08:30-18:00; Th,Fr 08:30-20:00",
        "shop": "supermarket",
        "source": "BAG",
        "source:date": "2014-05-31"
      },
      "geometry": {
        "type": "Point",
        "coordinates": [
          5.6194782,
          52.2998556
        ]
      },
      "id": "node/34045208"
    },
    {
      "type": "Feature",
      "properties": {
        "@id": "node/34045210",
        "addr:city": "Baarn",
        "addr:housenumber": "13",
        "addr:postcode": "3743BK",
        "addr:street": "Nieuwstraat",
        "brand": "ALDI",
        "brand:wikidata": "Q41171373",
        "brand:wikipedia": "nl:Aldi",
        "description": "Baarn,Nieuwstraat 13",
        "name": "ALDI",
        "note": "ODBL clean: geen disclaimer/copyright aangetroffen op winkelgegevens Aldi (stand: juni 2012)",
        "opening_hours": "Mo-Sa 08:00-20:00; Su 10:00-17:00",
        "operator": "Aldi",
        "shop": "supermarket",
        "source": "BAG",
        "source:date": "2014-03-24"
      },
      "geometry": {
        "type": "Point",
        "coordinates": [
          5.285105,
          52.2127986
        ]
      },
      "id": "node/34045210"
    },
    {
      "type": "Feature",
      "properties": {
        "@id": "node/34045212",
        "addr:city": "Almere",
        "addr:housenumber": "1A",
        "addr:postcode": "1315LT",
        "addr:street": "Regisseurstraat",
        "brand": "ALDI",
        "brand:website": "https://www.aldi.nl/",
        "brand:wikidata": "Q41171373",
        "brand:wikipedia": "en:Aldi",
        "name": "ALDI",
        "ref": "3187797",
        "shop": "supermarket",
        "source": "BAG",
        "source:date": "2014-03-24",
        "website": "https://www.aldi.nl/supermarkt.html/l/almere/regisseurstraat-1a/3187797"
      },
      "geometry": {
        "type": "Point",
        "coordinates": [
          5.2209126,
          52.374389
        ]
      },
      "id": "node/34045212"
    },
    {
      "type": "Feature",
      "properties": {
        "@id": "node/34045215",
        "addr:city": "Hilversum",
        "addr:housenumber": "23",
        "addr:postcode": "1211BD",
        "addr:street": "Noordse Bosje",
        "brand": "ALDI",
        "brand:wikidata": "Q41171373",
        "brand:wikipedia": "en:Aldi",
        "check_date": "2024-05-23",
        "name": "ALDI",
        "note": "ODBL clean: geen disclaimer/copyright aangetroffen op winkelgegevens Aldi (stand: juni 2012)",
        "shop": "supermarket",
        "source": "BAG",
        "source:date": "2014-05-24"
      },
      "geometry": {
        "type": "Point",
        "coordinates": [
          5.1724025,
          52.2258681
        ]
      },
      "id": "node/34045215"
    },
    {
      "type": "Feature",
      "properties": {
        "@id": "node/34045591",
        "addr:city": "Wijk bij Duurstede",
        "addr:housenumber": "2",
        "addr:postcode": "3961KW",
        "addr:street": "Sluishoofd",
        "branch": "1825",
        "brand": "Albert Heijn",
        "brand:website": "https://www.ah.nl/",
        "brand:wikidata": "Q1653985",
        "brand:wikipedia": "nl:Albert Heijn (supermarkt)",
        "check_date:opening_hours": "2023-07-28",
        "currency:EUR": "yes",
        "internet_access": "wlan",
        "level": "0",
        "name": "Albert Heijn",
        "opening_hours": "Mo-Sa 08:00-22:00; Su 12:30-18:00",
        "payment:Albert_Heijn_giftcard": "yes",
        "payment:Pin": "yes",
        "payment:cash": "yes",
        "phone": "+31 343 594 827",
        "ref": "1825",
        "shop": "supermarket",
        "source": "BAG",
        "source:date": "2019-03-11",
        "toilets": "no",
        "website": "https://www.ah.nl/winkel/1825",
        "wheelchair": "yes"
      },
      "geometry": {
        "type": "Point",
        "coordinates": [
          5.3269784,
          51.9735175
        ]
      },
      "id": "node/34045591"
    },
    {
      "type": "Feature",
      "properties": {
        "@id": "node/34045593",
        "addr:city": "Maurik",
        "addr:housenumber": "54",
        "addr:postcode": "4021EJ",
        "addr:street": "Raadhuisstraat",
        "brand": "Jumbo",
        "brand:website": "https://www.jumbo.com/",
        "brand:wikidata": "Q2262314",
        "brand:wikipedia": "nl:Jumbo Supermarkten",
        "name": "Jumbo",
        "operator": "Jumbo",
        "shop": "supermarket",
        "source": "BAG",
        "source:date": "2014-03-24",
        "wheelchair": "yes"
      },
      "geometry": {
        "type": "Point",
        "coordinates": [
          5.4200418,
          51.9625534
        ]
      },
      "id": "node/34045593"
    },
    {
      "type": "Feature",
      "properties": {
        "@id": "node/34045603",
        "addr:city": "Houten",
        "addr:housenumber": "129",
        "addr:postcode": "3995ED",
        "addr:street": "Spoorhaag",
        "brand": "Jumbo",
        "brand:wikidata": "Q2262314",
        "brand:wikipedia": "nl:Jumbo Supermarkten",
        "check_date": "2024-06-08",
        "name": "Jumbo",
        "opening_hours": "Mo-Fr 08:00-21:00; Sa 08:00-20:00; Su 10:00-18:00",
        "operator": "Sjef van Zijl",
        "phone": "+31 30 635 8787",
        "shop": "supermarket"
      },
      "geometry": {
        "type": "Point",
        "coordinates": [
          5.1683698,
          52.0352441
        ]
      },
      "id": "node/34045603"
    },
    {
      "type": "Feature",
      "properties": {
        "@id": "node/34045604",
        "addr:city": "Utrecht",
        "addr:housenumber": "18",
        "addr:postcode": "3524BP",
        "addr:street": "Hondsrug",
        "branch": "Utrecht - Lunetten",
        "brand": "Hoogvliet",
        "brand:website": "https://www.hoogvliet.com",
        "brand:wikidata": "Q2770647",
        "brand:wikipedia": "nl:Hoogvliet (supermarkt)",
        "name": "Hoogvliet",
        "opening_hours": "Mo-Fr 08:00-21:00; Sa 08:00-20:00; Su 10:00-20:00",
        "phone": "+31 88 4572360",
        "shop": "supermarket",
        "source": "BAG",
        "source:date": "2013-11-26",
        "toilets:wheelchair": "no",
        "website": "https://www.hoogvliet.com/winkelinformatie/utrecht-lunetten",
        "wheelchair": "yes"
      },
      "geometry": {
        "type": "Point",
        "coordinates": [
          5.1363415,
          52.0646544
        ]
      },
      "id": "node/34045604"
    },
    {
      "type": "Feature",
      "properties": {
        "@id": "node/34045607",
        "addr:city": "Nieuwegein",
        "addr:housenumber": "9",
        "addr:postcode": "3432TN",
        "addr:street": "Rapenburgerschans",
        "brand": "Albert Heijn",
        "brand:wikidata": "Q1653985",
        "brand:wikipedia": "nl:Albert Heijn (supermarkt)",
        "description": "[Nieuwegein] Rapenburgerschans 28",
        "name": "Albert Heijn",
        "opening_hours": "Mo-Sa 08:00-22:00; Su 10:00-20:00",
        "phone": "+31 30 600 6010",
        "shop": "supermarket",
        "source": "BAG",
        "source:date": "2014-08-08",
        "website": "https://www.ah.nl/winkel/1869"
      },
      "geometry": {
        "type": "Point",
        "coordinates": [
          5.0918257,
          52.0184831
        ]
      },
      "id": "node/34045607"
    },
    {
      "type": "Feature",
      "properties": {
        "@id": "node/34045609",
        "addr:city": "Nieuwegein",
        "addr:housenumber": "2",
        "addr:postcode": "3434EE",
        "addr:street": "Winkelcentrum Hoogzandveld",
        "brand": "Albert Heijn",
        "brand:wikidata": "Q1653985",
        "brand:wikipedia": "nl:Albert Heijn (supermarkt)",
        "description": "Albert Heijn, Hoogzandveld",
        "name": "Albert Heijn",
        "opening_hours": "Mo-Sa 07:00-21:00; Su 12:00-19:00",
        "phone": "+31 30 606 3200",
        "shop": "supermarket",
        "source": "BAG",
        "source:date": "2014-08-12",
        "website": "https://www.ah.nl/winkel/4054",
        "wheelchair": "yes"
      },
      "geometry": {
        "type": "Point",
        "coordinates": [
          5.0855685,
          52.0055567
        ]
      },
      "id": "node/34045609"
    },
    {
      "type": "Feature",
      "properties": {
        "@id": "node/34045610",
        "addr:city": "Nieuwegein",
        "addr:housenumber": "4A",
        "addr:postcode": "3436JA",
        "addr:street": "Walnootgaarde",
        "branch": "Nieuwegein de Gaarde",
        "brand": "Jumbo",
        "brand:website": "https://www.jumbo.com",
        "brand:wikidata": "Q2262314",
        "brand:wikipedia": "nl:Jumbo Supermarkten",
        "check_date": "2026-01-27",
        "check_date:opening_hours": "2026-01-27",
        "name": "Jumbo",
        "opening_hours": "Mo-Sa 08:00-21:00; Su 10:00-20:00",
        "phone": "+31 30 604 1888",
        "shop": "supermarket",
        "source": "BAG",
        "source:date": "2014-08-11",
        "website": "https://www.jumbo.com/winkel/nieuwegein/jumbo-nieuwegein-de-gaarde"
      },
      "geometry": {
        "type": "Point",
        "coordinates": [
          5.0717717,
          52.0362209
        ]
      },
      "id": "node/34045610"
    },
    {
      "type": "Feature",
      "properties": {
        "@id": "node/34045611",
        "addr:city": "IJsselstein",
        "addr:country": "NL",
        "addr:housenumber": "2",
        "addr:postcode": "3402GB",
        "addr:street": "De Clinckhoeff",
        "branch": "IJsselstein De Clinckhoeff",
        "brand": "Jumbo",
        "brand:website": "https://www.jumbo.com",
        "brand:wikidata": "Q2262314",
        "brand:wikipedia": "nl:Jumbo Supermarkten",
        "name": "Jumbo",
        "opening_hours": "Mo-Sa 08:00-21:00; Su 10:00-19:00",
        "phone": "+31 30 686 8480",
        "shop": "supermarket",
        "website": "https://www.jumbo.com/winkel/ijsselstein/jumbo-ijsselstein-de-clinckhoeff",
        "wheelchair": "yes"
      },
      "geometry": {
        "type": "Point",
        "coordinates": [
          5.04762,
          52.0273
        ]
      },
      "id": "node/34045611"
    },
    {
      "type": "Feature",
      "properties": {
        "@id": "node/34045654",
        "addr:city": "Veenendaal",
        "addr:housenumber": "617",
        "addr:postcode": "3905CT",
        "addr:street": "Prins Willem-Alexanderpark",
        "brand": "Jumbo",
        "brand:website": "https://www.jumbo.com/",
        "brand:wikidata": "Q2262314",
        "brand:wikipedia": "nl:Jumbo Supermarkten",
        "check_date": "2025-09-21",
        "internet_access": "wlan",
        "internet_access:fee": "no",
        "level": "0",
        "name": "Jumbo Veenendaal Huibers",
        "note": "ODBL clean: geen disclaimer/copyright aangetroffen op winkelgegevens C1000 (stand: juni 2012)",
        "opening_hours": "Mo-Sa 07:00-21:00; Su off",
        "payment:cash": "yes",
        "payment:credit_cards": "yes",
        "payment:debit_cards": "yes",
        "shop": "supermarket",
        "source": "BAG",
        "source:date": "2014-03-24",
        "website": "https://www.jumbo.com/content/jumbo-veenendaal-huibers/",
        "wheelchair": "yes"
      },
      "geometry": {
        "type": "Point",
        "coordinates": [
          5.5437768,
          52.0297698
        ]
      },
      "id": "node/34045654"
    },
    {
      "type": "Feature",
      "properties": {
        "@id": "node/34045661",
        "addr:city": "Wageningen",
        "addr:housenumber": "1223",
        "addr:postcode": "6708HZ",
        "addr:street": "Tarthorst",
        "brand": "Jumbo",
        "brand:wikidata": "Q2262314",
        "brand:wikipedia": "nl:Jumbo Supermarkten",
        "check_date": "2026-02-13",
        "internet_access": "wlan",
        "name": "Jumbo",
        "opening_hours": "Mo-Sa 08:00-21:00; Su 09:00-21:00",
        "payment:cash": "yes",
        "payment:credit_cards": "yes",
        "payment:debit_cards": "yes",
        "shop": "supermarket",
        "source": "BAG",
        "source:date": "2014-08-13",
        "website": "https://www.jumbo.com/winkel/jumbo-wageningen-verberne",
        "wheelchair": "yes"
      },
      "geometry": {
        "type": "Point",
        "coordinates": [
          5.6629722,
          51.9786199
        ]
      },
      "id": "node/34045661"
    },
    {
      "type": "Feature",
      "properties": {
        "@id": "node/34045664",
        "addr:city": "Heteren",
        "addr:country": "NL",
        "addr:housenumber": "38",
        "addr:postcode": "6666DL",
        "addr:street": "Beemdhof",
        "brand": "Jumbo",
        "brand:wikidata": "Q2262314",
        "brand:wikipedia": "nl:Jumbo Supermarkten",
        "name": "Jumbo",
        "opening_hours": "Mo-Sa 08:00-20:00",
        "phone": "+31 26 479 0460",
        "shop": "supermarket",
        "website": "https://www.jumbo.com/"
      },
      "geometry": {
        "type": "Point",
        "coordinates": [
          5.7573446,
          51.9592874
        ]
      },
      "id": "node/34045664"
    },
    {
      "type": "Feature",
      "properties": {
        "@id": "node/34045699",
        "addr:city": "Huizen",
        "addr:country": "NL",
        "addr:housenumber": "2",
        "addr:postcode": "1276CJ",
        "addr:street": "Kostmand",
        "branch": "Huizen De Kostmand",
        "brand": "Jumbo",
        "brand:website": "https://www.jumbo.com",
        "brand:wikidata": "Q2262314",
        "brand:wikipedia": "nl:Jumbo Supermarkten",
        "internet_access": "wlan",
        "name": "Jumbo",
        "opening_hours": "Mo-Sa 08:00-21:00; Su 10:00-18:00",
        "phone": "+31 35 528 8810",
        "shop": "supermarket",
        "source": "BAG",
        "source:date": "2014-05-20",
        "website": "https://www.jumbo.com/winkel/huizen/jumbo-huizen-de-kostmand",
        "wheelchair": "yes"
      },
      "geometry": {
        "type": "Point",
        "coordinates": [
          5.2544199,
          52.2919467
        ]
      },
      "id": "node/34045699"
    },
    {
      "type": "Feature",
      "properties": {
        "@id": "node/34045701",
        "addr:city": "Hilversum",
        "addr:country": "NL",
        "addr:housenumber": "45",
        "addr:postcode": "1222NV",
        "addr:street": "Stephensonlaan",
        "branch": "Hilversum Stephensonlaan",
        "brand": "Jumbo",
        "brand:website": "https://www.jumbo.com",
        "brand:wikidata": "Q2262314",
        "brand:wikipedia": "nl:Jumbo Supermarkten",
        "name": "Jumbo",
        "opening_hours": "Mo-Sa 08:00-21:00; Su 09:00-20:00",
        "phone": "+31 35 646 3010",
        "shop": "supermarket",
        "website": "https://www.jumbo.com/winkel/hilversum/jumbo-hilversum-stephensonlaan",
        "wheelchair": "yes"
      },
      "geometry": {
        "type": "Point",
        "coordinates": [
          5.1760665,
          52.2379645
        ]
      },
      "id": "node/34045701"
    },
    {
      "type": "Feature",
      "properties": {
        "@id": "node/34045711",
        "addr:city": "Bunschoten-Spakenburg",
        "addr:housenumber": "1",
        "addr:postcode": "3752NA",
        "addr:street": "Tuinfluiter",
        "brand": "Albert Heijn",
        "brand:wikidata": "Q1653985",
        "brand:wikipedia": "nl:Albert Heijn (supermarkt)",
        "name": "Albert Heijn",
        "opening_hours": "Mo-Sa 07:00-21:00",
        "phone": "+31 33 298 5870",
        "post_office": "post_partner",
        "shop": "supermarket",
        "source": "BAG",
        "source:date": "2014-02-11",
        "website": "https://www.ah.nl/winkel/4003"
      },
      "geometry": {
        "type": "Point",
        "coordinates": [
          5.3653908,
          52.2404435
        ]
      },
      "id": "node/34045711"
    },
    {
      "type": "Feature",
      "properties": {
        "@id": "node/34045713",
        "addr:city": "Baarn",
        "addr:housenumber": "87",
        "addr:postcode": "3743BC",
        "addr:street": "Laanstraat",
        "brand": "Jumbo",
        "brand:wikidata": "Q2262314",
        "brand:wikipedia": "en:Jumbo (supermarket)",
        "name": "Jumbo",
        "opening_hours": "Mo-Sa 07:00-21:00; Su 08:00-20:00",
        "operator": "Jumbo",
        "shop": "supermarket",
        "source": "BAG",
        "source:date": "2014-03-24"
      },
      "geometry": {
        "type": "Point",
        "coordinates": [
          5.2856926,
          52.2118783
        ]
      },
      "id": "node/34045713"
    },
    {
      "type": "Feature",
      "properties": {
        "@id": "node/34045716",
        "addr:city": "Amersfoort",
        "addr:housenumber": "21",
        "addr:postcode": "3824EE",
        "addr:street": "Zonnewijzer",
        "brand": "Jumbo",
        "brand:wikidata": "Q2262314",
        "brand:wikipedia": "en:Jumbo (supermarket)",
        "name": "Jumbo",
        "shop": "supermarket",
        "source": "BAG",
        "source:date": "2014-02-11",
        "wheelchair": "yes"
      },
      "geometry": {
        "type": "Point",
        "coordinates": [
          5.37647,
          52.1993156
        ]
      },
      "id": "node/34045716"
    },
    {
      "type": "Feature",
      "properties": {
        "@id": "node/34045720",
        "addr:city": "Maartensdijk",
        "addr:housenumber": "31",
        "addr:postcode": "3738GM",
        "addr:street": "Maertensplein",
        "brand": "Jumbo",
        "brand:website": "https://www.jumbo.com/",
        "brand:wikidata": "Q2262314",
        "brand:wikipedia": "nl:Jumbo Supermarkten",
        "name": "Jumbo",
        "shop": "supermarket",
        "source": "BAG",
        "source:date": "2014-08-07",
        "wheelchair": "limited"
      },
      "geometry": {
        "type": "Point",
        "coordinates": [
          5.1766002,
          52.1555698
        ]
      },
      "id": "node/34045720"
    },
    {
      "type": "Feature",
      "properties": {
        "@id": "node/34045721",
        "addr:city": "Zeist",
        "addr:housenumber": "94-96",
        "addr:street": "Johan van Oldenbarneveltlaan",
        "brand": "Jumbo",
        "brand:wikidata": "Q2262314",
        "brand:wikipedia": "nl:Jumbo Supermarkten",
        "description": "C1000, A. van Ek, Zeist",
        "name": "Jumbo",
        "note": "ODBL clean: geen disclaimer/copyright aangetroffen op winkelgegevens C1000 (stand: juni 2012)",
        "opening_hours": "Mo-Sa 08:00-21:00; Su 12:00-18:00",
        "shop": "supermarket",
        "wheelchair": "yes"
      },
      "geometry": {
        "type": "Point",
        "coordinates": [
          5.2398348,
          52.0982015
        ]
      },
      "id": "node/34045721"
    },
    {
      "type": "Feature",
      "properties": {
        "@id": "node/34045778",
        "addr:city": "Harderwijk",
        "addr:housenumber": "20",
        "addr:postcode": "3842HB",
        "addr:street": "P.C. Hooftplein",
        "brand": "ALDI",
        "brand:wikidata": "Q41171373",
        "brand:wikipedia": "en:Aldi",
        "name": "ALDI",
        "note": "ODBL clean: geen disclaimer/copyright aangetroffen op winkelgegevens Aldi (stand: juni 2012)",
        "opening_hours": "Mo-Sa 08:30-18:00; Th,Fr 08:30-20:00",
        "shop": "supermarket",
        "source": "BAG",
        "source:date": "2014-05-07"
      },
      "geometry": {
        "type": "Point",
        "coordinates": [
          5.6350146,
          52.3431452
        ]
      },
      "id": "node/34045778"
    },
    {
      "type": "Feature",
      "properties": {
        "@id": "node/34045779",
        "addr:city": "Harderwijk",
        "addr:housenumber": "3",
        "addr:postcode": "3844HR",
        "addr:street": "Achterste Wei",
        "branch": "Harderwijk Stadsweiden",
        "brand": "Jumbo",
        "brand:website": "https://www.jumbo.com",
        "brand:wikidata": "Q2262314",
        "brand:wikipedia": "nl:Jumbo Supermarkten",
        "name": "Jumbo",
        "opening_hours": "Mo-Sa 08:00-21:00; Su 12:00-18:00",
        "phone": "+31 341 467060",
        "shop": "supermarket",
        "source": "BAG",
        "source:date": "2014-05-07",
        "website": "https://www.jumbo.com/winkel/harderwijk/jumbo-harderwijk-stadsweiden"
      },
      "geometry": {
        "type": "Point",
        "coordinates": [
          5.6080469,
          52.3364958
        ]
      },
      "id": "node/34045779"
    },
    {
      "type": "Feature",
      "properties": {
        "@id": "node/34045780",
        "addr:city": "Harderwijk",
        "addr:housenumber": "83",
        "addr:postcode": "3845GD",
        "addr:street": "Triasplein",
        "branch": "Harderwijk Drielanden",
        "brand": "Jumbo",
        "brand:website": "https://www.jumbo.com",
        "brand:wikidata": "Q2262314",
        "brand:wikipedia": "nl:Jumbo Supermarkten",
        "name": "Jumbo",
        "opening_hours": "Mo-Sa 07:00-21:00; Su 12:00-18:00",
        "phone": "+31 341 411090",
        "shop": "supermarket",
        "source": "BAG",
        "source:date": "2014-05-07",
        "website": "https://www.jumbo.com/winkel/harderwijk/jumbo-harderwijk-drielanden",
        "wheelchair": "yes"
      },
      "geometry": {
        "type": "Point",
        "coordinates": [
          5.6011444,
          52.3247694
        ]
      },
      "id": "node/34045780"
    },
    {
      "type": "Feature",
      "properties": {
        "@id": "node/34045788",
        "addr:city": "Almere",
        "addr:housenumber": "9",
        "addr:postcode": "1323LP",
        "addr:street": "Rimsky-Korssakovweg",
        "brand": "Albert Heijn",
        "brand:website": "https://www.ah.nl/",
        "brand:wikidata": "Q1653985",
        "brand:wikipedia": "nl:Albert Heijn (supermarkt)",
        "description": "Almere-stad",
        "name": "Albert Heijn",
        "opening_hours": "Mo,Tu,We,Th,Fr,Sa 07:00-21:00; Su 08:00-21:00",
        "phone": "+31 36 546 8698",
        "ref": "1805",
        "shop": "supermarket",
        "website": "https://www.ah.nl/winkel/1805"
      },
      "geometry": {
        "type": "Point",
        "coordinates": [
          5.190668,
          52.3669011
        ]
      },
      "id": "node/34045788"
    },
    {
      "type": "Feature",
      "properties": {
        "@id": "node/34045793",
        "addr:city": "Almere",
        "addr:housenumber": "250",
        "addr:postcode": "1356AZ",
        "addr:street": "Jaagmeent",
        "branch": "Almere-Haven Jaagmeent",
        "brand": "Jumbo",
        "brand:website": "https://www.jumbo.com",
        "brand:wikidata": "Q2262314",
        "brand:wikipedia": "nl:Jumbo Supermarkten",
        "name": "Jumbo",
        "opening_hours": "Mo-Sa 08:00-21:00; Su 09:00-20:00",
        "phone": "+31 36 5359370",
        "shop": "supermarket",
        "source": "BAG",
        "source:date": "2014-03-24",
        "website": "https://www.jumbo.com/winkel/almere-haven/jumbo-almerehaven-jaagmeent"
      },
      "geometry": {
        "type": "Point",
        "coordinates": [
          5.2318837,
          52.3366939
        ]
      },
      "id": "node/34045793"
    },
    {
      "type": "Feature",
      "properties": {
        "@id": "node/34045951",
        "addr:city": "Utrecht",
        "addr:housenumber": "181",
        "addr:postcode": "3564CB",
        "addr:street": "Zambesidreef",
        "brand": "Dirk",
        "brand:wikidata": "Q17502722",
        "brand:wikipedia": "nl:Dirk (supermarkt)",
        "name": "Dirk",
        "old_name": "Dirk van den Broek",
        "opening_hours": "Mo-We, Sa 08:00-20:00; Th-Fr 08:00-21:00; Su 10:00-19:00",
        "phone": "+31 88 3134530",
        "shop": "supermarket",
        "source": "BAG",
        "source:date": "2014-08-25",
        "toilets:wheelchair": "no",
        "website": "https://www.dirk.nl/winkels/utrecht/zambesidreef/56",
        "wheelchair": "yes"
      },
      "geometry": {
        "type": "Point",
        "coordinates": [
          5.1093679,
          52.1208262
        ]
      },
      "id": "node/34045951"
    },
    {
      "type": "Feature",
      "properties": {
        "@id": "node/34045962",
        "brand": "Dirk",
        "brand:wikidata": "Q17502722",
        "brand:wikipedia": "en:Dirk (supermarket)",
        "name": "Dirk",
        "note": "ODBL clean: geen disclaimer/copyright aangetroffen op winkelgegevens Dirk (stand: juni 2012)",
        "old_name": "Dirk van den Broek",
        "opening_hours": "Mo-Sa 08:00-21:00; Su 10:00-19:00",
        "shop": "supermarket"
      },
      "geometry": {
        "type": "Point",
        "coordinates": [
          5.3784547,
          52.1583304
        ]
      },
      "id": "node/34045962"
    },
    {
      "type": "Feature",
      "properties": {
        "@id": "node/34046023",
        "addr:city": "Ede",
        "addr:housenumber": "45",
        "addr:postcode": "6716RH",
        "addr:street": "Stadspoort",
        "brand": "Jumbo",
        "brand:wikidata": "Q2262314",
        "brand:wikipedia": "en:Jumbo (supermarket)",
        "name": "Jumbo",
        "shop": "supermarket",
        "source": "BAG",
        "source:date": "2014-03-24",
        "takeaway": "yes"
      },
      "geometry": {
        "type": "Point",
        "coordinates": [
          5.649202,
          52.0175741
        ]
      },
      "id": "node/34046023"
    },
    {
      "type": "Feature",
      "properties": {
        "@id": "node/34046063",
        "addr:city": "Scherpenzeel",
        "addr:country": "NL",
        "addr:housenumber": "11",
        "addr:postcode": "3925JN",
        "addr:street": "Marktstraat",
        "name": "ALDI",
        "shop": "supermarket",
        "source": "BAG",
        "source:date": "2014-02-11",
        "website": "https://www.aldi.nl/Aldi-vernieuwt/scherpenzeel.html"
      },
      "geometry": {
        "type": "Point",
        "coordinates": [
          5.4897937,
          52.08065
        ]
      },
      "id": "node/34046063"
    },
    {
      "type": "Feature",
      "properties": {
        "@id": "node/34046112",
        "addr:city": "Wageningen",
        "addr:housenumber": "3",
        "addr:postcode": "6702EC",
        "addr:street": "De Arc",
        "branch": "Wageningen",
        "brand": "Hoogvliet",
        "brand:website": "https://www.hoogvliet.com",
        "brand:wikidata": "Q2770647",
        "brand:wikipedia": "nl:Hoogvliet (supermarkt)",
        "check_date": "2025-09-17",
        "level": "0",
        "name": "Hoogvliet",
        "opening_hours": "Mo-Sa 08:00-21:00; Su 09:00-21:00",
        "payment:cash": "yes",
        "payment:credit_cards": "yes",
        "payment:debit_cards": "yes",
        "phone": "+31 88 4572520",
        "shop": "supermarket",
        "source": "BAG",
        "source:date": "2014-08-12",
        "website": "https://www.hoogvliet.com/winkelinformatie/wageningen",
        "wheelchair": "yes"
      },
      "geometry": {
        "type": "Point",
        "coordinates": [
          5.6573297,
          51.9653184
        ]
      },
      "id": "node/34046112"
    },
    {
      "type": "Feature",
      "properties": {
        "@id": "node/34046129",
        "addr:city": "Hilversum",
        "addr:housenumber": "16",
        "addr:postcode": "1215NA",
        "addr:street": "Admiraal de Ruyterlaan",
        "branch": "Hilversum - Adm de Ruijterlaan",
        "brand": "Hoogvliet",
        "brand:website": "https://www.hoogvliet.com",
        "brand:wikidata": "Q2770647",
        "brand:wikipedia": "nl:Hoogvliet (supermarkt)",
        "name": "Hoogvliet",
        "opening_hours": "Mo-Sa 08:00-20:00; Su 12:00-18:00",
        "phone": "+31 88 4572680",
        "shop": "supermarket",
        "website": "https://www.hoogvliet.com/winkelinformatie/hilversum-adm-de-ruijterlaan"
      },
      "geometry": {
        "type": "Point",
        "coordinates": [
          5.1569082,
          52.2107166
        ]
      },
      "id": "node/34046129"
    },
    {
      "type": "Feature",
      "properties": {
        "@id": "node/34046130",
        "addr:city": "Hilversum",
        "addr:housenumber": "7",
        "addr:postcode": "1211CX",
        "addr:street": "Groest",
        "branch": "Hilversum - Markt",
        "brand": "Hoogvliet",
        "brand:website": "https://www.hoogvliet.com",
        "brand:wikidata": "Q2770647",
        "brand:wikipedia": "nl:Hoogvliet (supermarkt)",
        "check_date": "2024-06-15",
        "name": "Hoogvliet",
        "opening_hours": "Mo-Sa 08:00-20:00; Su 12:00-19:00",
        "phone": "+31 88 4572690",
        "shop": "supermarket",
        "source": "BAG",
        "source:date": "2017-05-08",
        "website": "https://www.hoogvliet.com/winkelinformatie/hilversum-markt",
        "wheelchair": "yes"
      },
      "geometry": {
        "type": "Point",
        "coordinates": [
          5.1784584,
          52.2264025
        ]
      },
      "id": "node/34046130"
    },
    {
      "type": "Feature",
      "properties": {
        "@id": "node/34046133",
        "addr:city": "Amersfoort",
        "addr:housenumber": "9",
        "addr:postcode": "3814BA",
        "addr:street": "Neptunusplein",
        "branch": "Amersfoort - Neptunusplein",
        "brand": "Hoogvliet",
        "brand:website": "https://www.hoogvliet.com",
        "brand:wikidata": "Q2770647",
        "brand:wikipedia": "nl:Hoogvliet (supermarkt)",
        "check_date": "2025-11-24",
        "check_date:diet:gluten_free": "2025-11-24",
        "check_date:opening_hours": "2025-09-11",
        "diet:gluten_free": "yes",
        "name": "Hoogvliet",
        "opening_hours": "Mo-We,Sa 08:00-20:00; Th-Fr 08:00-21:00; Su 10:00-19:00",
        "payment:cash": "yes",
        "phone": "+31 88 4572700",
        "shop": "supermarket",
        "source": "BAG",
        "source:date": "2014-02-11",
        "website": "https://www.hoogvliet.com/winkelinformatie/amersfoort-neptunusplein",
        "wheelchair": "yes"
      },
      "geometry": {
        "type": "Point",
        "coordinates": [
          5.3990978,
          52.1618968
        ]
      },
      "id": "node/34046133"
    },
    {
      "type": "Feature",
      "properties": {
        "@id": "node/34046135",
        "addr:city": "Hilversum",
        "addr:housenumber": "13",
        "addr:postcode": "1223DE",
        "addr:street": "Seinstraat",
        "brand": "Albert Heijn",
        "brand:wikidata": "Q1653985",
        "brand:wikipedia": "nl:Albert Heijn (supermarkt)",
        "description": "Hoogvliet Hilversum",
        "name": "Albert Heijn",
        "note": "ODBL clean: geen disclaimer/copyright aangetroffen op winkelgegevens Hoogvliet (stand: juni 2012)",
        "opening_hours": "Mo-Sa 08:00-22:00; Su 11:00-19:00",
        "phone": "+31 35 685 3058",
        "ref": "1312",
        "shop": "supermarket",
        "website": "https://www.ah.nl/winkel/1312",
        "wheelchair": "yes"
      },
      "geometry": {
        "type": "Point",
        "coordinates": [
          5.1916937,
          52.2323415
        ]
      },
      "id": "node/34046135"
    },
    {
      "type": "Feature",
      "properties": {
        "@id": "node/34046136",
        "addr:city": "Soest",
        "addr:housenumber": "491",
        "addr:postcode": "3762GP",
        "addr:street": "Wiardi Beckmanstraat",
        "branch": "Soest",
        "brand": "Hoogvliet",
        "brand:wikidata": "Q2770647",
        "brand:wikipedia": "nl:Hoogvliet (supermarkt)",
        "name": "Hoogvliet",
        "opening_hours": "Mo-Th,Sa 08:00-20:00; Fr 08:00-21:00; Su 10:00-19:00",
        "phone": "+31 88 4572790",
        "shop": "supermarket",
        "source": "BAG",
        "source:date": "2014-03-24",
        "website": "https://www.hoogvliet.com/winkelinformatie/soest"
      },
      "geometry": {
        "type": "Point",
        "coordinates": [
          5.2825045,
          52.1751976
        ]
      },
      "id": "node/34046136"
    },
    {
      "type": "Feature",
      "properties": {
        "@id": "node/34046470",
        "addr:city": "Arnhem",
        "addr:housenumber": "109",
        "addr:postcode": "6814GC",
        "addr:street": "Amsterdamseweg",
        "branch": "Amsterdamseweg",
        "brand": "Lidl",
        "brand:website": "https://www.lidl.nl/",
        "brand:wikidata": "Q151954",
        "brand:wikipedia": "nl:Lidl",
        "name": "Lidl",
        "opening_hours": "Mo-Sa 08:00-21:00; Su 10:00-20:00",
        "operator": "Lidl Nederland GmbH",
        "shop": "supermarket",
        "source": "BAG",
        "source:date": "2014-02-11",
        "website": "https://www.lidl.nl/s/nl-NL/filialen/arnhem/amsterdamseweg-109/",
        "wheelchair": "yes"
      },
      "geometry": {
        "type": "Point",
        "coordinates": [
          5.8933022,
          51.9881803
        ]
      },
      "id": "node/34046470"
    },
    {
      "type": "Feature",
      "properties": {
        "@id": "node/34046471",
        "addr:city": "Arnhem",
        "addr:country": "NL",
        "addr:housenumber": "33",
        "addr:postcode": "6814GB",
        "addr:street": "Amsterdamseweg",
        "branch": "Arnhem Amsterdamseweg",
        "brand": "Jumbo",
        "brand:website": "https://www.jumbo.com",
        "brand:wikidata": "Q2262314",
        "brand:wikipedia": "nl:Jumbo Supermarkten",
        "name": "Jumbo",
        "opening_hours": "Mo-Sa 08:00-21:00; Su 10:00-20:00",
        "phone": "+31 26 3552160",
        "shop": "supermarket",
        "source": "BAG",
        "source:date": "2014-02-11;2022-11-11",
        "website": "https://www.jumbo.com/winkel/arnhem/jumbo-arnhem-amsterdamseweg",
        "wheelchair": "yes"
      },
      "geometry": {
        "type": "Point",
        "coordinates": [
          5.8941436,
          51.9880983
        ]
      },
      "id": "node/34046471"
    },
    {
      "type": "Feature",
      "properties": {
        "@id": "node/34046493",
        "addr:city": "Utrecht",
        "addr:housenumber": "383",
        "addr:postcode": "3544EC",
        "addr:street": "Verlengde Houtrakgracht",
        "brand": "Lidl",
        "brand:website": "https://www.lidl.nl/",
        "brand:wikidata": "Q151954",
        "brand:wikipedia": "nl:Lidl",
        "name": "Lidl",
        "shop": "supermarket",
        "source": "BAG",
        "source:date": "2014-02-11"
      },
      "geometry": {
        "type": "Point",
        "coordinates": [
          5.0549257,
          52.0877038
        ]
      },
      "id": "node/34046493"
    },
    {
      "type": "Feature",
      "properties": {
        "@id": "node/34046499",
        "addr:city": "Zeist",
        "addr:housenumber": "151",
        "addr:postcode": "3702SJ",
        "addr:street": "Van Reenenweg",
        "brand": "Lidl",
        "brand:website": "https://www.lidl.nl/",
        "brand:wikidata": "Q151954",
        "brand:wikipedia": "nl:Lidl",
        "name": "Lidl",
        "opening_hours": "Mo-Fr 08:00-21:00; Sa 08:00-20:00; Su 12:00-18:00",
        "operator": "Lidl Nederland GmbH",
        "shop": "supermarket",
        "source": "BAG",
        "source:date": "2019-10-17",
        "website": "https://www.lidl.nl/s/nl-NL/filialen/zeist/van-reenenweg-151/",
        "wheelchair": "yes"
      },
      "geometry": {
        "type": "Point",
        "coordinates": [
          5.2391648,
          52.0913201
        ]
      },
      "id": "node/34046499"
    },
    {
      "type": "Feature",
      "properties": {
        "@id": "node/34046547",
        "addr:city": "Ermelo",
        "addr:housenumber": "4",
        "addr:postcode": "3851MJ",
        "addr:street": "Garsteland",
        "brand": "Lidl",
        "brand:website": "https://www.lidl.nl/",
        "brand:wikidata": "Q151954",
        "brand:wikipedia": "nl:Lidl",
        "name": "Lidl",
        "opening_hours": "Mo-Sa 08:00-21:00; Su 12:00-18:00",
        "operator": "Lidl Nederland GmbH",
        "shop": "supermarket",
        "website": "https://www.lidl.nl/s/nl-NL/filialen/ermelo/garsteland-4/"
      },
      "geometry": {
        "type": "Point",
        "coordinates": [
          5.6251103,
          52.2998652
        ]
      },
      "id": "node/34046547"
    },
    {
      "type": "Feature",
      "properties": {
        "@id": "node/34046553",
        "addr:city": "Zeewolde",
        "addr:housenumber": "27",
        "addr:postcode": "3891GH",
        "addr:street": "Gouwzee",
        "brand": "Lidl",
        "brand:website": "https://www.lidl.nl/",
        "brand:wikidata": "Q151954",
        "brand:wikipedia": "nl:Lidl",
        "name": "Lidl",
        "opening_hours": "Mo-Fr 08:00-21:00; Sa 07:00-21:00; Su 13:00-20:00",
        "operator": "Lidl Nederland GmbH",
        "shop": "supermarket",
        "source": "BAG",
        "source:date": "2014-05-07",
        "website": "https://www.lidl.nl/s/nl-NL/filialen/zeewolde/gouwzee-27/"
      },
      "geometry": {
        "type": "Point",
        "coordinates": [
          5.540254,
          52.3313041
        ]
      },
      "id": "node/34046553"
    },
    {
      "type": "Feature",
      "properties": {
        "@id": "node/34046569",
        "addr:city": "Nunspeet",
        "addr:housenumber": "10",
        "addr:postcode": "8071CB",
        "addr:street": "Haverkamp",
        "brand": "Lidl",
        "brand:website": "https://www.lidl.nl/",
        "brand:wikidata": "Q151954",
        "brand:wikipedia": "nl:Lidl",
        "check_date:opening_hours": "2026-05-16",
        "name": "Lidl",
        "opening_hours": "Mo-Sa 08:00-21:00",
        "operator": "Lidl Nederland GmbH",
        "shop": "supermarket",
        "source": "BAG",
        "source:date": "2014-05-24",
        "website": "https://www.lidl.nl/s/nl-NL/filialen/nunspeet/haverkamp-10/"
      },
      "geometry": {
        "type": "Point",
        "coordinates": [
          5.7812543,
          52.3753621
        ]
      },
      "id": "node/34046569"
    },
    {
      "type": "Feature",
      "properties": {
        "@id": "node/296314713",
        "addr:city": "Amersfoort",
        "addr:housenumber": "261",
        "addr:postcode": "3815GK",
        "addr:street": "Wiekslag",
        "brand": "Jumbo",
        "brand:website": "https://www.jumbo.com/",
        "brand:wikidata": "Q2262314",
        "brand:wikipedia": "nl:Jumbo Supermarkten",
        "name": "Jumbo",
        "phone": "+31 33 479 2070",
        "shop": "supermarket",
        "wheelchair": "yes"
      },
      "geometry": {
        "type": "Point",
        "coordinates": [
          5.4087201,
          52.1664755
        ]
      },
      "id": "node/296314713"
    },
    {
      "type": "Feature",
      "properties": {
        "@id": "node/318355265",
        "addr:city": "Amersfoort",
        "addr:housenumber": "4",
        "addr:postcode": "3817CH",
        "addr:street": "Arnhemseweg",
        "brand": "PLUS",
        "brand:wikidata": "Q1978981",
        "brand:wikipedia": "nl:PLUS (Nederlandse supermarkt)",
        "name": "PLUS",
        "opening_hours": "Mo-Su 08:00-22:00",
        "phone": "+31 33 448 1060",
        "shop": "supermarket",
        "website": "https://www.plus.nl/"
      },
      "geometry": {
        "type": "Point",
        "coordinates": [
          5.3861397,
          52.1521369
        ]
      },
      "id": "node/318355265"
    },
    {
      "type": "Feature",
      "properties": {
        "@id": "node/343510708",
        "addr:city": "Utrecht",
        "addr:housenumber": "200",
        "addr:postcode": "3521GZ",
        "addr:street": "Vondellaan",
        "brand": "Albert Heijn",
        "brand:website": "https://www.ah.nl/",
        "brand:wikidata": "Q1653985",
        "brand:wikipedia": "nl:Albert Heijn (supermarkt)",
        "check_date": "2026-04-10",
        "name": "Albert Heijn",
        "opening_hours": "Mo-Sa 08:00-22:00; Su 10:00-22:00",
        "phone": "+31 30 289 8429",
        "ref": "1527",
        "shop": "supermarket",
        "toilets:wheelchair": "no",
        "website": "https://www.ah.nl/winkel/1527",
        "wheelchair": "yes"
      },
      "geometry": {
        "type": "Point",
        "coordinates": [
          5.1156766,
          52.0780365
        ]
      },
      "id": "node/343510708"
    },
    {
      "type": "Feature",
      "properties": {
        "@id": "node/344455943",
        "addr:city": "Utrecht",
        "addr:housenumber": "349",
        "addr:postcode": "3544EB",
        "addr:street": "Verlengde Houtrakgracht",
        "brand": "Jumbo",
        "brand:website": "https://www.jumbo.com/",
        "brand:wikidata": "Q2262314",
        "brand:wikipedia": "nl:Jumbo Supermarkten",
        "check_date": "2025-08-13",
        "check_date:opening_hours": "2025-08-13",
        "internet_access": "wlan",
        "internet_access:fee": "no",
        "name": "Jumbo",
        "note": "Winkelgegevens van website Jumbo mogen in OSM onder ODbL gebruikt worden (toestemming ontvangen op 15-6-2012)",
        "opening_hours": "Mo-Sa 08:00-21:00; Su 09:00-21:00",
        "phone": "+31 30 670 2060",
        "shop": "supermarket",
        "source": "BAG",
        "source:date": "2014-02-11",
        "website": "https://www.jumbo.com/winkel/utrecht/jumbo-utrecht-verlengde-houtrakgracht"
      },
      "geometry": {
        "type": "Point",
        "coordinates": [
          5.055082,
          52.0875837
        ]
      },
      "id": "node/344455943"
    },
    {
      "type": "Feature",
      "properties": {
        "@id": "node/387225728",
        "addr:city": "Utrecht",
        "addr:country": "NL",
        "addr:housenumber": "2",
        "addr:postcode": "3532AE",
        "addr:street": "Steenovenweg",
        "branch": "Utrecht - Steenovenweg",
        "brand": "Hoogvliet",
        "brand:website": "https://www.hoogvliet.com",
        "brand:wikidata": "Q2770647",
        "check_date": "2025-11-21",
        "check_date:opening_hours": "2025-11-21",
        "drink:beer": "yes",
        "drink:wine": "yes",
        "name": "Hoogvliet",
        "opening_hours": "Mo-Sa 08:00-21:00; Su 10:00-20:00",
        "phone": "+31 88 4572830",
        "ref": "830",
        "shop": "supermarket",
        "source": "BAG",
        "source:date": "2025-06-16",
        "website": "https://www.hoogvliet.com/winkelinformatie/steenovenweg"
      },
      "geometry": {
        "type": "Point",
        "coordinates": [
          5.0834937,
          52.0956541
        ]
      },
      "id": "node/387225728"
    },
    {
      "type": "Feature",
      "properties": {
        "@id": "node/426873239",
        "addr:city": "Arnhem",
        "addr:housenumber": "86",
        "addr:postcode": "6831ER",
        "addr:street": "Kronenburgpassage",
        "brand": "Albert Heijn XL",
        "brand:wikidata": "Q78163765",
        "internet_access": "wlan",
        "layer": "1",
        "level": "1",
        "name": "Albert Heijn XL",
        "opening_hours": "Mo-Su 08:00-22:00",
        "phone": "+31 26 320 3100",
        "shop": "supermarket",
        "website": "https://www.ah.nl/winkel/1397",
        "wheelchair": "yes"
      },
      "geometry": {
        "type": "Point",
        "coordinates": [
          5.8972987,
          51.9592874
        ]
      },
      "id": "node/426873239"
    },
    {
      "type": "Feature",
      "properties": {
        "@id": "node/426873242",
        "addr:city": "Oosterbeek",
        "addr:housenumber": "1",
        "addr:postcode": "6861GR",
        "addr:street": "Pastoor Bruggemanlaan",
        "brand": "Albert Heijn",
        "brand:website": "https://www.ah.nl/",
        "brand:wikidata": "Q1653985",
        "brand:wikipedia": "nl:Albert Heijn (supermarkt)",
        "facebook": "https://www.facebook.com/albertheijn",
        "name": "Albert Heijn",
        "opening_hours": "Mo-Th 08:00-20:00; Fr 08:00-21:00; Sa 08:00-20:00; Su 12:00-19:00",
        "phone": "+31 26 333 3634",
        "ref": "1140",
        "shop": "supermarket",
        "source": "local knowledge;BAG",
        "source:date": "2014-08-13",
        "toilets:wheelchair": "no",
        "twitter": "https://twitter.com/albertheijn",
        "website": "https://www.ah.nl/winkel/1140",
        "wheelchair": "yes"
      },
      "geometry": {
        "type": "Point",
        "coordinates": [
          5.8432554,
          51.9876711
        ]
      },
      "id": "node/426873242"
    },
    {
      "type": "Feature",
      "properties": {
        "@id": "node/428595114",
        "addr:city": "Blaricum",
        "addr:housenumber": "8",
        "addr:postcode": "1261AW",
        "addr:street": "Huizerweg",
        "brand": "Albert Heijn",
        "brand:wikidata": "Q1653985",
        "brand:wikipedia": "nl:Albert Heijn (supermarkt)",
        "name": "Albert Heijn",
        "opening_hours": "Mo-Fr 08:00-21:00; Sa 08:00-20:00; Su 12:00-18:00",
        "phone": "+31 35 538 6006",
        "ref": "8513",
        "shop": "supermarket",
        "source": "BAG",
        "source:date": "2014-05-20",
        "website": "https://www.ah.nl/winkel/8513",
        "wheelchair": "yes"
      },
      "geometry": {
        "type": "Point",
        "coordinates": [
          5.2435516,
          52.273445
        ]
      },
      "id": "node/428595114"
    },
    {
      "type": "Feature",
      "properties": {
        "@id": "node/428595115",
        "addr:city": "Laren",
        "addr:housenumber": "2",
        "addr:postcode": "1251RN",
        "addr:street": "Zevenend",
        "brand": "Albert Heijn",
        "brand:website": "https://www.ah.nl/",
        "brand:wikidata": "Q1653985",
        "brand:wikipedia": "nl:Albert Heijn (supermarkt)",
        "name": "Albert Heijn",
        "opening_hours": "Mo-We 08:00-20:00; Th,Fr 08:00-21:00; Sa 08:00-20:00; Su 12:00-18:00; PH off",
        "phone": "+31 35 531 5856",
        "ref": "1048",
        "shop": "supermarket",
        "source": "BAG",
        "source:date": "2019-10-03",
        "website": "https://www.ah.nl/winkel/1048"
      },
      "geometry": {
        "type": "Point",
        "coordinates": [
          5.2266306,
          52.2543087
        ]
      },
      "id": "node/428595115"
    },
    {
      "type": "Feature",
      "properties": {
        "@id": "node/428595116",
        "addr:city": "Bussum",
        "addr:housenumber": "88",
        "addr:postcode": "1403EH",
        "addr:street": "Koekoeklaan",
        "brand": "Albert Heijn",
        "brand:wikidata": "Q1653985",
        "brand:wikipedia": "nl:Albert Heijn (supermarkt)",
        "name": "Albert Heijn",
        "opening_hours": "Mo-Sa 08:00-22:00; Su 09:00-20:00",
        "phone": "+31 35 691 4030",
        "ref": "1098",
        "shop": "supermarket",
        "website": "https://www.ah.nl/winkel/1098"
      },
      "geometry": {
        "type": "Point",
        "coordinates": [
          5.1836926,
          52.2681927
        ]
      },
      "id": "node/428595116"
    },
    {
      "type": "Feature",
      "properties": {
        "@id": "node/428595118",
        "addr:city": "Bussum",
        "addr:housenumber": "20",
        "addr:postcode": "1404CH",
        "addr:street": "Veerstraat",
        "brand": "Albert Heijn",
        "brand:wikidata": "Q1653985",
        "brand:wikipedia": "nl:Albert Heijn (supermarkt)",
        "name": "Albert Heijn",
        "opening_hours": "Mo-Sa 08:00-21:00; Su 12:00-18:00",
        "phone": "+31 35 693 7130",
        "ref": "1404",
        "shop": "supermarket",
        "source": "BAG",
        "source:date": "2018-05-08",
        "website": "https://www.ah.nl/winkel/1404"
      },
      "geometry": {
        "type": "Point",
        "coordinates": [
          5.1608898,
          52.2760594
        ]
      },
      "id": "node/428595118"
    },
    {
      "type": "Feature",
      "properties": {
        "@id": "node/428595122",
        "addr:city": "Nederhorst den Berg",
        "addr:housenumber": "10",
        "addr:postcode": "1394CS",
        "addr:street": "Voorstraat",
        "brand": "Albert Heijn",
        "brand:website": "https://www.ah.nl/",
        "brand:wikidata": "Q1653985",
        "brand:wikipedia": "nl:Albert Heijn (supermarkt)",
        "name": "Albert Heijn",
        "opening_hours": "Mo-Sa 08:00-21:00; Su 12:00-18:00",
        "payment:cash": "yes",
        "payment:maestro": "yes",
        "phone": "+31 294 251 279",
        "ref": "1326",
        "shop": "supermarket",
        "source": "BAG",
        "source:date": "2019-12-08",
        "website": "https://www.ah.nl/winkel/1326"
      },
      "geometry": {
        "type": "Point",
        "coordinates": [
          5.0449437,
          52.264176
        ]
      },
      "id": "node/428595122"
    },
    {
      "type": "Feature",
      "properties": {
        "@id": "node/428595123",
        "addr:city": "Kortenhoef",
        "addr:housenumber": "2",
        "addr:postcode": "1241XZ",
        "addr:street": "Curtevenneweg",
        "branch": "Kortenhoef Curtevenneweg",
        "brand": "Jumbo",
        "brand:website": "https://www.jumbo.com",
        "brand:wikidata": "Q2262314",
        "name": "Jumbo",
        "opening_hours": "Mo-Sa 08:00-21:00; Su 12:00-18:00",
        "phone": "+31 35 6728160",
        "shop": "supermarket",
        "website": "https://www.jumbo.com/winkel/kortenhoef/jumbo-kortenhoef-curtevenneweg"
      },
      "geometry": {
        "type": "Point",
        "coordinates": [
          5.1134858,
          52.239804
        ]
      },
      "id": "node/428595123"
    },
    {
      "type": "Feature",
      "properties": {
        "@id": "node/428595125",
        "addr:city": "Hilversum",
        "addr:housenumber": "177",
        "addr:postcode": "1214AX",
        "addr:street": "Gijsbrecht van Amstelstraat",
        "brand": "Albert Heijn",
        "brand:wikidata": "Q1653985",
        "brand:wikipedia": "nl:Albert Heijn (supermarkt)",
        "name": "Albert Heijn",
        "opening_hours": "Mo-Sa 08:00-22:00; Su 11:00-19:00",
        "phone": "+31 35 624 9987",
        "ref": "1288",
        "shop": "supermarket",
        "source": "BAG",
        "source:date": "2014-05-25",
        "website": "https://www.ah.nl/winkel/1288",
        "wheelchair": "yes"
      },
      "geometry": {
        "type": "Point",
        "coordinates": [
          5.1679638,
          52.2154439
        ]
      },
      "id": "node/428595125"
    },
    {
      "type": "Feature",
      "properties": {
        "@id": "node/428595126",
        "addr:city": "Hilversum",
        "addr:housenumber": "44",
        "addr:postcode": "1215EH",
        "addr:street": "Van Hogendorplaan",
        "brand": "Albert Heijn",
        "brand:wikidata": "Q1653985",
        "brand:wikipedia": "nl:Albert Heijn (supermarkt)",
        "check_date": "2023-10-04",
        "name": "Albert Heijn",
        "opening_hours": "Mo-Sa 08:00-21:00; Su 11:00-19:00",
        "payment:contactless": "yes",
        "payment:maestro": "yes",
        "payment:v_pay": "yes",
        "phone": "+31 35 624 5315",
        "ref": "1349",
        "shop": "supermarket",
        "website": "https://www.ah.nl/winkel/1349"
      },
      "geometry": {
        "type": "Point",
        "coordinates": [
          5.1556622,
          52.2144323
        ]
      },
      "id": "node/428595126"
    },
    {
      "type": "Feature",
      "properties": {
        "@id": "node/428595127",
        "addr:city": "Hilversum",
        "addr:housenumber": "105",
        "addr:postcode": "1216HX",
        "addr:street": "Kapittelweg",
        "brand": "Albert Heijn",
        "brand:wikidata": "Q1653985",
        "brand:wikipedia": "nl:Albert Heijn (supermarkt)",
        "name": "Albert Heijn",
        "opening_hours": "Mo-Sa 07:00-22:00; Su 11:00-19:00",
        "phone": "+31 35 624 8774",
        "ref": "1155",
        "shop": "supermarket",
        "source": "BAG",
        "source:date": "2017-05-22",
        "website": "https://www.ah.nl/winkel/1155",
        "wheelchair": "yes"
      },
      "geometry": {
        "type": "Point",
        "coordinates": [
          5.1409489,
          52.2160336
        ]
      },
      "id": "node/428595127"
    },
    {
      "type": "Feature",
      "properties": {
        "@id": "node/428595133",
        "addr:city": "Maarssen",
        "addr:housenumber": "138",
        "addr:postcode": "3601DE",
        "addr:street": "Dr. Plesmanlaan",
        "brand": "Albert Heijn",
        "brand:wikidata": "Q1653985",
        "brand:wikipedia": "nl:Albert Heijn (supermarkt)",
        "name": "Albert Heijn",
        "opening_hours": "Mo-Sa 08:00-22:00; Su 10:00-20:00",
        "phone": "+31 346 561 225",
        "ref": "1176",
        "shop": "supermarket",
        "source": "BAG",
        "source:date": "2014-05-20",
        "website": "https://www.ah.nl/winkel/1176"
      },
      "geometry": {
        "type": "Point",
        "coordinates": [
          5.0446723,
          52.1438868
        ]
      },
      "id": "node/428595133"
    },
    {
      "type": "Feature",
      "properties": {
        "@id": "node/428860467",
        "addr:city": "Houten",
        "addr:housenumber": "13",
        "addr:postcode": "3991DK",
        "addr:street": "Plein",
        "alt_name": "Albert Heijn Steenman",
        "brand": "Albert Heijn",
        "brand:wikidata": "Q1653985",
        "brand:wikipedia": "nl:Albert Heijn (supermarkt)",
        "check_date": "2026-06-12",
        "name": "Albert Heijn",
        "opening_hours": "Mo-Su 08:00-21:00",
        "phone": "+31 30 637 1248",
        "ref": "8559",
        "shop": "supermarket",
        "source": "BAG",
        "source:date": "2014-03-24",
        "website": "https://www.ah.nl/winkel/8559"
      },
      "geometry": {
        "type": "Point",
        "coordinates": [
          5.1619402,
          52.0265858
        ]
      },
      "id": "node/428860467"
    },
    {
      "type": "Feature",
      "properties": {
        "@id": "node/441684735",
        "addr:city": "Nieuwegein",
        "addr:housenumber": "1",
        "addr:postcode": "3431LX",
        "addr:street": "Laag Raadstede",
        "branch": "Nieuwegein Laag Raadstede",
        "brand": "Jumbo",
        "brand:website": "https://www.jumbo.com",
        "brand:wikidata": "Q2262314",
        "brand:wikipedia": "nl:Jumbo Supermarkten",
        "check_date": "2023-08-15",
        "internet_access": "wlan",
        "level": "-1",
        "name": "Jumbo",
        "opening_hours": "Mo-Th,Sa 08:00-20:00; Fr 08:00-21:00; Su 10:00-20:00",
        "payment:cash": "yes",
        "phone": "+31 30 6083160",
        "shop": "supermarket",
        "source": "BAG",
        "source:date": "2014-08-08",
        "website": "https://www.jumbo.com/winkel/nieuwegein/jumbo-nieuwegein-laag-raadstede",
        "wheelchair": "yes"
      },
      "geometry": {
        "type": "Point",
        "coordinates": [
          5.0851585,
          52.0282969
        ]
      },
      "id": "node/441684735"
    },
    {
      "type": "Feature",
      "properties": {
        "@id": "node/443025223",
        "addr:city": "Utrecht",
        "addr:country": "NL",
        "addr:housenumber": "15",
        "addr:postcode": "3551DE",
        "addr:street": "Plantage",
        "branch": "Meeuwsen",
        "brand": "PLUS",
        "brand:wikidata": "Q1978981",
        "check_date": "2025-11-06",
        "check_date:opening_hours": "2025-11-06",
        "name": "PLUS",
        "opening_hours": "Mo-Sa 08:00-22:00; Su 10:00-22:00",
        "payment:cash": "yes",
        "phone": "+31 30 244 1848",
        "shop": "supermarket",
        "source": "BAG",
        "source:date": "2014-01-22",
        "website": "https://www.plus.nl/supermarkten/utrecht_plus-meeuwsen_771"
      },
      "geometry": {
        "type": "Point",
        "coordinates": [
          5.0997414,
          52.1020415
        ]
      },
      "id": "node/443025223"
    },
    {
      "type": "Feature",
      "properties": {
        "@id": "node/459103800",
        "addr:city": "Amersfoort",
        "addr:housenumber": "208",
        "addr:postcode": "3813CG",
        "addr:street": "Balladelaan",
        "branch": "Amersfoort",
        "brand": "Lidl",
        "brand:website": "https://www.lidl.nl/",
        "brand:wikidata": "Q151954",
        "brand:wikipedia": "nl:Lidl",
        "name": "Lidl",
        "opening_hours": "Mo-Sa 08:00-21:00; Su 10:00-20:00",
        "operator": "Lidl Nederland GmbH",
        "shop": "supermarket",
        "source": "BAG",
        "source:date": "2014-02-11",
        "website": "https://www.lidl.nl/s/nl-NL/filialen/amersfoort/balladelaan-208/"
      },
      "geometry": {
        "type": "Point",
        "coordinates": [
          5.3783983,
          52.1670896
        ]
      },
      "id": "node/459103800"
    },
    {
      "type": "Feature",
      "properties": {
        "@id": "node/473506496",
        "addr:city": "Hilversum",
        "addr:housenumber": "69",
        "addr:postcode": "1211ER",
        "addr:street": "Hilvertshof",
        "branch": "van de Broek",
        "brand": "Dirk",
        "brand:wikidata": "Q17502722",
        "brand:wikipedia": "en:Dirk (supermarket)",
        "check_date": "2025-07-24",
        "level": "-1",
        "name": "Dirk",
        "note": "ODBL clean: geen disclaimer/copyright aangetroffen op winkelgegevens Dirk (stand: juni 2012)",
        "old_name": "Dirk van den Broek",
        "opening_hours": "Mo-We, Fr 08:00-20:00; Th 08:00-21:00; Sa 08:00-19:00; Su 09:00-18:00",
        "shop": "supermarket",
        "source": "BAG",
        "source:date": "2014-05-24",
        "wheelchair": "yes"
      },
      "geometry": {
        "type": "Point",
        "coordinates": [
          5.1770275,
          52.22476
        ]
      },
      "id": "node/473506496"
    },
    {
      "type": "Feature",
      "properties": {
        "@id": "node/529030689",
        "name": "Landal supermarkt",
        "shop": "supermarket"
      },
      "geometry": {
        "type": "Point",
        "coordinates": [
          5.7873419,
          52.2184513
        ]
      },
      "id": "node/529030689"
    },
    {
      "type": "Feature",
      "properties": {
        "@id": "node/529474453",
        "addr:city": "Otterlo",
        "addr:housenumber": "4A",
        "addr:postcode": "6731AT",
        "addr:street": "Dorpsstraat",
        "branch": "Otterlo",
        "brand": "SPAR",
        "brand:website": "https://www.spar.nl",
        "brand:wikidata": "Q610492",
        "name": "SPAR",
        "opening_hours": "Mo-Sa 08:00-20:00",
        "phone": "+31 318 591246",
        "shop": "supermarket",
        "website": "https://www.spar.nl/winkels/spar-otterlo-46/"
      },
      "geometry": {
        "type": "Point",
        "coordinates": [
          5.7724678,
          52.1012981
        ]
      },
      "id": "node/529474453"
    },
    {
      "type": "Feature",
      "properties": {
        "@id": "node/534837719",
        "addr:city": "Odijk",
        "addr:country": "NL",
        "addr:housenumber": "40c",
        "addr:postcode": "3984JK",
        "addr:street": "De Meent",
        "branch": "Odijk de Meent",
        "brand": "Jumbo",
        "brand:website": "https://www.jumbo.com",
        "brand:wikidata": "Q2262314",
        "brand:wikipedia": "nl:Jumbo Supermarkten",
        "internet_access": "yes",
        "internet_access:fee": "no",
        "internet_access:type": "wlan",
        "name": "Jumbo",
        "opening_hours": "Mo-Th 08:00-20:00; Fr 08:00-21:00; Sa 08:00-19:00; Su 12:00-18:00",
        "phone": "+31 30 656 7078",
        "ref": "2925",
        "shop": "supermarket",
        "website": "https://www.jumbo.com/winkel/odijk/jumbo-odijk-de-meent"
      },
      "geometry": {
        "type": "Point",
        "coordinates": [
          5.2333083,
          52.0499038
        ]
      },
      "id": "node/534837719"
    },
    {
      "type": "Feature",
      "properties": {
        "@id": "node/534837801",
        "addr:city": "Odijk",
        "addr:housenumber": "23",
        "addr:postcode": "3984JG",
        "addr:street": "De Meent",
        "branch": "Odijk",
        "brand": "Boni",
        "brand:website": "https://bonisupermarkt.nl",
        "brand:wikidata": "Q4380634",
        "brand:wikipedia": "nl:Boni (supermarkt)",
        "internet_access": "yes",
        "internet_access:fee": "no",
        "internet_access:type": "wlan",
        "name": "Boni",
        "opening_hours": "Mo-Sa 08:00-20:00; Su 12:00-17:00",
        "phone": "+31 30 657 0766",
        "shop": "supermarket",
        "source": "BAG",
        "source:date": "2014-05-25",
        "website": "https://bonisupermarkt.nl/odijk"
      },
      "geometry": {
        "type": "Point",
        "coordinates": [
          5.2330977,
          52.0506931
        ]
      },
      "id": "node/534837801"
    },
    {
      "type": "Feature",
      "properties": {
        "@id": "node/560115871",
        "addr:city": "Almere",
        "addr:housenumber": "2",
        "addr:postcode": "1363CA",
        "addr:street": "Hongarijeplaats",
        "brand": "Albert Heijn",
        "brand:website": "https://www.ah.nl/",
        "brand:wikidata": "Q1653985",
        "brand:wikipedia": "nl:Albert Heijn (supermarkt)",
        "name": "Albert Heijn",
        "opening_hours": "Mo,Tu,We,Th,Fr 07:00-22:00; Sa,Su 08:00-22:00",
        "phone": "+31 36 536 9980",
        "ref": "8512",
        "shop": "supermarket",
        "source": "BAG",
        "source:date": "2016-09-06",
        "website": "https://www.ah.nl/winkel/8512",
        "wheelchair": "yes"
      },
      "geometry": {
        "type": "Point",
        "coordinates": [
          5.1529074,
          52.3460627
        ]
      },
      "id": "node/560115871"
    },
    {
      "type": "Feature",
      "properties": {
        "@id": "node/568439112",
        "addr:city": "Houten",
        "addr:housenumber": "47",
        "addr:postcode": "3992BG",
        "addr:street": "Riddersborch",
        "branch": "Houten",
        "brand": "PLUS",
        "brand:website": "https://www.plus.nl",
        "brand:wikidata": "Q1978981",
        "brand:wikipedia": "nl:PLUS (Nederlandse supermarkt)",
        "check_date": "2025-12-27",
        "name": "PLUS",
        "opening_hours": "Mo-Sa 08:00-20:00; Su 10:00-18:00",
        "phone": "+31 30 6340635",
        "shop": "supermarket",
        "source": "BAG",
        "source:date": "2014-03-24",
        "website": "https://www.plus.nl/supermarkten/houten_plus-houten_606"
      },
      "geometry": {
        "type": "Point",
        "coordinates": [
          5.1506966,
          52.0348919
        ]
      },
      "id": "node/568439112"
    },
    {
      "type": "Feature",
      "properties": {
        "@id": "node/568597162",
        "addr:city": "Kortenhoef",
        "addr:housenumber": "37",
        "addr:postcode": "1241CZ",
        "addr:street": "Meenthof",
        "brand": "Albert Heijn",
        "brand:wikidata": "Q1653985",
        "brand:wikipedia": "nl:Albert Heijn (supermarkt)",
        "name": "Albert Heijn",
        "opening_hours": "Mo-Sa 08:00-21:00; Su 10:00-18:00",
        "phone": "+31 35 656 1967",
        "ref": "8584",
        "shop": "supermarket",
        "source": "BAG",
        "source:date": "2014-05-07",
        "website": "https://www.ah.nl/winkel/8584"
      },
      "geometry": {
        "type": "Point",
        "coordinates": [
          5.1126567,
          52.2399429
        ]
      },
      "id": "node/568597162"
    },
    {
      "type": "Feature",
      "properties": {
        "@id": "node/602218561",
        "addr:city": "Hilversum",
        "addr:country": "NL",
        "addr:housenumber": "155",
        "addr:postcode": "1221CL",
        "addr:street": "Larenseweg",
        "branch": "Hilversum Larenseweg",
        "brand": "Jumbo",
        "brand:website": "https://www.jumbo.com",
        "brand:wikidata": "Q2262314",
        "brand:wikipedia": "nl:Jumbo Supermarkten",
        "diet:halal": "yes",
        "diet:kosher": "yes",
        "name": "Jumbo",
        "note": "Winkelgegevens van website Jumbo mogen in OSM onder ODbL gebruikt worden (toestemming ontvangen op 15-6-2012)",
        "opening_hours": "Mo-Sa 07:00-22:00; Su 09:00-20:00",
        "phone": "+31 35 683 4486",
        "ref": "3891",
        "shop": "supermarket",
        "source": "BAG",
        "source:date": "2017-05-08",
        "website": "https://www.jumbo.com/winkel/hilversum/jumbo-hilversum-larenseweg",
        "wheelchair": "yes"
      },
      "geometry": {
        "type": "Point",
        "coordinates": [
          5.1889001,
          52.2329788
        ]
      },
      "id": "node/602218561"
    },
    {
      "type": "Feature",
      "properties": {
        "@id": "node/617263614",
        "addr:city": "Almere",
        "addr:housenumber": "2-6",
        "addr:postcode": "1315HN",
        "addr:street": "Korte Promenade",
        "branch": "Almere",
        "brand": "Dirk",
        "brand:website": "https://www.dirk.nl",
        "brand:wikidata": "Q17502722",
        "brand:wikipedia": "nl:Dirk (supermarkt)",
        "check_date": "2025-11-06",
        "name": "Dirk",
        "old_name": "Dirk van den Broek",
        "opening_hours": "Mo-We,Sa 08:00-20:00; Th-Fr 08:00-21:00; Su 09:00-18:00",
        "phone": "+31 88 313 4574",
        "shop": "supermarket",
        "website": "https://www.dirk.nl/winkels/almere/korte-promenade/68",
        "wheelchair": "yes"
      },
      "geometry": {
        "type": "Point",
        "coordinates": [
          5.2167695,
          52.3708236
        ]
      },
      "id": "node/617263614"
    },
    {
      "type": "Feature",
      "properties": {
        "@id": "node/669333574",
        "addr:city": "Utrecht",
        "addr:housenumber": "46",
        "addr:postcode": "3514CN",
        "addr:street": "Merelstraat",
        "brand": "Jumbo",
        "brand:website": "https://www.jumbo.com",
        "brand:wikidata": "Q2262314",
        "brand:wikipedia": "nl:Jumbo Supermarkten",
        "check_date": "2025-11-18",
        "check_date:opening_hours": "2025-11-18",
        "indoor": "yes",
        "name": "Jumbo",
        "note": "Winkelgegevens van website Jumbo mogen in OSM onder ODbL gebruikt worden (toestemming ontvangen op 15-6-2012)",
        "opening_hours": "Mo-Sa 08:00-22:00; Su 10:00-21:00",
        "payment:cash": "yes",
        "phone": "+31 30 663 0160",
        "shop": "supermarket",
        "source": "BAG",
        "source:date": "2014-02-11",
        "website": "https://www.jumbo.com/winkel/utrecht/jumbo-utrecht-merelstraat",
        "wheelchair": "yes"
      },
      "geometry": {
        "type": "Point",
        "coordinates": [
          5.1151636,
          52.1005569
        ]
      },
      "id": "node/669333574"
    },
    {
      "type": "Feature",
      "properties": {
        "@id": "node/669950789",
        "addr:city": "Utrecht",
        "addr:housenumber": "74",
        "addr:postcode": "3572BG",
        "addr:street": "Biltstraat",
        "brand": "Jumbo",
        "brand:website": "https://www.jumbo.com/",
        "brand:wikidata": "Q2262314",
        "brand:wikipedia": "nl:Jumbo Supermarkten",
        "check_date": "2024-07-06",
        "name": "Jumbo",
        "opening_hours": "Mo-Sa 08:00-22:00; Su 10:00-21:00",
        "shop": "supermarket",
        "source": "BAG",
        "source:date": "2014-02-11",
        "wheelchair": "yes"
      },
      "geometry": {
        "type": "Point",
        "coordinates": [
          5.1299367,
          52.0953778
        ]
      },
      "id": "node/669950789"
    },
    {
      "type": "Feature",
      "properties": {
        "@id": "node/690660137",
        "addr:city": "Achterveld",
        "addr:housenumber": "188B",
        "addr:postcode": "3791PN",
        "addr:street": "Hessenweg",
        "branch": "Achterveld",
        "brand": "SPAR",
        "brand:website": "https://www.spar.nl",
        "brand:wikidata": "Q610492",
        "email": "sparachterveld@despar.info",
        "name": "SPAR",
        "opening_hours": "Mo-Fr 07:30-19:00; Sa 07:30-18:00; Su 11:00-16:00",
        "phone": "+31 342 451216",
        "shop": "supermarket",
        "website": "https://www.spar.nl/winkels/spar-achterveld-814/"
      },
      "geometry": {
        "type": "Point",
        "coordinates": [
          5.4936752,
          52.1353747
        ]
      },
      "id": "node/690660137"
    },
    {
      "type": "Feature",
      "properties": {
        "@id": "node/761140102",
        "addr:city": "Houten",
        "addr:housenumber": "57a",
        "addr:postcode": "3994AS",
        "addr:street": "Odijkseweg",
        "brand": "Jumbo",
        "brand:website": "https://www.jumbo.com/",
        "brand:wikidata": "Q2262314",
        "brand:wikipedia": "nl:Jumbo Supermarkten",
        "name": "Jumbo",
        "opening_hours": "Mo-Fr 07:30-21:00; Sa 07:30-20:00; Su 10:00-18:00",
        "phone": "+31 30 634 7160",
        "shop": "supermarket",
        "source": "BAG",
        "source:date": "2014-03-24",
        "website": "https://www.jumbo.com/content/jumbo-houten-odijkseweg/"
      },
      "geometry": {
        "type": "Point",
        "coordinates": [
          5.1803126,
          52.032157
        ]
      },
      "id": "node/761140102"
    },
    {
      "type": "Feature",
      "properties": {
        "@id": "node/769037461",
        "addr:city": "Soest",
        "addr:housenumber": "6",
        "addr:postcode": "3768EM",
        "addr:street": "Zuidpromenade",
        "branch": "Soest",
        "brand": "Jumbo",
        "brand:website": "https://www.jumbo.com",
        "brand:wikidata": "Q2262314",
        "brand:wikipedia": "nl:Jumbo Supermarkten",
        "name": "Jumbo Arnaud van de Graaf",
        "opening_hours": "Mo-Sa 07:00-21:00; Su 10:00-20:00",
        "phone": "+31 35 5488000",
        "shop": "supermarket",
        "source": "BAG",
        "source:date": "2014-03-24",
        "website": "https://www.jumbo.com/winkel/soest/jumbo-soest-jumbo-arnaud-van-de-graaf-soest"
      },
      "geometry": {
        "type": "Point",
        "coordinates": [
          5.3080962,
          52.1645018
        ]
      },
      "id": "node/769037461"
    },
    {
      "type": "Feature",
      "properties": {
        "@id": "node/792621120",
        "addr:city": "Amersfoort",
        "addr:housenumber": "142",
        "addr:postcode": "3823ER",
        "addr:street": "Emiclaerhof",
        "brand": "Albert Heijn",
        "brand:wikidata": "Q1653985",
        "brand:wikipedia": "nl:Albert Heijn (supermarkt)",
        "name": "Albert Heijn",
        "opening_hours": "Mo-Sa 07:00-22:00; Su 08:00-22:00",
        "phone": "+31 33 456 3292",
        "ref": "1501",
        "shop": "supermarket",
        "source": "BAG",
        "source:date": "2014-02-11",
        "website": "https://www.ah.nl/winkel/1501",
        "wheelchair": "yes"
      },
      "geometry": {
        "type": "Point",
        "coordinates": [
          5.396361,
          52.1865673
        ]
      },
      "id": "node/792621120"
    },
    {
      "type": "Feature",
      "properties": {
        "@id": "node/814707230",
        "addr:city": "Stroe",
        "addr:housenumber": "24",
        "addr:postcode": "3776LP",
        "addr:street": "Wolweg",
        "branch": "Stroe",
        "brand": "SPAR",
        "brand:website": "https://www.spar.nl",
        "brand:wikidata": "Q610492",
        "name": "SPAR",
        "opening_hours": "Mo-Sa 08:00-20:00; Su off",
        "phone": "+31 342 441324",
        "shop": "supermarket",
        "source": "BAG",
        "source:date": "2014-02-11",
        "website": "https://www.spar.nl/winkels/spar-stroe-834/"
      },
      "geometry": {
        "type": "Point",
        "coordinates": [
          5.6925986,
          52.1861911
        ]
      },
      "id": "node/814707230"
    },
    {
      "type": "Feature",
      "properties": {
        "@id": "node/859109009",
        "addr:city": "Utrecht",
        "addr:housenumber": "48",
        "addr:postcode": "3511ZL",
        "addr:street": "Twijnstraat",
        "brand": "Jumbo City",
        "brand:website": "https://www.jumbo.com/winkel/jumbo-city",
        "brand:wikidata": "Q124846605",
        "name": "Jumbo City",
        "opening_hours": "Mo-Sa 08:00-22:00; Su 10:00-21:00",
        "operator": "Jumbo",
        "operator:wikidata": "Q2262314",
        "phone": "+31 30 3035530",
        "shop": "supermarket",
        "source": "BAG",
        "source:date": "2014-02-11",
        "toilets:wheelchair": "no",
        "website": "https://www.jumbo.com/winkel/utrecht/jumbo-utrecht-twijnstraat",
        "wheelchair": "yes"
      },
      "geometry": {
        "type": "Point",
        "coordinates": [
          5.1236838,
          52.0823382
        ]
      },
      "id": "node/859109009"
    },
    {
      "type": "Feature",
      "properties": {
        "@id": "node/892744525",
        "addr:city": "Utrecht",
        "addr:country": "NL",
        "addr:housenumber": "88",
        "addr:postcode": "3565AD",
        "addr:street": "Franciscusdreef",
        "branch": "Utrecht Franciscusdreef",
        "brand": "Jumbo",
        "brand:website": "https://www.jumbo.com",
        "brand:wikidata": "Q2262314",
        "brand:wikipedia": "nl:Jumbo Supermarkten",
        "check_date": "2025-11-14",
        "check_date:opening_hours": "2025-11-14",
        "name": "Jumbo",
        "opening_hours": "Mo-Sa 08:00-21:00; Su 09:00-20:00",
        "phone": "+31 30 263 5160",
        "ref": "3466",
        "shop": "supermarket",
        "toilets:wheelchair": "no",
        "website": "https://www.jumbo.com/winkel/utrecht/jumbo-utrecht-franciscusdreef",
        "wheelchair": "yes"
      },
      "geometry": {
        "type": "Point",
        "coordinates": [
          5.0938791,
          52.1260585
        ]
      },
      "id": "node/892744525"
    },
    {
      "type": "Feature",
      "properties": {
        "@id": "node/918015417",
        "addr:city": "Utrecht",
        "addr:housenumber": "297",
        "addr:postcode": "3521BT",
        "addr:street": "Croeselaan",
        "branch": "Dichterswijk",
        "brand": "PLUS",
        "brand:wikidata": "Q1978981",
        "brand:wikipedia": "nl:PLUS (Nederlandse supermarkt)",
        "check_date": "2026-04-10",
        "name": "PLUS",
        "opening_hours": "Mo-Sa 08:00-22:00; Su 12:00-20:00",
        "shop": "supermarket",
        "source": "BAG",
        "source:date": "2014-02-11",
        "toilets:wheelchair": "no",
        "website": "https://www.plus.nl/supermarkten/utrecht_plus-utrecht-croeselaan_841",
        "wheelchair": "yes"
      },
      "geometry": {
        "type": "Point",
        "coordinates": [
          5.1123462,
          52.0807055
        ]
      },
      "id": "node/918015417"
    },
    {
      "type": "Feature",
      "properties": {
        "@id": "node/918882204",
        "addr:city": "Utrecht",
        "addr:housenumber": "40",
        "addr:postcode": "3583AJ",
        "addr:street": "Adriaen van Ostadelaan",
        "branch": "van Ostadelaan",
        "brand": "PLUS",
        "brand:website": "https://www.plus.nl",
        "brand:wikidata": "Q1978981",
        "brand:wikipedia": "nl:PLUS (Nederlandse supermarkt)",
        "check_date": "2026-03-13",
        "name": "PLUS",
        "opening_hours": "Mo-Sa 07:00-22:00; Su 10:00-22:00",
        "payment:cards": "yes",
        "payment:cash": "yes",
        "payment:contactless": "yes",
        "phone": "+31 30 6086160",
        "self_checkout": "yes",
        "shop": "supermarket",
        "source": "BAG",
        "source:date": "2014-02-11",
        "toilets": "no",
        "website": "https://www.plus.nl/supermarkten/utrecht_plus-van-ostadelaan_875",
        "wheelchair": "yes"
      },
      "geometry": {
        "type": "Point",
        "coordinates": [
          5.1407098,
          52.0826793
        ]
      },
      "id": "node/918882204"
    },
    {
      "type": "Feature",
      "properties": {
        "@id": "node/918889126",
        "addr:city": "Utrecht",
        "addr:housenumber": "81",
        "addr:postcode": "3583CL",
        "addr:street": "Jan van Scorelstraat",
        "name": "Olijfje",
        "old_name": "Buurtwinkel De Kroon",
        "opening_hours": "Mo-Fr 08:00-19:00; Sa 08:00-18:00; Su 12:00-17:00",
        "operator": "Firma de Kroon",
        "phone": "+31 30 254 4811",
        "shop": "supermarket",
        "source": "BAG",
        "source:date": "2014-02-11",
        "wheelchair": "yes"
      },
      "geometry": {
        "type": "Point",
        "coordinates": [
          5.1427415,
          52.0848286
        ]
      },
      "id": "node/918889126"
    },
    {
      "type": "Feature",
      "properties": {
        "@id": "node/989062341",
        "addr:city": "Hoevelaken",
        "addr:housenumber": "23",
        "addr:postcode": "3871AT",
        "addr:street": "Westerdorpsstraat",
        "brand": "Jumbo",
        "brand:wikidata": "Q2262314",
        "brand:wikipedia": "en:Jumbo (supermarket)",
        "name": "Jumbo",
        "opening_hours": "Mo-Fr 07:30-20:00; Sa 07:30-21:00; Su 10:00-18:00",
        "shop": "supermarket",
        "source": "BAG",
        "source:date": "2014-02-11"
      },
      "geometry": {
        "type": "Point",
        "coordinates": [
          5.4552136,
          52.1751372
        ]
      },
      "id": "node/989062341"
    },
    {
      "type": "Feature",
      "properties": {
        "@id": "node/1001109349",
        "addr:city": "Wageningen",
        "addr:housenumber": "4",
        "addr:postcode": "6701AL",
        "addr:street": "Stadsbrink",
        "brand": "Lidl",
        "brand:website": "https://www.lidl.nl/",
        "brand:wikidata": "Q151954",
        "brand:wikipedia": "nl:Lidl",
        "name": "Lidl",
        "opening_hours": "Mo-Sa 08:00-21:00; Su 09:00-20:00",
        "operator": "Lidl Nederland GmbH",
        "shop": "supermarket",
        "website": "https://www.lidl.nl/s/nl-NL/filialen/wageningen/stadsbrink-4/"
      },
      "geometry": {
        "type": "Point",
        "coordinates": [
          5.6663158,
          51.9687629
        ]
      },
      "id": "node/1001109349"
    },
    {
      "type": "Feature",
      "properties": {
        "@id": "node/1011178876",
        "addr:city": "Zeist",
        "addr:housenumber": "2",
        "addr:postcode": "3701EX",
        "addr:street": "Korte Steynlaan",
        "branch": "Zeist Korte Steijnlaan",
        "brand": "Jumbo",
        "brand:website": "https://www.jumbo.com/",
        "brand:wikidata": "Q2262314",
        "brand:wikipedia": "nl:Jumbo Supermarkten",
        "name": "Jumbo",
        "note": "Winkelgegevens van website Jumbo mogen in OSM onder ODbL gebruikt worden (toestemming ontvangen op 15-6-2012)",
        "opening_hours": "Mo-Sa 08:00-21:00; Su 12:00-18:00",
        "operator": "Jumbo Supermarkten",
        "phone": "+31 30 692 2493",
        "ref": "2798",
        "shop": "supermarket",
        "source": "BAG",
        "source:date": "2014-03-24",
        "website": "https://www.jumbo.com/winkel/jumbo-zeist-korte-steijnlaan",
        "wheelchair": "yes"
      },
      "geometry": {
        "type": "Point",
        "coordinates": [
          5.2481358,
          52.0889093
        ]
      },
      "id": "node/1011178876"
    },
    {
      "type": "Feature",
      "properties": {
        "@id": "node/1013260573",
        "addr:city": "Amerongen",
        "addr:housenumber": "36",
        "addr:postcode": "3958XH",
        "addr:street": "Koenestraat",
        "brand": "Jumbo",
        "brand:website": "https://www.jumbo.com/",
        "brand:wikidata": "Q2262314",
        "brand:wikipedia": "nl:Jumbo Supermarkten",
        "name": "Jumbo",
        "opening_hours": "Mo-Sa 08:00-20:00; Su 12:00-18:00",
        "shop": "supermarket",
        "source": "BAG",
        "source:date": "2014-03-24",
        "website": "http://www.jumbosupermarkten.nl/Alle-Jumbo-Winkels/Winkels/?storeid=3899"
      },
      "geometry": {
        "type": "Point",
        "coordinates": [
          5.4611228,
          52.0024377
        ]
      },
      "id": "node/1013260573"
    },
    {
      "type": "Feature",
      "properties": {
        "@id": "node/1015539972",
        "addr:city": "Ermelo",
        "addr:housenumber": "10",
        "addr:postcode": "3851BD",
        "addr:street": "Herderlaan",
        "branch": "Ermelo",
        "brand": "Nettorama",
        "brand:website": "https://www.nettorama.nl",
        "brand:wikidata": "Q1828639",
        "name": "Nettorama",
        "opening_hours": "Mo-Sa 08:00-21:00; Su 12:00-18:00",
        "phone": "+31 341 551373",
        "shop": "supermarket",
        "source": "BAG",
        "source:date": "2014-05-31",
        "website": "https://www.nettorama.nl/locaties/ermelo"
      },
      "geometry": {
        "type": "Point",
        "coordinates": [
          5.609806,
          52.291867
        ]
      },
      "id": "node/1015539972"
    },
    {
      "type": "Feature",
      "properties": {
        "@id": "node/1106075589",
        "addr:city": "Bilthoven",
        "addr:housenumber": "106",
        "addr:postcode": "3723DE",
        "addr:street": "Bilderdijklaan",
        "brand": "SPAR",
        "brand:website": "https://www.spar.nl",
        "brand:wikidata": "Q610492",
        "check_date": "2026-04-29",
        "check_date:opening_hours": "2026-04-29",
        "name": "SPAR Mons",
        "opening_hours": "Tu-Sa 08:00-19:00; Mo 08:00-18:00",
        "phone": "+31 30 2282180",
        "shop": "supermarket",
        "source": "BAG",
        "source:date": "2014-08-08",
        "website": "https://www.spar.nl/winkels/spar-mons-384/"
      },
      "geometry": {
        "type": "Point",
        "coordinates": [
          5.2172542,
          52.1342506
        ]
      },
      "id": "node/1106075589"
    },
    {
      "type": "Feature",
      "properties": {
        "@id": "node/1170630067",
        "addr:city": "Harderwijk",
        "addr:housenumber": "349",
        "addr:postcode": "3845DT",
        "addr:street": "Tonselsedreef",
        "branch": "Harderwijk",
        "brand": "ALDI",
        "brand:website": "https://www.aldi.nl",
        "brand:wikidata": "Q41171373",
        "name": "ALDI",
        "opening_hours": "Mo-Th,Sa 08:00-20:00; Fr 08:00-21:00; Su 12:00-18:00",
        "shop": "supermarket",
        "source": "BAG",
        "source:date": "2014-05-07",
        "website": "https://www.aldi.nl/supermarkt/harderwijk/tonselsedreef-349/3187710.html",
        "wheelchair": "limited"
      },
      "geometry": {
        "type": "Point",
        "coordinates": [
          5.6026175,
          52.3248755
        ]
      },
      "id": "node/1170630067"
    },
    {
      "type": "Feature",
      "properties": {
        "@id": "node/1230978512",
        "addr:city": "Utrecht",
        "addr:housenumber": "749",
        "addr:postcode": "3555HH",
        "addr:street": "Amsterdamsestraatweg",
        "brand": "Nettorama",
        "brand:wikidata": "Q1828639",
        "name": "Nettorama",
        "shop": "supermarket",
        "source": "BAG",
        "source:date": "2014-08-25"
      },
      "geometry": {
        "type": "Point",
        "coordinates": [
          5.0770461,
          52.1146221
        ]
      },
      "id": "node/1230978512"
    },
    {
      "type": "Feature",
      "properties": {
        "@id": "node/1237229399",
        "addr:city": "Ede",
        "addr:housenumber": "63",
        "addr:postcode": "6714DP",
        "addr:street": "Bellestein",
        "branch": "Ede Bellestein",
        "brand": "Jumbo",
        "brand:website": "https://www.jumbo.com",
        "brand:wikidata": "Q2262314",
        "brand:wikipedia": "nl:Jumbo Supermarkten",
        "name": "Jumbo",
        "opening_hours": "Mo-Sa 08:00-21:00; Su 12:00-17:00",
        "phone": "+31 318 698560",
        "shop": "supermarket",
        "source": "BAG",
        "source:date": "2014-03-24",
        "website": "https://www.jumbo.com/winkel/ede/jumbo-ede-bellestein",
        "wheelchair": "yes"
      },
      "geometry": {
        "type": "Point",
        "coordinates": [
          5.6438406,
          52.0426859
        ]
      },
      "id": "node/1237229399"
    },
    {
      "type": "Feature",
      "properties": {
        "@id": "node/1240362042",
        "addr:city": "Leusden",
        "addr:housenumber": "5",
        "addr:postcode": "3831JA",
        "addr:street": "De Biezenkamp",
        "branch": "Biezenkamp",
        "brand": "Jumbo",
        "brand:wikidata": "Q2262314",
        "brand:wikipedia": "nl:Jumbo Supermarkten",
        "name": "Jumbo",
        "note": "Winkelgegevens van website Jumbo mogen in OSM onder ODbL gebruikt worden (toestemming ontvangen op 15-6-2012)",
        "opening_hours": "Mo-Th 08:00-21:00; Fr-Sa 07:00-21:00; Su 09:00-20:00",
        "operator": "Jumbo Supermarkten",
        "phone": "+31 33 434 5678",
        "ref": "3571",
        "shop": "supermarket",
        "source": "BAG",
        "source:date": "2016-02-07",
        "stroller": "yes",
        "toilets": "no",
        "website": "https://www.jumbo.com/winkel/leusden/jumbo-leusden-de-biezenkamp"
      },
      "geometry": {
        "type": "Point",
        "coordinates": [
          5.4278703,
          52.1374792
        ]
      },
      "id": "node/1240362042"
    },
    {
      "type": "Feature",
      "properties": {
        "@id": "node/1271318324",
        "addr:city": "Bennekom",
        "addr:housenumber": "13",
        "addr:postcode": "6721EW",
        "addr:street": "Kerkhoflaan",
        "brand": "Lidl",
        "brand:website": "https://www.lidl.nl/",
        "brand:wikidata": "Q151954",
        "brand:wikipedia": "nl:Lidl",
        "check_date": "2025-02-05",
        "name": "Lidl",
        "opening_hours": "Mo-Sa 08:00-21:00",
        "operator": "Lidl Nederland GmbH",
        "ref": "525",
        "shop": "supermarket",
        "website": "https://www.lidl.nl/s/nl-NL/filialen/bennekom/kerkhoflaan-13/"
      },
      "geometry": {
        "type": "Point",
        "coordinates": [
          5.6764465,
          52.0002254
        ]
      },
      "id": "node/1271318324"
    },
    {
      "type": "Feature",
      "properties": {
        "@id": "node/1283834050",
        "addr:city": "Rhenen",
        "addr:housenumber": "35",
        "addr:postcode": "3911XR",
        "addr:street": "Schoneveld",
        "branch": "Pieter Duijzer",
        "brand": "PLUS",
        "brand:website": "https://www.plus.nl",
        "brand:wikidata": "Q1978981",
        "brand:wikipedia": "nl:PLUS (Nederlandse supermarkt)",
        "name": "PLUS Pieter Duijzer",
        "opening_hours": "Mo-Th,Sa 08:00-20:00; Fr 08:00-21:00",
        "phone": "+31 317 619 991",
        "shop": "supermarket",
        "source": "BAG",
        "source:date": "2014-03-24",
        "website": "https://www.plus.nl/supermarkten/rhenen_plus-pieter-duijzer_919",
        "wheelchair": "yes"
      },
      "geometry": {
        "type": "Point",
        "coordinates": [
          5.5813965,
          51.9732773
        ]
      },
      "id": "node/1283834050"
    },
    {
      "type": "Feature",
      "properties": {
        "@id": "node/1295995772",
        "addr:city": "Barneveld",
        "addr:housenumber": "70",
        "addr:postcode": "3772CK",
        "addr:street": "Amersfoortsestraat",
        "brand": "Jumbo",
        "brand:wikidata": "Q2262314",
        "brand:wikipedia": "nl:Jumbo Supermarkten",
        "name": "Jumbo",
        "note": "ODBL clean: geen disclaimer/copyright aangetroffen op winkelgegevens C1000 (stand: juni 2012)",
        "shop": "supermarket",
        "source": "BAG",
        "source:date": "2014-01-22"
      },
      "geometry": {
        "type": "Point",
        "coordinates": [
          5.5803623,
          52.1365978
        ]
      },
      "id": "node/1295995772"
    },
    {
      "type": "Feature",
      "properties": {
        "@id": "node/1295999927",
        "addr:city": "Barneveld",
        "addr:housenumber": "50",
        "addr:postcode": "3772CC",
        "addr:street": "Gowthorpeplein",
        "branch": "Barneveld",
        "brand": "PLUS",
        "brand:website": "https://www.plus.nl",
        "brand:wikidata": "Q1978981",
        "brand:wikipedia": "nl:PLUS (Nederlandse supermarkt)",
        "name": "PLUS",
        "phone": "+31 342 415179",
        "shop": "supermarket",
        "website": "https://www.plus.nl/supermarkten/barneveld_plus-barneveld_728",
        "wheelchair": "yes"
      },
      "geometry": {
        "type": "Point",
        "coordinates": [
          5.5869477,
          52.1376522
        ]
      },
      "id": "node/1295999927"
    },
    {
      "type": "Feature",
      "properties": {
        "@id": "node/1346251431",
        "addr:city": "Veenendaal",
        "addr:housenumber": "40",
        "addr:postcode": "3901CV",
        "addr:street": "Scheepjeshof",
        "brand": "ALDI",
        "brand:website": "https://www.aldi.nl/",
        "brand:wikidata": "Q41171373",
        "brand:wikipedia": "nl:Aldi",
        "name": "ALDI",
        "note": "ODBL clean: geen disclaimer/copyright aangetroffen op winkelgegevens Aldi (stand: juni 2012)",
        "opening_hours": "Mo-Fr 08:30-20:00; Sa 08:30-18:00",
        "payment:cash": "yes",
        "payment:maestro": "yes",
        "payment:v_pay": "yes",
        "shop": "supermarket",
        "source": "BAG",
        "source:date": "2018-02-08",
        "wheelchair": "yes"
      },
      "geometry": {
        "type": "Point",
        "coordinates": [
          5.5556063,
          52.0296277
        ]
      },
      "id": "node/1346251431"
    },
    {
      "type": "Feature",
      "properties": {
        "@id": "node/1399132538",
        "addr:city": "Veenendaal",
        "addr:housenumber": "66",
        "addr:postcode": "3902CZ",
        "addr:street": "Ronde Erf",
        "branch": "Veenendaal Ronde Erf",
        "brand": "Jumbo",
        "brand:website": "https://www.jumbo.com",
        "brand:wikidata": "Q2262314",
        "brand:wikipedia": "nl:Jumbo Supermarkten",
        "name": "Jumbo",
        "note": "Winkelgegevens van website Jumbo mogen in OSM onder ODbL gebruikt worden (toestemming ontvangen op 15-6-2012)",
        "opening_hours": "Mo-Th,Sa 07:00-20:00; Fr 07:00-21:00",
        "phone": "+31 318 541 229",
        "ref": "3920",
        "shop": "supermarket",
        "source": "BAG",
        "source:date": "2014-03-24",
        "website": "https://www.jumbo.com/winkel/veenendaal/jumbo-veenendaal-ronde-erf",
        "wheelchair": "yes"
      },
      "geometry": {
        "type": "Point",
        "coordinates": [
          5.5694253,
          52.0324246
        ]
      },
      "id": "node/1399132538"
    },
    {
      "type": "Feature",
      "properties": {
        "@id": "node/1399132603",
        "name": "Birlik",
        "shop": "supermarket"
      },
      "geometry": {
        "type": "Point",
        "coordinates": [
          5.569334,
          52.0251188
        ]
      },
      "id": "node/1399132603"
    },
    {
      "type": "Feature",
      "properties": {
        "@id": "node/1415480739",
        "addr:city": "Naarden",
        "addr:housenumber": "48-54",
        "addr:postcode": "1412CR",
        "addr:street": "Mackaylaan",
        "brand": "PLUS",
        "brand:wikidata": "Q1978981",
        "brand:wikipedia": "nl:PLUS (Nederlandse supermarkt)",
        "name": "PLUS",
        "shop": "supermarket",
        "source": "BAG",
        "source:date": "2014-05-07"
      },
      "geometry": {
        "type": "Point",
        "coordinates": [
          5.1491356,
          52.2845789
        ]
      },
      "id": "node/1415480739"
    },
    {
      "type": "Feature",
      "properties": {
        "@id": "node/1419361429",
        "addr:city": "Hilversum",
        "addr:housenumber": "70",
        "addr:postcode": "1212CP",
        "addr:street": "Oosterengweg",
        "brand": "Albert Heijn",
        "brand:wikidata": "Q1653985",
        "brand:wikipedia": "nl:Albert Heijn (supermarkt)",
        "check_date": "2026-03-05",
        "currency:EUR": "yes",
        "diet:halal": "yes",
        "diet:kosher": "yes",
        "internet_access": "wlan",
        "internet_access:fee": "customers",
        "name": "Albert Heijn",
        "opening_hours": "Mo-Sa 07:00-22:00; Su 12:00-20:00",
        "organic": "yes",
        "payment:account_cards": "yes",
        "payment:cards": "yes",
        "payment:cash": "yes",
        "payment:contactless": "yes",
        "payment:maestro": "yes",
        "payment:pin": "yes",
        "payment:v_pay": "yes",
        "shop": "supermarket",
        "source": "BAG;survey",
        "source:date": "2014-05-24",
        "website": "https://www.ah.nl/winkel/4025"
      },
      "geometry": {
        "type": "Point",
        "coordinates": [
          5.1950414,
          52.2188907
        ]
      },
      "id": "node/1419361429"
    },
    {
      "type": "Feature",
      "properties": {
        "@id": "node/1428054291",
        "addr:city": "Hilversum",
        "addr:housenumber": "3",
        "addr:postcode": "1223DE",
        "addr:street": "Seinstraat",
        "branch": "Hilversum - Seinstraat",
        "brand": "Hoogvliet",
        "brand:website": "https://www.hoogvliet.com",
        "brand:wikidata": "Q2770647",
        "brand:wikipedia": "nl:Hoogvliet (supermarkt)",
        "name": "Hoogvliet",
        "opening_hours": "Mo-Sa 08:00-20:00; Su 09:00-18:00",
        "phone": "+31 88 4572670",
        "shop": "supermarket",
        "source": "BAG",
        "source:date": "2014-05-24",
        "website": "https://www.hoogvliet.com/winkelinformatie/hilversum-seinstraat",
        "wheelchair": "yes"
      },
      "geometry": {
        "type": "Point",
        "coordinates": [
          5.1925495,
          52.232603
        ]
      },
      "id": "node/1428054291"
    },
    {
      "type": "Feature",
      "properties": {
        "@id": "node/1463006682",
        "addr:city": "Putten",
        "addr:housenumber": "4",
        "addr:postcode": "3882AT",
        "addr:street": "Gervenhof",
        "branch": "Wilmink",
        "brand": "PLUS",
        "brand:wikidata": "Q1978981",
        "brand:wikipedia": "nl:PLUS (Nederlandse supermarkt)",
        "name": "PLUS",
        "opening_hours": "Mo-Sa 08:00-21:00",
        "phone": "+31 341 353 714",
        "shop": "supermarket"
      },
      "geometry": {
        "type": "Point",
        "coordinates": [
          5.6030724,
          52.2596302
        ]
      },
      "id": "node/1463006682"
    },
    {
      "type": "Feature",
      "properties": {
        "@id": "node/1463639724",
        "addr:city": "Ermelo",
        "addr:housenumber": "4",
        "addr:postcode": "3851NA",
        "addr:street": "Markt",
        "brand": "PLUS",
        "brand:website": "https://www.plus.nl",
        "brand:wikidata": "Q1978981",
        "brand:wikipedia": "nl:PLUS (Nederlandse supermarkt)",
        "name": "PLUS Berntsen",
        "opening_hours": "Mo-Sa 07:00-21:00; Su 12:00-18:00",
        "phone": "+31 341 553933",
        "shop": "supermarket",
        "website": "https://www.plus.nl/supermarkten/ermelo_plus-berntsen_745"
      },
      "geometry": {
        "type": "Point",
        "coordinates": [
          5.6193242,
          52.3006911
        ]
      },
      "id": "node/1463639724"
    },
    {
      "type": "Feature",
      "properties": {
        "@id": "node/1468616748",
        "addr:city": "Driebergen-Rijsenburg",
        "addr:housenumber": "99-103",
        "addr:postcode": "3971GD",
        "addr:street": "Traaij",
        "brand": "ALDI",
        "brand:wikidata": "Q41171373",
        "brand:wikipedia": "en:Aldi",
        "name": "ALDI",
        "note": "ODBL clean: geen disclaimer/copyright aangetroffen op winkelgegevens Aldi (stand: juni 2012)",
        "shop": "supermarket",
        "source": "BAG",
        "source:date": "2014-05-24",
        "wheelchair": "yes"
      },
      "geometry": {
        "type": "Point",
        "coordinates": [
          5.2869787,
          52.0539344
        ]
      },
      "id": "node/1468616748"
    },
    {
      "type": "Feature",
      "properties": {
        "@id": "node/1483540846",
        "addr:city": "Putten",
        "addr:housenumber": "85",
        "addr:postcode": "3881BB",
        "addr:street": "Dorpsstraat",
        "branch": "Putten",
        "brand": "Nettorama",
        "brand:website": "https://www.nettorama.nl",
        "brand:wikidata": "Q1828639",
        "name": "Nettorama",
        "opening_hours": "Mo-Sa 08:00-20:00",
        "phone": "+31 341 353521",
        "shop": "supermarket",
        "source": "BAG",
        "source:date": "2014-06-03",
        "website": "https://www.nettorama.nl/locaties/putten"
      },
      "geometry": {
        "type": "Point",
        "coordinates": [
          5.6017601,
          52.2600131
        ]
      },
      "id": "node/1483540846"
    },
    {
      "type": "Feature",
      "properties": {
        "@id": "node/1485491959",
        "addr:city": "Ermelo",
        "addr:housenumber": "45a",
        "addr:postcode": "3851NB",
        "addr:street": "Stationsstraat",
        "name": "Best of Bio",
        "opening_hours": "Mo-Fr 08:30-18:00; Sa 08:30-17:00",
        "organic": "only",
        "shop": "supermarket",
        "website": "https://bestofbio.nl/"
      },
      "geometry": {
        "type": "Point",
        "coordinates": [
          5.6258059,
          52.3002657
        ]
      },
      "id": "node/1485491959"
    },
    {
      "type": "Feature",
      "properties": {
        "@id": "node/1504080894",
        "addr:city": "Harderwijk",
        "addr:housenumber": "10",
        "addr:postcode": "3843DC",
        "addr:street": "Nassaulaan",
        "branch": "Harderwijk Tweelingstad",
        "brand": "Jumbo",
        "brand:website": "https://www.jumbo.com",
        "brand:wikidata": "Q2262314",
        "brand:wikipedia": "nl:Jumbo Supermarkten",
        "name": "Jumbo",
        "opening_hours": "Mo-Sa 08:00-21:00; Su 12:00-18:00",
        "phone": "+31 341 462160",
        "shop": "supermarket",
        "source": "BAG",
        "source:date": "2014-05-07",
        "website": "https://www.jumbo.com/winkel/harderwijk/jumbo-harderwijk-tweelingstad"
      },
      "geometry": {
        "type": "Point",
        "coordinates": [
          5.6335715,
          52.3356399
        ]
      },
      "id": "node/1504080894"
    },
    {
      "type": "Feature",
      "properties": {
        "@id": "node/1509358516",
        "addr:city": "IJsselstein",
        "addr:housenumber": "102",
        "addr:postcode": "3402VH",
        "addr:street": "Televisiebaan",
        "branch": "IJsselstein Televisiebaan",
        "brand": "Jumbo",
        "brand:website": "https://www.jumbo.com",
        "brand:wikidata": "Q2262314",
        "brand:wikipedia": "nl:Jumbo Supermarkten",
        "check_date": "2023-04-17",
        "name": "Jumbo",
        "opening_hours": "Mo-Sa 08:00-21:00; Su 10:00-19:00",
        "phone": "+31 30 6004160",
        "shop": "supermarket",
        "source": "BAG",
        "source:date": "2014-06-14",
        "website": "https://www.jumbo.com/winkel/ijsselstein/jumbo-ijsselstein-televisiebaan",
        "wheelchair": "yes"
      },
      "geometry": {
        "type": "Point",
        "coordinates": [
          5.0536467,
          52.0252907
        ]
      },
      "id": "node/1509358516"
    },
    {
      "type": "Feature",
      "properties": {
        "@id": "node/1544936991",
        "addr:city": "Soesterberg",
        "addr:housenumber": "6",
        "addr:postcode": "3769BD",
        "addr:street": "Rademakerstraat",
        "brand": "PLUS",
        "brand:wikidata": "Q1978981",
        "brand:wikipedia": "nl:PLUS (Nederlandse supermarkt)",
        "name": "PLUS",
        "opening_hours": "Mo-Fr 08:00-21:00; Sa 08:00-20:00; Su 12:00-18:00",
        "shop": "supermarket"
      },
      "geometry": {
        "type": "Point",
        "coordinates": [
          5.2833701,
          52.1211781
        ]
      },
      "id": "node/1544936991"
    },
    {
      "type": "Feature",
      "properties": {
        "@id": "node/1575754698",
        "addr:city": "Maarssen",
        "addr:housenumber": "188",
        "addr:postcode": "3601DG",
        "addr:street": "Dr. Plesmanlaan",
        "branch": "Maarssen",
        "brand": "ALDI",
        "brand:website": "https://www.aldi.nl",
        "brand:wikidata": "Q41171373",
        "name": "ALDI",
        "opening_hours": "Mo-Sa 08:00-20:00; Su 10:00-18:00",
        "payment:american_express": "yes",
        "payment:apple_pay": "yes",
        "payment:cash": "yes",
        "payment:coins": "yes",
        "payment:contactless": "yes",
        "payment:credit_cards": "yes",
        "payment:debit_cards": "yes",
        "payment:google_pay": "yes",
        "payment:maestro": "yes",
        "payment:mastercard": "yes",
        "payment:notes": "yes",
        "payment:visa": "yes",
        "payment:visa_debit": "yes",
        "shop": "supermarket",
        "website": "https://www.aldi.nl/supermarkt/maarssen/doctor-plesmanlaan-188/4944157.html"
      },
      "geometry": {
        "type": "Point",
        "coordinates": [
          5.0459545,
          52.1431838
        ]
      },
      "id": "node/1575754698"
    },
    {
      "type": "Feature",
      "properties": {
        "@id": "node/1590913032",
        "brand": "Jumbo",
        "brand:wikidata": "Q2262314",
        "brand:wikipedia": "nl:Jumbo Supermarkten",
        "check_date:opening_hours": "2025-11-10",
        "name": "Jumbo",
        "note": "Winkelgegevens van website Jumbo mogen in OSM onder ODbL gebruikt worden (toestemming ontvangen op 15-6-2012)",
        "opening_hours": "Mo-Sa 08:00-21:00; Su 12:00-18:00",
        "shop": "supermarket",
        "website": "https://www.jumbo.com/winkel/jumbo-zeist-laan-van-vollenhove",
        "wheelchair": "yes"
      },
      "geometry": {
        "type": "Point",
        "coordinates": [
          5.2221901,
          52.100592
        ]
      },
      "id": "node/1590913032"
    },
    {
      "type": "Feature",
      "properties": {
        "@id": "node/1590915301",
        "name": "Umut",
        "shop": "supermarket"
      },
      "geometry": {
        "type": "Point",
        "coordinates": [
          5.2208919,
          52.1002658
        ]
      },
      "id": "node/1590915301"
    },
    {
      "type": "Feature",
      "properties": {
        "@id": "node/1597372174",
        "addr:city": "Ede",
        "addr:housenumber": "45",
        "addr:postcode": "6717HZ",
        "addr:street": "Hoog Maanen",
        "brand": "Jumbo",
        "brand:wikidata": "Q2262314",
        "brand:wikipedia": "nl:Jumbo Supermarkten",
        "contact:phone": "+31 318 209 490",
        "name": "Jumbo",
        "opening_hours": "Mo-Sa 08:00-21:00; Su 12:00-17:00",
        "shop": "supermarket",
        "source": "BAG",
        "source:date": "2014-03-24",
        "website": "https://www.jumbo.com"
      },
      "geometry": {
        "type": "Point",
        "coordinates": [
          5.6664313,
          52.0281823
        ]
      },
      "id": "node/1597372174"
    },
    {
      "type": "Feature",
      "properties": {
        "@id": "node/1597372176",
        "addr:city": "Ede",
        "addr:housenumber": "42",
        "addr:postcode": "6717HZ",
        "addr:street": "Hoog Maanen",
        "brand": "Lidl",
        "brand:website": "https://www.lidl.nl/",
        "brand:wikidata": "Q151954",
        "brand:wikipedia": "nl:Lidl",
        "level": "0",
        "name": "Lidl",
        "opening_hours": "Mo-Sa 08:00-21:00; Su 12:00-17:00",
        "operator": "Lidl Nederland GmbH",
        "shop": "supermarket",
        "source": "BAG",
        "source:date": "2014-03-24",
        "website": "https://www.lidl.nl/s/nl-NL/filialen/ede/hoog-maanen-42/"
      },
      "geometry": {
        "type": "Point",
        "coordinates": [
          5.6666775,
          52.0281709
        ]
      },
      "id": "node/1597372176"
    },
    {
      "type": "Feature",
      "properties": {
        "@id": "node/1606274241",
        "addr:city": "De Bilt",
        "addr:housenumber": "88",
        "addr:postcode": "3731JL",
        "addr:street": "Hessenweg",
        "brand": "Dirk",
        "brand:wikidata": "Q17502722",
        "brand:wikipedia": "nl:Dirk (supermarkt)",
        "check_date": "2026-02-17",
        "check_date:opening_hours": "2026-02-17",
        "contact:phone": "+31 88 3134365",
        "emergency": "defibrillator",
        "name": "Dirk",
        "old_name": "Dirk van den Broek",
        "opening_hours": "Mo-Sa 08:00-20:00; Su 12:00-18:00",
        "phone": "+31 30 220 4250",
        "shop": "supermarket",
        "source": "BAG",
        "source:date": "2014-08-08",
        "website": "https://www.dirk.nl/winkels/de-bilt/hessenweg/49",
        "wheelchair": "yes"
      },
      "geometry": {
        "type": "Point",
        "coordinates": [
          5.1806542,
          52.1086162
        ]
      },
      "id": "node/1606274241"
    },
    {
      "type": "Feature",
      "properties": {
        "@id": "node/1613141533",
        "addr:city": "Utrecht",
        "addr:housenumber": "1-5",
        "addr:postcode": "3526ER",
        "addr:street": "Vasco da Gamalaan",
        "brand": "Dirk",
        "brand:wikidata": "Q17502722",
        "brand:wikipedia": "en:Dirk (supermarket)",
        "name": "Dirk",
        "old_name": "Dirk van den Broek",
        "opening_hours": "Mo-We, Sa 08:00-20:00; Th-Fr 08:00-21:00; Su 10:00-20:00",
        "phone": "+31 88 313 4905",
        "shop": "supermarket",
        "source": "https://www.dirk.nl/meer/over-dirk/nieuwe-winkels/utrecht-vasco-da-gamalaan",
        "toilets:wheelchair": "no",
        "website": "https://www.dirk.nl/winkels/utrecht/vasco-da-gamalaan/321",
        "wheelchair": "yes"
      },
      "geometry": {
        "type": "Point",
        "coordinates": [
          5.0977731,
          52.0663137
        ]
      },
      "id": "node/1613141533"
    },
    {
      "type": "Feature",
      "properties": {
        "@id": "node/1640800009",
        "addr:city": "Utrecht",
        "addr:housenumber": "367A",
        "addr:postcode": "3551CK",
        "addr:street": "Amsterdamsestraatweg",
        "brand": "Albert Heijn",
        "brand:website": "https://www.ah.nl/",
        "brand:wikidata": "Q1653985",
        "brand:wikipedia": "nl:Albert Heijn (supermarkt)",
        "check_date": "2025-09-06",
        "check_date:opening_hours": "2025-09-06",
        "description": "AH [Utrecht] Amsterdamse straatweg 367",
        "name": "Albert Heijn",
        "opening_hours": "Mo-Sa 08:00-22:00; Su 10:00-22:00",
        "operator": "Albert Heijn",
        "payment:cash": "yes",
        "phone": "+31 30 242 0200",
        "ref": "1376",
        "shop": "supermarket",
        "source": "BAG",
        "source:date": "2014-01-22",
        "website": "https://www.ah.nl/winkel/1376",
        "wheelchair": "yes"
      },
      "geometry": {
        "type": "Point",
        "coordinates": [
          5.0941414,
          52.1042566
        ]
      },
      "id": "node/1640800009"
    },
    {
      "type": "Feature",
      "properties": {
        "@id": "node/1655427184",
        "addr:city": "Leusden",
        "addr:housename": "Winkelcentrum De Hamershof",
        "addr:housenumber": "20",
        "addr:postcode": "3831CR",
        "addr:street": "'t Plein",
        "brand": "PLUS",
        "brand:wikidata": "Q1978981",
        "name": "PLUS",
        "opening_hours": "Mo-Sa 08:00-21:00;Su 10:00-19:00",
        "operator": "PLUS Supermarkt Leusden B.V.",
        "phone": "+31 33 494 1111",
        "shop": "supermarket",
        "source": "BAG",
        "website": "https://www.plus.nl/supermarkten/leusden_plus-van-den-hoven-leusden_1228"
      },
      "geometry": {
        "type": "Point",
        "coordinates": [
          5.426583,
          52.1291146
        ]
      },
      "id": "node/1655427184"
    },
    {
      "type": "Feature",
      "properties": {
        "@id": "node/1658045530",
        "addr:city": "Baarn",
        "addr:housenumber": "2",
        "addr:postcode": "3741EN",
        "addr:street": "Prof. Krabbelaan",
        "branch": "Baarn Prof. Krabbelaan",
        "brand": "PLUS",
        "brand:wikidata": "Q1978981",
        "brand:wikipedia": "nl:PLUS (Nederlandse supermarkt)",
        "name": "PLUS",
        "opening_hours": "Mo-Sa 08:00-19:00; Su 10:00-18:00",
        "phone": "+31 355 435 353",
        "self_checkout": "yes",
        "shop": "supermarket",
        "source": "BAG",
        "source:date": "2014-03-24",
        "website": "https://www.plus.nl"
      },
      "geometry": {
        "type": "Point",
        "coordinates": [
          5.2829669,
          52.2187589
        ]
      },
      "id": "node/1658045530"
    },
    {
      "type": "Feature",
      "properties": {
        "@id": "node/1693688416",
        "addr:city": "Putten",
        "addr:country": "NL",
        "addr:housenumber": "31",
        "addr:postcode": "3882AE",
        "addr:street": "Achterstraat",
        "brand": "DekaMarkt",
        "brand:wikidata": "Q2489350",
        "brand:wikipedia": "nl:DekaMarkt",
        "name": "DekaMarkt",
        "opening_hours": "Mo-Sa 08:00-20:00; Th,Fr 08:00-21:00",
        "phone": "+31 341 362 317",
        "shop": "supermarket",
        "website": "https://www.dekamarkt.nl"
      },
      "geometry": {
        "type": "Point",
        "coordinates": [
          5.6054312,
          52.2589
        ]
      },
      "id": "node/1693688416"
    },
    {
      "type": "Feature",
      "properties": {
        "@id": "node/1699967863",
        "addr:city": "Utrecht",
        "addr:housenumber": "66G",
        "addr:postcode": "3525AH",
        "addr:street": "'t Goylaan",
        "brand": "Albert Heijn",
        "brand:website": "https://www.ah.nl/",
        "brand:wikidata": "Q1653985",
        "brand:wikipedia": "nl:Albert Heijn (supermarkt)",
        "check_date:opening_hours": "2026-04-24",
        "description": "AH [Utrecht] 't Goylaan",
        "name": "Albert Heijn",
        "opening_hours": "Mo-Sa 08:00-22:00; Su 10:00-22:00",
        "phone": "+31 30 280 3320",
        "ref": "1568",
        "shop": "supermarket",
        "source": "BAG",
        "source:date": "2014-08-22",
        "website": "https://www.ah.nl/winkel/1568",
        "wheelchair": "yes"
      },
      "geometry": {
        "type": "Point",
        "coordinates": [
          5.1211715,
          52.0664285
        ]
      },
      "id": "node/1699967863"
    },
    {
      "type": "Feature",
      "properties": {
        "@id": "node/1700791999",
        "addr:city": "Bunnik",
        "addr:housenumber": "3",
        "addr:postcode": "3981EN",
        "addr:street": "Van Hardenbroeklaan",
        "brand": "Albert Heijn",
        "brand:wikidata": "Q1653985",
        "brand:wikipedia": "nl:Albert Heijn (supermarkt)",
        "internet_access": "wlan",
        "internet_access:fee": "no",
        "name": "Albert Heijn",
        "opening_hours": "Su 10:00-21:00; Mo-Sa 08:00-21:00",
        "payment:cash": "yes",
        "payment:coins": "yes",
        "payment:debit_cards": "yes",
        "phone": "+31 30 656 1206",
        "shop": "supermarket",
        "source": "BAG",
        "source:date": "2014-05-07",
        "website": "https://www.ahbunnik.nl/",
        "wheelchair": "yes"
      },
      "geometry": {
        "type": "Point",
        "coordinates": [
          5.1997182,
          52.0673944
        ]
      },
      "id": "node/1700791999"
    },
    {
      "type": "Feature",
      "properties": {
        "@id": "node/1733984117",
        "cuisine": "indonesian",
        "name": "Gembira",
        "shop": "supermarket",
        "website": "https://www.gembira.nl/"
      },
      "geometry": {
        "type": "Point",
        "coordinates": [
          5.2214374,
          52.3727961
        ]
      },
      "id": "node/1733984117"
    },
    {
      "type": "Feature",
      "properties": {
        "@id": "node/1738382192",
        "addr:city": "Nunspeet",
        "addr:housenumber": "6",
        "addr:postcode": "8071BG",
        "addr:street": "Veldweg",
        "branch": "Nunspeet",
        "brand": "Nettorama",
        "brand:website": "https://www.nettorama.nl",
        "brand:wikidata": "Q1828639",
        "name": "Nettorama",
        "opening_hours": "Mo-Sa 08:00-21:00; Su off",
        "phone": "+31 341 251055",
        "shop": "supermarket",
        "source": "BAG",
        "source:date": "2014-05-24",
        "website": "https://www.nettorama.nl/locaties/nunspeet-open-18-06-vanaf-08-00-uur"
      },
      "geometry": {
        "type": "Point",
        "coordinates": [
          5.7876133,
          52.3757898
        ]
      },
      "id": "node/1738382192"
    },
    {
      "type": "Feature",
      "properties": {
        "@id": "node/1741620770",
        "addr:city": "Harderwijk",
        "addr:housenumber": "10",
        "addr:postcode": "3842HB",
        "addr:street": "P.C. Hooftplein",
        "brand": "Nettorama",
        "brand:website": "https://www.nettorama.nl/",
        "brand:wikidata": "Q1828639",
        "name": "Nettorama",
        "opening_hours": "Mo-Sa 08:00-21:00; Su 12:00-18:00",
        "payment:cash": "yes",
        "payment:contactless": "yes",
        "phone": "+31 341 418 072",
        "shop": "supermarket",
        "source": "BAG",
        "source:date": "2014-05-07",
        "website": "https://www.nettorama.nl/locaties/harderwijk",
        "wheelchair": "yes"
      },
      "geometry": {
        "type": "Point",
        "coordinates": [
          5.6357541,
          52.3435945
        ]
      },
      "id": "node/1741620770"
    },
    {
      "type": "Feature",
      "properties": {
        "@id": "node/1743040736",
        "addr:city": "Amersfoort",
        "addr:housenumber": "19",
        "addr:postcode": "3811EP",
        "addr:street": "Bloemendalsestraat",
        "email": "info@denieuwegraanschuur.nl",
        "name": "De Nieuwe Graanschuur",
        "organic": "only",
        "phone": "+31 33 466 9686",
        "shop": "supermarket",
        "website": "https://www.denieuwegraanschuur.nl/",
        "wheelchair": "yes"
      },
      "geometry": {
        "type": "Point",
        "coordinates": [
          5.3898461,
          52.1585737
        ]
      },
      "id": "node/1743040736"
    },
    {
      "type": "Feature",
      "properties": {
        "@id": "node/1769004609",
        "addr:city": "Almere",
        "addr:housenumber": "111",
        "addr:postcode": "1321GZ",
        "addr:street": "Prozastraat",
        "brand": "Vomar",
        "brand:website": "https://www.vomar.nl",
        "brand:wikidata": "Q3202837",
        "brand:wikipedia": "nl:Vomar",
        "name": "Vomar",
        "opening_hours": "Mo-Sa 07:00-22:00; Su 08:00-22:00",
        "phone": "+31 36 5403 740",
        "shop": "supermarket",
        "source": "BAG",
        "source:date": "2014-03-24",
        "website": "https://www.vomar.nl/winkels/vomar-prozastraat-111-almere.htm"
      },
      "geometry": {
        "type": "Point",
        "coordinates": [
          5.1831091,
          52.3575898
        ]
      },
      "id": "node/1769004609"
    },
    {
      "type": "Feature",
      "properties": {
        "@id": "node/1770860742",
        "addr:city": "Harderwijk",
        "addr:housenumber": "52",
        "addr:postcode": "3842EJ",
        "addr:street": "Vondellaan",
        "name": "Yenghe Food",
        "shop": "supermarket"
      },
      "geometry": {
        "type": "Point",
        "coordinates": [
          5.6360751,
          52.343812
        ]
      },
      "id": "node/1770860742"
    },
    {
      "type": "Feature",
      "properties": {
        "@id": "node/1784726596",
        "addr:city": "Garderen",
        "addr:housenumber": "1",
        "addr:postcode": "3886AX",
        "addr:street": "Smidstraat",
        "branch": "Garderen",
        "brand": "SPAR",
        "brand:website": "https://www.spar.nl",
        "brand:wikidata": "Q610492",
        "name": "SPAR",
        "opening_hours": "Mo-Th 08:30-19:00; Fr 08:30-20:00; Sa 08:00-17:00; Su off",
        "operator": "SPAR",
        "phone": "+31 577 461257",
        "shop": "supermarket",
        "source": "BAG",
        "source:date": "2014-02-11",
        "website": "https://www.spar.nl/winkels/spar-garderen-42/"
      },
      "geometry": {
        "type": "Point",
        "coordinates": [
          5.7154922,
          52.2329599
        ]
      },
      "id": "node/1784726596"
    },
    {
      "type": "Feature",
      "properties": {
        "@id": "node/1796486777",
        "addr:city": "Utrecht",
        "addr:housenumber": "1B",
        "addr:postcode": "3584CS",
        "addr:street": "Heidelberglaan",
        "branch": "HU Utrecht",
        "brand": "SPAR university",
        "brand:website": "https://sparuniversity.nl/",
        "brand:wikidata": "Q124630660",
        "check_date": "2025-10-08",
        "email": "uu@spartb.nl",
        "name": "SPAR university",
        "opening_hours": "Mo-Sa 08:00-21:00; Su 10:00-21:00",
        "operator": "SPAR",
        "operator:wikidata": "Q610492",
        "payment:cash": "yes",
        "payment:credit_cards": "yes",
        "payment:debit_cards": "yes",
        "phone": "+31 30 2546746",
        "shop": "supermarket",
        "source": "BAG",
        "source:date": "2014-08-25",
        "website": "https://www.spartb.nl",
        "wheelchair": "limited"
      },
      "geometry": {
        "type": "Point",
        "coordinates": [
          5.1718279,
          52.0842684
        ]
      },
      "id": "node/1796486777"
    },
    {
      "type": "Feature",
      "properties": {
        "@id": "node/1830170270",
        "addr:city": "Zeewolde",
        "addr:housenumber": "26",
        "addr:postcode": "3891ET",
        "addr:street": "Kerkstraat",
        "brand": "Albert Heijn",
        "brand:website": "https://www.ah.nl/",
        "brand:wikidata": "Q1653985",
        "brand:wikipedia": "nl:Albert Heijn (supermarkt)",
        "name": "Albert Heijn",
        "opening_hours": "Mo-Sa 07:00-22:00; Su 13:00-20:00",
        "phone": "+31 36 522 1179",
        "ref": "1279",
        "shop": "supermarket",
        "source": "BAG",
        "source:date": "2014-05-07",
        "website": "https://www.ah.nl/winkel/1279"
      },
      "geometry": {
        "type": "Point",
        "coordinates": [
          5.5419647,
          52.3302501
        ]
      },
      "id": "node/1830170270"
    },
    {
      "type": "Feature",
      "properties": {
        "@id": "node/1881033243",
        "addr:city": "Driebergen-Rijsenburg",
        "addr:housenumber": "162",
        "addr:postcode": "3972LG",
        "addr:street": "Hoofdstraat",
        "branch": "Driebergen Hoofdstraat",
        "brand": "Albert Heijn",
        "brand:wikidata": "Q1653985",
        "brand:wikipedia": "nl:Albert Heijn (supermarkt)",
        "internet_access": "yes",
        "internet_access:fee": "no",
        "internet_access:type": "wlan",
        "name": "Albert Heijn",
        "opening_hours": "Mo-Sa 08:00-22:00; Su,PH 12:00-18:00",
        "operator": "Albert Heijn",
        "payment:coins": "yes",
        "payment:contactless": "yes",
        "payment:maestro": "yes",
        "payment:notes": "yes",
        "payment:v_pay": "yes",
        "payment:visa_debit": "yes",
        "phone": "+31 343 510 317",
        "shop": "supermarket",
        "source": "BAG",
        "source:date": "2019-10-15",
        "website": "https://www.ah.nl/winkel/1813",
        "wheelchair": "yes"
      },
      "geometry": {
        "type": "Point",
        "coordinates": [
          5.2830118,
          52.0515776
        ]
      },
      "id": "node/1881033243"
    },
    {
      "type": "Feature",
      "properties": {
        "@id": "node/1881161831",
        "addr:city": "Utrecht",
        "addr:housenumber": "37",
        "addr:postcode": "3531BS",
        "addr:street": "Damstraat",
        "brand": "Albert Heijn",
        "brand:website": "https://www.ah.nl/",
        "brand:wikidata": "Q1653985",
        "brand:wikipedia": "nl:Albert Heijn (supermarkt)",
        "check_date": "2026-04-20",
        "check_date:opening_hours": "2026-06-02",
        "diet:halal": "yes",
        "diet:kosher": "yes",
        "internet_access": "wlan",
        "name": "Albert Heijn",
        "opening_hours": "Mo-Sa 08:00-22:00; Su 10:00-22:00",
        "operator": "Albert Heijn B.V.",
        "payment:account_cards": "yes",
        "payment:app": "yes",
        "payment:apple_pay": "yes",
        "payment:cards": "yes",
        "payment:cash": "yes",
        "payment:coins": "yes",
        "payment:contactless": "yes",
        "payment:credit_cards": "yes",
        "payment:debit_cards": "yes",
        "payment:notes": "yes",
        "phone": "+31 30 294 9487",
        "shop": "supermarket",
        "website": "https://www.ah.nl/winkel/1320"
      },
      "geometry": {
        "type": "Point",
        "coordinates": [
          5.1035803,
          52.0921936
        ]
      },
      "id": "node/1881161831"
    },
    {
      "type": "Feature",
      "properties": {
        "@id": "node/1882659631",
        "addr:city": "Houten",
        "addr:housenumber": "5",
        "addr:postcode": "3995AT",
        "addr:street": "Stellingmolen",
        "brand": "Lidl",
        "brand:website": "https://www.lidl.nl/",
        "brand:wikidata": "Q151954",
        "brand:wikipedia": "nl:Lidl",
        "check_date": "2026-04-01",
        "name": "Lidl",
        "opening_hours": "Mo-Sa 08:00-21:00; Su 10:00-18:00",
        "operator": "Lidl Nederland GmbH",
        "payment:cash": "yes",
        "payment:credit_cards": "yes",
        "payment:debit_cards": "yes",
        "shop": "supermarket",
        "source": "BAG",
        "source:date": "2014-03-24",
        "website": "https://www.lidl.nl/s/nl-NL/filialen/houten/stellingmolen-5/",
        "wheelchair": "yes"
      },
      "geometry": {
        "type": "Point",
        "coordinates": [
          5.1703827,
          52.0337995
        ]
      },
      "id": "node/1882659631"
    },
    {
      "type": "Feature",
      "properties": {
        "@id": "node/1958439148",
        "addr:city": "Hooglanderveen",
        "addr:housenumber": "18A",
        "addr:postcode": "3829AD",
        "addr:street": "Van Tuyllstraat",
        "branch": "Hooglanderveen",
        "brand": "Nettorama",
        "brand:website": "https://www.nettorama.nl",
        "brand:wikidata": "Q1828639",
        "name": "Nettorama",
        "opening_hours": "Mo-Th, Sa 08:00-20:00; Fr 08:00-21:00; Su 10:00-19:00",
        "phone": "+31 33 2540310",
        "shop": "supermarket",
        "source": "BAG",
        "source:date": "2012-08-08",
        "website": "https://www.nettorama.nl/locaties/hooglanderveen"
      },
      "geometry": {
        "type": "Point",
        "coordinates": [
          5.4313001,
          52.1883479
        ]
      },
      "id": "node/1958439148"
    },
    {
      "type": "Feature",
      "properties": {
        "@id": "node/1962537755",
        "addr:city": "Leusden",
        "addr:housenumber": "90",
        "addr:postcode": "3832JS",
        "addr:street": "Maximaplein",
        "brand": "Dirk",
        "brand:wikidata": "Q17502722",
        "name": "Dirk",
        "old_name": "Dirk van den Broek",
        "opening_hours": "Mo-We,Sa 08:00-20:00; Th-Fr 08:00-21:00; Su 10:00-19:00",
        "phone": "+31 88 313 4585",
        "shop": "supermarket",
        "source": "BAG",
        "website": "https://www.dirk.nl/winkels/leusden/maximaplein/70"
      },
      "geometry": {
        "type": "Point",
        "coordinates": [
          5.4091134,
          52.1184188
        ]
      },
      "id": "node/1962537755"
    },
    {
      "type": "Feature",
      "properties": {
        "@id": "node/1962671624",
        "addr:city": "Amersfoort",
        "addr:housenumber": "1",
        "addr:postcode": "3825ME",
        "addr:street": "Buma",
        "brand": "Albert Heijn",
        "brand:website": "https://www.ah.nl/",
        "brand:wikidata": "Q1653985",
        "brand:wikipedia": "nl:Albert Heijn (supermarkt)",
        "name": "Albert Heijn",
        "opening_hours": "Mo-Sa 08:00-22:00; Su 09:00-22:00",
        "phone": "+31 33 209 6474",
        "ref": "4192",
        "shop": "supermarket",
        "source": "BAG",
        "source:date": "2026-02-06",
        "website": "https://www.ah.nl/winkel/4192",
        "wheelchair": "yes"
      },
      "geometry": {
        "type": "Point",
        "coordinates": [
          5.4307168,
          52.1959784
        ]
      },
      "id": "node/1962671624"
    },
    {
      "type": "Feature",
      "properties": {
        "@id": "node/1964639945",
        "addr:city": "Leusden",
        "addr:housenumber": "10",
        "addr:postcode": "3831ND",
        "addr:street": "De Brouwerij",
        "name": "Happy Supermarkt",
        "opening_hours": "Mo-Th 08:00-18:00; Fr 08:00-19:00; Sa 08:00-18:00",
        "phone": "+31 6 1887 0663",
        "shop": "supermarket",
        "source": "BAG",
        "website": "https://www.facebook.com/HappySupermarkt"
      },
      "geometry": {
        "type": "Point",
        "coordinates": [
          5.4266258,
          52.1298669
        ]
      },
      "id": "node/1964639945"
    },
    {
      "type": "Feature",
      "properties": {
        "@id": "node/1964642399",
        "addr:city": "Leusden",
        "addr:housenumber": "29",
        "addr:postcode": "3831CR",
        "addr:street": "'t Plein",
        "alt_name": "Jumbo Leusden De Hamershof",
        "branch": "De Hamershof",
        "brand": "Jumbo",
        "brand:wikidata": "Q2262314",
        "brand:wikipedia": "nl:Jumbo Supermarkten",
        "name": "Jumbo",
        "opening_hours": "Mo-Sa 08:00-21:00; Su 12:00-18:00",
        "operator": "Supermarkt Wahle B.V.",
        "phone": "+31 33 434 5680",
        "shop": "supermarket",
        "source": "BAG",
        "website": "https://www.jumbo.com/winkel/leusden/jumbo-leusden-de-hamershof"
      },
      "geometry": {
        "type": "Point",
        "coordinates": [
          5.427729,
          52.1287463
        ]
      },
      "id": "node/1964642399"
    },
    {
      "type": "Feature",
      "properties": {
        "@id": "node/1973701375",
        "addr:city": "Amersfoort",
        "addr:housenumber": "65",
        "addr:postcode": "3812EA",
        "addr:street": "Eemplein",
        "brand": "Albert Heijn",
        "brand:wikidata": "Q1653985",
        "brand:wikipedia": "nl:Albert Heijn (supermarkt)",
        "check_date:opening_hours": "2025-10-26",
        "name": "Albert Heijn",
        "opening_hours": "Mo-Su 07:30-22:00",
        "phone": "+31 33 462 2812",
        "shop": "supermarket",
        "source": "BAG",
        "source:date": "2014-02-11",
        "website": "https://www.ah.nl/winkel/1628",
        "wheelchair": "yes"
      },
      "geometry": {
        "type": "Point",
        "coordinates": [
          5.3819989,
          52.1587875
        ]
      },
      "id": "node/1973701375"
    },
    {
      "type": "Feature",
      "properties": {
        "@id": "node/2026429249",
        "addr:city": "Vianen",
        "addr:housenumber": "77",
        "addr:postcode": "4133DC",
        "addr:street": "Ursulinenhof",
        "brand": "PLUS",
        "brand:website": "https://www.plus.nl",
        "brand:wikidata": "Q1978981",
        "name": "PLUS Michael de Bruijn",
        "opening_hours": "Mo-Sa 08:00-20:00; Su 12:00-17:00",
        "phone": "+31 347 322033",
        "shop": "supermarket",
        "source": "BAG",
        "source:date": "2014-03-24",
        "website": "https://www.plus.nl/supermarkten/vianen_plus-michael-de-bruijn_1226"
      },
      "geometry": {
        "type": "Point",
        "coordinates": [
          5.0817866,
          51.9837185
        ]
      },
      "id": "node/2026429249"
    },
    {
      "type": "Feature",
      "properties": {
        "@id": "node/2043936316",
        "addr:city": "Vianen",
        "addr:housenumber": "545",
        "addr:postcode": "4131GT",
        "addr:street": "Vijfheerenlanden",
        "branch": "Vianen",
        "brand": "ALDI",
        "brand:wikidata": "Q41171373",
        "name": "ALDI",
        "shop": "supermarket",
        "source": "BAG",
        "source:date": "2014-03-24",
        "website": "https://www.aldi.nl/supermarkt/vianen/vijfheerenlanden-545-554/3187663.html"
      },
      "geometry": {
        "type": "Point",
        "coordinates": [
          5.1024608,
          51.9943717
        ]
      },
      "id": "node/2043936316"
    },
    {
      "type": "Feature",
      "properties": {
        "@id": "node/2043944962",
        "addr:city": "Vianen",
        "addr:housenumber": "7",
        "addr:postcode": "4132CB",
        "addr:street": "Lijnbaan",
        "branch": "Vianen Lijnbaan",
        "brand": "Jumbo",
        "brand:website": "https://www.jumbo.com",
        "brand:wikidata": "Q2262314",
        "brand:wikipedia": "nl:Jumbo Supermarkten",
        "name": "Jumbo",
        "opening_hours": "Mo-Th,Sa 08:00-20:00; Fr 08:00-21:00; Su 12:00-17:00",
        "phone": "+31 347 326282",
        "shop": "supermarket",
        "source": "BAG",
        "source:date": "2014-03-24",
        "website": "https://www.jumbo.com/winkel/vianen/jumbo-vianen-lijnbaan"
      },
      "geometry": {
        "type": "Point",
        "coordinates": [
          5.0941768,
          51.9914817
        ]
      },
      "id": "node/2043944962"
    },
    {
      "type": "Feature",
      "properties": {
        "@id": "node/2046267707",
        "addr:city": "Houten",
        "addr:housenumber": "12",
        "addr:postcode": "3995XM",
        "addr:street": "Cardo",
        "brand": "Albert Heijn",
        "brand:wikidata": "Q1653985",
        "brand:wikipedia": "nl:Albert Heijn (supermarkt)",
        "check_date": "2026-02-01",
        "check_date:opening_hours": "2024-10-06",
        "contact:facebook": "https://www.facebook.com/ahcastellum",
        "contact:instagram": "https://www.instagram.com/albertheijn_houtencastellum",
        "name": "Albert Heijn",
        "opening_hours": "Mo-Sa 08:00-21:00; Su 09:00-21:00",
        "phone": "+31 30 639 0411",
        "shop": "supermarket",
        "source": "BAG",
        "source:date": "2014-03-24",
        "website": "https://www.ah.nl/winkel/1204"
      },
      "geometry": {
        "type": "Point",
        "coordinates": [
          5.1781647,
          52.0170652
        ]
      },
      "id": "node/2046267707"
    },
    {
      "type": "Feature",
      "properties": {
        "@id": "node/2046267717",
        "addr:city": "Houten",
        "addr:housenumber": "10",
        "addr:postcode": "3995XM",
        "addr:street": "Cardo",
        "branch": "Houten - Winkelcentrum Castellum",
        "brand": "Hoogvliet",
        "brand:website": "https://www.hoogvliet.com",
        "brand:wikidata": "Q2770647",
        "brand:wikipedia": "nl:Hoogvliet (supermarkt)",
        "check_date": "2026-02-01",
        "contact:facebook": "https://www.facebook.com/Hoogvliet.Houten",
        "contact:instagram": "https://www.instagram.com/hoogvlietsupermarkten/",
        "name": "Hoogvliet",
        "opening_hours": "Mo-Th,Sa 08:00-20:00; Fr 08:00-21:00; Su 10:00-19:00; PH off",
        "phone": "+31 88 4572340",
        "shop": "supermarket",
        "source": "BAG",
        "source:date": "2014-03-24",
        "website": "https://www.hoogvliet.com/winkelinformatie/houten-winkelcentrum-castellum"
      },
      "geometry": {
        "type": "Point",
        "coordinates": [
          5.1778656,
          52.017437
        ]
      },
      "id": "node/2046267717"
    },
    {
      "type": "Feature",
      "properties": {
        "@id": "node/2061485782",
        "addr:city": "Veenendaal",
        "addr:housenumber": "30",
        "addr:postcode": "3901CV",
        "addr:street": "Scheepjeshof",
        "brand": "DekaMarkt",
        "brand:wikidata": "Q2489350",
        "brand:wikipedia": "nl:DekaMarkt",
        "name": "DekaMarkt",
        "opening_hours": "Mo-Sa 08:00-20:00; Su 09:00-19:00",
        "payment:cash": "yes",
        "payment:maestro": "yes",
        "payment:v_pay": "yes",
        "phone": "+31 88 313 5640",
        "shop": "supermarket",
        "source": "BAG",
        "source:date": "2014-03-24",
        "website": "https://www.dekamarkt.nl",
        "wheelchair": "yes"
      },
      "geometry": {
        "type": "Point",
        "coordinates": [
          5.5564143,
          52.0301649
        ]
      },
      "id": "node/2061485782"
    },
    {
      "type": "Feature",
      "properties": {
        "@id": "node/2154562255",
        "addr:city": "Veenendaal",
        "addr:housenumber": "7",
        "addr:postcode": "3905SH",
        "addr:street": "Veenslag",
        "brand": "Albert Heijn",
        "brand:wikidata": "Q1653985",
        "brand:wikipedia": "nl:Albert Heijn (supermarkt)",
        "check_date": "2025-09-19",
        "internet_access": "wlan",
        "internet_access:fee": "no",
        "level": "0",
        "name": "Albert Heijn",
        "opening_hours": "Mo-We 08:00-20:00; Th,Fr 08:00-21:00; Sa 08:00-20:00",
        "payment:cash": "yes",
        "payment:debit_cards": "yes",
        "phone": "+31 318 522 535",
        "ref": "1254",
        "shop": "supermarket",
        "source": "BAG",
        "source:date": "2014-03-24",
        "website": "https://www.ah.nl/winkel/1254",
        "wheelchair": "yes"
      },
      "geometry": {
        "type": "Point",
        "coordinates": [
          5.532473,
          52.0286845
        ]
      },
      "id": "node/2154562255"
    },
    {
      "type": "Feature",
      "properties": {
        "@id": "node/2229368340",
        "addr:city": "Nieuwegein",
        "addr:housenumber": "10",
        "addr:postcode": "3437AR",
        "addr:street": "Waardijnburg",
        "brand": "Lidl",
        "brand:website": "https://www.lidl.nl/",
        "brand:wikidata": "Q151954",
        "brand:wikipedia": "nl:Lidl",
        "name": "Lidl",
        "opening_hours": "Mo-Fr 08:00-21:00; Sa 08:00-20:00; Su 12:00-19:00",
        "operator": "Lidl Nederland GmbH",
        "shop": "supermarket",
        "source": "BAG",
        "source:date": "2014-08-11",
        "website": "https://www.lidl.nl/s/nl-NL/filialen/nieuwegein/waardijnburg-10/"
      },
      "geometry": {
        "type": "Point",
        "coordinates": [
          5.0761748,
          52.0418163
        ]
      },
      "id": "node/2229368340"
    },
    {
      "type": "Feature",
      "properties": {
        "@id": "node/2266316628",
        "addr:city": "Ede",
        "addr:country": "NL",
        "addr:housename": "Albert Heijn Stadspoort",
        "addr:housenumber": "1",
        "addr:postcode": "6716RH",
        "addr:street": "Stadspoort",
        "brand": "Albert Heijn",
        "brand:website": "https://www.ah.nl/",
        "brand:wikidata": "Q1653985",
        "brand:wikipedia": "nl:Albert Heijn (supermarkt)",
        "name": "Albert Heijn",
        "opening_hours": "Mo-Th 08:00-20:00; Fr 08:00-21:00; Sa 08:00-20:00",
        "phone": "+31 318 622 232",
        "ref": "1410",
        "shop": "supermarket",
        "website": "https://www.ah.nl/winkel/1410"
      },
      "geometry": {
        "type": "Point",
        "coordinates": [
          5.6510733,
          52.0175125
        ]
      },
      "id": "node/2266316628"
    },
    {
      "type": "Feature",
      "properties": {
        "@id": "node/2292195771",
        "addr:city": "Soest",
        "addr:housenumber": "19",
        "addr:postcode": "3764BG",
        "addr:street": "Parallelweg",
        "air_conditioning": "yes",
        "branch": "Soest",
        "brand": "Nettorama",
        "brand:website": "https://www.nettorama.nl",
        "brand:wikidata": "Q1828639",
        "name": "Nettorama",
        "opening_hours": "Mo-Th,Sa 08:00-20:00; Fr 08:00-21:00; Su 10:00-19:00",
        "phone": "+31 35 6017469",
        "shop": "supermarket",
        "source": "BAG",
        "source:date": "2014-03-24",
        "website": "https://www.nettorama.nl/locaties/soest"
      },
      "geometry": {
        "type": "Point",
        "coordinates": [
          5.3048586,
          52.1786606
        ]
      },
      "id": "node/2292195771"
    },
    {
      "type": "Feature",
      "properties": {
        "@id": "node/2424081816",
        "addr:city": "Zeist",
        "addr:housenumber": "18",
        "addr:postcode": "3701HK",
        "addr:street": "1e Hogeweg",
        "name": "De Groene Winkel",
        "shop": "supermarket",
        "source": "BAG",
        "source:date": "2014-03-24",
        "website": "https://www.degroenewinkel.nl/",
        "wheelchair": "yes"
      },
      "geometry": {
        "type": "Point",
        "coordinates": [
          5.2405698,
          52.0855717
        ]
      },
      "id": "node/2424081816"
    },
    {
      "type": "Feature",
      "properties": {
        "@id": "node/2554472492",
        "addr:city": "Ede",
        "addr:housenumber": "8",
        "addr:postcode": "6713EN",
        "addr:street": "Rozenplein",
        "brand": "Albert Heijn",
        "brand:wikidata": "Q1653985",
        "brand:wikipedia": "nl:Albert Heijn (supermarkt)",
        "name": "Albert Heijn",
        "opening_hours": "Mo-Th 08:00-20:00; Fr 08:00-21:00; Sa 08:00-20:00",
        "phone": "+31 318 618 300",
        "ref": "1838",
        "shop": "supermarket",
        "website": "https://www.ah.nl/winkel/1838"
      },
      "geometry": {
        "type": "Point",
        "coordinates": [
          5.6568168,
          52.0384636
        ]
      },
      "id": "node/2554472492"
    },
    {
      "type": "Feature",
      "properties": {
        "@id": "node/2557308108",
        "addr:city": "Ede",
        "addr:housenumber": "269",
        "addr:postcode": "6711NZ",
        "addr:street": "De Halte",
        "branch": "Ede",
        "brand": "Hoogvliet",
        "brand:website": "https://www.hoogvliet.com",
        "brand:wikidata": "Q2770647",
        "brand:wikipedia": "nl:Hoogvliet (supermarkt)",
        "name": "Hoogvliet",
        "opening_hours": "Mo-Sa 08:00-21:00; Su 12:00-17:00",
        "phone": "+31 88 4572620",
        "shop": "supermarket",
        "source": "BAG",
        "source:date": "2014-03-24",
        "website": "https://www.hoogvliet.com/winkelinformatie/ede"
      },
      "geometry": {
        "type": "Point",
        "coordinates": [
          5.6672564,
          52.0417185
        ]
      },
      "id": "node/2557308108"
    },
    {
      "type": "Feature",
      "properties": {
        "@id": "node/2560675191",
        "addr:city": "Ede",
        "addr:housenumber": "3",
        "addr:postcode": "6717AH",
        "addr:street": "Keesomstraat",
        "brand": "Albert Heijn XL",
        "brand:wikidata": "Q78163765",
        "brand:wikipedia": "nl:Albert Heijn (supermarkt)",
        "description": "Albert Heijn XL",
        "name": "Albert Heijn XL",
        "phone": "+31 318 643 372",
        "ref": "1856",
        "shop": "supermarket",
        "website": "https://www.ah.nl/winkel/1856"
      },
      "geometry": {
        "type": "Point",
        "coordinates": [
          5.6472999,
          52.0305911
        ]
      },
      "id": "node/2560675191"
    },
    {
      "type": "Feature",
      "properties": {
        "@id": "node/2575042957",
        "addr:city": "Oosterbeek",
        "addr:housenumber": "94",
        "addr:postcode": "6862AP",
        "addr:street": "Utrechtseweg",
        "brand": "PLUS",
        "brand:wikidata": "Q1978981",
        "name": "PLUS",
        "shop": "supermarket",
        "source": "BAG",
        "source:date": "2014-08-13",
        "toilets:wheelchair": "no",
        "wheelchair": "yes"
      },
      "geometry": {
        "type": "Point",
        "coordinates": [
          5.8480845,
          51.9863611
        ]
      },
      "id": "node/2575042957"
    },
    {
      "type": "Feature",
      "properties": {
        "@id": "node/2575043222",
        "addr:city": "Oosterbeek",
        "addr:housenumber": "3",
        "addr:postcode": "6862HE",
        "addr:street": "Jacobaweg",
        "brand": "ALDI",
        "brand:website": "https://www.aldi.nl/",
        "brand:wikidata": "Q41171373",
        "brand:wikipedia": "nl:Aldi",
        "name": "ALDI",
        "shop": "supermarket",
        "source": "BAG",
        "source:date": "2014-08-13",
        "toilets:wheelchair": "no",
        "wheelchair": "yes"
      },
      "geometry": {
        "type": "Point",
        "coordinates": [
          5.84836,
          51.9861974
        ]
      },
      "id": "node/2575043222"
    },
    {
      "type": "Feature",
      "properties": {
        "@id": "node/2613148492",
        "addr:city": "Bussum",
        "addr:housenumber": "238",
        "addr:postcode": "1403RN",
        "addr:street": "Laarderweg",
        "brand": "Lidl",
        "brand:website": "https://www.lidl.nl/",
        "brand:wikidata": "Q151954",
        "brand:wikipedia": "nl:Lidl",
        "name": "Lidl",
        "opening_hours": "Mo-Sa 07:30-21:00; Su 09:00-18:00",
        "operator": "Lidl Nederland GmbH",
        "shop": "supermarket",
        "source": "BAG",
        "source:date": "2014-05-30",
        "website": "https://www.lidl.nl/s/nl-NL/filialen/bussum/laarderweg-238/"
      },
      "geometry": {
        "type": "Point",
        "coordinates": [
          5.1703896,
          52.2640978
        ]
      },
      "id": "node/2613148492"
    },
    {
      "type": "Feature",
      "properties": {
        "@id": "node/2613148886",
        "brand": "DekaMarkt",
        "brand:wikidata": "Q2489350",
        "brand:wikipedia": "nl:DekaMarkt",
        "name": "DekaMarkt",
        "opening_hours": "Mo-Th,Sa 08:00-20:00; Fr 08:00-21:00; Su 12:00-18:00",
        "shop": "supermarket",
        "website": "https://www.dekamarkt.nl/"
      },
      "geometry": {
        "type": "Point",
        "coordinates": [
          5.1689218,
          52.2664938
        ]
      },
      "id": "node/2613148886"
    },
    {
      "type": "Feature",
      "properties": {
        "@id": "node/2632908556",
        "addr:city": "Utrecht",
        "addr:housenumber": "316",
        "addr:postcode": "3551CT",
        "addr:street": "Amsterdamsestraatweg",
        "check_date": "2025-10-27",
        "check_date:opening_hours": "2025-10-27",
        "email": "info@slavjanskidvor.nl",
        "name": "Slavjanski Dvor",
        "name:ru": "Славянский Двор",
        "opening_hours": "Mo 13:00-18:00; Tu,We,Sa 10:00-18:00; Th,Fr 10:00-19:00",
        "origin": "russian;ukrainian;belarussian;georgian",
        "payment:cash": "yes",
        "phone": "+31 30 244 3352",
        "shop": "supermarket",
        "source": "BAG",
        "source:date": "2014-01-22",
        "website": "https://www.slavjanskidvor.nl",
        "wheelchair": "no"
      },
      "geometry": {
        "type": "Point",
        "coordinates": [
          5.0977055,
          52.1018628
        ]
      },
      "id": "node/2632908556"
    },
    {
      "type": "Feature",
      "properties": {
        "@id": "node/2634055932",
        "addr:city": "Utrecht",
        "addr:housenumber": "15",
        "addr:postcode": "3513AA",
        "addr:street": "Amsterdamsestraatweg",
        "brand": "Ekoplaza",
        "brand:website": "https://www.ekoplaza.nl/",
        "brand:wikidata": "Q47017915",
        "brand:wikipedia": "nl:Ekoplaza",
        "check_date": "2025-12-21",
        "check_date:opening_hours": "2025-12-21",
        "email": "amsterdamsestraatweg@ekoplaza.nl",
        "name": "Ekoplaza",
        "opening_hours": "Mo-Sa 08:30-20:00; Su 10:00-19:00",
        "organic": "only",
        "phone": "+31 30 760 0990",
        "shop": "supermarket",
        "source": "BAG",
        "source:date": "2014-01-22",
        "website": "https://www.ekoplaza.nl/nl/winkels/ekoplaza-amsterdamsestraatweg"
      },
      "geometry": {
        "type": "Point",
        "coordinates": [
          5.1083918,
          52.0961704
        ]
      },
      "id": "node/2634055932"
    },
    {
      "type": "Feature",
      "properties": {
        "@id": "node/2634056390",
        "addr:city": "Utrecht",
        "addr:housenumber": "27",
        "addr:postcode": "3513AA",
        "addr:street": "Amsterdamsestraatweg",
        "name": "Sahan Utrecht",
        "shop": "supermarket",
        "source": "BAG",
        "source:date": "2017-01-14",
        "start_date": "2026-03-01",
        "website": "https://supermarktsahan.nl/"
      },
      "geometry": {
        "type": "Point",
        "coordinates": [
          5.1078138,
          52.0964376
        ]
      },
      "id": "node/2634056390"
    },
    {
      "type": "Feature",
      "properties": {
        "@id": "node/2636315643",
        "addr:city": "Barneveld",
        "addr:housenumber": "5",
        "addr:postcode": "3771CB",
        "addr:street": "Nieuwe Markt",
        "brand": "Jumbo",
        "brand:wikidata": "Q2262314",
        "brand:wikipedia": "nl:Jumbo Supermarkten",
        "name": "Jumbo",
        "shop": "supermarket",
        "source": "BAG",
        "source:date": "2014-01-22"
      },
      "geometry": {
        "type": "Point",
        "coordinates": [
          5.583035,
          52.1419011
        ]
      },
      "id": "node/2636315643"
    },
    {
      "type": "Feature",
      "properties": {
        "@id": "node/2636323320",
        "addr:city": "Barneveld",
        "addr:housenumber": "9",
        "addr:postcode": "3771CB",
        "addr:street": "Nieuwe Markt",
        "branch": "Barneveld",
        "brand": "Ekoplaza",
        "brand:wikidata": "Q47017915",
        "name": "Ekoplaza",
        "organic": "only",
        "phone": "+31 342 421987",
        "shop": "supermarket",
        "source": "BAG",
        "source:date": "2014-01-22",
        "website": "https://www.ekoplaza.nl/nl/winkels/ekoplaza-barneveld"
      },
      "geometry": {
        "type": "Point",
        "coordinates": [
          5.582583,
          52.1416633
        ]
      },
      "id": "node/2636323320"
    },
    {
      "type": "Feature",
      "properties": {
        "@id": "node/2636678106",
        "addr:city": "Kootwijkerbroek",
        "addr:housenumber": "166",
        "addr:postcode": "3774RM",
        "addr:street": "Wesselseweg",
        "brand": "PLUS",
        "brand:wikidata": "Q2390074",
        "name": "PLUS Pater",
        "opening_hours": "Mo-Sa 07:30-21:00",
        "shop": "supermarket",
        "source": "BAG",
        "source:date": "2014-01-22"
      },
      "geometry": {
        "type": "Point",
        "coordinates": [
          5.659353,
          52.151092
        ]
      },
      "id": "node/2636678106"
    },
    {
      "type": "Feature",
      "properties": {
        "@id": "node/2636678402",
        "addr:city": "Barneveld",
        "addr:housenumber": "2",
        "addr:postcode": "3773CM",
        "addr:street": "Lavendelplein",
        "branch": "Lavendelplein",
        "brand": "PLUS",
        "brand:website": "https://www.plus.nl",
        "brand:wikidata": "Q1978981",
        "name": "PLUS",
        "opening_hours": "Mo-Sa 08:00-21:00; Su off",
        "phone": "+31 342 421414",
        "shop": "supermarket",
        "source": "BAG",
        "source:date": "2014-01-22",
        "website": "https://www.plus.nl/supermarkten/barneveld_plus-lavendelplein_1068"
      },
      "geometry": {
        "type": "Point",
        "coordinates": [
          5.6039536,
          52.1344353
        ]
      },
      "id": "node/2636678402"
    },
    {
      "type": "Feature",
      "properties": {
        "@id": "node/2636725099",
        "addr:city": "Utrecht",
        "addr:housenumber": "311",
        "addr:postcode": "3551CH",
        "addr:street": "Amsterdamsestraatweg",
        "check_date": "2025-12-22",
        "email": "customerservice@targetmart.nl",
        "name": "Target Mart",
        "opening_hours": "Mo-We,Fr,Sa 09:00-19:00; Th 09:30-20:00",
        "payment:cash": "yes",
        "phone": "+31 85 047 8343",
        "shop": "supermarket",
        "source": "BAG",
        "source:date": "2014-01-22",
        "website": "https://www.targetmart.nl/"
      },
      "geometry": {
        "type": "Point",
        "coordinates": [
          5.0964217,
          52.1029384
        ]
      },
      "id": "node/2636725099"
    },
    {
      "type": "Feature",
      "properties": {
        "@id": "node/2638630518",
        "addr:city": "Amersfoort",
        "addr:housenumber": "158",
        "addr:postcode": "3817KD",
        "addr:street": "Leusderweg",
        "branch": "Amersfoort",
        "brand": "ALDI",
        "brand:website": "https://www.aldi.nl",
        "brand:wikidata": "Q41171373",
        "name": "ALDI",
        "opening_hours": "Mo-Sa 08:00-20:00; Su 10:00-18:00",
        "shop": "supermarket",
        "source": "BAG",
        "source:date": "2014-01-22",
        "website": "https://www.aldi.nl/supermarkt/amersfoort/leusderweg-158/4574110.html"
      },
      "geometry": {
        "type": "Point",
        "coordinates": [
          5.380662,
          52.1434877
        ]
      },
      "id": "node/2638630518"
    },
    {
      "type": "Feature",
      "properties": {
        "@id": "node/2653648505",
        "name": "Flink",
        "shop": "supermarket"
      },
      "geometry": {
        "type": "Point",
        "coordinates": [
          5.1787955,
          52.2248157
        ]
      },
      "id": "node/2653648505"
    },
    {
      "type": "Feature",
      "properties": {
        "@id": "node/2654144597",
        "addr:city": "Hilversum",
        "addr:housenumber": "115",
        "addr:postcode": "1216HX",
        "addr:street": "Kapittelweg",
        "brand": "Lidl",
        "brand:website": "https://www.lidl.nl/",
        "brand:wikidata": "Q151954",
        "brand:wikipedia": "nl:Lidl",
        "name": "Lidl",
        "opening_hours": "Mo-Sa 07:00-22:00; Su 09:00-19:00",
        "operator": "Lidl Nederland GmbH",
        "shop": "supermarket",
        "source": "BAG",
        "source:date": "2017-05-22",
        "website": "https://www.lidl.nl/s/nl-NL/filialen/hilversum/kapittelweg-115/"
      },
      "geometry": {
        "type": "Point",
        "coordinates": [
          5.1419551,
          52.2161991
        ]
      },
      "id": "node/2654144597"
    },
    {
      "type": "Feature",
      "properties": {
        "@id": "node/2672284342",
        "addr:city": "Utrecht",
        "addr:housenumber": "16",
        "addr:postcode": "3581AG",
        "addr:street": "Nachtegaalstraat",
        "branch": "Nachtegaalstraat",
        "brand": "Ekoplaza Foodmarqt",
        "brand:website": "https://www.ekoplaza.nl/nl/foodmarqt",
        "brand:wikidata": "Q140024015",
        "check_date": "2026-04-21",
        "check_date:opening_hours": "2026-04-21",
        "contact:facebook": "Ekoplaza",
        "contact:instagram": "ekoplazabio",
        "contact:twitter": "ekoplaza",
        "email": "nachtegaalstraat@ekoplaza.nl",
        "level": "0",
        "name": "Ekoplaza Foodmarqt",
        "not:brand:wikidata": "Q47017915",
        "opening_hours": "Mo-Sa 08:00-21:00; Su 10:00-19:00",
        "operator": "Ekoplaza",
        "operator:wikidata": "Q47017915",
        "organic": "only",
        "phone": "+31 6 29659335",
        "shop": "supermarket",
        "source": "BAG",
        "source:date": "2014-02-11",
        "start_date": "2026-05-01",
        "toilets:wheelchair": "no",
        "website": "https://www.ekoplaza.nl/nl/winkels/ekoplaza-foodmarqt-nachtegaalstraat"
      },
      "geometry": {
        "type": "Point",
        "coordinates": [
          5.1289322,
          52.0927878
        ]
      },
      "id": "node/2672284342"
    },
    {
      "type": "Feature",
      "properties": {
        "@id": "node/2672589697",
        "addr:city": "Amersfoort",
        "addr:housenumber": "10A",
        "addr:postcode": "3816NM",
        "addr:street": "Euterpeplein",
        "name": "Deniz Supermarkt",
        "shop": "supermarket",
        "source": "BAG",
        "source:date": "2014-02-11"
      },
      "geometry": {
        "type": "Point",
        "coordinates": [
          5.4063206,
          52.1522337
        ]
      },
      "id": "node/2672589697"
    },
    {
      "type": "Feature",
      "properties": {
        "@id": "node/2672590954",
        "addr:city": "Amersfoort",
        "addr:housenumber": "13A",
        "addr:postcode": "3816NN",
        "addr:street": "Euterpeplein",
        "name": "Defne",
        "shop": "supermarket",
        "source": "BAG",
        "source:date": "2014-02-11"
      },
      "geometry": {
        "type": "Point",
        "coordinates": [
          5.4070915,
          52.1522627
        ]
      },
      "id": "node/2672590954"
    },
    {
      "type": "Feature",
      "properties": {
        "@id": "node/2674431663",
        "addr:city": "Amersfoort",
        "addr:housenumber": "285",
        "addr:postcode": "3815GK",
        "addr:street": "Wiekslag",
        "name": "Orient Market",
        "shop": "supermarket",
        "source": "BAG",
        "source:date": "2014-02-11"
      },
      "geometry": {
        "type": "Point",
        "coordinates": [
          5.4086653,
          52.1666133
        ]
      },
      "id": "node/2674431663"
    },
    {
      "type": "Feature",
      "properties": {
        "@id": "node/2674709488",
        "addr:city": "Amersfoort",
        "addr:housenumber": "52",
        "addr:postcode": "3813PR",
        "addr:street": "Pieter Stastokerf",
        "brand": "Lidl",
        "brand:website": "https://www.lidl.nl/s/nl-NL/winkel/amersfoort/pieter-stastokerf-52/",
        "brand:wikidata": "Q151954",
        "brand:wikipedia": "nl:Lidl",
        "name": "Lidl",
        "opening_hours": "Mo-Sa 08:00-21:00; Su 10:00-18:00",
        "operator": "Lidl Nederland GmbH",
        "shop": "supermarket",
        "source": "BAG",
        "source:date": "2014-02-11",
        "website": "https://www.lidl.nl/s/nl-NL/filialen/amersfoort/pieter-stastokerf-52/"
      },
      "geometry": {
        "type": "Point",
        "coordinates": [
          5.3902721,
          52.1739746
        ]
      },
      "id": "node/2674709488"
    },
    {
      "type": "Feature",
      "properties": {
        "@id": "node/2674711103",
        "addr:city": "Amersfoort",
        "addr:housenumber": "6",
        "addr:postcode": "3813PR",
        "addr:street": "Pieter Stastokerf",
        "brand": "Jumbo",
        "brand:wikidata": "Q2262314",
        "brand:wikipedia": "nl:Jumbo Supermarkten",
        "name": "Jumbo",
        "opening_hours": "Mo-Sa 08:00-21:00; Su 09:00-20:00",
        "shop": "supermarket",
        "source": "BAG",
        "source:date": "2014-02-11",
        "website": "https://www.jumbo.com/winkel/amersfoort/jumbo-amersfoort-pieter-stastokerf"
      },
      "geometry": {
        "type": "Point",
        "coordinates": [
          5.3898191,
          52.1731251
        ]
      },
      "id": "node/2674711103"
    },
    {
      "type": "Feature",
      "properties": {
        "@id": "node/2675015702",
        "addr:city": "Amersfoort",
        "addr:housenumber": "248",
        "addr:postcode": "3823ET",
        "addr:street": "Emiclaerhof",
        "brand": "Jumbo",
        "brand:wikidata": "Q2262314",
        "brand:wikipedia": "en:Jumbo (supermarket)",
        "name": "Jumbo",
        "opening_hours": "Mo-Sa 07:00-22:00; Su 10:00-19:00",
        "phone": "+31 33 455 0068",
        "shop": "supermarket",
        "website": "https://www.jumbo.com/",
        "wheelchair": "yes"
      },
      "geometry": {
        "type": "Point",
        "coordinates": [
          5.3982104,
          52.1859733
        ]
      },
      "id": "node/2675015702"
    },
    {
      "type": "Feature",
      "properties": {
        "@id": "node/2675030818",
        "addr:city": "Amersfoort",
        "addr:housenumber": "61",
        "addr:postcode": "3823GA",
        "addr:street": "De Beurs",
        "branch": "Emiclaer",
        "brand": "Ekoplaza",
        "brand:website": "https://www.ekoplaza.nl",
        "brand:wikidata": "Q47017915",
        "email": "emiclaer@ekoplaza.nl",
        "name": "Ekoplaza",
        "opening_hours": "Mo 08:30-18:00; Tu-Th 08:30-18:00; Fr 08:30-19:00; Sa 08:30-18:00",
        "organic": "only",
        "phone": "+31 33 8888222",
        "shop": "supermarket",
        "source": "BAG",
        "source:date": "2014-02-11",
        "website": "https://www.ekoplaza.nl/nl/winkels/ekoplaza-emiclaer"
      },
      "geometry": {
        "type": "Point",
        "coordinates": [
          5.3972115,
          52.18718
        ]
      },
      "id": "node/2675030818"
    },
    {
      "type": "Feature",
      "properties": {
        "@id": "node/2678732854",
        "addr:city": "Baarn",
        "addr:housenumber": "8",
        "addr:postcode": "3742VP",
        "addr:street": "Reigerstraat",
        "brand": "Nettorama",
        "brand:wikidata": "Q1828639",
        "brand:wikipedia": "nl:Nettorama",
        "name": "Nettorama",
        "operator": "Nettorama",
        "shop": "supermarket",
        "source": "BAG",
        "source:date": "2014-03-24"
      },
      "geometry": {
        "type": "Point",
        "coordinates": [
          5.2968291,
          52.2035736
        ]
      },
      "id": "node/2678732854"
    },
    {
      "type": "Feature",
      "properties": {
        "@id": "node/2679530376",
        "addr:city": "Utrecht",
        "addr:housenumber": "90",
        "addr:postcode": "3572BH",
        "addr:street": "Biltstraat",
        "brand": "Albert Heijn",
        "brand:website": "https://www.ah.nl/",
        "brand:wikidata": "Q1653985",
        "brand:wikipedia": "nl:Albert Heijn (supermarkt)",
        "check_date": "2024-07-06",
        "name": "Albert Heijn",
        "opening_hours": "Mo-Sa 07:00-22:00; Su 10:00-22:00",
        "phone": "+31 30 740 0034",
        "shop": "supermarket",
        "source": "BAG;local knowledge",
        "source:date": "2018-02-09",
        "website": "https://www.ah.nl/winkel/4109",
        "wheelchair": "yes"
      },
      "geometry": {
        "type": "Point",
        "coordinates": [
          5.1307648,
          52.0954147
        ]
      },
      "id": "node/2679530376"
    },
    {
      "type": "Feature",
      "properties": {
        "@id": "node/2683045225",
        "addr:city": "Amersfoort",
        "addr:housenumber": "27",
        "addr:postcode": "3811NK",
        "addr:street": "Leusderweg",
        "name": "Nieuw Mos Natuurvoeding",
        "opening_hours": "Mo-Fr 08:00-20:00; Sa 08:00-18:00; Su 11:00-18:00",
        "organic": "only",
        "shop": "supermarket",
        "source": "BAG",
        "source:date": "2014-02-11",
        "website": "https://www.nieuwmos.nl/"
      },
      "geometry": {
        "type": "Point",
        "coordinates": [
          5.3839768,
          52.1494525
        ]
      },
      "id": "node/2683045225"
    },
    {
      "type": "Feature",
      "properties": {
        "@id": "node/2683047736",
        "addr:city": "Amersfoort",
        "addr:housenumber": "79",
        "addr:postcode": "3818AA",
        "addr:street": "Leusderweg",
        "brand": "Albert Heijn",
        "brand:wikidata": "Q1653985",
        "brand:wikipedia": "nl:Albert Heijn (supermarkt)",
        "name": "Albert Heijn",
        "opening_hours": "Mo-Su 08:00-22:00",
        "payment:cash": "yes",
        "phone": "+31 33 461 3447",
        "shop": "supermarket",
        "source": "BAG",
        "source:date": "2014-02-11",
        "website": "https://www.ah.nl/winkel/1063"
      },
      "geometry": {
        "type": "Point",
        "coordinates": [
          5.3805725,
          52.1440454
        ]
      },
      "id": "node/2683047736"
    },
    {
      "type": "Feature",
      "properties": {
        "@id": "node/2683428763",
        "addr:city": "Amersfoort",
        "addr:housenumber": "113",
        "addr:postcode": "3812DD",
        "addr:street": "Noordewierweg",
        "brand": "Albert Heijn",
        "brand:website": "https://www.ah.nl/",
        "brand:wikidata": "Q1653985",
        "brand:wikipedia": "nl:Albert Heijn (supermarkt)",
        "contact:facebook": "https://www.facebook.com/ahnoordewierweg",
        "internet_access": "yes",
        "name": "Albert Heijn",
        "opening_hours": "Mo-Sa 08:00-22:00; Su 09:00-22:00",
        "phone": "+31 33 461 3574",
        "ref": "1341",
        "shop": "supermarket",
        "source": "BAG",
        "source:date": "2019-10-20",
        "toilets": "yes",
        "website": "https://www.ah.nl/winkel/1341",
        "wheelchair": "yes"
      },
      "geometry": {
        "type": "Point",
        "coordinates": [
          5.3665691,
          52.1598878
        ]
      },
      "id": "node/2683428763"
    },
    {
      "type": "Feature",
      "properties": {
        "@id": "node/2683434459",
        "addr:city": "Amersfoort",
        "addr:housenumber": "170",
        "addr:postcode": "3812EG",
        "addr:street": "Groningerstraat",
        "brand": "Amazing Oriental",
        "brand:website": "https://amazingoriental.com",
        "cuisine": "chinese",
        "level": "1",
        "name": "Amazing Oriental",
        "name:zh-Hans": "东方行",
        "shop": "supermarket",
        "source": "BAG",
        "source:date": "2014-02-11",
        "website": "https://amazingoriental.com/Location/winkels-amersfoort"
      },
      "geometry": {
        "type": "Point",
        "coordinates": [
          5.3791615,
          52.158388
        ]
      },
      "id": "node/2683434459"
    },
    {
      "type": "Feature",
      "properties": {
        "@id": "node/2683942262",
        "addr:city": "Amersfoort",
        "addr:housenumber": "48",
        "addr:postcode": "3814BR",
        "addr:street": "Neptunusplein",
        "check_date": "2024-11-23",
        "name": "Ahsen Food B.V.",
        "shop": "supermarket",
        "source": "BAG",
        "source:date": "2014-02-11"
      },
      "geometry": {
        "type": "Point",
        "coordinates": [
          5.3992652,
          52.1622403
        ]
      },
      "id": "node/2683942262"
    },
    {
      "type": "Feature",
      "properties": {
        "@id": "node/2683943114",
        "addr:city": "Amersfoort",
        "addr:housenumber": "66A",
        "addr:postcode": "3814BR",
        "addr:street": "Neptunusplein",
        "check_date": "2024-11-18",
        "name": "Omur Markt",
        "shop": "supermarket",
        "source": "BAG",
        "source:date": "2014-02-11"
      },
      "geometry": {
        "type": "Point",
        "coordinates": [
          5.4000389,
          52.162613
        ]
      },
      "id": "node/2683943114"
    },
    {
      "type": "Feature",
      "properties": {
        "@id": "node/2683945843",
        "addr:city": "Amersfoort",
        "addr:housenumber": "89",
        "addr:postcode": "3814AE",
        "addr:street": "Van Randwijcklaan",
        "check_date": "2024-11-16",
        "name": "Malinka Amersfoort",
        "origin": "Polish",
        "shop": "supermarket",
        "source": "BAG",
        "source:date": "2014-02-11"
      },
      "geometry": {
        "type": "Point",
        "coordinates": [
          5.4001896,
          52.1613854
        ]
      },
      "id": "node/2683945843"
    },
    {
      "type": "Feature",
      "properties": {
        "@id": "node/2684662173",
        "addr:city": "Amersfoort",
        "addr:housenumber": "18",
        "addr:postcode": "3812EA",
        "addr:street": "Eemplein",
        "brand": "Ekoplaza",
        "brand:wikidata": "Q47017915",
        "brand:wikipedia": "nl:Ekoplaza",
        "name": "Ekoplaza",
        "organic": "only",
        "shop": "supermarket",
        "source": "BAG",
        "source:date": "2014-02-11",
        "website": "https://www.eemplein.nl/winkel/ekoplaza"
      },
      "geometry": {
        "type": "Point",
        "coordinates": [
          5.382248,
          52.1595676
        ]
      },
      "id": "node/2684662173"
    },
    {
      "type": "Feature",
      "properties": {
        "@id": "node/2686782419",
        "addr:city": "Hoogland",
        "addr:housenumber": "51",
        "addr:postcode": "3828AB",
        "addr:street": "Hamseweg",
        "branch": "Hoogland",
        "brand": "Nettorama",
        "brand:website": "https://www.nettorama.nl",
        "brand:wikidata": "Q1828639",
        "name": "Nettorama",
        "opening_hours": "Mo-Sa 08:00-20:00; Su 10:00-18:00",
        "phone": "+31 33 4802890",
        "shop": "supermarket",
        "source": "BAG",
        "source:date": "2014-02-11",
        "website": "https://www.nettorama.nl/locaties/hoogland"
      },
      "geometry": {
        "type": "Point",
        "coordinates": [
          5.3759545,
          52.1778745
        ]
      },
      "id": "node/2686782419"
    },
    {
      "type": "Feature",
      "properties": {
        "@id": "node/2687006838",
        "addr:city": "Hoogland",
        "addr:housenumber": "106",
        "addr:postcode": "3828JM",
        "addr:street": "Kraailandhof",
        "brand": "Albert Heijn",
        "brand:wikidata": "Q1653985",
        "brand:wikipedia": "nl:Albert Heijn (supermarkt)",
        "name": "Albert Heijn",
        "opening_hours": "Mo-Sa 07:00-22:00; Su 08:00-22:00",
        "phone": "+31 33 480 1261",
        "shop": "supermarket",
        "source": "BAG",
        "source:date": "2017-04-04",
        "website": "https://www.ah.nl/winkel/1875",
        "wheelchair": "yes"
      },
      "geometry": {
        "type": "Point",
        "coordinates": [
          5.3755141,
          52.187146
        ]
      },
      "id": "node/2687006838"
    },
    {
      "type": "Feature",
      "properties": {
        "@id": "node/2687476816",
        "addr:city": "Amersfoort",
        "addr:housenumber": "38",
        "addr:postcode": "3824MB",
        "addr:street": "Ariane",
        "check_date": "2025-10-05",
        "description": "South African Food Shop",
        "level": "0",
        "name": "Die Spens",
        "opening_hours": "Mo-Fr 10:00-17:30; Sa 10:00-17:00; Su off",
        "payment:cash": "yes",
        "payment:credit_cards": "yes",
        "payment:debit_cards": "yes",
        "shop": "supermarket",
        "source": "BAG",
        "source:date": "2014-02-11",
        "website": "https://www.diespens.nl"
      },
      "geometry": {
        "type": "Point",
        "coordinates": [
          5.3897068,
          52.2019935
        ]
      },
      "id": "node/2687476816"
    },
    {
      "type": "Feature",
      "properties": {
        "@id": "node/2701981757",
        "addr:city": "Utrecht",
        "addr:housenumber": "1",
        "addr:postcode": "3513EG",
        "addr:street": "Oudenoord",
        "brand": "Albert Heijn",
        "brand:website": "https://www.ah.nl/",
        "brand:wikidata": "Q1653985",
        "brand:wikipedia": "nl:Albert Heijn (supermarkt)",
        "check_date": "2025-11-17",
        "check_date:opening_hours": "2025-11-17",
        "name": "Albert Heijn",
        "opening_hours": "Mo-Sa 08:00-22:00; Su 10:00-22:00",
        "phone": "+31 30 230 4284",
        "shop": "supermarket",
        "source": "BAG",
        "source:date": "2014-02-11",
        "website": "https://www.ah.nl/winkel/1660",
        "wheelchair": "yes"
      },
      "geometry": {
        "type": "Point",
        "coordinates": [
          5.1133806,
          52.0970883
        ]
      },
      "id": "node/2701981757"
    },
    {
      "type": "Feature",
      "properties": {
        "@id": "node/2709283708",
        "addr:city": "Utrecht",
        "addr:housenumber": "6",
        "addr:postcode": "3512GD",
        "addr:street": "Ganzenmarkt",
        "branch": "Utrecht",
        "brand": "Boon's Dagmarkt",
        "brand:website": "https://boonsmarkt.nl",
        "brand:wikidata": "Q125560633",
        "name": "Boon's Dagmarkt",
        "opening_hours": "Mo-Sa 08:00-24:00; Su 10:00-22:00",
        "phone": "+31 30 2765350",
        "shop": "supermarket",
        "source": "BAG",
        "source:date": "2014-02-11",
        "toilets:wheelchair": "no",
        "website": "https://www.boonsmarkt.nl/winkel/boons-dagmarkt-utrecht/",
        "wheelchair": "yes"
      },
      "geometry": {
        "type": "Point",
        "coordinates": [
          5.1189969,
          52.0920912
        ]
      },
      "id": "node/2709283708"
    },
    {
      "type": "Feature",
      "properties": {
        "@id": "node/2711232281",
        "addr:city": "Bunschoten-Spakenburg",
        "addr:housenumber": "2",
        "addr:postcode": "3752VN",
        "addr:street": "Anthon van der Horstlaan",
        "brand": "Albert Heijn",
        "brand:wikidata": "Q1653985",
        "brand:wikipedia": "nl:Albert Heijn (supermarkt)",
        "name": "Albert Heijn",
        "opening_hours": "Mo-Sa 07:00-21:00",
        "phone": "+31 33 298 2693",
        "shop": "supermarket",
        "source": "BAG",
        "source:date": "2014-02-11",
        "website": "https://www.ah.nl/winkel/4010"
      },
      "geometry": {
        "type": "Point",
        "coordinates": [
          5.3680829,
          52.2472911
        ]
      },
      "id": "node/2711232281"
    },
    {
      "type": "Feature",
      "properties": {
        "@id": "node/2711424490",
        "addr:city": "Bunschoten-Spakenburg",
        "addr:housenumber": "5",
        "addr:postcode": "3751BL",
        "addr:street": "Ansjovisweg",
        "brand": "Lidl",
        "brand:website": "https://www.lidl.nl/",
        "brand:wikidata": "Q151954",
        "brand:wikipedia": "nl:Lidl",
        "name": "Lidl",
        "opening_hours": "Mo-Fr 08:00-21:00; Sa 08:00-20:00",
        "operator": "Lidl Nederland GmbH",
        "operator:wikidata": "Q137208902",
        "shop": "supermarket",
        "source": "BAG",
        "source:date": "2014-02-11",
        "website": "https://www.lidl.nl/s/nl-NL/winkel/bunschoten-spakenburg/ansjovisweg-5/"
      },
      "geometry": {
        "type": "Point",
        "coordinates": [
          5.3822688,
          52.2508928
        ]
      },
      "id": "node/2711424490"
    },
    {
      "type": "Feature",
      "properties": {
        "@id": "node/2713168426",
        "addr:city": "Rhenen",
        "addr:housenumber": "2",
        "addr:postcode": "3911LP",
        "addr:street": "M.W. van de Waalstraat",
        "brand": "Albert Heijn",
        "brand:wikidata": "Q1653985",
        "brand:wikipedia": "nl:Albert Heijn (supermarkt)",
        "check_date:opening_hours": "2024-10-06",
        "check_date:self_checkout": "2024-07-29",
        "name": "Albert Heijn",
        "opening_hours": "Mo-Sa 08:00-22:00; Su 12:00-17:00",
        "operator": "Ahold",
        "phone": "+31 317 616 868",
        "self_checkout": "only",
        "shop": "supermarket",
        "source": "BAG",
        "source:date": "2014-03-24",
        "website": "https://www.ah.nl/winkel/1333"
      },
      "geometry": {
        "type": "Point",
        "coordinates": [
          5.5688245,
          51.9578472
        ]
      },
      "id": "node/2713168426"
    },
    {
      "type": "Feature",
      "properties": {
        "@id": "node/2716757057",
        "addr:city": "Hoevelaken",
        "addr:housenumber": "10",
        "addr:postcode": "3871AP",
        "addr:street": "Kantemarsweg",
        "branch": "Kantemarsweg",
        "brand": "Albert Heijn",
        "brand:wikidata": "Q1653985",
        "brand:wikipedia": "nl:Albert Heijn (supermarkt)",
        "name": "Albert Heijn",
        "opening_hours": "Mo-Sa 08:00-21:00; Su 10:00-20:00",
        "outdoor_seating": "no",
        "phone": "+31 33 2571 711",
        "shop": "supermarket",
        "source": "BAG",
        "source:date": "2014-02-11",
        "website": "https://www.ah.nl/winkel/1839"
      },
      "geometry": {
        "type": "Point",
        "coordinates": [
          5.456394,
          52.1762536
        ]
      },
      "id": "node/2716757057"
    },
    {
      "type": "Feature",
      "properties": {
        "@id": "node/2716780707",
        "addr:city": "Hoevelaken",
        "addr:housenumber": "7",
        "addr:postcode": "3871AM",
        "addr:street": "De Brink",
        "brand": "Lidl",
        "brand:website": "https://www.lidl.nl/",
        "brand:wikidata": "Q151954",
        "brand:wikipedia": "nl:Lidl",
        "name": "Lidl",
        "opening_hours": "Mo-Sa 08:00-21:00; Su 10:00-18:00",
        "operator": "Lidl Nederland GmbH",
        "shop": "supermarket",
        "source": "BAG",
        "source:date": "2014-02-11",
        "website": "https://www.lidl.nl/s/nl-NL/filialen/hoevelaken/de-brink-7/"
      },
      "geometry": {
        "type": "Point",
        "coordinates": [
          5.454776,
          52.176037
        ]
      },
      "id": "node/2716780707"
    },
    {
      "type": "Feature",
      "properties": {
        "@id": "node/2717376773",
        "addr:city": "Nijkerkerveen",
        "addr:housenumber": "29a",
        "addr:postcode": "3864ES",
        "addr:street": "Van Noortstraat",
        "brand": "SPAR",
        "brand:website": "https://www.spar.nl",
        "brand:wikidata": "Q610492",
        "fixme": "Winkel wordt niet meer vermeld op website van de SPAR. Bestaat deze nog?",
        "name": "SPAR",
        "shop": "supermarket",
        "source": "BAG",
        "source:date": "2014-02-11"
      },
      "geometry": {
        "type": "Point",
        "coordinates": [
          5.4671135,
          52.195563
        ]
      },
      "id": "node/2717376773"
    },
    {
      "type": "Feature",
      "properties": {
        "@id": "node/2717698187",
        "addr:city": "Nijkerk",
        "addr:housenumber": "2",
        "addr:postcode": "3863HS",
        "addr:street": "Zandoogje",
        "brand": "Nettorama",
        "brand:wikidata": "Q1828639",
        "brand:wikipedia": "nl:Nettorama",
        "name": "Nettorama",
        "opening_hours": "Mo-Fr 08:00-21:00; Sa 08:00-20:00; Su 10:00-18:00",
        "operator": "Nettorama",
        "phone": "+31 33 245 9456",
        "shop": "supermarket",
        "source": "BAG",
        "source:date": "2014-02-11"
      },
      "geometry": {
        "type": "Point",
        "coordinates": [
          5.4630246,
          52.2115293
        ]
      },
      "id": "node/2717698187"
    },
    {
      "type": "Feature",
      "properties": {
        "@id": "node/2718956048",
        "addr:city": "Nijkerk",
        "addr:housenumber": "31a",
        "addr:postcode": "3861BA",
        "addr:street": "Wheemplein",
        "branch": "PLUS van den Hoven Nijkerk",
        "brand": "PLUS",
        "brand:wikidata": "Q1978981",
        "brand:wikipedia": "nl:PLUS (Nederlandse supermarkt)",
        "name": "PLUS",
        "opening_hours": "Mo-Sa 07:30-21:00; Su 10:00-18:00",
        "phone": "+31 33 303 7331",
        "shop": "supermarket",
        "source": "BAG",
        "source:date": "2014-02-11",
        "website": "https://www.plus.nl/supermarkten/nijkerk_plus-van-den-hoven-nijkerk_1055"
      },
      "geometry": {
        "type": "Point",
        "coordinates": [
          5.4842947,
          52.2215336
        ]
      },
      "id": "node/2718956048"
    },
    {
      "type": "Feature",
      "properties": {
        "@id": "node/2718957694",
        "addr:city": "Nijkerk",
        "addr:housenumber": "4",
        "addr:postcode": "3861AA",
        "addr:street": "Verlaat",
        "name": "Dallas",
        "shop": "supermarket",
        "source": "BAG",
        "source:date": "2014-02-11"
      },
      "geometry": {
        "type": "Point",
        "coordinates": [
          5.4842771,
          52.2232424
        ]
      },
      "id": "node/2718957694"
    },
    {
      "type": "Feature",
      "properties": {
        "@id": "node/2719246333",
        "addr:city": "Nijkerk",
        "addr:housenumber": "53",
        "addr:postcode": "3862KA",
        "addr:street": "Hoefslag",
        "brand": "ALDI",
        "brand:website": "https://www.aldi.nl/",
        "brand:wikidata": "Q41171373",
        "brand:wikipedia": "nl:Aldi",
        "name": "ALDI",
        "shop": "supermarket",
        "source": "BAG",
        "source:date": "2014-02-11"
      },
      "geometry": {
        "type": "Point",
        "coordinates": [
          5.4903027,
          52.2151834
        ]
      },
      "id": "node/2719246333"
    },
    {
      "type": "Feature",
      "properties": {
        "@id": "node/2719530347",
        "addr:city": "Zwartebroek",
        "addr:housenumber": "90",
        "addr:postcode": "3785LS",
        "addr:street": "Albert van Meerveldstraat",
        "branch": "Zwartebroek",
        "brand": "Gewoon Coop Compact",
        "brand:website": "https://gewooncoop.nl",
        "brand:wikidata": "Q135428137",
        "name": "Gewoon Coop Compact",
        "opening_hours": "Mo-Th 08:00-19:00; Fr 08:00-20:00; Sa 08:00-18:00; Su off",
        "phone": "+31 342 461560",
        "shop": "supermarket",
        "source": "BAG",
        "source:date": "2014-02-11",
        "website": "https://gewooncoop.nl/winkels/gewoon-coop-compact-zwartebroek"
      },
      "geometry": {
        "type": "Point",
        "coordinates": [
          5.5082254,
          52.1771809
        ]
      },
      "id": "node/2719530347"
    },
    {
      "type": "Feature",
      "properties": {
        "@id": "node/2719662779",
        "addr:city": "Voorthuizen",
        "addr:housenumber": "155C",
        "addr:postcode": "3781AD",
        "addr:street": "Hoofdstraat",
        "brand": "Jumbo",
        "brand:wikidata": "Q2262314",
        "brand:wikipedia": "en:Jumbo (supermarket)",
        "name": "Jumbo",
        "opening_hours": "Mo-Sa 08:00-22:00",
        "shop": "supermarket",
        "source": "BAG",
        "source:date": "2014-02-11",
        "website": "https://www.jumbo.com/",
        "wheelchair": "yes"
      },
      "geometry": {
        "type": "Point",
        "coordinates": [
          5.6040612,
          52.1869678
        ]
      },
      "id": "node/2719662779"
    },
    {
      "type": "Feature",
      "properties": {
        "@id": "node/2719664023",
        "addr:city": "Voorthuizen",
        "addr:housenumber": "21",
        "addr:postcode": "3781GR",
        "addr:street": "Smidsplein",
        "brand": "Albert Heijn",
        "brand:website": "https://www.ah.nl/",
        "brand:wikidata": "Q1653985",
        "brand:wikipedia": "nl:Albert Heijn (supermarkt)",
        "name": "Albert Heijn",
        "opening_hours": "Mo-Sa 08:00-21:00",
        "operator": "Van Den Tweel Groep",
        "shop": "supermarket",
        "source": "BAG",
        "source:date": "2014-02-11",
        "website": "https://www.ah.nl/winkel/8719",
        "wheelchair": "yes"
      },
      "geometry": {
        "type": "Point",
        "coordinates": [
          5.608767,
          52.1864903
        ]
      },
      "id": "node/2719664023"
    },
    {
      "type": "Feature",
      "properties": {
        "@id": "node/2721309097",
        "addr:city": "Utrecht",
        "addr:housenumber": "58",
        "addr:postcode": "3531BW",
        "addr:street": "Damstraat",
        "facebook": "https://www.facebook.com/people/Bendi-Food-Center/100063722852430/",
        "instagram": "bendifood",
        "name": "Bendi FoodCenter",
        "opening_hours": "Mo-Sa 08:00-19:30; Su 10:00-19:00",
        "phone": "+31 30 293 8191",
        "shop": "supermarket",
        "source": "BAG",
        "source:date": "2014-02-11"
      },
      "geometry": {
        "type": "Point",
        "coordinates": [
          5.1032487,
          52.0922048
        ]
      },
      "id": "node/2721309097"
    },
    {
      "type": "Feature",
      "properties": {
        "@id": "node/2721313957",
        "addr:city": "Utrecht",
        "addr:housenumber": "82",
        "addr:postcode": "3531CL",
        "addr:street": "Kanaalstraat",
        "email": "info@supermarktdepers.nl",
        "name": "De Pers",
        "opening_hours": "Mo-Th 08:00-19:30; Fr 07:30-19:30; Sa 07:30-18:29; Su 09:30-18:30",
        "shop": "supermarket",
        "source": "BAG",
        "source:date": "2014-02-11"
      },
      "geometry": {
        "type": "Point",
        "coordinates": [
          5.1017976,
          52.0913467
        ]
      },
      "id": "node/2721313957"
    },
    {
      "type": "Feature",
      "properties": {
        "@id": "node/2725526992",
        "addr:city": "Arnhem",
        "addr:housenumber": "12",
        "addr:postcode": "6843JA",
        "addr:street": "Elderveldplein",
        "branch": "Arnhem Elderveldplein",
        "brand": "Jumbo",
        "brand:website": "https://www.jumbo.com",
        "brand:wikidata": "Q2262314",
        "name": "Jumbo",
        "opening_hours": "Mo-Sa 08:00-21:00; Su 09:00-20:00",
        "operator": "Jumbo",
        "phone": "+31 26 3898160",
        "shop": "supermarket",
        "source": "BAG;local knowledge",
        "source:date": "2014-02-11",
        "website": "https://www.jumbo.com/winkel/arnhem/jumbo-arnhem-elderveldplein"
      },
      "geometry": {
        "type": "Point",
        "coordinates": [
          5.8593019,
          51.9610618
        ]
      },
      "id": "node/2725526992"
    },
    {
      "type": "Feature",
      "properties": {
        "@id": "node/2725536029",
        "addr:city": "Arnhem",
        "addr:housenumber": "5",
        "addr:postcode": "6843JA",
        "addr:street": "Elderveldplein",
        "brand": "Lidl",
        "brand:website": "https://www.lidl.nl/",
        "brand:wikidata": "Q151954",
        "brand:wikipedia": "nl:Lidl",
        "name": "Lidl",
        "opening_hours": "Mo-Sa 08:00-21:00; Su 09:00-20:00",
        "operator": "Lidl Nederland GmbH",
        "shop": "supermarket",
        "source": "BAG;local knowledge",
        "source:date": "2014-02-11",
        "website": "https://www.lidl.nl/s/nl-NL/filialen/arnhem/elderveldplein-5/"
      },
      "geometry": {
        "type": "Point",
        "coordinates": [
          5.8597648,
          51.9607375
        ]
      },
      "id": "node/2725536029"
    },
    {
      "type": "Feature",
      "properties": {
        "@id": "node/2726129537",
        "addr:city": "Utrecht",
        "addr:housenumber": "5",
        "addr:postcode": "3527HC",
        "addr:street": "Hammarskjöldhof",
        "brand": "Lidl",
        "brand:website": "https://www.lidl.nl/",
        "brand:wikidata": "Q151954",
        "brand:wikipedia": "nl:Lidl",
        "check_date": "2025-10-19",
        "name": "Lidl",
        "opening_hours": "Mo-Sa 08:00-22:00; Su 10:00-22:00",
        "operator": "Lidl Nederland GmbH",
        "payment:cash": "yes",
        "payment:credit_cards": "yes",
        "payment:debit_cards": "yes",
        "shop": "supermarket",
        "source": "BAG",
        "source:date": "2020-07-02",
        "website": "https://www.lidl.nl/s/nl-NL/filialen/utrecht/hammarskjoeldhof-5/",
        "wheelchair": "yes"
      },
      "geometry": {
        "type": "Point",
        "coordinates": [
          5.0939932,
          52.0749876
        ]
      },
      "id": "node/2726129537"
    },
    {
      "type": "Feature",
      "properties": {
        "@id": "node/2726132793",
        "addr:city": "Utrecht",
        "addr:housenumber": "77A",
        "addr:postcode": "3527CG",
        "addr:street": "Van Heuven Goedhartlaan",
        "email": "klantenservice@kiwi-supermarkt.nl",
        "name": "Kiwi Supermarket",
        "opening_hours": "Mo-Su 08:00-20:00",
        "phone": "+31 30 760 7171",
        "shop": "supermarket",
        "source": "BAG",
        "source:date": "2014-02-11",
        "website": "https://kiwi-supermarkt.nl/"
      },
      "geometry": {
        "type": "Point",
        "coordinates": [
          5.0871009,
          52.0778168
        ]
      },
      "id": "node/2726132793"
    },
    {
      "type": "Feature",
      "properties": {
        "@id": "node/2726990782",
        "addr:city": "Arnhem",
        "addr:housenumber": "27",
        "addr:postcode": "6841CC",
        "addr:street": "Hoefbladlaan",
        "brand": "DekaMarkt",
        "brand:wikidata": "Q2489350",
        "brand:wikipedia": "nl:DekaMarkt",
        "name": "DekaMarkt",
        "phone": "+31 88 313 5650",
        "shop": "supermarket",
        "source": "BAG",
        "source:date": "2014-02-11",
        "website": "https://www.dekamarkt.nl/winkels/arnhem/hoefbladlaan/324"
      },
      "geometry": {
        "type": "Point",
        "coordinates": [
          5.9020493,
          51.9687559
        ]
      },
      "id": "node/2726990782"
    },
    {
      "type": "Feature",
      "properties": {
        "@id": "node/2726993776",
        "addr:city": "Arnhem",
        "addr:housenumber": "52",
        "addr:postcode": "6841CE",
        "addr:street": "Hoefbladlaan",
        "diet:halal": "yes",
        "name": "Familie Market",
        "phone": "+31 26 200 5848",
        "shop": "supermarket",
        "source": "BAG",
        "source:date": "2014-02-11",
        "website": "https://www.familiemarket.nl/"
      },
      "geometry": {
        "type": "Point",
        "coordinates": [
          5.9018931,
          51.9693533
        ]
      },
      "id": "node/2726993776"
    },
    {
      "type": "Feature",
      "properties": {
        "@id": "node/2731118987",
        "addr:city": "Ederveen",
        "addr:housenumber": "9",
        "addr:postcode": "6744WT",
        "addr:street": "Schras",
        "brand": "PLUS",
        "brand:website": "https://www.plus.nl",
        "brand:wikidata": "Q1978981",
        "brand:wikipedia": "nl:PLUS (Nederlandse supermarkt)",
        "name": "PLUS Van Rinsum",
        "phone": "+31 318 578 578",
        "shop": "supermarket",
        "source": "BAG",
        "source:date": "2014-02-11",
        "website": "https://www.plus.nl/supermarkten/ederveen_plus-van-rinsum_934"
      },
      "geometry": {
        "type": "Point",
        "coordinates": [
          5.5761413,
          52.0613116
        ]
      },
      "id": "node/2731118987"
    },
    {
      "type": "Feature",
      "properties": {
        "@id": "node/2731455963",
        "addr:city": "Garderen",
        "addr:housenumber": "2",
        "addr:postcode": "3886LB",
        "addr:street": "Speulderweg",
        "brand": "Coop",
        "brand:wikidata": "Q2390074",
        "brand:wikipedia": "nl:Coop (Nederlandse supermarkt)",
        "name": "Coop",
        "opening_hours": "Mo-Th 08:30-18:00; Fr 08:30-20:00; Sa 08:00-17:00",
        "shop": "supermarket",
        "source": "BAG",
        "source:date": "2014-02-11"
      },
      "geometry": {
        "type": "Point",
        "coordinates": [
          5.7124098,
          52.2345126
        ]
      },
      "id": "node/2731455963"
    },
    {
      "type": "Feature",
      "properties": {
        "@id": "node/2734535255",
        "addr:city": "Eemnes",
        "addr:housenumber": "10",
        "addr:postcode": "3755AK",
        "addr:street": "De Minnehof",
        "brand": "Lidl",
        "brand:website": "https://www.lidl.nl/",
        "brand:wikidata": "Q151954",
        "brand:wikipedia": "nl:Lidl",
        "name": "Lidl",
        "opening_hours": "We-Sa 08:00-21:00; Su 09:00-18:00",
        "operator": "Lidl Nederland GmbH",
        "shop": "supermarket",
        "source": "BAG",
        "source:date": "2014-02-11",
        "website": "https://www.lidl.nl/s/nl-NL/filialen/eemnes/de-minnehof-10/"
      },
      "geometry": {
        "type": "Point",
        "coordinates": [
          5.2639121,
          52.2534497
        ]
      },
      "id": "node/2734535255"
    },
    {
      "type": "Feature",
      "properties": {
        "@id": "node/2734547501",
        "addr:city": "Eemnes",
        "addr:housenumber": "8",
        "addr:postcode": "3755AK",
        "addr:street": "De Minnehof",
        "brand": "PLUS",
        "brand:wikidata": "Q1978981",
        "name": "PLUS",
        "shop": "supermarket",
        "source": "BAG",
        "source:date": "2014-02-11"
      },
      "geometry": {
        "type": "Point",
        "coordinates": [
          5.2639298,
          52.2535483
        ]
      },
      "id": "node/2734547501"
    },
    {
      "type": "Feature",
      "properties": {
        "@id": "node/2737232904",
        "addr:city": "Hoenderloo",
        "addr:housenumber": "38",
        "addr:postcode": "7351AK",
        "addr:street": "Speldermarkweg",
        "brand": "SPAR",
        "brand:website": "https://www.spar.nl",
        "brand:wikidata": "Q610492",
        "name": "SPAR Mulder-Lindenburg",
        "opening_hours": "Mo-Th 08:00-18:00; Fr 08:00-19:00; Sa 08:00-17:00",
        "phone": "+31 55 3781238",
        "shop": "supermarket",
        "source": "BAG",
        "source:date": "2014-02-11",
        "website": "https://www.spar.nl/winkels/spar-mulder-lindenburg-827/"
      },
      "geometry": {
        "type": "Point",
        "coordinates": [
          5.877036,
          52.1166008
        ]
      },
      "id": "node/2737232904"
    },
    {
      "type": "Feature",
      "properties": {
        "@id": "node/2740240424",
        "addr:city": "Baarn",
        "addr:housenumber": "101",
        "addr:postcode": "3743BD",
        "addr:street": "Laanstraat",
        "cuisine": "asian",
        "name": "Cahaya Baru",
        "opening_hours": "Tu-Sa 12:00-18:30; Su,Mo off",
        "shop": "supermarket",
        "source": "BAG",
        "source:date": "2014-03-24"
      },
      "geometry": {
        "type": "Point",
        "coordinates": [
          5.2844482,
          52.2122188
        ]
      },
      "id": "node/2740240424"
    },
    {
      "type": "Feature",
      "properties": {
        "@id": "node/2740324029",
        "addr:city": "Baarn",
        "addr:housenumber": "49",
        "addr:postcode": "3743BP",
        "addr:street": "Nieuw Baarnstraat",
        "name": "De Smaak van Echt",
        "opening_hours": "Mo 10:30-18:30; Tu-Th 08:30-18:30; Fr 08:30-20:30; Sa 08:30-18:00; Su off",
        "organic": "only",
        "shop": "supermarket",
        "source": "BAG",
        "source:date": "2014-03-24"
      },
      "geometry": {
        "type": "Point",
        "coordinates": [
          5.2825588,
          52.213053
        ]
      },
      "id": "node/2740324029"
    },
    {
      "type": "Feature",
      "properties": {
        "@id": "node/2740573662",
        "addr:city": "Utrecht",
        "addr:housenumber": "89",
        "addr:postcode": "3526GA",
        "addr:street": "Marco Pololaan",
        "name": "Mete Market",
        "shop": "supermarket",
        "source": "BAG",
        "source:date": "2014-03-24",
        "toilets:wheelchair": "no",
        "wheelchair": "yes"
      },
      "geometry": {
        "type": "Point",
        "coordinates": [
          5.0955027,
          52.0706501
        ]
      },
      "id": "node/2740573662"
    },
    {
      "type": "Feature",
      "properties": {
        "@id": "node/2743028877",
        "addr:city": "Baarn",
        "addr:housenumber": "11",
        "addr:postcode": "3744NG",
        "addr:street": "Reggelaan",
        "name": "Super Speciaal",
        "operator": "Sherpa",
        "shop": "supermarket",
        "source": "BAG",
        "source:date": "2014-03-24"
      },
      "geometry": {
        "type": "Point",
        "coordinates": [
          5.2278721,
          52.2236245
        ]
      },
      "id": "node/2743028877"
    },
    {
      "type": "Feature",
      "properties": {
        "@id": "node/2745706976",
        "addr:city": "Soest",
        "addr:housenumber": "48",
        "addr:postcode": "3761CG",
        "addr:street": "van Weedestraat",
        "brand": "Ekoplaza",
        "brand:wikidata": "Q47017915",
        "brand:wikipedia": "nl:Ekoplaza",
        "name": "Ekoplaza",
        "organic": "only",
        "shop": "supermarket",
        "source": "BAG",
        "source:date": "2014-03-24"
      },
      "geometry": {
        "type": "Point",
        "coordinates": [
          5.2971733,
          52.1857024
        ]
      },
      "id": "node/2745706976"
    },
    {
      "type": "Feature",
      "properties": {
        "@id": "node/2747855585",
        "addr:city": "Soest",
        "addr:housenumber": "20",
        "addr:postcode": "3765CT",
        "addr:street": "Smitsweg",
        "brand": "Albert Heijn",
        "brand:wikidata": "Q1653985",
        "brand:wikipedia": "nl:Albert Heijn (supermarkt)",
        "name": "Albert Heijn",
        "opening_hours": "Mo-Sa 09:00-21:00; Su 10:00-20:00",
        "phone": "+31 35 601 7078",
        "shop": "supermarket",
        "source": "BAG",
        "source:date": "2014-03-24",
        "website": "https://www.ah.nl/winkel/1118"
      },
      "geometry": {
        "type": "Point",
        "coordinates": [
          5.2922542,
          52.1717163
        ]
      },
      "id": "node/2747855585"
    },
    {
      "type": "Feature",
      "properties": {
        "@id": "node/2747864530",
        "addr:city": "Soest",
        "addr:housenumber": "54-01",
        "addr:postcode": "3765XW",
        "addr:street": "Weegbreestraat",
        "brand": "Lidl",
        "brand:website": "https://www.lidl.nl/",
        "brand:wikidata": "Q151954",
        "brand:wikipedia": "nl:Lidl",
        "name": "Lidl",
        "opening_hours": "Mo-Sa 08:00-21:00; Su 10:00-20:00",
        "operator": "Lidl Nederland GmbH",
        "shop": "supermarket",
        "source": "BAG",
        "source:date": "2014-03-24",
        "website": "https://www.lidl.nl/s/nl-NL/filialen/soest/weegbreestraat-54-01/"
      },
      "geometry": {
        "type": "Point",
        "coordinates": [
          5.2914466,
          52.1714795
        ]
      },
      "id": "node/2747864530"
    },
    {
      "type": "Feature",
      "properties": {
        "@id": "node/2748984620",
        "addr:city": "Soest",
        "addr:housenumber": "11",
        "addr:postcode": "3766HA",
        "addr:street": "Tamboerijn",
        "brand": "Albert Heijn",
        "brand:website": "https://www.ah.nl/",
        "brand:wikidata": "Q1653985",
        "brand:wikipedia": "nl:Albert Heijn (supermarkt)",
        "name": "Albert Heijn",
        "opening_hours": "Mo-Sa 08:00-21:00; Su 10:00-20:00",
        "phone": "+31 35 588 5083",
        "ref": "1824",
        "shop": "supermarket",
        "source": "BAG",
        "source:date": "2014-03-24",
        "website": "https://www.ah.nl/winkel/1824"
      },
      "geometry": {
        "type": "Point",
        "coordinates": [
          5.2815705,
          52.1689806
        ]
      },
      "id": "node/2748984620"
    },
    {
      "type": "Feature",
      "properties": {
        "@id": "node/2750540821",
        "addr:city": "Soesterberg",
        "addr:housenumber": "20",
        "addr:postcode": "3769BD",
        "addr:street": "Rademakerstraat",
        "name": "Supermarkt Soesterberg",
        "opening_hours": "Mo-Fr 08:00-20:00; Sa 08:00-18:00; Su 12:00-18:00",
        "shop": "supermarket",
        "source": "BAG",
        "source:date": "2014-03-24"
      },
      "geometry": {
        "type": "Point",
        "coordinates": [
          5.2822966,
          52.1204636
        ]
      },
      "id": "node/2750540821"
    },
    {
      "type": "Feature",
      "properties": {
        "@id": "node/2761145540",
        "addr:city": "Bennekom",
        "addr:housenumber": "55",
        "addr:postcode": "6721JJ",
        "addr:street": "Dorpsstraat",
        "alt_name": "PLUS Edwin en Astid Holtrop",
        "brand": "PLUS",
        "brand:website": "https://www.plus.nl/",
        "brand:wikidata": "Q1978981",
        "brand:wikipedia": "nl:PLUS (Nederlandse supermarkt)",
        "check_date": "2023-11-02",
        "name": "PLUS",
        "opening_hours": "Mo-Sa 08:00-21:00",
        "phone": "+31 318 493 100",
        "shop": "supermarket",
        "source": "BAG",
        "source:date": "2014-03-24",
        "website": "https://www.plus.nl/supermarkten/bennekom_plus-edwin-en-astrid-holtrop_896"
      },
      "geometry": {
        "type": "Point",
        "coordinates": [
          5.6764156,
          51.9973592
        ]
      },
      "id": "node/2761145540"
    },
    {
      "type": "Feature",
      "properties": {
        "@id": "node/2761147832",
        "addr:city": "Bennekom",
        "addr:housenumber": "9",
        "addr:postcode": "6721JG",
        "addr:street": "Marktplein",
        "branch": "Bennekom",
        "brand": "Ekoplaza",
        "brand:wikidata": "Q47017915",
        "check_date": "2025-07-01",
        "name": "Ekoplaza",
        "opening_hours": "Mo 11:00-18:00; Tu-Fr 09:00-18:00; Sa 09:00-17:00",
        "operator": "Ekoplaza",
        "organic": "only",
        "phone": "+31 318 413 067",
        "shop": "supermarket",
        "website": "https://www.ekoplaza.nl/nl/winkels/ekoplaza-bennekom"
      },
      "geometry": {
        "type": "Point",
        "coordinates": [
          5.6763667,
          51.9986853
        ]
      },
      "id": "node/2761147832"
    },
    {
      "type": "Feature",
      "properties": {
        "@id": "node/2761908317",
        "addr:city": "Ede",
        "addr:housenumber": "131",
        "addr:postcode": "6717HR",
        "addr:street": "Parkweg",
        "name": "Lale Market",
        "opening_hours": "Tu-Sa 08:30-18:00; Fr 08:30-21:00; Su 12:00-17:00",
        "shop": "supermarket",
        "source": "BAG",
        "source:date": "2014-03-24",
        "website": "https://www.lalesupermarkt.nl"
      },
      "geometry": {
        "type": "Point",
        "coordinates": [
          5.66336,
          52.0269887
        ]
      },
      "id": "node/2761908317"
    },
    {
      "type": "Feature",
      "properties": {
        "@id": "node/2764886406",
        "addr:city": "Ede",
        "addr:housenumber": "109",
        "addr:postcode": "6714DP",
        "addr:street": "Bellestein",
        "branch": "Bellestein",
        "brand": "Lidl",
        "brand:website": "https://www.lidl.nl/",
        "brand:wikidata": "Q151954",
        "brand:wikipedia": "nl:Lidl",
        "name": "Lidl",
        "opening_hours": "Mo-Sa 08:00-21:00; Su 12:00-17:00",
        "operator": "Lidl Nederland GmbH",
        "payment:contactless": "yes",
        "shop": "supermarket",
        "source": "BAG",
        "source:date": "2014-03-24",
        "website": "https://www.lidl.nl/s/nl-NL/filialen/ede/bellestein-109/"
      },
      "geometry": {
        "type": "Point",
        "coordinates": [
          5.6443154,
          52.0415423
        ]
      },
      "id": "node/2764886406"
    },
    {
      "type": "Feature",
      "properties": {
        "@id": "node/2765474198",
        "addr:city": "Ede",
        "addr:housenumber": "1",
        "addr:postcode": "6711CD",
        "addr:street": "Bunschoterplein",
        "brand": "Albert Heijn",
        "brand:website": "https://www.ah.nl/",
        "brand:wikidata": "Q1653985",
        "brand:wikipedia": "nl:Albert Heijn (supermarkt)",
        "name": "Albert Heijn",
        "opening_hours": "Mo-Th 08:00-20:00; Fr 08:00-21:00; Sa 08:00-20:00; Su off",
        "shop": "supermarket",
        "source": "BAG",
        "source:date": "2014-03-24",
        "website": "https://www.ah.nl/winkel/1268"
      },
      "geometry": {
        "type": "Point",
        "coordinates": [
          5.6714207,
          52.0476649
        ]
      },
      "id": "node/2765474198"
    },
    {
      "type": "Feature",
      "properties": {
        "@id": "node/2766615618",
        "addr:city": "Lunteren",
        "addr:housenumber": "60",
        "addr:postcode": "6741AM",
        "addr:street": "Dorpsstraat",
        "brand": "DekaMarkt",
        "brand:wikidata": "Q2489350",
        "brand:wikipedia": "nl:DekaMarkt",
        "name": "DekaMarkt",
        "shop": "supermarket",
        "source": "BAG",
        "source:date": "2023-08-04"
      },
      "geometry": {
        "type": "Point",
        "coordinates": [
          5.6206079,
          52.0849737
        ]
      },
      "id": "node/2766615618"
    },
    {
      "type": "Feature",
      "properties": {
        "@id": "node/2767899279",
        "addr:city": "Lunteren",
        "addr:housenumber": "7",
        "addr:postcode": "6741ZP",
        "addr:street": "Molenparkweg",
        "brand": "ALDI",
        "brand:wikidata": "Q41171373",
        "brand:wikipedia": "nl:Aldi",
        "name": "ALDI",
        "note": "Coop permanent gesloten. Wordt vervangen door PLUS",
        "shop": "supermarket",
        "source": "BAG",
        "source:date": "2014-03-24"
      },
      "geometry": {
        "type": "Point",
        "coordinates": [
          5.6200928,
          52.086804
        ]
      },
      "id": "node/2767899279"
    },
    {
      "type": "Feature",
      "properties": {
        "@id": "node/2768256341",
        "addr:city": "Harskamp",
        "addr:housenumber": "28",
        "addr:postcode": "6732AE",
        "addr:street": "Dorpsstraat",
        "branch": "Pater",
        "brand": "PLUS",
        "brand:wikidata": "Q1978981",
        "brand:wikipedia": "nl:PLUS (Nederlandse supermarkt)",
        "name": "PLUS",
        "opening_hours": "Mo-Sa 07:30-21:00",
        "phone": "+31 318 456 435",
        "shop": "supermarket",
        "source": "BAG",
        "source:date": "2014-03-24",
        "website": "https://www.plus.nl/supermarkten/harskamp_plus-pater-harskamp_233"
      },
      "geometry": {
        "type": "Point",
        "coordinates": [
          5.7543768,
          52.1287687
        ]
      },
      "id": "node/2768256341"
    },
    {
      "type": "Feature",
      "properties": {
        "@id": "node/2775297564",
        "addr:city": "Veenendaal",
        "addr:housenumber": "6",
        "addr:postcode": "3905EJ",
        "addr:street": "J.P.C. Leinweberstraat",
        "branch": "Veenendaal - Leinweberstraat",
        "brand": "Hoogvliet",
        "brand:website": "https://www.hoogvliet.com",
        "brand:wikidata": "Q2770647",
        "brand:wikipedia": "nl:Hoogvliet (supermarkt)",
        "name": "Hoogvliet",
        "opening_hours": "Mo-We,Sa 08:00-20:00; Th-Fr 08:00-21:00",
        "phone": "+31 88 4572350",
        "shop": "supermarket",
        "source": "BAG",
        "source:date": "2014-03-24",
        "website": "https://www.hoogvliet.com/winkelinformatie/veenendaal-leinweberstraat",
        "wheelchair": "yes"
      },
      "geometry": {
        "type": "Point",
        "coordinates": [
          5.5502049,
          52.0306941
        ]
      },
      "id": "node/2775297564"
    },
    {
      "type": "Feature",
      "properties": {
        "@id": "node/2775887261",
        "addr:city": "Veenendaal",
        "addr:housenumber": "2",
        "addr:postcode": "3904CB",
        "addr:street": "Dr. Slotemaker de Bruïnestraat",
        "brand": "ALDI",
        "brand:website": "https://www.aldi.nl/",
        "brand:wikidata": "Q41171373",
        "brand:wikipedia": "nl:Aldi",
        "name": "ALDI",
        "not:brand:wikidata": "Q41171373",
        "shop": "supermarket",
        "source": "BAG",
        "source:date": "2014-03-24",
        "wheelchair": "yes"
      },
      "geometry": {
        "type": "Point",
        "coordinates": [
          5.5427513,
          52.0180288
        ]
      },
      "id": "node/2775887261"
    },
    {
      "type": "Feature",
      "properties": {
        "@id": "node/2775887381",
        "addr:city": "Veenendaal",
        "addr:housenumber": "20",
        "addr:postcode": "3904CB",
        "addr:street": "Dr. Slotemaker de Bruïnestraat",
        "brand": "Jumbo",
        "brand:wikidata": "Q2262314",
        "brand:wikipedia": "nl:Jumbo Supermarkten",
        "name": "Jumbo",
        "shop": "supermarket",
        "source": "BAG",
        "source:date": "2014-03-24",
        "wheelchair": "yes"
      },
      "geometry": {
        "type": "Point",
        "coordinates": [
          5.5419874,
          52.0182096
        ]
      },
      "id": "node/2775887381"
    },
    {
      "type": "Feature",
      "properties": {
        "@id": "node/2775997515",
        "addr:city": "Veenendaal",
        "addr:housenumber": "50",
        "addr:postcode": "3901AZ",
        "addr:street": "Passage",
        "brand": "Albert Heijn",
        "brand:wikidata": "Q1653985",
        "brand:wikipedia": "nl:Albert Heijn (supermarkt)",
        "check_date": "2025-09-20",
        "diet:gluten_free": "yes",
        "diet:halal": "yes",
        "diet:vegan": "yes",
        "internet_access": "wlan",
        "internet_access:fee": "no",
        "level": "0",
        "name": "Albert Heijn",
        "opening_hours": "Mo-Sa 08:00-22:00; Su 13:00-18:00",
        "payment:cash": "yes",
        "payment:debit_cards": "yes",
        "payment:maestro": "yes",
        "payment:v_pay": "yes",
        "phone": "+31 318 522 322",
        "ref": "1520",
        "shop": "supermarket",
        "source": "BAG",
        "source:date": "2014-03-24",
        "website": "https://www.ah.nl/winkel/1520",
        "wheelchair": "yes"
      },
      "geometry": {
        "type": "Point",
        "coordinates": [
          5.5572852,
          52.0255456
        ]
      },
      "id": "node/2775997515"
    },
    {
      "type": "Feature",
      "properties": {
        "@id": "node/2776758192",
        "addr:city": "Veenendaal",
        "addr:housenumber": "40",
        "addr:postcode": "3903GG",
        "addr:street": "Paddestoelenlaan",
        "brand": "Jumbo",
        "brand:wikidata": "Q2262314",
        "brand:wikipedia": "nl:Jumbo Supermarkten",
        "name": "Jumbo Paddestoelenlaan",
        "phone": "+31 318 589 965",
        "shop": "supermarket",
        "source": "BAG",
        "source:date": "2014-03-24",
        "website": "https://www.jumbo.com/content/jumbo-veenendaal-paddestoelenlaan/"
      },
      "geometry": {
        "type": "Point",
        "coordinates": [
          5.5533955,
          52.0059533
        ]
      },
      "id": "node/2776758192"
    },
    {
      "type": "Feature",
      "properties": {
        "@id": "node/2783333776",
        "addr:city": "Elst Ut",
        "addr:housenumber": "2B",
        "addr:postcode": "3921CE",
        "addr:street": "Schoolweg",
        "brand": "Albert Heijn",
        "brand:website": "https://www.ah.nl/",
        "brand:wikidata": "Q1653985",
        "brand:wikipedia": "nl:Albert Heijn (supermarkt)",
        "description": "AH Schoolweg",
        "name": "Albert Heijn",
        "opening_hours": "Mo-Th 08:00-20:00; Fr 08:00-21:00; Sa 08:00-20:00",
        "phone": "+31 318 489 210",
        "shop": "supermarket",
        "source": "BAG",
        "source:date": "2014-03-24",
        "website": "https://www.ah.nl/winkel/2310"
      },
      "geometry": {
        "type": "Point",
        "coordinates": [
          5.4963221,
          51.9851543
        ]
      },
      "id": "node/2783333776"
    },
    {
      "type": "Feature",
      "properties": {
        "@id": "node/2783522923",
        "addr:city": "Rhenen",
        "addr:housenumber": "69",
        "addr:postcode": "3911KA",
        "addr:street": "Plantsoenstraat",
        "brand": "Jumbo",
        "brand:wikidata": "Q2262314",
        "brand:wikipedia": "nl:Jumbo Supermarkten",
        "name": "Jumbo Mostert",
        "opening_hours": "Mo-Th 08:00-20:00; Fr 08:00-21:00; Sa 08:00-20:00",
        "operator": "Jumbo Supermarkten",
        "phone": "+31 317 616 868",
        "shop": "supermarket",
        "source": "BAG",
        "source:date": "2014-03-24",
        "website": "https://www.jumbo.com/winkel/rhenen/jumbo-rhenen-plantsoenstraat"
      },
      "geometry": {
        "type": "Point",
        "coordinates": [
          5.5680861,
          51.958245
        ]
      },
      "id": "node/2783522923"
    },
    {
      "type": "Feature",
      "properties": {
        "@id": "node/2783808256",
        "addr:city": "Austerlitz",
        "addr:housenumber": "127",
        "addr:postcode": "3711AE",
        "addr:street": "Oude Postweg",
        "email": "info@buurtsuper-austerlitz.nl",
        "name": "Buurtsuper Austerlitz",
        "opening_hours": "Mo-Fr 08:30-18:00, Sa 08:00-17:00",
        "phone": "+31 343 491 217",
        "shop": "supermarket",
        "source": "BAG",
        "source:date": "2014-03-24",
        "toilets:wheelchair": "no",
        "website": "https://www.buurtsuper-austerlitz.nl",
        "wheelchair": "yes"
      },
      "geometry": {
        "type": "Point",
        "coordinates": [
          5.3133355,
          52.0792125
        ]
      },
      "id": "node/2783808256"
    },
    {
      "type": "Feature",
      "properties": {
        "@id": "node/2787500413",
        "addr:city": "Zeist",
        "addr:housenumber": "3208",
        "addr:postcode": "3704KB",
        "addr:street": "De Clomp",
        "brand": "ALDI",
        "brand:wikidata": "Q41171373",
        "brand:wikipedia": "en:Aldi",
        "name": "ALDI",
        "shop": "supermarket",
        "source": "BAG",
        "source:date": "2019-10-17"
      },
      "geometry": {
        "type": "Point",
        "coordinates": [
          5.2193942,
          52.0830225
        ]
      },
      "id": "node/2787500413"
    },
    {
      "type": "Feature",
      "properties": {
        "@id": "node/2787501620",
        "addr:city": "Zeist",
        "addr:housenumber": "3308",
        "addr:postcode": "3704KB",
        "addr:street": "De Clomp",
        "brand": "DekaMarkt",
        "brand:wikidata": "Q2489350",
        "brand:wikipedia": "nl:DekaMarkt",
        "currency:EUR": "yes",
        "name": "DekaMarkt",
        "opening_hours": "Mo-Sa 08:00-20:00; Su 12:00-18:00",
        "payment:cards": "yes",
        "payment:cash": "yes",
        "phone": "+31 88 313 5630",
        "shop": "supermarket",
        "source": "BAG",
        "source:date": "2019-10-17",
        "website": "https://www.dekamarkt.nl/",
        "wheelchair": "yes"
      },
      "geometry": {
        "type": "Point",
        "coordinates": [
          5.2191888,
          52.0835567
        ]
      },
      "id": "node/2787501620"
    },
    {
      "type": "Feature",
      "properties": {
        "@id": "node/2800393845",
        "addr:city": "Leersum",
        "addr:housenumber": "57",
        "addr:postcode": "3956HH",
        "addr:street": "Honingraat",
        "branch": "Leersum",
        "brand": "PLUS",
        "brand:wikidata": "Q1978981",
        "brand:wikipedia": "nl:PLUS (Nederlandse supermarkt)",
        "name": "PLUS",
        "shop": "supermarket",
        "source": "BAG",
        "source:date": "2017-10-23"
      },
      "geometry": {
        "type": "Point",
        "coordinates": [
          5.4322744,
          52.009981
        ]
      },
      "id": "node/2800393845"
    },
    {
      "type": "Feature",
      "properties": {
        "@id": "node/2800511207",
        "addr:city": "Doorn",
        "addr:housenumber": "26",
        "addr:postcode": "3941ES",
        "addr:street": "Plein 1923",
        "brand": "Jumbo",
        "brand:wikidata": "Q2262314",
        "brand:wikipedia": "en:Jumbo (supermarket)",
        "name": "Jumbo",
        "opening_hours": "Mo-Sa 08:00-21:00; Su 12:00-18:00",
        "operator": "Jumbo",
        "phone": "+31 343 473 160",
        "shop": "supermarket",
        "website": "https://www.jumbo.com/",
        "wheelchair": "yes"
      },
      "geometry": {
        "type": "Point",
        "coordinates": [
          5.3461118,
          52.0344608
        ]
      },
      "id": "node/2800511207"
    },
    {
      "type": "Feature",
      "properties": {
        "@id": "node/2800641849",
        "addr:city": "Doorn",
        "addr:housenumber": "25",
        "addr:postcode": "3941JK",
        "addr:street": "Dorpsstraat",
        "brand": "Albert Heijn",
        "brand:wikidata": "Q1653985",
        "brand:wikipedia": "nl:Albert Heijn (supermarkt)",
        "internet_access": "wlan",
        "internet_access:fee": "no",
        "name": "Albert Heijn",
        "opening_hours": "Mo-Sa 08:00-21:00; Su 12:00-18:00",
        "operator": "Albert Heijn",
        "phone": "+31 343 412 473",
        "shop": "supermarket",
        "source": "BAG",
        "source:date": "2019-10-16",
        "start_date": "1961",
        "website": "https://www.ah.nl/winkel/1177",
        "wheelchair": "yes"
      },
      "geometry": {
        "type": "Point",
        "coordinates": [
          5.3442849,
          52.0346173
        ]
      },
      "id": "node/2800641849"
    },
    {
      "type": "Feature",
      "properties": {
        "@id": "node/2800645506",
        "addr:city": "Doorn",
        "addr:housenumber": "30",
        "addr:postcode": "3941HH",
        "addr:street": "Kampweg",
        "email": "contact@natuurvoedingdoorn.nl",
        "name": "Natuurvoeding Doorn",
        "official_name": "Natuurvoeding Doorn V.O.F.",
        "opening_hours": "Mo-Fr 08:30-18:00; Sa 08:30-17:00",
        "phone": "+31 343 416889",
        "shop": "supermarket",
        "source": "BAG",
        "source:date": "2014-03-24",
        "website": "https://www.natuurvoedingdoorn.nl"
      },
      "geometry": {
        "type": "Point",
        "coordinates": [
          5.3438021,
          52.0365405
        ]
      },
      "id": "node/2800645506"
    },
    {
      "type": "Feature",
      "properties": {
        "@id": "node/2805955167",
        "addr:city": "Culemborg",
        "addr:housenumber": "36",
        "addr:postcode": "4101CR",
        "addr:street": "Prijssestraat",
        "check_date:opening_hours": "2023-08-10",
        "name": "Elmas Supermarket",
        "opening_hours:signed": "no",
        "shop": "supermarket",
        "source": "BAG",
        "source:date": "2014-03-24"
      },
      "geometry": {
        "type": "Point",
        "coordinates": [
          5.2252646,
          51.9545601
        ]
      },
      "id": "node/2805955167"
    },
    {
      "type": "Feature",
      "properties": {
        "@id": "node/2805958660",
        "addr:city": "Culemborg",
        "addr:housenumber": "6",
        "addr:postcode": "4101EZ",
        "addr:street": "Boerenstraat",
        "brand": "Albert Heijn",
        "brand:wikidata": "Q1653985",
        "brand:wikipedia": "nl:Albert Heijn (supermarkt)",
        "name": "Albert Heijn",
        "opening_hours": "Mo-Sa 08:00-22:00; Su 09:00-21:00",
        "shop": "supermarket",
        "source": "BAG",
        "source:date": "2014-03-24",
        "website": "https://www.ah.nl/winkel/1445"
      },
      "geometry": {
        "type": "Point",
        "coordinates": [
          5.2259952,
          51.954512
        ]
      },
      "id": "node/2805958660"
    },
    {
      "type": "Feature",
      "properties": {
        "@id": "node/2805958685",
        "addr:city": "Culemborg",
        "addr:housenumber": "6",
        "addr:postcode": "4101CR",
        "addr:street": "Prijssestraat",
        "name": "BijBio Naturijn",
        "shop": "supermarket",
        "source": "BAG",
        "source:date": "2014-03-24",
        "website": "https://www.bijbio.nl/"
      },
      "geometry": {
        "type": "Point",
        "coordinates": [
          5.2261656,
          51.9550423
        ]
      },
      "id": "node/2805958685"
    },
    {
      "type": "Feature",
      "properties": {
        "@id": "node/2809549018",
        "addr:city": "Eck en Wiel",
        "addr:housenumber": "14b",
        "addr:postcode": "4024BP",
        "addr:street": "Veerweg",
        "brand": "Boon's Markt",
        "brand:wikidata": "Q97704873",
        "brand:wikipedia": "nl:Boon's Markt",
        "name": "Boon's Markt",
        "opening_hours": "Mo-Sa 08:00-20:00; Su off",
        "phone": "+31 344 605040",
        "shop": "supermarket",
        "source": "BAG",
        "source:date": "2014-03-24",
        "website": "https://www.boonsmarkt.nl/winkel/boons-markt-eck-en-wiel/"
      },
      "geometry": {
        "type": "Point",
        "coordinates": [
          5.4534843,
          51.9703404
        ]
      },
      "id": "node/2809549018"
    },
    {
      "type": "Feature",
      "properties": {
        "@id": "node/2823575765",
        "addr:city": "Vianen",
        "addr:housenumber": "53",
        "addr:postcode": "4133DB",
        "addr:street": "Ursulinenhof",
        "name": "Damla Markt",
        "shop": "supermarket",
        "source": "BAG",
        "source:date": "2014-03-24"
      },
      "geometry": {
        "type": "Point",
        "coordinates": [
          5.082182,
          51.9837901
        ]
      },
      "id": "node/2823575765"
    },
    {
      "type": "Feature",
      "properties": {
        "@id": "node/2824789428",
        "addr:city": "Houten",
        "addr:housenumber": "22",
        "addr:postcode": "3995EC",
        "addr:street": "Achterom",
        "check_date": "2023-07-10",
        "name": "Safar Market",
        "opening_hours": "Mo-Sa 08:30-19:00",
        "shop": "supermarket",
        "source": "BAG",
        "source:date": "2014-03-24"
      },
      "geometry": {
        "type": "Point",
        "coordinates": [
          5.169298,
          52.0366516
        ]
      },
      "id": "node/2824789428"
    },
    {
      "type": "Feature",
      "properties": {
        "@id": "node/2834247436",
        "addr:city": "Muiderberg",
        "addr:housenumber": "25",
        "addr:postcode": "1399GT",
        "addr:street": "Dorpsstraat",
        "brand": "SPAR",
        "brand:website": "https://www.spar.nl",
        "brand:wikidata": "Q610492",
        "brand:wikipedia": "nl:Spar (supermarkt)",
        "email": "sparmuiderberg@live.nl",
        "name": "SPAR van den Bosch",
        "opening_hours": "Mo-Fr 08:00-19:00; Sa 08:00-18:00; Su 10:00-18:00",
        "phone": "+31 294 261369",
        "shop": "supermarket",
        "source": "BAG",
        "source:date": "2014-03-24",
        "website": "https://www.spar.nl/winkels/spar-van-den-bosch-66/"
      },
      "geometry": {
        "type": "Point",
        "coordinates": [
          5.1166421,
          52.3272737
        ]
      },
      "id": "node/2834247436"
    },
    {
      "type": "Feature",
      "properties": {
        "@id": "node/2835826151",
        "addr:city": "Almere",
        "addr:housenumber": "2",
        "addr:postcode": "1311LH",
        "addr:street": "Wim Kanplein",
        "brand": "PLUS",
        "brand:wikidata": "Q1978981",
        "brand:wikipedia": "nl:PLUS (Nederlandse supermarkt)",
        "name": "PLUS",
        "opening_hours": "Mo-Su 08:00-21:00",
        "phone": "+31 36 536 0599",
        "shop": "supermarket",
        "source": "BAG",
        "source:date": "2014-03-24",
        "website": "https://www.plus.nl/supermarkten/almere-muziekwijk_plus-van-ommen_665"
      },
      "geometry": {
        "type": "Point",
        "coordinates": [
          5.1796748,
          52.3707822
        ]
      },
      "id": "node/2835826151"
    },
    {
      "type": "Feature",
      "properties": {
        "@id": "node/2839650157",
        "addr:city": "Almere",
        "addr:housenumber": "15",
        "addr:postcode": "1324WB",
        "addr:street": "'s-Hertogenboschplein",
        "brand": "Albert Heijn",
        "brand:website": "https://www.ah.nl/",
        "brand:wikidata": "Q1653985",
        "brand:wikipedia": "nl:Albert Heijn (supermarkt)",
        "name": "Albert Heijn",
        "opening_hours": "Mo,Tu,We,Th,Fr,Sa,Su 08:00-22:00",
        "payment:coins": "yes",
        "payment:contactless": "yes",
        "payment:credit_cards": "yes",
        "payment:maestro": "yes",
        "payment:mastercard": "yes",
        "payment:notes": "yes",
        "phone": "+31 36 533 3733",
        "ref": "8573",
        "shop": "supermarket",
        "source": "BAG",
        "source:date": "2014-03-24",
        "toilets:wheelchair": "no",
        "website": "https://www.ah.nl/winkel/8573",
        "wheelchair": "yes"
      },
      "geometry": {
        "type": "Point",
        "coordinates": [
          5.20538,
          52.3599561
        ]
      },
      "id": "node/2839650157"
    },
    {
      "type": "Feature",
      "properties": {
        "@id": "node/2839709171",
        "addr:city": "Almere",
        "addr:housenumber": "30",
        "addr:postcode": "1315GP",
        "addr:street": "Spoordreef",
        "brand": "Ekoplaza",
        "brand:wikidata": "Q47017915",
        "name": "Ekoplaza",
        "organic": "only",
        "shop": "supermarket",
        "source": "BAG",
        "source:date": "2014-03-24",
        "website": "https://www.ekoplaza.nl/nl/winkels/ekoplaza-almere"
      },
      "geometry": {
        "type": "Point",
        "coordinates": [
          5.2155982,
          52.3713766
        ]
      },
      "id": "node/2839709171"
    },
    {
      "type": "Feature",
      "properties": {
        "@id": "node/2839715229",
        "addr:city": "Almere",
        "addr:housenumber": "46",
        "addr:postcode": "1315VJ",
        "addr:street": "Schutterstraat",
        "check_date": "2026-03-03",
        "contact:facebook": "https://www.facebook.com/people/Taste-of-Asia-Almere/61559797033444/",
        "name": "Taste of Asia",
        "opening_hours": "Mo-We,Fr 10:00-19:00; Th 10:00-21:00; Sa 09:00-19:00; Su 10:00-18:00",
        "phone": "+31 36 303 0962",
        "shop": "supermarket",
        "source": "BAG",
        "source:date": "2014-03-24",
        "website": "https://www.tasteofasiamarket.com/"
      },
      "geometry": {
        "type": "Point",
        "coordinates": [
          5.2186763,
          52.3711933
        ]
      },
      "id": "node/2839715229"
    },
    {
      "type": "Feature",
      "properties": {
        "@id": "node/2840524663",
        "addr:city": "Almere",
        "addr:housenumber": "80",
        "addr:postcode": "1325SX",
        "addr:street": "Walt Disneyplantsoen",
        "brand": "Vomar",
        "brand:website": "https://www.vomar.nl",
        "brand:wikidata": "Q3202837",
        "brand:wikipedia": "nl:Vomar",
        "name": "Vomar",
        "opening_hours": "Mo-Sa 07:30-22:00; Su 08:00-22:00",
        "phone": "+31 36 5357 272",
        "shop": "supermarket",
        "source": "BAG",
        "source:date": "2014-03-24",
        "website": "https://www.vomar.nl/winkels/vomar-walt-disneyplantsoen-80-almere.htm"
      },
      "geometry": {
        "type": "Point",
        "coordinates": [
          5.2432784,
          52.3599254
        ]
      },
      "id": "node/2840524663"
    },
    {
      "type": "Feature",
      "properties": {
        "@id": "node/2840674517",
        "addr:city": "Almere",
        "addr:housenumber": "1",
        "addr:postcode": "1354LK",
        "addr:street": "Kruisstraat",
        "brand": "Vomar",
        "brand:website": "https://www.vomar.nl",
        "brand:wikidata": "Q3202837",
        "brand:wikipedia": "nl:Vomar",
        "name": "Vomar",
        "opening_hours": "Mo-Sa 07:30-22:00; Su 08:00-22:00",
        "phone": "+31 36 5216 285",
        "shop": "supermarket",
        "source": "BAG",
        "source:date": "2014-03-24",
        "website": "https://www.vomar.nl/winkels/vomar-kruisstraat-1-almere-haven.htm"
      },
      "geometry": {
        "type": "Point",
        "coordinates": [
          5.2185801,
          52.3351064
        ]
      },
      "id": "node/2840674517"
    },
    {
      "type": "Feature",
      "properties": {
        "@id": "node/2842513345",
        "addr:city": "Almere",
        "addr:housenumber": "81",
        "addr:postcode": "1326PC",
        "addr:street": "Salsastraat",
        "brand": "Albert Heijn",
        "brand:website": "https://www.ah.nl/",
        "brand:wikidata": "Q1653985",
        "brand:wikipedia": "nl:Albert Heijn (supermarkt)",
        "name": "Albert Heijn",
        "opening_hours": "Mo,Tu,We,Th,Fr,Sa,Su 08:00-21:00",
        "phone": "+31 88 659 2242",
        "ref": "2242",
        "shop": "supermarket",
        "source": "BAG",
        "source:date": "2014-03-24",
        "website": "https://www.ah.nl/winkel/2242"
      },
      "geometry": {
        "type": "Point",
        "coordinates": [
          5.2563916,
          52.365788
        ]
      },
      "id": "node/2842513345"
    },
    {
      "type": "Feature",
      "properties": {
        "@id": "node/2842839268",
        "addr:city": "Almere",
        "addr:housenumber": "44",
        "addr:postcode": "1328KA",
        "addr:street": "Juan Grisstraat",
        "brand": "Albert Heijn",
        "brand:website": "https://www.ah.nl/",
        "brand:wikidata": "Q1653985",
        "brand:wikipedia": "nl:Albert Heijn (supermarkt)",
        "name": "Albert Heijn",
        "phone": "+31 365 354 794",
        "ref": "8642",
        "shop": "supermarket",
        "source": "BAG",
        "source:date": "2014-03-24",
        "website": "https://www.ah.nl/winkel/8642"
      },
      "geometry": {
        "type": "Point",
        "coordinates": [
          5.2658209,
          52.3719458
        ]
      },
      "id": "node/2842839268"
    },
    {
      "type": "Feature",
      "properties": {
        "@id": "node/2847963064",
        "addr:city": "Zeewolde",
        "addr:housenumber": "30",
        "addr:postcode": "3894AA",
        "addr:street": "Gelderseweg",
        "name": "MMM Natuurvoedingswinkel & Theeschenkerij",
        "opening_hours": "Tu-Fr 09:30-17:00; Sa 09:30-15:30",
        "operator": "Triade Flevoland",
        "organic": "only",
        "phone": "+31 36 523 4964",
        "shop": "supermarket",
        "source": "BAG",
        "source:date": "2016-08-13",
        "website": "https://www.zorgboerderijzeewolde.nl/content.php?p=692",
        "wheelchair": "yes"
      },
      "geometry": {
        "type": "Point",
        "coordinates": [
          5.5340512,
          52.3378471
        ]
      },
      "id": "node/2847963064"
    },
    {
      "type": "Feature",
      "properties": {
        "@id": "node/2848390523",
        "addr:city": "Zeewolde",
        "addr:housenumber": "35",
        "addr:postcode": "3891GN",
        "addr:street": "Ravelijn",
        "name": "Lajkonik",
        "opening_hours": "Mo-Sa 09:00-22:00; Su 13:00-20:00",
        "shop": "supermarket",
        "source": "BAG",
        "source:date": "2014-05-07"
      },
      "geometry": {
        "type": "Point",
        "coordinates": [
          5.5440123,
          52.3315643
        ]
      },
      "id": "node/2848390523"
    },
    {
      "type": "Feature",
      "properties": {
        "@id": "node/2848392245",
        "addr:city": "Zeewolde",
        "addr:housenumber": "6",
        "addr:postcode": "3891BA",
        "addr:street": "Flevoplein",
        "brand": "Vomar",
        "brand:website": "https://www.vomar.nl",
        "brand:wikidata": "Q3202837",
        "brand:wikipedia": "nl:Vomar",
        "name": "Vomar",
        "opening_hours": "Mo-Sa 07:30-21:30; Su 13:00-20:00",
        "payment:cash": "yes",
        "payment:maestro": "yes",
        "payment:others": "no",
        "phone": "+31 88 0244929",
        "shop": "supermarket",
        "source": "BAG",
        "source:date": "2014-05-07",
        "website": "https://www.vomar.nl/winkels/vomar-flevoplein-6-7-zeewolde.htm"
      },
      "geometry": {
        "type": "Point",
        "coordinates": [
          5.5411906,
          52.3319401
        ]
      },
      "id": "node/2848392245"
    },
    {
      "type": "Feature",
      "properties": {
        "@id": "node/2848512476",
        "addr:city": "Zeewolde",
        "addr:housenumber": "21",
        "addr:postcode": "3893EA",
        "addr:street": "Aquamarijn",
        "branch": "Vandaag Verduijn",
        "brand": "PLUS",
        "brand:wikidata": "Q1978981",
        "brand:wikipedia": "nl:PLUS (Nederlandse supermarkt)",
        "name": "PLUS",
        "opening_hours": "Mo-Sa 08:00-21:00; Su 13:00-19:00",
        "operator": "Verduijn",
        "phone": "+31 36 522 3339",
        "shop": "supermarket",
        "source": "BAG",
        "source:date": "2014-05-07"
      },
      "geometry": {
        "type": "Point",
        "coordinates": [
          5.5178681,
          52.3374502
        ]
      },
      "id": "node/2848512476"
    },
    {
      "type": "Feature",
      "properties": {
        "@id": "node/2851500446",
        "addr:city": "Wijk bij Duurstede",
        "addr:housenumber": "5",
        "addr:postcode": "3961VM",
        "addr:street": "Steenstraat",
        "brand": "Albert Heijn",
        "brand:wikidata": "Q1653985",
        "brand:wikipedia": "nl:Albert Heijn (supermarkt)",
        "name": "Albert Heijn",
        "name:nl": "Albert Heijn",
        "opening_hours": "Mo-Sa 08:00-22:00; Su 12:30-18:00",
        "operator": "Albert Heijn",
        "payment:Albert_Heijn_giftcard": "yes",
        "payment:Pin": "yes",
        "payment:cash": "yes",
        "phone": "+31 343 575 445",
        "ref": "1152",
        "shop": "supermarket",
        "source": "BAG",
        "source:date": "2019-11-14",
        "website": "https://www.ah.nl/winkel/1152",
        "wheelchair": "yes"
      },
      "geometry": {
        "type": "Point",
        "coordinates": [
          5.343452,
          51.9746105
        ]
      },
      "id": "node/2851500446"
    },
    {
      "type": "Feature",
      "properties": {
        "@id": "node/2853406624",
        "addr:city": "Langbroek",
        "addr:housenumber": "A77a",
        "addr:postcode": "3947BE",
        "addr:street": "Langbroekerdijk",
        "contact:facebook": "https://www.facebook.com/versmarktlangbroek/",
        "name": "Versmarkt",
        "opening_hours": "Mo-Fr 08:30-18:00; Sa 07:30-16:00",
        "operator": "Wim Aalbertsen Brood & Banket",
        "operator:website": "https://www.bakkerijaalbertsen.nl",
        "phone": "+31 343 411930",
        "shop": "supermarket",
        "source": "BAG",
        "source:date": "2024-10-28",
        "website": "https://www.bakkerijaalbertsen.nl/langbroek/"
      },
      "geometry": {
        "type": "Point",
        "coordinates": [
          5.3253053,
          52.0111858
        ]
      },
      "id": "node/2853406624"
    },
    {
      "type": "Feature",
      "properties": {
        "@id": "node/2853535456",
        "addr:city": "Cothen",
        "addr:housenumber": "29",
        "addr:postcode": "3945BK",
        "addr:street": "Dorpsstraat",
        "name": "Buurtsuper Van Straaten",
        "shop": "supermarket",
        "source": "BAG",
        "source:date": "2014-05-07"
      },
      "geometry": {
        "type": "Point",
        "coordinates": [
          5.3118052,
          51.9975339
        ]
      },
      "id": "node/2853535456"
    },
    {
      "type": "Feature",
      "properties": {
        "@id": "node/2854646803",
        "addr:city": "Harderwijk",
        "addr:housenumber": "64",
        "addr:postcode": "3841AR",
        "addr:street": "Vuldersbrink",
        "brand": "Vomar",
        "brand:website": "https://www.vomar.nl",
        "brand:wikidata": "Q3202837",
        "brand:wikipedia": "nl:Vomar",
        "name": "Vomar",
        "opening_hours": "Mo-Th 07:30-21:00; Fr-Sa 07:30-22:00; Su 12:00-18:00",
        "phone": "+31 88 0244897",
        "shop": "supermarket",
        "source": "BAG",
        "source:date": "2014-05-07",
        "website": "https://www.vomar.nl/winkels/vomar-vuldersbrink-64-harderwijk.htm"
      },
      "geometry": {
        "type": "Point",
        "coordinates": [
          5.6208419,
          52.3498177
        ]
      },
      "id": "node/2854646803"
    },
    {
      "type": "Feature",
      "properties": {
        "@id": "node/2856087234",
        "addr:city": "Harderwijk",
        "addr:housenumber": "115",
        "addr:postcode": "3848DP",
        "addr:street": "Krommekamp",
        "brand": "Albert Heijn",
        "brand:website": "https://www.ah.nl/",
        "brand:wikidata": "Q1653985",
        "brand:wikipedia": "nl:Albert Heijn (supermarkt)",
        "name": "Albert Heijn",
        "shop": "supermarket",
        "source": "BAG",
        "source:date": "2014-05-07",
        "website": "https://www.ah.nl/winkel/2249"
      },
      "geometry": {
        "type": "Point",
        "coordinates": [
          5.648464,
          52.3494148
        ]
      },
      "id": "node/2856087234"
    },
    {
      "type": "Feature",
      "properties": {
        "@id": "node/2860067396",
        "addr:city": "Weesp",
        "addr:housenumber": "19",
        "addr:postcode": "1383ED",
        "addr:street": "Mr.C.Kooimancentrum",
        "branch": "Weesp",
        "brand": "SPAR",
        "brand:website": "https://www.spar.nl",
        "brand:wikidata": "Q610492",
        "email": "sparveldt@despar.info",
        "name": "SPAR",
        "phone": "+31 294 410185",
        "shop": "supermarket",
        "source": "BAG",
        "source:date": "2014-05-07",
        "website": "https://www.spar.nl/winkels/spar-weesp-68/"
      },
      "geometry": {
        "type": "Point",
        "coordinates": [
          5.0428839,
          52.2984291
        ]
      },
      "id": "node/2860067396"
    },
    {
      "type": "Feature",
      "properties": {
        "@id": "node/2865433831",
        "addr:city": "Loosdrecht",
        "addr:housenumber": "182",
        "addr:postcode": "1231NG",
        "addr:street": "Oud-Loosdrechtsedijk",
        "brand": "Albert Heijn",
        "brand:website": "https://www.ah.nl",
        "brand:wikidata": "Q1653985",
        "brand:wikipedia": "nl:Albert Heijn (supermarkt)",
        "name": "Albert Heijn",
        "opening_hours": "Mo-Sa 08:00-20:00; Su 09:00-18:00",
        "payment:cash": "yes",
        "payment:contactless": "yes",
        "payment:debit_cards": "yes",
        "phone": "+31 35 3030000",
        "ref": "4024",
        "shop": "supermarket",
        "source": "BAG",
        "source:date": "2014-05-07",
        "website": "https://www.ah.nl/winkel/4024"
      },
      "geometry": {
        "type": "Point",
        "coordinates": [
          5.0819583,
          52.2070192
        ]
      },
      "id": "node/2865433831"
    },
    {
      "type": "Feature",
      "properties": {
        "@id": "node/2865651828",
        "addr:city": "Loosdrecht",
        "addr:housenumber": "45",
        "addr:postcode": "1231CR",
        "addr:street": "Nootweg",
        "branch": "Loosdrecht Nootweg",
        "brand": "Jumbo",
        "brand:website": "https://www.jumbo.com",
        "brand:wikidata": "Q2262314",
        "brand:wikipedia": "nl:Jumbo Supermarkten",
        "name": "Jumbo",
        "opening_hours": "Mo-Sa 08:00-21:00; Su 09:00-20:00",
        "phone": "+31 35 5823774",
        "shop": "supermarket",
        "source": "BAG",
        "source:date": "2014-05-07",
        "website": "https://www.jumbo.com/winkel/loosdrecht/jumbo-loosdrecht-nootweg"
      },
      "geometry": {
        "type": "Point",
        "coordinates": [
          5.1387884,
          52.2000549
        ]
      },
      "id": "node/2865651828"
    },
    {
      "type": "Feature",
      "properties": {
        "@id": "node/2865664020",
        "addr:city": "Loosdrecht",
        "addr:housenumber": "146",
        "addr:postcode": "1231KE",
        "addr:street": "Rading",
        "branch": "Loosdrecht",
        "brand": "Nettorama",
        "brand:website": "https://www.nettorama.nl",
        "brand:wikidata": "Q1828639",
        "name": "Nettorama",
        "opening_hours": "Mo-Th,Sa 08:00-20:00; Fr 08:00-21:00; Su 10:00-18:00",
        "phone": "+31 35 5821399",
        "post_office": "post_partner",
        "post_office:operator": "PostNL",
        "post_office:operator:wikidata": "Q5921598",
        "post_office:operator:wikipedia": "nl:PostNL",
        "shop": "supermarket",
        "source": "BAG",
        "source:date": "2021-07-01",
        "website": "https://www.nettorama.nl/locaties/loosdrecht"
      },
      "geometry": {
        "type": "Point",
        "coordinates": [
          5.1426582,
          52.1958782
        ]
      },
      "id": "node/2865664020"
    },
    {
      "type": "Feature",
      "properties": {
        "@id": "node/2866274503",
        "addr:city": "Naarden",
        "addr:housenumber": "78",
        "addr:postcode": "1411TC",
        "addr:street": "E. de Bruynstraat",
        "brand": "PLUS",
        "brand:wikidata": "Q1978981",
        "brand:wikipedia": "nl:PLUS (Nederlandse supermarkt)",
        "name": "PLUS",
        "shop": "supermarket",
        "source": "BAG",
        "source:date": "2014-05-07",
        "website": "https://www.plus.nl/supermarkten/naarden_plus-bos_724"
      },
      "geometry": {
        "type": "Point",
        "coordinates": [
          5.1460116,
          52.2986083
        ]
      },
      "id": "node/2866274503"
    },
    {
      "type": "Feature",
      "properties": {
        "@id": "node/2866315479",
        "addr:city": "Naarden",
        "addr:housenumber": "6",
        "addr:postcode": "1411BS",
        "addr:street": "Burgemeester Jur. Visserlaan",
        "name": "Super Speciaal",
        "operator": "Sherpa",
        "shop": "supermarket",
        "source": "BAG",
        "source:date": "2014-05-07"
      },
      "geometry": {
        "type": "Point",
        "coordinates": [
          5.1508097,
          52.291877
        ]
      },
      "id": "node/2866315479"
    },
    {
      "type": "Feature",
      "properties": {
        "@id": "node/2866330551",
        "addr:city": "Naarden",
        "addr:housenumber": "3A",
        "addr:postcode": "1411HB",
        "addr:street": "Amersfoortsestraatweg",
        "brand": "Albert Heijn",
        "brand:wikidata": "Q1653985",
        "brand:wikipedia": "nl:Albert Heijn (supermarkt)",
        "name": "Albert Heijn",
        "opening_hours": "Mo-Th 08:00-20:00; Fr 08:00-21:00; Sa 08:00-20:00",
        "phone": "+31 35 678 2604",
        "ref": "1166",
        "shop": "supermarket",
        "source": "BAG",
        "source:date": "2014-05-07",
        "website": "https://www.ah.nl/winkel/1166"
      },
      "geometry": {
        "type": "Point",
        "coordinates": [
          5.171263,
          52.2885716
        ]
      },
      "id": "node/2866330551"
    },
    {
      "type": "Feature",
      "properties": {
        "@id": "node/2871019569",
        "addr:city": "Huizen",
        "addr:housenumber": "62",
        "addr:postcode": "1274SN",
        "addr:street": "Oostermeent-Oost",
        "brand": "PLUS",
        "brand:wikidata": "Q1978981",
        "brand:wikipedia": "nl:PLUS (Nederlandse supermarkt)",
        "name": "PLUS",
        "shop": "supermarket",
        "source": "BAG",
        "source:date": "2014-05-20"
      },
      "geometry": {
        "type": "Point",
        "coordinates": [
          5.2644046,
          52.2946077
        ]
      },
      "id": "node/2871019569"
    },
    {
      "type": "Feature",
      "properties": {
        "@id": "node/2871069957",
        "addr:city": "Huizen",
        "addr:housenumber": "22",
        "addr:postcode": "1273EG",
        "addr:street": "Holleblok",
        "branch": "Nettorama Huizen",
        "brand": "Nettorama",
        "brand:wikidata": "Q1828639",
        "brand:wikipedia": "nl:Nettorama",
        "check_date:opening_hours": "2025-10-17",
        "name": "Nettorama",
        "opening_hours": "Mo-Th 08:00-20:00; Fr 08:00-21:00; Sa 08:00-20:00; Su 12:00-18:00",
        "shop": "supermarket",
        "source": "BAG",
        "source:date": "2014-05-20",
        "wheelchair": "yes"
      },
      "geometry": {
        "type": "Point",
        "coordinates": [
          5.2541606,
          52.3025112
        ]
      },
      "id": "node/2871069957"
    },
    {
      "type": "Feature",
      "properties": {
        "@id": "node/2871287262",
        "addr:city": "Huizen",
        "addr:housenumber": "10",
        "addr:postcode": "1271BA",
        "addr:street": "Lindenlaan",
        "brand": "Albert Heijn",
        "brand:website": "https://www.ah.nl/",
        "brand:wikidata": "Q1653985",
        "brand:wikipedia": "nl:Albert Heijn (supermarkt)",
        "internet_access": "wlan",
        "name": "Albert Heijn",
        "opening_hours": "Mo-Fr 08:00-22:00; Sa 07:00-22:00; Su 09:00-21:00",
        "phone": "+31 35 525 4150",
        "shop": "supermarket",
        "source": "BAG",
        "source:date": "2014-05-20",
        "website": "https://www.ah.nl/winkel/1056",
        "wheelchair": "yes"
      },
      "geometry": {
        "type": "Point",
        "coordinates": [
          5.2350408,
          52.2971621
        ]
      },
      "id": "node/2871287262"
    },
    {
      "type": "Feature",
      "properties": {
        "@id": "node/2871288879",
        "addr:city": "Huizen",
        "addr:housenumber": "4",
        "addr:postcode": "1271AE",
        "addr:street": "Havenstraat",
        "brand": "Ekoplaza",
        "brand:wikidata": "Q47017915",
        "name": "Ekoplaza",
        "organic": "only",
        "shop": "supermarket",
        "source": "BAG",
        "source:date": "2014-05-20"
      },
      "geometry": {
        "type": "Point",
        "coordinates": [
          5.2338747,
          52.2982749
        ]
      },
      "id": "node/2871288879"
    },
    {
      "type": "Feature",
      "properties": {
        "@id": "node/2871431719",
        "addr:city": "Huizen",
        "addr:housenumber": "10",
        "addr:postcode": "1276EH",
        "addr:street": "Phohistraat",
        "branch": "Huizen-Phohiflat",
        "brand": "PLUS",
        "brand:website": "https://www.plus.nl",
        "brand:wikidata": "Q1978981",
        "name": "PLUS Van den Hoven",
        "opening_hours": "Mo-Th,Sa 08:00-20:00; Fr 08:00-21:00; Su 12:00-18:00",
        "phone": "+31 35 5258165",
        "shop": "supermarket",
        "source": "BAG",
        "source:date": "2014-05-20",
        "website": "https://www.plus.nl/supermarkten/huizen_plus-van-den-hoven-huizen-phohiflat_921"
      },
      "geometry": {
        "type": "Point",
        "coordinates": [
          5.245223,
          52.2903144
        ]
      },
      "id": "node/2871431719"
    },
    {
      "type": "Feature",
      "properties": {
        "@id": "node/2871447309",
        "addr:city": "Huizen",
        "addr:housenumber": "8",
        "addr:postcode": "1276CJ",
        "addr:street": "Kostmand",
        "name": "Halal Supermarket",
        "phone": "+31 35 525 3202",
        "shop": "supermarket",
        "source": "BAG",
        "source:date": "2014-05-20"
      },
      "geometry": {
        "type": "Point",
        "coordinates": [
          5.2539114,
          52.291984
        ]
      },
      "id": "node/2871447309"
    },
    {
      "type": "Feature",
      "properties": {
        "@id": "node/2873191261",
        "addr:city": "Huizen",
        "addr:housenumber": "1",
        "addr:postcode": "1272AW",
        "addr:street": "Jacob van Heemskerkstraat",
        "name": "Supermarkt Huizen",
        "opening_hours": "Mo-Sa 08:30-19:00",
        "shop": "supermarket",
        "source": "BAG",
        "source:date": "2014-05-20"
      },
      "geometry": {
        "type": "Point",
        "coordinates": [
          5.2268039,
          52.2985238
        ]
      },
      "id": "node/2873191261"
    },
    {
      "type": "Feature",
      "properties": {
        "@id": "node/2873405683",
        "addr:city": "Blaricum",
        "addr:housenumber": "1",
        "addr:postcode": "1261MV",
        "addr:street": "Hooibrug",
        "branch": "Blaricum",
        "brand": "PLUS",
        "brand:website": "https://www.plus.nl",
        "brand:wikidata": "Q1978981",
        "brand:wikipedia": "nl:PLUS (Nederlandse supermarkt)",
        "name": "PLUS Van den Hoven",
        "opening_hours": "Mo-Sa 08:00-20:00; Su 12:00-18:00",
        "phone": "+31 35 525 1001",
        "shop": "supermarket",
        "source": "BAG",
        "source:date": "2014-05-20",
        "website": "https://www.plus.nl/supermarkten/blaricum_plus-van-den-hoven-blaricum_1099",
        "wheelchair": "yes"
      },
      "geometry": {
        "type": "Point",
        "coordinates": [
          5.2652097,
          52.2868072
        ]
      },
      "id": "node/2873405683"
    },
    {
      "type": "Feature",
      "properties": {
        "@id": "node/2875416041",
        "addr:city": "Laren",
        "addr:housenumber": "3",
        "addr:postcode": "1251MA",
        "addr:street": "Plein 1945",
        "branch": "Laren Plein 1945",
        "brand": "Jumbo",
        "brand:website": "https://www.jumbo.com",
        "brand:wikidata": "Q2262314",
        "brand:wikipedia": "nl:Jumbo Supermarkten",
        "name": "Jumbo",
        "operator": "van Veldhuizen",
        "phone": "+31 35 5380711",
        "shop": "supermarket",
        "source": "BAG",
        "source:date": "2014-05-20",
        "website": "https://www.jumbo.com/winkel/laren/jumbo-laren-plein-1945"
      },
      "geometry": {
        "type": "Point",
        "coordinates": [
          5.2296102,
          52.2546352
        ]
      },
      "id": "node/2875416041"
    },
    {
      "type": "Feature",
      "properties": {
        "@id": "node/2875781110",
        "addr:city": "Woudenberg",
        "addr:housenumber": "18",
        "addr:postcode": "3931VH",
        "addr:street": "'t Schilt",
        "brand": "Jumbo",
        "brand:wikidata": "Q2262314",
        "brand:wikipedia": "nl:Jumbo Supermarkten",
        "name": "Jumbo Mike Niens",
        "shop": "supermarket",
        "source": "BAG",
        "source:date": "2014-05-20",
        "website": "https://www.jumbo.com/content/jumbo-woudenberg-'t-schilt/"
      },
      "geometry": {
        "type": "Point",
        "coordinates": [
          5.4131142,
          52.0818803
        ]
      },
      "id": "node/2875781110"
    },
    {
      "type": "Feature",
      "properties": {
        "@id": "node/2877300211",
        "addr:city": "Driebergen-Rijsenburg",
        "addr:housenumber": "1",
        "addr:postcode": "3971EE",
        "addr:street": "Binnenhof",
        "brand": "Albert Heijn",
        "brand:website": "https://www.ah.nl",
        "brand:wikidata": "Q1653985",
        "name": "Albert Heijn",
        "opening_hours": "Mo-Sa 08:00-21:00; Su 12:00-18:00",
        "phone": "+31 343 512 145",
        "ref": "1266",
        "shop": "supermarket",
        "source": "BAG",
        "source:date": "2019-10-15",
        "website": "https://www.ah.nl/winkel/1266",
        "wheelchair": "yes"
      },
      "geometry": {
        "type": "Point",
        "coordinates": [
          5.2873425,
          52.0544787
        ]
      },
      "id": "node/2877300211"
    },
    {
      "type": "Feature",
      "properties": {
        "@id": "node/2877301469",
        "addr:city": "Driebergen-Rijsenburg",
        "addr:housenumber": "153a",
        "addr:postcode": "3971GE",
        "addr:street": "Traaij",
        "brand": "Lidl",
        "brand:website": "https://www.lidl.nl/",
        "brand:wikidata": "Q151954",
        "brand:wikipedia": "nl:Lidl",
        "name": "Lidl",
        "opening_hours": "Mo-Fr 08:00-21:00; Sa 07:30-21:00; Su 12:00-18:00",
        "operator": "Lidl Nederland GmbH",
        "shop": "supermarket",
        "source": "BAG",
        "source:date": "2014-05-24",
        "website": "https://www.lidl.nl/s/nl-NL/filialen/driebergen-rijsenburg/traaij-153a/",
        "wheelchair": "yes"
      },
      "geometry": {
        "type": "Point",
        "coordinates": [
          5.2901107,
          52.0551986
        ]
      },
      "id": "node/2877301469"
    },
    {
      "type": "Feature",
      "properties": {
        "@id": "node/2877713245",
        "addr:city": "Driebergen-Rijsenburg",
        "addr:housenumber": "12",
        "addr:postcode": "3972CV",
        "addr:street": "De Sluis",
        "brand": "Jumbo",
        "brand:website": "https://www.jumbo.com/",
        "brand:wikidata": "Q2262314",
        "brand:wikipedia": "nl:Jumbo Supermarkten",
        "name": "Jumbo",
        "operator": "Jumbo",
        "shop": "supermarket",
        "source": "BAG",
        "source:date": "2014-05-24",
        "wheelchair": "yes"
      },
      "geometry": {
        "type": "Point",
        "coordinates": [
          5.2733828,
          52.0499854
        ]
      },
      "id": "node/2877713245"
    },
    {
      "type": "Feature",
      "properties": {
        "@id": "node/2877791247",
        "addr:city": "Hilversum",
        "addr:housenumber": "19",
        "addr:postcode": "1218CB",
        "addr:street": "De Meent",
        "brand": "Albert Heijn",
        "brand:wikidata": "Q1653985",
        "brand:wikipedia": "nl:Albert Heijn (supermarkt)",
        "name": "Albert Heijn",
        "opening_hours": "Mo 08:00-20:00, Tu 08:00-20:00, We 08:00-20:00, Th 08:00-20:00, Fr 08:00-20:00, Sa 08:00-20:00, Su 13:00-19:00",
        "operator": "Albert Heijn",
        "phone": "+31 35 693 4376",
        "shop": "supermarket",
        "source": "BAG",
        "source:date": "2014-05-24",
        "website": "https://www.ah.nl/winkel/8778"
      },
      "geometry": {
        "type": "Point",
        "coordinates": [
          5.1377368,
          52.2707925
        ]
      },
      "id": "node/2877791247"
    },
    {
      "type": "Feature",
      "properties": {
        "@id": "node/2878378670",
        "addr:city": "Nunspeet",
        "addr:housenumber": "15",
        "addr:postcode": "8071CS",
        "addr:street": "Industrieweg",
        "branch": "Nunspeet Industrieweg",
        "brand": "Jumbo",
        "brand:website": "https://www.jumbo.com",
        "brand:wikidata": "Q2262314",
        "check_date:opening_hours": "2025-06-08",
        "name": "Jumbo",
        "note": "Winkelgegevens van website Jumbo mogen in OSM onder ODbL gebruikt worden (toestemming ontvangen op 15-6-2012)",
        "opening_hours": "Mo-Sa 08:00-21:00",
        "phone": "+31 341 261594",
        "shop": "supermarket",
        "source": "BAG",
        "source:date": "2014-05-24",
        "website": "https://www.jumbo.com/winkel/nunspeet/jumbo-nunspeet-industrieweg"
      },
      "geometry": {
        "type": "Point",
        "coordinates": [
          5.7812819,
          52.370523
        ]
      },
      "id": "node/2878378670"
    },
    {
      "type": "Feature",
      "properties": {
        "@id": "node/2878839539",
        "addr:city": "Hilversum",
        "addr:housenumber": "59",
        "addr:postcode": "1221EE",
        "addr:street": "Lorentzweg",
        "brand": "Lidl",
        "brand:website": "https://www.lidl.nl/",
        "brand:wikidata": "Q151954",
        "brand:wikipedia": "nl:Lidl",
        "check_date": "2026-03-19",
        "diet:halal": "yes",
        "diet:kosher": "yes",
        "name": "Lidl",
        "opening_hours": "Mo-Sa 08:00-21:00; Su 11:00-19:00",
        "operator": "Lidl Nederland GmbH",
        "shop": "supermarket",
        "source": "BAG",
        "source:date": "2014-05-24",
        "website": "https://www.lidl.nl/s/nl-NL/filialen/hilversum/lorentzweg-59/"
      },
      "geometry": {
        "type": "Point",
        "coordinates": [
          5.1896528,
          52.2273461
        ]
      },
      "id": "node/2878839539"
    },
    {
      "type": "Feature",
      "properties": {
        "@id": "node/2879032911",
        "addr:city": "Hilversum",
        "addr:housenumber": "9B",
        "addr:postcode": "1216AH",
        "addr:street": "Bodemanstraat",
        "brand": "Albert Heijn",
        "brand:website": "https://www.ah.nl",
        "brand:wikidata": "Q1653985",
        "brand:wikipedia": "nl:Albert Heijn (supermarkt)",
        "check_date": "2024-05-22",
        "name": "Albert Heijn",
        "opening_hours": "Mo-Sa 08:00-21:00; Su 09:00-21:00",
        "payment:cash": "yes",
        "payment:debit_cards": "yes",
        "phone": "+31 88 659 2230",
        "ref": "2230",
        "shop": "supermarket",
        "source": "BAG",
        "source:date": "2014-05-24",
        "website": "https://www.ah.nl/winkel/2230"
      },
      "geometry": {
        "type": "Point",
        "coordinates": [
          5.1552995,
          52.2215382
        ]
      },
      "id": "node/2879032911"
    },
    {
      "type": "Feature",
      "properties": {
        "@id": "node/2879097890",
        "addr:city": "Hilversum",
        "addr:housenumber": "53",
        "addr:postcode": "1211GV",
        "addr:street": "Langestraat",
        "brand": "Albert Heijn",
        "brand:website": "https://www.ah.nl",
        "brand:wikidata": "Q1653985",
        "brand:wikipedia": "nl:Albert Heijn (supermarkt)",
        "check_date": "2025-07-24",
        "level": "0",
        "name": "Albert Heijn",
        "opening_hours": "Mo-Sa 07:00-22:00; Su 11:00-19:00",
        "payment:cash": "yes",
        "payment:cash:EUR": "yes",
        "payment:debit_cards": "yes",
        "payment:pin": "yes",
        "phone": "+31 35 624 4545",
        "ref": "1066",
        "shop": "supermarket",
        "source": "BAG",
        "source:date": "2014-05-24",
        "website": "https://www.ah.nl/winkel/1066",
        "wheelchair": "yes"
      },
      "geometry": {
        "type": "Point",
        "coordinates": [
          5.1756252,
          52.2220569
        ]
      },
      "id": "node/2879097890"
    },
    {
      "type": "Feature",
      "properties": {
        "@id": "node/2883157635",
        "addr:city": "De Bilt",
        "addr:housenumber": "8",
        "addr:postcode": "3732CM",
        "addr:street": "Herenweg",
        "branch": "De Bilt",
        "brand": "Albert Heijn",
        "brand:wikidata": "Q1653985",
        "brand:wikipedia": "nl:Albert Heijn (supermarkt)",
        "name": "Albert Heijn",
        "operator": "Albert Heijn",
        "phone": "+31 30 220 3433",
        "shop": "supermarket",
        "source": "BAG",
        "source:date": "2014-08-08",
        "website": "https://www.ah.nl/winkel/1129",
        "wheelchair": "yes"
      },
      "geometry": {
        "type": "Point",
        "coordinates": [
          5.1821933,
          52.1093543
        ]
      },
      "id": "node/2883157635"
    },
    {
      "type": "Feature",
      "properties": {
        "@id": "node/2889069765",
        "addr:city": "Bussum",
        "addr:housenumber": "2",
        "addr:postcode": "1402BH",
        "addr:street": "Laarderweg",
        "name": "Prinses",
        "shop": "supermarket",
        "source": "BAG",
        "source:date": "2014-05-30"
      },
      "geometry": {
        "type": "Point",
        "coordinates": [
          5.1651949,
          52.2718103
        ]
      },
      "id": "node/2889069765"
    },
    {
      "type": "Feature",
      "properties": {
        "@id": "node/2889119226",
        "addr:city": "Bussum",
        "addr:housenumber": "13",
        "addr:postcode": "1404HT",
        "addr:street": "Kapelstraat",
        "name": "Imalaya",
        "opening_hours": "We,Th,Sa 11:00-18:00; Fr 11:00-21:00",
        "shop": "supermarket",
        "source": "BAG",
        "source:date": "2014-05-30",
        "website": "https://www.imalaya.life"
      },
      "geometry": {
        "type": "Point",
        "coordinates": [
          5.1647884,
          52.2745068
        ]
      },
      "id": "node/2889119226"
    },
    {
      "type": "Feature",
      "properties": {
        "@id": "node/2889240797",
        "addr:city": "Bussum",
        "addr:housenumber": "136",
        "addr:postcode": "1401ET",
        "addr:street": "Landstraat",
        "brand": "Vomar",
        "brand:website": "https://www.vomar.nl",
        "brand:wikidata": "Q3202837",
        "brand:wikipedia": "nl:Vomar",
        "name": "Vomar",
        "opening_hours": "Mo-Th 07:30-21:00; Fr-Sa 07:30-22:00; Su 09:00-20:00",
        "phone": "+31 35 692 3354",
        "shop": "supermarket",
        "source": "BAG",
        "source:date": "2014-05-30",
        "website": "https://www.vomar.nl/winkels/vomar-landstraat-136-bussum.htm"
      },
      "geometry": {
        "type": "Point",
        "coordinates": [
          5.1643999,
          52.2779402
        ]
      },
      "id": "node/2889240797"
    },
    {
      "type": "Feature",
      "properties": {
        "@id": "node/2889365359",
        "addr:city": "Bussum",
        "addr:housenumber": "49",
        "addr:postcode": "1402ED",
        "addr:street": "H. Kamerlingh Onnesweg",
        "fixme": "Filiaal wordt niet vermeld op website van De Buurtsuper. Bestaat deze nog?",
        "name": "De Buurtsuper",
        "shop": "supermarket",
        "source": "BAG",
        "source:date": "2014-05-30"
      },
      "geometry": {
        "type": "Point",
        "coordinates": [
          5.1828875,
          52.2731856
        ]
      },
      "id": "node/2889365359"
    },
    {
      "type": "Feature",
      "properties": {
        "@id": "node/2889374975",
        "addr:city": "Bussum",
        "addr:housenumber": "19",
        "addr:postcode": "1401GE",
        "addr:street": "Huizerweg",
        "branch": "Bussum",
        "brand": "Ekoplaza",
        "brand:website": "https://www.ekoplaza.nl",
        "brand:wikidata": "Q47017915",
        "brand:wikipedia": "nl:Ekoplaza",
        "email": "bussum@ekoplaza.nl",
        "name": "Ekoplaza",
        "opening_hours": "Mo-Sa 09:00-20:00; Su 12:00-18:00",
        "organic": "only",
        "phone": "+31 35 6981515",
        "shop": "supermarket",
        "source": "BAG",
        "source:date": "2014-05-30",
        "website": "https://www.ekoplaza.nl/nl/winkels/ekoplaza-bussum"
      },
      "geometry": {
        "type": "Point",
        "coordinates": [
          5.1698385,
          52.2743875
        ]
      },
      "id": "node/2889374975"
    },
    {
      "type": "Feature",
      "properties": {
        "@id": "node/2891598323",
        "addr:city": "Ermelo",
        "addr:housenumber": "37",
        "addr:postcode": "3853AA",
        "addr:street": "Leeuwerikstraat",
        "brand": "PLUS",
        "brand:wikidata": "Q1978981",
        "brand:wikipedia": "nl:PLUS (Nederlandse supermarkt)",
        "name": "PLUS",
        "opening_hours": "Mo-Sa 08:00-20:00",
        "phone": "+31 341 556 485",
        "shop": "supermarket",
        "smoking": "no",
        "source": "BAG",
        "source:date": "2014-05-31",
        "website": "https://www.plus.nl/supermarkten/ermelo_plus-leeuwerikstraat_614",
        "wheelchair": "yes"
      },
      "geometry": {
        "type": "Point",
        "coordinates": [
          5.6048989,
          52.2950038
        ]
      },
      "id": "node/2891598323"
    },
    {
      "type": "Feature",
      "properties": {
        "@id": "node/2895411954",
        "addr:city": "Putten",
        "addr:housenumber": "4",
        "addr:postcode": "3881EC",
        "addr:street": "Postweg",
        "branch": "Putten Postweg",
        "brand": "Jumbo",
        "brand:website": "https://www.jumbo.com",
        "brand:wikidata": "Q2262314",
        "brand:wikipedia": "nl:Jumbo Supermarkten",
        "name": "Jumbo",
        "opening_hours": "Mo-Sa 08:00-21:00",
        "phone": "+31 341 230380",
        "shop": "supermarket",
        "website": "https://www.jumbo.com/winkel/putten/jumbo-putten-postweg"
      },
      "geometry": {
        "type": "Point",
        "coordinates": [
          5.6108094,
          52.2603328
        ]
      },
      "id": "node/2895411954"
    },
    {
      "type": "Feature",
      "properties": {
        "@id": "node/2897141698",
        "addr:city": "Putten",
        "addr:housenumber": "37",
        "addr:postcode": "3881BA",
        "addr:street": "Dorpsstraat",
        "brand": "POLOmarket",
        "brand:wikidata": "Q11821937",
        "brand:wikipedia": "pl:Polomarket",
        "name": "POLOmarket",
        "shop": "supermarket",
        "website": "https://www.polomarket.pl"
      },
      "geometry": {
        "type": "Point",
        "coordinates": [
          5.6050959,
          52.2603721
        ]
      },
      "id": "node/2897141698"
    },
    {
      "type": "Feature",
      "properties": {
        "@id": "node/2897142779",
        "addr:city": "Putten",
        "addr:housenumber": "2",
        "addr:postcode": "3881SH",
        "addr:street": "Voorthuizerstraat",
        "brand": "Albert Heijn",
        "brand:wikidata": "Q1653985",
        "brand:wikipedia": "nl:Albert Heijn (supermarkt)",
        "name": "Albert Heijn",
        "phone": "+31 341 353 850",
        "ref": "1181",
        "shop": "supermarket",
        "website": "https://www.ah.nl/winkel/1181"
      },
      "geometry": {
        "type": "Point",
        "coordinates": [
          5.6099717,
          52.2602031
        ]
      },
      "id": "node/2897142779"
    },
    {
      "type": "Feature",
      "properties": {
        "@id": "node/2897144332",
        "addr:city": "Putten",
        "addr:housenumber": "29",
        "addr:postcode": "3882AR",
        "addr:street": "Gervenhof",
        "brand": "Lidl",
        "brand:website": "https://www.lidl.nl/",
        "brand:wikidata": "Q151954",
        "brand:wikipedia": "nl:Lidl",
        "name": "Lidl",
        "opening_hours": "Mo 07:00-21:00; We-Sa 07:00-21:00",
        "operator": "Lidl Nederland GmbH",
        "shop": "supermarket",
        "website": "https://www.lidl.nl/s/nl-NL/filialen/putten/gervenhof-29/"
      },
      "geometry": {
        "type": "Point",
        "coordinates": [
          5.6038313,
          52.2594799
        ]
      },
      "id": "node/2897144332"
    },
    {
      "type": "Feature",
      "properties": {
        "@id": "node/2975709457",
        "addr:city": "Huizen",
        "addr:housenumber": "48",
        "addr:postcode": "1274SV",
        "addr:street": "Oostermeent-Zuid",
        "brand": "Albert Heijn",
        "brand:website": "https://www.ah.nl/",
        "brand:wikidata": "Q1653985",
        "brand:wikipedia": "nl:Albert Heijn (supermarkt)",
        "check_date:opening_hours": "2024-10-07",
        "internet_access": "wlan",
        "name": "Albert Heijn",
        "opening_hours": "Mo-Sa 07:00-22:00; Su 09:00-22:00",
        "phone": "+31 35 526 8113",
        "ref": "1344",
        "shop": "supermarket",
        "source": "BAG",
        "source:date": "2014-05-20",
        "website": "https://www.ah.nl/winkel/1344",
        "wheelchair": "yes"
      },
      "geometry": {
        "type": "Point",
        "coordinates": [
          5.2630588,
          52.2944747
        ]
      },
      "id": "node/2975709457"
    },
    {
      "type": "Feature",
      "properties": {
        "@id": "node/2986341426",
        "addr:city": "Bilthoven",
        "addr:housenumber": "30",
        "addr:postcode": "3722AR",
        "addr:street": "De Kwinkelier",
        "brand": "Albert Heijn",
        "brand:wikidata": "Q1653985",
        "brand:wikipedia": "nl:Albert Heijn (supermarkt)",
        "name": "Albert Heijn",
        "opening_hours": "Mo-We 08:00-20:00; Th-Sa 08:00-21:00",
        "phone": "+31 30 229 2665",
        "shop": "supermarket",
        "source": "BAG",
        "source:date": "2014-08-08",
        "website": "https://www.ah.nl/winkel/1248"
      },
      "geometry": {
        "type": "Point",
        "coordinates": [
          5.2097083,
          52.1279823
        ]
      },
      "id": "node/2986341426"
    },
    {
      "type": "Feature",
      "properties": {
        "@id": "node/3003055360",
        "addr:city": "Nieuwegein",
        "addr:housenumber": "7",
        "addr:postcode": "3437JV",
        "addr:street": "Winkelcentrum Galecop",
        "branch": "Nieuwegein Winkelcentrum Galecop",
        "brand": "Jumbo",
        "brand:website": "https://www.jumbo.com",
        "brand:wikidata": "Q2262314",
        "brand:wikipedia": "nl:Jumbo Supermarkten",
        "name": "Jumbo",
        "opening_hours": "Mo-Th,Sa 08:00-20:00; Fr 08:00-21:00; Su 10:00-20:00",
        "phone": "+31 30 303 9280",
        "shop": "supermarket",
        "source": "BAG",
        "source:date": "2014-08-07",
        "website": "https://www.jumbo.com/winkels/jumbo-nieuwegein-winkelcentrum-galecop"
      },
      "geometry": {
        "type": "Point",
        "coordinates": [
          5.0821477,
          52.0534223
        ]
      },
      "id": "node/3003055360"
    },
    {
      "type": "Feature",
      "properties": {
        "@id": "node/3003452368",
        "addr:city": "Nieuwegein",
        "addr:housenumber": "1",
        "addr:postcode": "3431CC",
        "addr:street": "Hildo Kropstraat",
        "brand": "Nettorama",
        "brand:website": "https://www.nettorama.nl/",
        "brand:wikidata": "Q1828639",
        "brand:wikipedia": "nl:Nettorama",
        "name": "Nettorama",
        "opening_hours": "Mo-We 08:00-20:00; Th-Fr 08:00-21:00; Sa 08:00-20:00; Su 12:00-19:00",
        "phone": "+31 30 603 2067",
        "shop": "supermarket",
        "source": "BAG",
        "source:date": "2014-08-07"
      },
      "geometry": {
        "type": "Point",
        "coordinates": [
          5.0894129,
          52.0321619
        ]
      },
      "id": "node/3003452368"
    },
    {
      "type": "Feature",
      "properties": {
        "@id": "node/3004024401",
        "addr:city": "Nieuwegein",
        "addr:housenumber": "54",
        "addr:postcode": "3431LB",
        "addr:street": "Markt",
        "brand": "Dirk",
        "brand:wikidata": "Q17502722",
        "brand:wikipedia": "nl:Dirk (supermarkt)",
        "level": "-1",
        "name": "Dirk",
        "old_name": "Dirk van den Broek",
        "opening_hours": "Mo-Fr 08:00-21:00; Sa 08:00-20:00; Su 12:00-19:00",
        "payment:cash": "yes",
        "phone": "+31 88 313 4545",
        "shop": "supermarket",
        "source": "BAG",
        "source:date": "2014-08-08",
        "wheelchair": "yes"
      },
      "geometry": {
        "type": "Point",
        "coordinates": [
          5.0815295,
          52.0278595
        ]
      },
      "id": "node/3004024401"
    },
    {
      "type": "Feature",
      "properties": {
        "@id": "node/3004025063",
        "addr:city": "Nieuwegein",
        "addr:housenumber": "65",
        "addr:postcode": "3431LN",
        "addr:street": "Passage",
        "brand": "Albert Heijn",
        "brand:wikidata": "Q1653985",
        "brand:wikipedia": "nl:Albert Heijn (supermarkt)",
        "level": "0",
        "name": "Albert Heijn",
        "opening_hours": "Mo-Sa 08:00-21:00; Su 12:00-19:00",
        "payment:cash": "yes",
        "phone": "+31 30 604 1144",
        "ref": "1327",
        "shop": "supermarket",
        "source": "BAG",
        "source:date": "2014-08-08",
        "website": "https://www.ah.nl/winkel/1327",
        "wheelchair": "yes"
      },
      "geometry": {
        "type": "Point",
        "coordinates": [
          5.0806771,
          52.0284571
        ]
      },
      "id": "node/3004025063"
    },
    {
      "type": "Feature",
      "properties": {
        "@id": "node/3004025342",
        "addr:city": "Nieuwegein",
        "addr:housenumber": "7",
        "addr:postcode": "3431HR",
        "addr:street": "Weverstedehof",
        "name": "Palmyra Supermarkt",
        "shop": "supermarket",
        "source": "BAG",
        "source:date": "2014-08-08"
      },
      "geometry": {
        "type": "Point",
        "coordinates": [
          5.0810294,
          52.0275587
        ]
      },
      "id": "node/3004025342"
    },
    {
      "type": "Feature",
      "properties": {
        "@id": "node/3004287010",
        "addr:city": "Bilthoven",
        "addr:housenumber": "2",
        "addr:postcode": "3723TX",
        "addr:street": "Donsvlinder",
        "brand": "PLUS",
        "brand:wikidata": "Q1978981",
        "brand:wikipedia": "nl:PLUS (Nederlandse supermarkt)",
        "name": "PLUS",
        "shop": "supermarket",
        "source": "BAG",
        "source:date": "2014-08-07",
        "website": "https://www.plus.nl/supermarkten/bilthoven_plus-daan-renzen_220"
      },
      "geometry": {
        "type": "Point",
        "coordinates": [
          5.1904694,
          52.1293992
        ]
      },
      "id": "node/3004287010"
    },
    {
      "type": "Feature",
      "properties": {
        "@id": "node/3004377732",
        "addr:city": "De Bilt",
        "addr:housenumber": "135",
        "addr:postcode": "3731JG",
        "addr:street": "Hessenweg",
        "brand": "Ekoplaza",
        "brand:wikidata": "Q47017915",
        "brand:wikipedia": "nl:Ekoplaza",
        "name": "Ekoplaza",
        "organic": "only",
        "shop": "supermarket",
        "source": "BAG",
        "source:date": "2014-08-08"
      },
      "geometry": {
        "type": "Point",
        "coordinates": [
          5.1810667,
          52.1101874
        ]
      },
      "id": "node/3004377732"
    },
    {
      "type": "Feature",
      "properties": {
        "@id": "node/3004671303",
        "addr:city": "Bilthoven",
        "addr:housenumber": "35",
        "addr:postcode": "3722GD",
        "addr:street": "Julianalaan",
        "branch": "Bilthoven",
        "brand": "Ekoplaza",
        "brand:website": "https://www.ekoplaza.nl",
        "brand:wikidata": "Q47017915",
        "email": "bilthoven@ekoplaza.nl",
        "name": "Ekoplaza",
        "organic": "only",
        "phone": "+31 30 2258320",
        "shop": "supermarket",
        "source": "BAG",
        "source:date": "2014-08-08",
        "website": "https://www.ekoplaza.nl/nl/winkels/ekoplaza-bilthoven"
      },
      "geometry": {
        "type": "Point",
        "coordinates": [
          5.2076535,
          52.1294059
        ]
      },
      "id": "node/3004671303"
    },
    {
      "type": "Feature",
      "properties": {
        "@id": "node/3004671352",
        "addr:city": "Bilthoven",
        "addr:housenumber": "38",
        "addr:postcode": "3722AR",
        "addr:street": "De Kwinkelier",
        "brand": "Lidl",
        "brand:website": "https://www.lidl.nl/",
        "brand:wikidata": "Q151954",
        "brand:wikipedia": "nl:Lidl",
        "name": "Lidl",
        "opening_hours": "Mo-Sa 08:00-21:00; Su 12:00-18:00",
        "operator": "Lidl Nederland GmbH",
        "shop": "supermarket",
        "source": "BAG",
        "source:date": "2019-10-20",
        "toilets:wheelchair": "yes",
        "website": "https://www.lidl.nl/s/nl-NL/filialen/harlingen/kimswerderweg-58/",
        "wheelchair": "yes"
      },
      "geometry": {
        "type": "Point",
        "coordinates": [
          5.2090037,
          52.1285175
        ]
      },
      "id": "node/3004671352"
    },
    {
      "type": "Feature",
      "properties": {
        "@id": "node/3004761677",
        "addr:city": "Bilthoven",
        "addr:country": "NL",
        "addr:housenumber": "125",
        "addr:postcode": "3721BC",
        "addr:street": "Leyenseweg",
        "brand": "ALDI",
        "brand:website": "https://www.aldi.nl",
        "brand:wikidata": "Q41171373",
        "name": "ALDI",
        "opening_hours": "Mo-Sa 08:00-20:00; Su 12:00-18:00",
        "shop": "supermarket",
        "source": "BAG",
        "source:date": "2014-08-08",
        "website": "https://www.aldi.nl/supermarkt/bilthoven/leyenseweg-125/4472007.html"
      },
      "geometry": {
        "type": "Point",
        "coordinates": [
          5.1893831,
          52.125749
        ]
      },
      "id": "node/3004761677"
    },
    {
      "type": "Feature",
      "properties": {
        "@id": "node/3004762139",
        "addr:city": "Bilthoven",
        "addr:housenumber": "127",
        "addr:postcode": "3721BC",
        "addr:street": "Leyenseweg",
        "branch": "Bilthoven",
        "brand": "Hoogvliet",
        "brand:website": "https://www.hoogvliet.com",
        "brand:wikidata": "Q2770647",
        "brand:wikipedia": "nl:Hoogvliet (supermarkt)",
        "name": "Hoogvliet",
        "opening_hours": "Mo-Sa 08:00-20:00; Su 12:00-18:00",
        "phone": "+31 88 4572100",
        "shop": "supermarket",
        "source": "BAG",
        "source:date": "2014-08-08",
        "website": "https://www.hoogvliet.com/winkelinformatie/bilthoven"
      },
      "geometry": {
        "type": "Point",
        "coordinates": [
          5.1892726,
          52.1255175
        ]
      },
      "id": "node/3004762139"
    },
    {
      "type": "Feature",
      "properties": {
        "@id": "node/3011169764",
        "addr:city": "Nieuwegein",
        "addr:housenumber": "20",
        "addr:postcode": "3437AP",
        "addr:street": "Muntplein",
        "brand": "Albert Heijn",
        "brand:wikidata": "Q1653985",
        "brand:wikipedia": "nl:Albert Heijn (supermarkt)",
        "check_date": "2026-04-27",
        "check_date:opening_hours": "2026-04-27",
        "name": "Albert Heijn",
        "opening_hours": "Mo-Sa 08:00-21:00; Su 10:00-20:00",
        "phone": "+31 30 601 4360",
        "shop": "supermarket",
        "source": "BAG",
        "source:date": "2014-08-11",
        "website": "https://www.ah.nl/winkel/1863"
      },
      "geometry": {
        "type": "Point",
        "coordinates": [
          5.0774293,
          52.0412629
        ]
      },
      "id": "node/3011169764"
    },
    {
      "type": "Feature",
      "properties": {
        "@id": "node/3014113221",
        "addr:city": "Wageningen",
        "addr:housenumber": "4",
        "addr:postcode": "6706EC",
        "addr:street": "Geertjesweg",
        "brand": "ALDI",
        "brand:website": "https://www.aldi.nl/",
        "brand:wikidata": "Q41171373",
        "brand:wikipedia": "nl:Aldi",
        "description": "Wageningen,Churchillweg 92",
        "name": "ALDI",
        "note": "ODBL clean: geen disclaimer/copyright aangetroffen op winkelgegevens Aldi (stand: juni 2012)",
        "shop": "supermarket",
        "source": "BAG",
        "source:date": "2014-08-13"
      },
      "geometry": {
        "type": "Point",
        "coordinates": [
          5.6732324,
          51.9740114
        ]
      },
      "id": "node/3014113221"
    },
    {
      "type": "Feature",
      "properties": {
        "@id": "node/3014918969",
        "addr:city": "Renkum",
        "addr:housenumber": "118",
        "addr:postcode": "6871AR",
        "addr:street": "Dorpsstraat",
        "brand": "Albert Heijn",
        "brand:wikidata": "Q1653985",
        "brand:wikipedia": "nl:Albert Heijn (supermarkt)",
        "contact:phone": "+31 317 318 034",
        "internet_access": "wlan",
        "name": "Albert Heijn",
        "opening_hours": "Mo-Sa 08:00-22:00; Su 10:00-20:00",
        "shop": "supermarket",
        "source": "BAG",
        "source:date": "2014-08-13",
        "website": "https://www.ah.nl/winkel/1291"
      },
      "geometry": {
        "type": "Point",
        "coordinates": [
          5.7279971,
          51.9715814
        ]
      },
      "id": "node/3014918969"
    },
    {
      "type": "Feature",
      "properties": {
        "@id": "node/3015001692",
        "addr:city": "Heelsum",
        "addr:housenumber": "45",
        "addr:postcode": "6866CJ",
        "addr:street": "Utrechtseweg",
        "branch": "Heelsum",
        "brand": "SPAR",
        "brand:website": "https://www.spar.nl",
        "brand:wikidata": "Q610492",
        "name": "SPAR",
        "opening_hours": "Mo-Sa 08:00-20:00; Su 09:00-18:00",
        "phone": "+31 317 312995",
        "shop": "supermarket",
        "source": "BAG",
        "source:date": "2014-08-13",
        "website": "https://www.spar.nl/winkels/spar-heelsum-225/",
        "wheelchair": "yes"
      },
      "geometry": {
        "type": "Point",
        "coordinates": [
          5.7554514,
          51.9808214
        ]
      },
      "id": "node/3015001692"
    },
    {
      "type": "Feature",
      "properties": {
        "@id": "node/3015173572",
        "addr:city": "Doorwerth",
        "addr:housenumber": "66",
        "addr:postcode": "6865GC",
        "addr:street": "Mozartlaan",
        "brand": "Jumbo",
        "brand:wikidata": "Q2262314",
        "brand:wikipedia": "en:Jumbo (supermarket)",
        "name": "Jumbo",
        "phone": "+31 26 400 2160",
        "shop": "supermarket",
        "source": "BAG",
        "source:date": "2014-08-13",
        "website": "https://www.jumbo.com/"
      },
      "geometry": {
        "type": "Point",
        "coordinates": [
          5.7948174,
          51.9793224
        ]
      },
      "id": "node/3015173572"
    },
    {
      "type": "Feature",
      "properties": {
        "@id": "node/3016629650",
        "addr:city": "Driel",
        "addr:housenumber": "24a",
        "addr:postcode": "6665CN",
        "addr:street": "Polenplein",
        "brand": "Albert Heijn",
        "brand:wikidata": "Q1653985",
        "brand:wikipedia": "nl:Albert Heijn (supermarkt)",
        "name": "Albert Heijn",
        "phone": "+31 26 474 2394",
        "shop": "supermarket",
        "source": "BAG",
        "source:date": "2014-08-14",
        "website": "https://www.ah.nl/winkel/8521"
      },
      "geometry": {
        "type": "Point",
        "coordinates": [
          5.8135864,
          51.9610607
        ]
      },
      "id": "node/3016629650"
    },
    {
      "type": "Feature",
      "properties": {
        "@id": "node/3035637932",
        "addr:city": "Utrecht",
        "addr:housenumber": "101",
        "addr:postcode": "3523ED",
        "addr:street": "Smaragdplein",
        "brand": "Lidl",
        "brand:website": "https://www.lidl.nl/",
        "brand:wikidata": "Q151954",
        "brand:wikipedia": "nl:Lidl",
        "name": "Lidl",
        "opening_hours": "Mo-Sa 07:00-22:00; Su 10:00-21:00",
        "operator": "Lidl Nederland GmbH",
        "payment:cash": "yes",
        "shop": "supermarket",
        "source": "BAG",
        "source:date": "2014-08-22",
        "website": "https://www.lidl.nl/s/nl-NL/filialen/utrecht/smaragdplein-101/",
        "wheelchair": "yes"
      },
      "geometry": {
        "type": "Point",
        "coordinates": [
          5.1236398,
          52.0727696
        ]
      },
      "id": "node/3035637932"
    },
    {
      "type": "Feature",
      "properties": {
        "@id": "node/3035639386",
        "addr:city": "Utrecht",
        "addr:housenumber": "115",
        "addr:postcode": "3523ED",
        "addr:street": "Smaragdplein",
        "contact:mobile": "+31 6 24967805",
        "name": "HIRA Supermarkt",
        "opening_hours": "Mo-Th 09:00-20:00; Fr 08:00-20:00; Sa 08:00-19:00; Su 11:00-18:00",
        "shop": "supermarket",
        "source": "BAG",
        "source:date": "2014-08-22",
        "website": "https://hira.business.site/"
      },
      "geometry": {
        "type": "Point",
        "coordinates": [
          5.1239858,
          52.0724328
        ]
      },
      "id": "node/3035639386"
    },
    {
      "type": "Feature",
      "properties": {
        "@id": "node/3035644373",
        "brand": "PLUS",
        "brand:wikidata": "Q1978981",
        "brand:wikipedia": "nl:PLUS (Nederlandse supermarkt)",
        "check_date:opening_hours": "2025-06-22",
        "dry_cleaning": "yes",
        "name": "PLUS",
        "opening_hours": "Mo-Sa 07:00-22:00; Su 10:00-22:00",
        "payment:cash": "yes",
        "shop": "supermarket",
        "wheelchair": "yes"
      },
      "geometry": {
        "type": "Point",
        "coordinates": [
          5.1252073,
          52.0723228
        ]
      },
      "id": "node/3035644373"
    },
    {
      "type": "Feature",
      "properties": {
        "@id": "node/3040963163",
        "addr:city": "Utrecht",
        "addr:housenumber": "5",
        "addr:postcode": "3555GS",
        "addr:street": "Prof. H. Bavinckstraat",
        "check_date": "2025-10-25",
        "check_date:opening_hours": "2025-10-25",
        "email": "info@supermarktlowiczanka.nl",
        "name": "Łowiczanka",
        "opening_hours": "Mo-Th 11:00-19:00; Fr 11:00-20:00; Sa 10:00-19:00; Su 12:00-17:00",
        "origin": "polish",
        "phone": "+31 6 39305522",
        "shop": "supermarket",
        "source": "BAG",
        "source:date": "2014-08-25",
        "website": "https://supermarktlowiczanka.nl/"
      },
      "geometry": {
        "type": "Point",
        "coordinates": [
          5.0739639,
          52.119773
        ]
      },
      "id": "node/3040963163"
    },
    {
      "type": "Feature",
      "properties": {
        "@id": "node/3041578479",
        "addr:city": "Utrecht",
        "addr:housenumber": "2",
        "addr:postcode": "3554EP",
        "addr:street": "Doornburglaan",
        "branch": "Doornburglaan",
        "brand": "Albert Heijn",
        "brand:website": "https://www.ah.nl/",
        "brand:wikidata": "Q1653985",
        "brand:wikipedia": "nl:Albert Heijn (supermarkt)",
        "check_date:opening_hours": "2025-09-06",
        "internet_access": "wlan",
        "internet_access:fee": "no",
        "name": "Albert Heijn",
        "opening_hours": "Mo-Sa 08:00-22:00; Su 10:00-22:00",
        "phone": "+31 30 244 1711",
        "ref": "1408",
        "shop": "supermarket",
        "source": "BAG",
        "source:date": "2014-08-25",
        "website": "https://www.ah.nl/winkel/1408",
        "wheelchair": "yes"
      },
      "geometry": {
        "type": "Point",
        "coordinates": [
          5.0890266,
          52.1135141
        ]
      },
      "id": "node/3041578479"
    },
    {
      "type": "Feature",
      "properties": {
        "@id": "node/3043782835",
        "addr:city": "Utrecht",
        "addr:housenumber": "13",
        "addr:postcode": "3562EA",
        "addr:street": "Theemsdreef",
        "check_date": "2026-01-23",
        "email": "boranfoodcenter@hotmail.com",
        "facebook": "boranfoodcenterovervecht",
        "name": "Boran Food Center",
        "official_name": "Boran Food Center B.V.",
        "opening_hours": "Mo-Sa 08:00-19:00; Su 09:00-19:00",
        "phone": "+31 6 1883 0982",
        "shop": "supermarket",
        "source": "BAG",
        "source:date": "2014-08-25"
      },
      "geometry": {
        "type": "Point",
        "coordinates": [
          5.1175103,
          52.1189568
        ]
      },
      "id": "node/3043782835"
    },
    {
      "type": "Feature",
      "properties": {
        "@id": "node/3043849160",
        "addr:city": "Utrecht",
        "addr:country": "NL",
        "addr:housenumber": "10",
        "addr:postcode": "3561CV",
        "addr:street": "Euterpedreef",
        "branch": "Utrecht Overkapel",
        "brand": "Jumbo",
        "brand:website": "https://www.jumbo.com",
        "brand:wikidata": "Q2262314",
        "brand:wikipedia": "nl:Jumbo Supermarkten",
        "check_date:opening_hours": "2025-09-12",
        "name": "Jumbo",
        "opening_hours": "Mo-Sa 08:00-21:00; Su 10:00-21:00",
        "phone": "+31 30 261 5789",
        "ref": "3209",
        "shop": "supermarket",
        "source": "BAG",
        "source:date": "2014-08-25",
        "website": "https://www.jumbo.com/winkel/utrecht/jumbo-utrecht-overkapel",
        "wheelchair": "yes"
      },
      "geometry": {
        "type": "Point",
        "coordinates": [
          5.1277275,
          52.1154775
        ]
      },
      "id": "node/3043849160"
    },
    {
      "type": "Feature",
      "properties": {
        "@id": "node/3043877102",
        "addr:city": "Utrecht",
        "addr:housenumber": "1",
        "addr:postcode": "3562KA",
        "addr:street": "Roelantdreef",
        "brand": "Lidl",
        "brand:website": "https://www.lidl.nl/",
        "brand:wikidata": "Q151954",
        "brand:wikipedia": "nl:Lidl",
        "check_date": "2025-09-07",
        "check_date:opening_hours": "2025-09-07",
        "name": "Lidl",
        "old_name": "Action",
        "old_name1": "Postkantoor",
        "opening_hours": "Mo-Sa 08:00-21:00, Su 10:00-21:00",
        "operator": "Lidl Nederland GmbH",
        "shop": "supermarket",
        "source": "BAG",
        "source:date": "2014-08-25",
        "website": "https://www.lidl.nl/s/nl-NL/filialen/utrecht/roelantdreef-1/"
      },
      "geometry": {
        "type": "Point",
        "coordinates": [
          5.1100447,
          52.1141382
        ]
      },
      "id": "node/3043877102"
    },
    {
      "type": "Feature",
      "properties": {
        "@id": "node/3043882793",
        "addr:city": "Utrecht",
        "addr:housenumber": "265",
        "addr:postcode": "3562KK",
        "addr:street": "Roelantdreef",
        "brand": "Dirk",
        "brand:wikidata": "Q17502722",
        "check_date": "2025-09-07",
        "check_date:opening_hours": "2025-09-07",
        "name": "Dirk",
        "old_name": "Dirk van den Broek",
        "opening_hours": "Mo-Sa 08:00-21:00, Su 10:00-20:00",
        "phone": "+31 88 313 4885",
        "shop": "supermarket",
        "source": "BAG",
        "source:date": "2014-08-25",
        "website": "https://www.dirk.nl/winkels/utrecht/roelantdreef/317"
      },
      "geometry": {
        "type": "Point",
        "coordinates": [
          5.1100403,
          52.1139578
        ]
      },
      "id": "node/3043882793"
    },
    {
      "type": "Feature",
      "properties": {
        "@id": "node/3043885514",
        "addr:city": "Utrecht",
        "addr:housenumber": "89",
        "addr:postcode": "3562JV",
        "addr:street": "Zamenhofdreef",
        "check_date": "2025-12-06",
        "check_date:opening_hours": "2025-12-06",
        "name": "Marketim",
        "opening_hours": "Mo-Su 08:00-20:00",
        "shop": "supermarket",
        "source": "BAG",
        "source:date": "2014-08-25"
      },
      "geometry": {
        "type": "Point",
        "coordinates": [
          5.112565,
          52.1139131
        ]
      },
      "id": "node/3043885514"
    },
    {
      "type": "Feature",
      "properties": {
        "@id": "node/3076365340",
        "addr:city": "Almere",
        "addr:housenumber": "3",
        "addr:postcode": "1355BA",
        "addr:street": "Markenlaan",
        "brand": "Albert Heijn",
        "brand:website": "https://www.ah.nl/",
        "brand:wikidata": "Q1653985",
        "brand:wikipedia": "nl:Albert Heijn (supermarkt)",
        "name": "Albert Heijn",
        "opening_hours": "Mo,Tu,We,Th,Fr,Sa 07:00-22:00; Su 08:00-22:00",
        "operator": "Bun",
        "phone": "+31 36 531 2208",
        "ref": "8566",
        "shop": "supermarket",
        "website": "https://www.ah.nl/winkel/8566"
      },
      "geometry": {
        "type": "Point",
        "coordinates": [
          5.2261934,
          52.3417762
        ]
      },
      "id": "node/3076365340"
    },
    {
      "type": "Feature",
      "properties": {
        "@id": "node/3079030462",
        "addr:city": "Nieuwegein",
        "addr:housenumber": "10",
        "addr:street": "Nedereind winkelcentrum",
        "branch": "van Loon",
        "brand": "PLUS",
        "brand:wikidata": "Q1978981",
        "brand:wikipedia": "nl:PLUS (Nederlandse supermarkt)",
        "check_date": "2026-05-09",
        "check_date:opening_hours": "2026-05-09",
        "name": "PLUS",
        "opening_hours": "Mo-Sa 07:00-20:00; Su 10:00-19:00",
        "shop": "supermarket",
        "website": "https://plus.nl/"
      },
      "geometry": {
        "type": "Point",
        "coordinates": [
          5.0887714,
          52.0379809
        ]
      },
      "id": "node/3079030462"
    },
    {
      "type": "Feature",
      "properties": {
        "@id": "node/3086477318",
        "check_date": "2024-07-09",
        "name": "Moskva",
        "note": "Russische supermarkt",
        "shop": "supermarket"
      },
      "geometry": {
        "type": "Point",
        "coordinates": [
          5.1795992,
          52.2272397
        ]
      },
      "id": "node/3086477318"
    },
    {
      "type": "Feature",
      "properties": {
        "@id": "node/3096871893",
        "addr:city": "Nijkerk",
        "addr:housenumber": "5",
        "addr:postcode": "3861NC",
        "addr:street": "Ampèrestraat",
        "brand": "Lidl",
        "brand:website": "https://www.lidl.nl/",
        "brand:wikidata": "Q151954",
        "brand:wikipedia": "nl:Lidl",
        "name": "Lidl",
        "opening_hours": "Mo-Sa 07:30-21:00; Su 10:00-18:00",
        "operator": "Lidl Nederland GmbH",
        "shop": "supermarket",
        "source": "BAG",
        "source:date": "2016-01-13",
        "website": "https://www.lidl.nl/s/nl-NL/filialen/nijkerk/amperestraat-5/"
      },
      "geometry": {
        "type": "Point",
        "coordinates": [
          5.4784934,
          52.2275534
        ]
      },
      "id": "node/3096871893"
    },
    {
      "type": "Feature",
      "properties": {
        "@id": "node/3152622901",
        "addr:city": "Amersfoort",
        "addr:housenumber": "1",
        "addr:postcode": "3825LS",
        "addr:street": "Ursulapolder",
        "brand": "Jumbo",
        "brand:wikidata": "Q2262314",
        "brand:wikipedia": "en:Jumbo (supermarket)",
        "name": "Jumbo",
        "shop": "supermarket",
        "source": "BAG",
        "source:date": "2014-10-27",
        "wheelchair": "yes"
      },
      "geometry": {
        "type": "Point",
        "coordinates": [
          5.4305541,
          52.1939349
        ]
      },
      "id": "node/3152622901"
    },
    {
      "type": "Feature",
      "properties": {
        "@id": "node/3164343039",
        "addr:city": "Utrecht",
        "addr:housenumber": "4",
        "addr:postcode": "3531WN",
        "addr:street": "Haroekoeplein",
        "brand": "Nettorama",
        "brand:wikidata": "Q1828639",
        "brand:wikipedia": "nl:Nettorama",
        "check_date:opening_hours": "2026-01-13",
        "name": "Nettorama",
        "opening_hours": "Mo-Sa 08:00-21:00, Su 10:00-20:00",
        "phone": "+31 30 293 1350",
        "shop": "supermarket",
        "source": "BAG",
        "source:date": "2015-06-10",
        "website": "https://www.nettorama.nl"
      },
      "geometry": {
        "type": "Point",
        "coordinates": [
          5.0920043,
          52.091404
        ]
      },
      "id": "node/3164343039"
    },
    {
      "type": "Feature",
      "properties": {
        "@id": "node/3164343040",
        "addr:city": "Utrecht",
        "addr:housenumber": "12",
        "addr:postcode": "3531WN",
        "addr:street": "Haroekoeplein",
        "brand": "ALDI",
        "brand:website": "https://www.aldi.nl/",
        "brand:wikidata": "Q41171373",
        "brand:wikipedia": "nl:Aldi",
        "check_date:opening_hours": "2026-01-13",
        "name": "ALDI",
        "opening_hours": "Mo-Sa 08:00-20:00, Su 10:00-18:00",
        "shop": "supermarket",
        "source": "BAG",
        "source:date": "2015-06-10"
      },
      "geometry": {
        "type": "Point",
        "coordinates": [
          5.0916721,
          52.09141
        ]
      },
      "id": "node/3164343040"
    },
    {
      "type": "Feature",
      "properties": {
        "@id": "node/3177990219",
        "addr:city": "Utrecht",
        "addr:housenumber": "51a",
        "addr:postcode": "3581AD",
        "addr:street": "Nachtegaalstraat",
        "brand": "Biowinkel",
        "email": "info@biowinkel.nl",
        "fair_trade": "yes",
        "handwashing:soap": "yes",
        "name": "Biowinkel",
        "not:brand:wikidata": "Q47017915",
        "opening_hours": "Mo-Sa 08:00-20:00; Su 10:00-19:00",
        "organic": "only",
        "payment:cash": "yes",
        "payment:maestro": "yes",
        "phone": "+31 30 231 7885",
        "shop": "supermarket",
        "start_date": "2024-11-08",
        "toilets": "yes",
        "toilets:access": "key",
        "toilets:disposal": "flush",
        "toilets:fee": "no",
        "toilets:gender_segregated": "yes",
        "toilets:handwashing": "yes",
        "toilets:paper_supplied": "yes",
        "toilets:position": "seated",
        "website": "https://www.biowinkel.nl/",
        "wheelchair": "yes"
      },
      "geometry": {
        "type": "Point",
        "coordinates": [
          5.1311438,
          52.0916854
        ]
      },
      "id": "node/3177990219"
    },
    {
      "type": "Feature",
      "properties": {
        "@id": "node/3189661629",
        "addr:city": "Barneveld",
        "addr:housenumber": "155",
        "addr:postcode": "3772GE",
        "addr:street": "Oldenbarnevelderweg",
        "brand": "Lidl",
        "brand:website": "https://www.lidl.nl/",
        "brand:wikidata": "Q151954",
        "brand:wikipedia": "nl:Lidl",
        "name": "Lidl",
        "opening_hours": "Mo,Tu 07:30-21:00; We 09:00-21:00; Th-Sa 07:30-21:00",
        "operator": "Lidl Nederland GmbH",
        "shop": "supermarket",
        "source": "BAG",
        "source:date": "2016-11-16",
        "website": "https://www.lidl.nl/s/nl-NL/filialen/barneveld/oldenbarnevelderweg-155/"
      },
      "geometry": {
        "type": "Point",
        "coordinates": [
          5.5692945,
          52.137549
        ]
      },
      "id": "node/3189661629"
    },
    {
      "type": "Feature",
      "properties": {
        "@id": "node/3292791003",
        "addr:city": "Utrecht",
        "addr:housenumber": "6",
        "addr:postcode": "3543EP",
        "addr:street": "Ella Fitzgeraldplein",
        "brand": "Albert Heijn",
        "brand:website": "https://www.ah.nl/",
        "brand:wikidata": "Q1653985",
        "brand:wikipedia": "nl:Albert Heijn (supermarkt)",
        "name": "Albert Heijn",
        "opening_hours": "Mo-Sa 08:00-22:00; Su 10:00-19:00",
        "phone": "+31 30 677 3977",
        "ref": "1434",
        "shop": "supermarket",
        "website": "https://www.ah.nl/winkel/1434",
        "wheelchair": "yes"
      },
      "geometry": {
        "type": "Point",
        "coordinates": [
          5.0442505,
          52.1014121
        ]
      },
      "id": "node/3292791003"
    },
    {
      "type": "Feature",
      "properties": {
        "@id": "node/3428271961",
        "addr:city": "Amersfoort",
        "addr:housenumber": "30-32",
        "addr:postcode": "3813AW",
        "addr:street": "Meridiaan",
        "name": "Meram Supermarkt",
        "shop": "supermarket"
      },
      "geometry": {
        "type": "Point",
        "coordinates": [
          5.3857575,
          52.1647127
        ]
      },
      "id": "node/3428271961"
    },
    {
      "type": "Feature",
      "properties": {
        "@id": "node/3494666290",
        "addr:city": "Elspeet",
        "addr:housenumber": "71",
        "addr:postcode": "8075CH",
        "addr:street": "Uddelerweg",
        "branch": "Van der Horst",
        "brand": "PLUS",
        "brand:wikidata": "Q1978981",
        "brand:wikipedia": "nl:PLUS (Nederlandse supermarkt)",
        "name": "PLUS",
        "opening_hours": "Mo-Th 07:00-20:00; Fr 07:00-21:00; Sa 07:00-20:00",
        "operator": "Van der Horst",
        "phone": "+31 577 491 294",
        "post_office": "post_partner",
        "post_office:brand": "PostNL",
        "shop": "supermarket",
        "source": "BAG",
        "source:date": "2016-04-17",
        "website": "https://www.plus.nl/",
        "wheelchair": "yes"
      },
      "geometry": {
        "type": "Point",
        "coordinates": [
          5.7890155,
          52.2867277
        ]
      },
      "id": "node/3494666290"
    },
    {
      "type": "Feature",
      "properties": {
        "@id": "node/3550505550",
        "addr:city": "Utrecht",
        "addr:housenumber": "231",
        "addr:postcode": "3543EN",
        "addr:street": "Ella Fitzgeraldplein",
        "brand": "Vomar",
        "brand:website": "https://www.vomar.nl",
        "brand:wikidata": "Q3202837",
        "brand:wikipedia": "nl:Vomar",
        "name": "Vomar",
        "opening_hours": "Mo-Sa 07:30-22:00; Su 10:00-22:00",
        "phone": "+31 30 6700474",
        "shop": "supermarket",
        "source": "BAG",
        "source:date": "2015-06-10",
        "website": "https://www.vomar.nl/winkels/vomar-ella-fitzgeraldplein-213-utrecht.htm"
      },
      "geometry": {
        "type": "Point",
        "coordinates": [
          5.0472648,
          52.1013693
        ]
      },
      "id": "node/3550505550"
    },
    {
      "type": "Feature",
      "properties": {
        "@id": "node/3550509402",
        "addr:city": "Utrecht",
        "addr:housenumber": "191",
        "addr:postcode": "3543EN",
        "addr:street": "Ella Fitzgeraldplein",
        "brand": "ALDI",
        "brand:website": "https://www.aldi.nl",
        "brand:wikidata": "Q41171373",
        "name": "ALDI",
        "opening_hours": "Mo-Sa 08:00-20:00; Su 10:00-18:00",
        "shop": "supermarket",
        "website": "https://www.aldi.nl/supermarkt/utrecht/ella-fitzgeraldplein-191/3187724.html"
      },
      "geometry": {
        "type": "Point",
        "coordinates": [
          5.0462594,
          52.1013454
        ]
      },
      "id": "node/3550509402"
    },
    {
      "type": "Feature",
      "properties": {
        "@id": "node/3673233056",
        "addr:city": "Ede",
        "addr:housenumber": "28",
        "addr:postcode": "6718DJ",
        "addr:street": "Parkweide",
        "brand": "ALDI",
        "brand:website": "https://www.aldi.nl/",
        "brand:wikidata": "Q41171373",
        "brand:wikipedia": "nl:Aldi",
        "name": "ALDI",
        "opening_hours": "Mo-Sa 08:00-20:00; Th,Fr 08:00-21:00; Su 12:00-17:00",
        "payment:american_express": "yes",
        "payment:cash": "yes",
        "payment:contactless": "yes",
        "payment:maestro": "yes",
        "payment:mastercard": "yes",
        "payment:visa": "yes",
        "shop": "supermarket",
        "source": "BAG",
        "source:date": "2015-10-10",
        "wheelchair": "yes"
      },
      "geometry": {
        "type": "Point",
        "coordinates": [
          5.6430779,
          52.0507105
        ]
      },
      "id": "node/3673233056"
    },
    {
      "type": "Feature",
      "properties": {
        "@id": "node/3673233057",
        "addr:city": "Ede",
        "addr:housenumber": "14",
        "addr:postcode": "6718DJ",
        "addr:street": "Parkweide",
        "air_conditioning": "yes",
        "brand": "Albert Heijn",
        "brand:website": "https://www.ah.nl/",
        "brand:wikidata": "Q1653985",
        "brand:wikipedia": "nl:Albert Heijn (supermarkt)",
        "name": "Albert Heijn",
        "opening_hours": "Mo-Sa 07:00-22:00; Su 12:00-17:00",
        "organic": "yes",
        "phone": "+31 318 610 583",
        "shop": "supermarket",
        "source": "BAG",
        "source:date": "2015-10-10",
        "website": "https://www.ah.nl/winkel/4103",
        "wheelchair": "yes"
      },
      "geometry": {
        "type": "Point",
        "coordinates": [
          5.6440715,
          52.0507973
        ]
      },
      "id": "node/3673233057"
    },
    {
      "type": "Feature",
      "properties": {
        "@id": "node/3715266181",
        "brand": "PLUS",
        "brand:wikidata": "Q1978981",
        "brand:wikipedia": "nl:PLUS (Nederlandse supermarkt)",
        "name": "PLUS",
        "shop": "supermarket",
        "wheelchair": "yes"
      },
      "geometry": {
        "type": "Point",
        "coordinates": [
          5.7339945,
          51.9725954
        ]
      },
      "id": "node/3715266181"
    },
    {
      "type": "Feature",
      "properties": {
        "@id": "node/3769971273",
        "addr:city": "Renswoude",
        "addr:housenumber": "14",
        "addr:postcode": "3927WC",
        "addr:street": "Dorpsplein",
        "brand": "PLUS",
        "brand:wikidata": "Q1978981",
        "name": "PLUS",
        "opening_hours": "Mo-Th,Sa 08:00-20:00; Fr 08:00-21:00; PH off",
        "operator": "Plus van Rinsum",
        "phone": "+31 318 571 309",
        "shop": "supermarket",
        "source": "BAG",
        "source:date": "2015-10-03",
        "website": "https://www.plus.nl/supermarkten/renswoude_plus-renswoude_1023"
      },
      "geometry": {
        "type": "Point",
        "coordinates": [
          5.5374933,
          52.0740218
        ]
      },
      "id": "node/3769971273"
    },
    {
      "type": "Feature",
      "properties": {
        "@id": "node/3832654634",
        "addr:city": "Nijkerk",
        "addr:housenumber": "15",
        "addr:postcode": "3862JL",
        "addr:street": "Molenplein",
        "brand": "Jumbo",
        "brand:website": "https://www.jumbo.com/",
        "brand:wikidata": "Q2262314",
        "brand:wikipedia": "nl:Jumbo Supermarkten",
        "name": "Jumbo",
        "opening_hours": "Mo-Sa 08:00-21:00; Su 10:00-19:00",
        "shop": "supermarket",
        "source": "BAG",
        "source:date": "2016-01-13"
      },
      "geometry": {
        "type": "Point",
        "coordinates": [
          5.4896561,
          52.2239342
        ]
      },
      "id": "node/3832654634"
    },
    {
      "type": "Feature",
      "properties": {
        "@id": "node/3999401579",
        "addr:city": "Ermelo",
        "addr:housenumber": "9",
        "addr:postcode": "3851XV",
        "addr:street": "Branderskamp",
        "brand": "Albert Heijn",
        "brand:website": "https://www.ah.nl/",
        "brand:wikidata": "Q1653985",
        "brand:wikipedia": "nl:Albert Heijn (supermarkt)",
        "name": "Albert Heijn",
        "opening_hours": "Mo-Sa 07:00-22:00",
        "shop": "supermarket",
        "source": "BAG",
        "source:date": "2016-02-10",
        "website": "https://www.ah.nl/winkel/1114"
      },
      "geometry": {
        "type": "Point",
        "coordinates": [
          5.6316766,
          52.3017027
        ]
      },
      "id": "node/3999401579"
    },
    {
      "type": "Feature",
      "properties": {
        "@id": "node/4144987986",
        "addr:city": "Maarn",
        "addr:housenumber": "14",
        "addr:postcode": "3951CH",
        "addr:street": "Raadhuislaan",
        "branch": "van Schaick",
        "brand": "PLUS",
        "brand:wikidata": "Q1978981",
        "brand:wikipedia": "nl:PLUS (Nederlandse supermarkt)",
        "name": "PLUS",
        "shop": "supermarket",
        "source": "BAG",
        "source:date": "2016-04-24",
        "website": "https://www.plus.nl/"
      },
      "geometry": {
        "type": "Point",
        "coordinates": [
          5.3725359,
          52.0648223
        ]
      },
      "id": "node/4144987986"
    },
    {
      "type": "Feature",
      "properties": {
        "@id": "node/4386679795",
        "addr:city": "Almere",
        "addr:housenumber": "32",
        "addr:postcode": "1363LS",
        "addr:street": "Olivier van Noortstraat",
        "brand": "Albert Heijn",
        "brand:website": "https://www.ah.nl/",
        "brand:wikidata": "Q1653985",
        "brand:wikipedia": "nl:Albert Heijn (supermarkt)",
        "name": "Albert Heijn",
        "opening_hours": "Mo,Tu,We,Th,Fr,Sa 07:00-22:00; Su 08:00-22:00",
        "phone": "+31 36 741 0377",
        "ref": "4106",
        "shop": "supermarket",
        "source": "BAG",
        "source:date": "2016-09-06",
        "website": "https://www.ah.nl/winkel/4106"
      },
      "geometry": {
        "type": "Point",
        "coordinates": [
          5.1393466,
          52.3523178
        ]
      },
      "id": "node/4386679795"
    },
    {
      "type": "Feature",
      "properties": {
        "@id": "node/4433238931",
        "addr:city": "Wijk bij Duurstede",
        "addr:housenumber": "3",
        "addr:postcode": "3962EH",
        "addr:street": "Langbroekseweg",
        "branch": "Wijk bij Duurstede Langbroekseweg",
        "brand": "Jumbo",
        "brand:wikidata": "Q2262314",
        "currency:EUR": "yes",
        "name": "Jumbo",
        "opening_hours": "Mo-Sa 08:00-21:00; Su 12:30-18:00",
        "operator": "Jumbo",
        "payment:cards": "yes",
        "payment:cash": "yes",
        "phone": "+31 343 576 410",
        "shop": "supermarket",
        "website": "https://www.jumbo.com/winkel/wijk-bij-duurstede/jumbo-wijk-bij-duurstede-langbroekseweg",
        "wheelchair": "yes"
      },
      "geometry": {
        "type": "Point",
        "coordinates": [
          5.3411082,
          51.983482
        ]
      },
      "id": "node/4433238931"
    },
    {
      "type": "Feature",
      "properties": {
        "@id": "node/4436291263",
        "addr:city": "Utrecht",
        "addr:housenumber": "15",
        "addr:postcode": "3563EX",
        "addr:street": "Lamadreef",
        "brand": "Lidl",
        "brand:website": "https://www.lidl.nl",
        "brand:wikidata": "Q151954",
        "brand:wikipedia": "nl:Lidl",
        "check_date": "2025-12-14",
        "check_date:opening_hours": "2025-12-14",
        "name": "Lidl",
        "opening_hours": "Mo-Sa 08:00-21:00; Su 10:00-19:00",
        "operator": "Lidl Nederland GmbH",
        "shop": "supermarket",
        "source": "BAG",
        "source:date": "2016-10-07",
        "toilets:wheelchair": "no",
        "website": "https://www.lidl.nl/s/nl-NL/filialen/utrecht/lamadreef-15/",
        "wheelchair": "yes"
      },
      "geometry": {
        "type": "Point",
        "coordinates": [
          5.1006295,
          52.1189048
        ]
      },
      "id": "node/4436291263"
    },
    {
      "type": "Feature",
      "properties": {
        "@id": "node/4436291264",
        "addr:city": "Utrecht",
        "addr:housenumber": "8",
        "addr:postcode": "3563GC",
        "addr:street": "Andesdreef",
        "check_date": "2026-01-24",
        "contact:facebook": "Kardelenplazautrecht",
        "contact:instagram": "kardelenplaza",
        "name": "Kardelen Plaza",
        "opening_hours": "Mo-Sa 08:00-19:00; Su 12:00-19:00",
        "phone": "+31 6 4229 7523",
        "shop": "supermarket",
        "source": "BAG",
        "source:date": "2016-10-07"
      },
      "geometry": {
        "type": "Point",
        "coordinates": [
          5.099584,
          52.1194415
        ]
      },
      "id": "node/4436291264"
    },
    {
      "type": "Feature",
      "properties": {
        "@id": "node/4458882395",
        "addr:city": "Amersfoort",
        "addr:housenumber": "152",
        "addr:postcode": "3817KD",
        "addr:street": "Leusderweg",
        "branch": "Amersfoort Leusderweg",
        "brand": "Jumbo",
        "brand:website": "https://www.jumbo.com",
        "brand:wikidata": "Q2262314",
        "name": "Jumbo",
        "opening_hours": "Mo-Sa 08:00-21:00; Su 09:00-21:00",
        "payment:cash": "yes",
        "phone": "+31 33 422 4160",
        "shop": "supermarket",
        "website": "https://www.jumbo.com/winkel/jumbo-amersfoort-leusderweg"
      },
      "geometry": {
        "type": "Point",
        "coordinates": [
          5.3813053,
          52.1438505
        ]
      },
      "id": "node/4458882395"
    },
    {
      "type": "Feature",
      "properties": {
        "@id": "node/4494637789",
        "addr:city": "Bennekom",
        "addr:housenumber": "36",
        "addr:postcode": "6721JL",
        "addr:street": "Dorpsstraat",
        "brand": "Albert Heijn",
        "brand:website": "https://www.ah.nl/",
        "brand:wikidata": "Q1653985",
        "brand:wikipedia": "nl:Albert Heijn (supermarkt)",
        "check_date": "2023-11-02",
        "name": "Albert Heijn",
        "opening_hours": "Mo-Sa 07:00-21:00",
        "phone": "+31 318 413 820",
        "shop": "supermarket",
        "website": "https://www.ah.nl/winkel/8615",
        "wheelchair": "yes"
      },
      "geometry": {
        "type": "Point",
        "coordinates": [
          5.675278,
          51.9983644
        ]
      },
      "id": "node/4494637789"
    },
    {
      "type": "Feature",
      "properties": {
        "@id": "node/4552423004",
        "addr:city": "Almere",
        "addr:housenumber": "3",
        "addr:postcode": "1359HM",
        "addr:street": "Meerveldplein",
        "brand": "Albert Heijn",
        "brand:website": "https://www.ah.nl/",
        "brand:wikidata": "Q1653985",
        "brand:wikipedia": "nl:Albert Heijn (supermarkt)",
        "name": "Albert Heijn",
        "opening_hours": "Mo-Sa 07:00-22:00; Su 08:00-22:00",
        "operator": "Weernekers",
        "phone": "+31 36 531 4283",
        "ref": "8736",
        "shop": "supermarket",
        "source": "BAG",
        "source:date": "2016-12-13",
        "website": "https://www.ah.nl/winkel/8736"
      },
      "geometry": {
        "type": "Point",
        "coordinates": [
          5.2025589,
          52.3428205
        ]
      },
      "id": "node/4552423004"
    },
    {
      "type": "Feature",
      "properties": {
        "@id": "node/4614913093",
        "addr:city": "Utrecht",
        "addr:housenumber": "297",
        "addr:postcode": "3551CG",
        "addr:street": "Amsterdamsestraatweg",
        "brand": "Amazing Oriental",
        "brand:website": "https://amazingoriental.com",
        "brand:wikidata": "Q56683003",
        "cuisine": "chinese",
        "name": "Amazing Oriental",
        "name:zh-Hans": "东方行",
        "opening_hours": "Mo-We,Fr 10:00-19:00; Th 10:00-20:00; Sa 09:00-19:00; Su 11:00-18:00",
        "payment:cash": "yes",
        "phone": "+31 30 223 8171",
        "shop": "supermarket",
        "source": "BAG",
        "source:date": "2017-01-17",
        "toilets:wheelchair": "no",
        "website": "https://amazingoriental.com/Location/winkels-utrecht",
        "wheelchair": "yes"
      },
      "geometry": {
        "type": "Point",
        "coordinates": [
          5.0970341,
          52.1025735
        ]
      },
      "id": "node/4614913093"
    },
    {
      "type": "Feature",
      "properties": {
        "@id": "node/4614913096",
        "addr:city": "Utrecht",
        "addr:housenumber": "8",
        "addr:postcode": "3551DE",
        "addr:street": "Plantage",
        "check_date": "2025-11-06",
        "check_date:opening_hours": "2025-11-06",
        "name": "Medine Market",
        "opening_hours": "Mo-Sa 09:00-19:00; Su 11:00-18:00",
        "payment:cash": "yes",
        "shop": "supermarket",
        "source": "BAG;local knowledge",
        "source:date": "2017-01-17",
        "website": "https://medinemarkt.nl/pages/medine-markt-utrecht",
        "wheelchair": "yes"
      },
      "geometry": {
        "type": "Point",
        "coordinates": [
          5.0984751,
          52.1023268
        ]
      },
      "id": "node/4614913096"
    },
    {
      "type": "Feature",
      "properties": {
        "@id": "node/4614949502",
        "addr:city": "Utrecht",
        "addr:housenumber": "107",
        "addr:postcode": "3531WK",
        "addr:street": "Haroekoeplein",
        "name": "Groenhof",
        "shop": "supermarket",
        "source": "BAG",
        "source:date": "2017-01-17",
        "website": "http://www.groenhofutrecht.nl/"
      },
      "geometry": {
        "type": "Point",
        "coordinates": [
          5.0910731,
          52.0918304
        ]
      },
      "id": "node/4614949502"
    },
    {
      "type": "Feature",
      "properties": {
        "@id": "node/4627934376",
        "addr:city": "IJsselstein",
        "addr:housenumber": "33",
        "addr:postcode": "3401MN",
        "addr:street": "Boerhaaveweg",
        "brand": "ALDI",
        "brand:wikidata": "Q41171373",
        "brand:wikipedia": "en:Aldi",
        "name": "ALDI",
        "shop": "supermarket",
        "source": "BAG",
        "source:date": "2017-01-24",
        "website": "https://www.aldi.nl"
      },
      "geometry": {
        "type": "Point",
        "coordinates": [
          5.0586164,
          52.0156743
        ]
      },
      "id": "node/4627934376"
    },
    {
      "type": "Feature",
      "properties": {
        "@id": "node/4627934377",
        "addr:city": "IJsselstein",
        "addr:housenumber": "31",
        "addr:postcode": "3401MN",
        "addr:street": "Boerhaaveweg",
        "branch": "Panoven",
        "brand": "PLUS",
        "brand:wikidata": "Q1978981",
        "brand:wikipedia": "nl:PLUS (Nederlandse supermarkt)",
        "name": "PLUS J. Schimmel",
        "opening_hours": "Mo-Su 08:00-21:00",
        "operator": "J. Schimmel",
        "phone": "+31 30 7604540",
        "ref": "915",
        "shop": "supermarket",
        "source": "BAG",
        "source:date": "2017-01-24",
        "website": "https://www.plus.nl/supermarkten/ijsselstein_plus-j-schimmel-panoven_915"
      },
      "geometry": {
        "type": "Point",
        "coordinates": [
          5.0580411,
          52.0158716
        ]
      },
      "id": "node/4627934377"
    },
    {
      "type": "Feature",
      "properties": {
        "@id": "node/4704311387",
        "addr:city": "Barneveld",
        "addr:housenumber": "40",
        "addr:postcode": "3772EX",
        "addr:street": "Buru",
        "brand": "Jumbo",
        "brand:website": "https://www.jumbo.com/",
        "brand:wikidata": "Q2262314",
        "brand:wikipedia": "nl:Jumbo Supermarkten",
        "name": "Jumbo Barneveld Buru",
        "operator": "Jumbo",
        "shop": "supermarket",
        "source": "BAG",
        "source:date": "2017-11-23",
        "wheelchair": "yes"
      },
      "geometry": {
        "type": "Point",
        "coordinates": [
          5.5872159,
          52.1274782
        ]
      },
      "id": "node/4704311387"
    },
    {
      "type": "Feature",
      "properties": {
        "@id": "node/4704313541",
        "addr:city": "Bunschoten-Spakenburg",
        "addr:housenumber": "45-51",
        "addr:postcode": "3751BT",
        "addr:street": "De Ziel",
        "brand": "Jumbo",
        "brand:wikidata": "Q2262314",
        "brand:wikipedia": "en:Jumbo (supermarket)",
        "check_date": "2024-11-08",
        "check_date:opening_hours": "2024-11-08",
        "name": "Jumbo",
        "opening_hours": "Mo-Sa 08:00-21:00",
        "post_office": "post_partner",
        "shop": "supermarket",
        "website": "https://www.jumbo.com/"
      },
      "geometry": {
        "type": "Point",
        "coordinates": [
          5.3791158,
          52.2519279
        ]
      },
      "id": "node/4704313541"
    },
    {
      "type": "Feature",
      "properties": {
        "@id": "node/4744673480",
        "addr:city": "Amersfoort",
        "addr:housenumber": "45",
        "addr:postcode": "3825LS",
        "addr:street": "Ursulapolder",
        "brand": "Lidl",
        "brand:website": "https://www.lidl.nl/",
        "brand:wikidata": "Q151954",
        "brand:wikipedia": "nl:Lidl",
        "name": "Lidl",
        "opening_hours": "Mo-We 08:00-21:00; Th,Fr 08:00-22:00; Sa 08:00-21:00; Su 09:00-20:00",
        "operator": "Lidl Nederland GmbH",
        "shop": "supermarket",
        "source": "BAG",
        "source:date": "2017-03-20",
        "toilets:wheelchair": "yes",
        "website": "https://www.lidl.nl/s/nl-NL/filialen/amersfoort/ursulapolder-45/",
        "wheelchair": "yes"
      },
      "geometry": {
        "type": "Point",
        "coordinates": [
          5.431072,
          52.1929221
        ]
      },
      "id": "node/4744673480"
    },
    {
      "type": "Feature",
      "properties": {
        "@id": "node/4847704103",
        "addr:city": "Arnhem",
        "addr:housenumber": "1",
        "addr:postcode": "6811JL",
        "addr:street": "Vossenstraat",
        "brand": "Albert Heijn",
        "brand:wikidata": "Q1653985",
        "brand:wikipedia": "nl:Albert Heijn (supermarkt)",
        "check_date": "2026-03-13",
        "check_date:opening_hours": "2026-03-13",
        "name": "Albert Heijn",
        "opening_hours": "Mo-Su 08:00-22:00",
        "shop": "supermarket",
        "source:date": "2017-05-11",
        "website": "https://www.ah.nl/winkel/1878",
        "wheelchair": "limited"
      },
      "geometry": {
        "type": "Point",
        "coordinates": [
          5.9053293,
          51.9803116
        ]
      },
      "id": "node/4847704103"
    },
    {
      "type": "Feature",
      "properties": {
        "@id": "node/4851758886",
        "drive_through": "yes",
        "name": "AH Pickup point",
        "shop": "supermarket"
      },
      "geometry": {
        "type": "Point",
        "coordinates": [
          5.1457442,
          52.3047452
        ]
      },
      "id": "node/4851758886"
    },
    {
      "type": "Feature",
      "properties": {
        "@id": "node/4930539025",
        "addr:city": "Leusden",
        "addr:housenumber": "75",
        "addr:postcode": "3831JA",
        "addr:street": "De Biezenkamp",
        "air_conditioning": "yes",
        "branch": "De Biezenkamp",
        "brand": "Lidl",
        "brand:website": "https://www.lidl.nl/",
        "brand:wikidata": "Q151954",
        "brand:wikipedia": "nl:Lidl",
        "level": "0",
        "name": "Lidl",
        "opening_hours": "Mo-Sa 08:00-21:00; Su 10:00-19:00",
        "operator": "Lidl Nederland GmbH",
        "shop": "supermarket",
        "source": "BAG",
        "toilets": "no",
        "toilets:wheelchair": "no",
        "website": "https://www.lidl.nl/s/nl-NL/filialen/leusden/de-biezenkamp-75/",
        "wheelchair": "yes"
      },
      "geometry": {
        "type": "Point",
        "coordinates": [
          5.4290575,
          52.1370601
        ]
      },
      "id": "node/4930539025"
    },
    {
      "type": "Feature",
      "properties": {
        "@id": "node/4980001737",
        "addr:city": "Amersfoort",
        "addr:housenumber": "2",
        "addr:postcode": "3825HK",
        "addr:street": "Ierse Pond",
        "brand": "DekaMarkt",
        "brand:wikidata": "Q2489350",
        "brand:wikipedia": "nl:DekaMarkt",
        "name": "DekaMarkt World of Food",
        "opening_hours": "Mo-Sa 08:00-21:00; Su 09:00-20:00",
        "shop": "supermarket",
        "source": "BAG",
        "source:date": "2017-07-19"
      },
      "geometry": {
        "type": "Point",
        "coordinates": [
          5.4129463,
          52.1889918
        ]
      },
      "id": "node/4980001737"
    },
    {
      "type": "Feature",
      "properties": {
        "@id": "node/4995003804",
        "addr:city": "Zeewolde",
        "addr:housenumber": "1",
        "addr:postcode": "3894GB",
        "addr:street": "Molenplein",
        "brand": "DekaMarkt",
        "brand:wikidata": "Q2489350",
        "brand:wikipedia": "nl:DekaMarkt",
        "check_date": "2025-09-20",
        "check_date:opening_hours": "2021-10-17",
        "name": "DekaMarkt",
        "opening_hours": "Mo-Sa 07:30-21:00; Su 13:00-20:00",
        "payment:cash": "yes",
        "payment:contactless": "yes",
        "phone": "+31 88 313 5425",
        "shop": "supermarket",
        "source": "BAG",
        "source:date": "2017-07-26"
      },
      "geometry": {
        "type": "Point",
        "coordinates": [
          5.5300222,
          52.3455442
        ]
      },
      "id": "node/4995003804"
    },
    {
      "type": "Feature",
      "properties": {
        "@id": "node/5030867133",
        "name": "Daily Foodstore",
        "operator": "Albron",
        "shop": "supermarket",
        "website": "https://www.dailyfoodstores.com"
      },
      "geometry": {
        "type": "Point",
        "coordinates": [
          5.4011635,
          52.2605839
        ]
      },
      "id": "node/5030867133"
    },
    {
      "type": "Feature",
      "properties": {
        "@id": "node/5195881368",
        "addr:city": "Wijk bij Duurstede",
        "addr:housenumber": "14",
        "addr:postcode": "3962ES",
        "addr:street": "Hoogstraat",
        "branch": "Wijk bij Duurstede",
        "brand": "Lidl",
        "brand:website": "https://www.lidl.nl",
        "brand:wikidata": "Q151954",
        "brand:wikipedia": "nl:Lidl",
        "name": "Lidl",
        "opening_hours": "Mo-Sa 08:00-21:00; Su 12:30-18:00",
        "operator": "Lidl Nederland GmbH",
        "payment:Pin": "yes",
        "payment:cash": "yes",
        "payment:maestro": "yes",
        "payment:v_pay": "yes",
        "shop": "supermarket",
        "source": "BAG",
        "source:date": "2017-10-28",
        "website": "https://www.lidl.nl/s/nl-NL/filialen/wijk-bij-duurstede/hoogstraat-14/",
        "wheelchair": "yes"
      },
      "geometry": {
        "type": "Point",
        "coordinates": [
          5.3461903,
          51.9747389
        ]
      },
      "id": "node/5195881368"
    },
    {
      "type": "Feature",
      "properties": {
        "@id": "node/5223629462",
        "addr:city": "Doorwerth",
        "addr:housenumber": "101-115",
        "addr:postcode": "6865CB",
        "addr:street": "van der Molenallee",
        "brand": "Lidl",
        "brand:website": "https://www.lidl.nl/",
        "brand:wikidata": "Q151954",
        "brand:wikipedia": "nl:Lidl",
        "name": "Lidl",
        "opening_hours": "Mo-We 08:00-20:00; Th,Fr 08:00-21:00; Sa 08:00-20:00; Su 10:00-18:00",
        "operator": "Lidl Nederland GmbH",
        "shop": "supermarket",
        "website": "https://www.lidl.nl/s/nl-NL/filialen/doorwerth/van-der-molenallee-101-115/"
      },
      "geometry": {
        "type": "Point",
        "coordinates": [
          5.7949785,
          51.9790989
        ]
      },
      "id": "node/5223629462"
    },
    {
      "type": "Feature",
      "properties": {
        "@id": "node/5306340594",
        "brand": "Nettorama",
        "brand:wikidata": "Q1828639",
        "brand:wikipedia": "nl:Nettorama",
        "name": "Nettorama",
        "opening_hours": "Su 09:00-18:00; Mo-We 08:00-20:00; Th,Fr 08:00-21:00; Sa 07:00-20:00",
        "shop": "supermarket",
        "website": "https://www.nettorama.nl/locaties/bussum"
      },
      "geometry": {
        "type": "Point",
        "coordinates": [
          5.16607,
          52.2745133
        ]
      },
      "id": "node/5306340594"
    },
    {
      "type": "Feature",
      "properties": {
        "@id": "node/5333512454",
        "addr:city": "Nieuwegein",
        "addr:housenumber": "2-5",
        "addr:postcode": "3431AV",
        "addr:street": "Makadocenter",
        "brand": "Boon's Markt",
        "brand:wikidata": "Q97704873",
        "brand:wikipedia": "nl:Boon's Markt",
        "name": "Boon's Markt",
        "opening_hours": "Mo-Sa 08:00-20:00; Su off",
        "phone": "+31 30 633 6410",
        "shop": "supermarket",
        "website": "https://www.boonsmarkt.nl/winkel/boons-markt-nieuwegein/"
      },
      "geometry": {
        "type": "Point",
        "coordinates": [
          5.0827765,
          52.0335077
        ]
      },
      "id": "node/5333512454"
    },
    {
      "type": "Feature",
      "properties": {
        "@id": "node/5347240257",
        "addr:city": "Utrecht",
        "addr:housenumber": "15",
        "addr:postcode": "3541CH",
        "addr:street": "Brusselplein",
        "brand": "Jumbo Foodmarkt",
        "brand:website": "https://www.jumbo.com/winkel/foodmarkt",
        "brand:wikidata": "Q124846526",
        "check_date": "2025-08-10",
        "check_date:opening_hours": "2025-08-10",
        "diet:gluten_free": "yes",
        "drink:beer": "yes",
        "drink:wine": "yes",
        "name": "Jumbo Foodmarkt",
        "opening_hours": "Mo-Sa 08:00-22:00; Su 10:00-21:00",
        "operator": "Jumbo",
        "operator:wikidata": "Q2262314",
        "payment:cash": "yes",
        "phone": "+31 30 2074160",
        "shop": "supermarket",
        "source": "BAG",
        "source:date": "2018-01-18",
        "start_date": "2018-05-16",
        "toilets:wheelchair": "yes",
        "website": "https://www.jumbo.com/winkel/utrecht/jumbo-utrecht-foodmarkt",
        "wheelchair": "yes"
      },
      "geometry": {
        "type": "Point",
        "coordinates": [
          5.0638357,
          52.0979863
        ]
      },
      "id": "node/5347240257"
    },
    {
      "type": "Feature",
      "properties": {
        "@id": "node/5429411816",
        "addr:city": "Veenendaal",
        "addr:housenumber": "100",
        "addr:postcode": "3901TJ",
        "addr:street": "Brouwersgracht",
        "branch": "Veenendaal - Brouwerspoort",
        "brand": "Hoogvliet",
        "brand:website": "https://www.hoogvliet.com",
        "brand:wikidata": "Q2770647",
        "brand:wikipedia": "nl:Hoogvliet (supermarkt)",
        "email": "klantenservice@hoogvliet.com",
        "name": "Hoogvliet",
        "opening_hours": "Mo-Sa 08:00-21:00; Su 10:00-19:00",
        "payment:cash": "yes",
        "payment:maestro": "yes",
        "payment:v_pay": "yes",
        "phone": "+31 88 4572290",
        "shop": "supermarket",
        "source": "BAG",
        "source:date": "2018-02-08",
        "website": "https://www.hoogvliet.com/winkelinformatie/veenendaal-brouwerspoort"
      },
      "geometry": {
        "type": "Point",
        "coordinates": [
          5.5579934,
          52.0265086
        ]
      },
      "id": "node/5429411816"
    },
    {
      "type": "Feature",
      "properties": {
        "@id": "node/5512425938",
        "addr:city": "Woudenberg",
        "addr:housenumber": "1",
        "addr:postcode": "3931MS",
        "addr:street": "Parallelweg",
        "branch": "Woudenberg",
        "brand": "Hoogvliet",
        "brand:website": "https://www.hoogvliet.com",
        "brand:wikidata": "Q2770647",
        "brand:wikipedia": "nl:Hoogvliet (supermarkt)",
        "name": "Hoogvliet",
        "opening_hours": "Mo-We,Sa 07:00-20:00; Th-Fr 07:00-21:00",
        "phone": "+31 88 4572600",
        "shop": "supermarket",
        "source": "BAG",
        "source:date": "2018-03-28",
        "website": "https://www.hoogvliet.com/winkelinformatie/woudenberg"
      },
      "geometry": {
        "type": "Point",
        "coordinates": [
          5.4499126,
          52.0812349
        ]
      },
      "id": "node/5512425938"
    },
    {
      "type": "Feature",
      "properties": {
        "@id": "node/5659126993",
        "addr:city": "Utrecht",
        "addr:housenumber": "24",
        "addr:postcode": "3511ED",
        "addr:street": "Stationsplein",
        "brand": "Albert Heijn",
        "brand:website": "https://www.ah.nl/",
        "brand:wikidata": "Q1653985",
        "brand:wikipedia": "nl:Albert Heijn (supermarkt)",
        "check_date": "2025-09-08",
        "check_date:opening_hours": "2025-09-08",
        "name": "Albert Heijn",
        "opening_hours": "Su 10:00-22:00; Mo-Fr 07:00-22:00; Sa 08:00-22:00",
        "phone": "+31 30 303 1091",
        "shop": "supermarket",
        "source": "BAG",
        "source:date": "2018-06-02",
        "website": "https://www.ah.nl/winkel/2202",
        "wheelchair": "yes"
      },
      "geometry": {
        "type": "Point",
        "coordinates": [
          5.1103347,
          52.0908619
        ]
      },
      "id": "node/5659126993"
    },
    {
      "type": "Feature",
      "properties": {
        "@id": "node/5677295531",
        "addr:city": "Hierden",
        "addr:housenumber": "143",
        "addr:postcode": "3849AD",
        "addr:street": "Zuiderzeestraatweg",
        "brand": "SPAR",
        "brand:website": "https://www.spar.nl",
        "brand:wikidata": "Q610492",
        "brand:wikipedia": "nl:Spar (supermarkt)",
        "check_date": "2025-10-04",
        "email": "sparhierden@despar.info",
        "name": "SPAR Christiaanse",
        "opening_hours": "Mo-Fr 08:00-19:00; Sa 08:00-17:00; Su off",
        "phone": "+31 341 451 442",
        "shop": "supermarket",
        "source": "survey",
        "website": "https://www.spar.nl/winkels/spar-christiaanse-hierden-832/",
        "wheelchair": "yes"
      },
      "geometry": {
        "type": "Point",
        "coordinates": [
          5.6764636,
          52.3567752
        ]
      },
      "id": "node/5677295531"
    },
    {
      "type": "Feature",
      "properties": {
        "@id": "node/5694424149",
        "name": "Versmarkt Vollenhove",
        "opening_hours": "Mo-Fr 08:30-17:30; Sa 08:30-16:30",
        "phone": "+31 30 307 5784",
        "shop": "supermarket",
        "website": "https://versmarktvollenhove.nl/"
      },
      "geometry": {
        "type": "Point",
        "coordinates": [
          5.2210722,
          52.100561
        ]
      },
      "id": "node/5694424149"
    },
    {
      "type": "Feature",
      "properties": {
        "@id": "node/5873867326",
        "addr:city": "Utrecht",
        "addr:housenumber": "2",
        "addr:postcode": "3527HE",
        "addr:street": "Hammarskjöldhof",
        "check_date": "2026-02-24",
        "facebook": "people/YERL%C4%B0-PLAZA/61573516160563/",
        "name": "Yerli Plaza",
        "shop": "supermarket",
        "source": "BAG",
        "source:date": "2018-09-01"
      },
      "geometry": {
        "type": "Point",
        "coordinates": [
          5.0934399,
          52.0749094
        ]
      },
      "id": "node/5873867326"
    },
    {
      "type": "Feature",
      "properties": {
        "@id": "node/5884129588",
        "addr:city": "Utrecht",
        "addr:housenumber": "4A",
        "addr:postcode": "3584CD",
        "addr:street": "Budapestlaan",
        "branch": "KBG Utrecht",
        "brand": "SPAR university",
        "brand:website": "https://sparuniversity.nl/",
        "brand:wikidata": "Q124630660",
        "email": "kbg@sparuniversity.nl",
        "fixme": "exacte locatie in het gebouw",
        "name": "SPAR university",
        "opening_hours": "Mo-Sa 08:00-16:00",
        "operator": "SPAR",
        "operator:wikidata": "Q610492",
        "shop": "supermarket",
        "source": "BAG",
        "source:date": "2018-09-05",
        "website": "https://www.spar.nl/winkels/spar-university-kbg-utrecht-1120/"
      },
      "geometry": {
        "type": "Point",
        "coordinates": [
          5.1671987,
          52.0871572
        ]
      },
      "id": "node/5884129588"
    },
    {
      "type": "Feature",
      "properties": {
        "@id": "node/5885744908",
        "addr:city": "Utrecht",
        "addr:housenumber": "13",
        "addr:postcode": "3531GR",
        "addr:street": "Abel Tasmanstraat",
        "brand": "Dagmarkt",
        "name": "Boon's Dagmarkt",
        "opening_date": "2026-06-10",
        "operator": "Boon's",
        "shop": "supermarket",
        "source": "BAG",
        "source:date": "2014-02-11",
        "start_date": "2026-06-10"
      },
      "geometry": {
        "type": "Point",
        "coordinates": [
          5.0954146,
          52.0890556
        ]
      },
      "id": "node/5885744908"
    },
    {
      "type": "Feature",
      "properties": {
        "@id": "node/5885744982",
        "addr:city": "Utrecht",
        "addr:housenumber": "1",
        "addr:postcode": "3512TA",
        "addr:street": "Potterstraat",
        "brand": "Albert Heijn",
        "brand:website": "https://www.ah.nl/",
        "brand:wikidata": "Q1653985",
        "brand:wikipedia": "nl:Albert Heijn (supermarkt)",
        "check_date": "2025-09-08",
        "check_date:opening_hours": "2025-09-08",
        "name": "Albert Heijn",
        "opening_hours": "Su 10:00-23:58; Mo-Sa 07:30-23:58",
        "phone": "+31 30 307 4315",
        "ref": "2204",
        "shop": "supermarket",
        "source": "BAG",
        "source:date": "2018-09-05",
        "website": "https://www.ah.nl/winkel/2204",
        "wheelchair": "yes"
      },
      "geometry": {
        "type": "Point",
        "coordinates": [
          5.1175972,
          52.0933555
        ]
      },
      "id": "node/5885744982"
    },
    {
      "type": "Feature",
      "properties": {
        "@id": "node/5918870886",
        "addr:city": "Almere",
        "addr:housenumber": "64",
        "addr:postcode": "1315KM",
        "addr:street": "Metropolestraat",
        "brand:website": "https://amazingoriental.com",
        "check_date": "2026-03-03",
        "cuisine": "chinese",
        "name": "Amazing Oriental",
        "name:zh-Hans": "东方行",
        "opening_hours": "Mo-We,Fr 09:00-19:00; Th 09:00-21:00; Sa 09:00-18:00; Su 10:00-18:00",
        "shop": "supermarket",
        "source": "BAG",
        "source:date": "2018-09-08",
        "website": "https://amazingoriental.com/Location/winkels-almere"
      },
      "geometry": {
        "type": "Point",
        "coordinates": [
          5.2202079,
          52.374649
        ]
      },
      "id": "node/5918870886"
    },
    {
      "type": "Feature",
      "properties": {
        "@id": "node/6210490487",
        "addr:city": "Amersfoort",
        "addr:housenumber": "365",
        "addr:postcode": "3815GM",
        "addr:street": "Wiekslag",
        "brand": "Lidl",
        "brand:website": "https://www.lidl.nl/",
        "brand:wikidata": "Q151954",
        "brand:wikipedia": "nl:Lidl",
        "check_date": "2024-11-19",
        "name": "Lidl",
        "opening_hours": "Mo-Sa 08:00-21:00; Su 10:00-20:00",
        "operator": "Lidl Nederland GmbH",
        "shop": "supermarket",
        "source": "BAG",
        "source:date": "2019-01-15",
        "website": "https://www.lidl.nl/s/nl-NL/filialen/amersfoort/wiekslag-365/"
      },
      "geometry": {
        "type": "Point",
        "coordinates": [
          5.4053854,
          52.1682786
        ]
      },
      "id": "node/6210490487"
    },
    {
      "type": "Feature",
      "properties": {
        "@id": "node/6210492935",
        "addr:city": "Amersfoort",
        "addr:housenumber": "70",
        "addr:postcode": "3814BR",
        "addr:street": "Neptunusplein",
        "brand": "ALDI",
        "brand:wikidata": "Q41171373",
        "brand:wikipedia": "en:Aldi",
        "check_date": "2024-11-16",
        "check_date:opening_hours": "2024-11-16",
        "name": "ALDI",
        "opening_hours": "Mo-Sa 08:00-20:00; Su 10:00-18:00",
        "shop": "supermarket",
        "source": "BAG",
        "source:date": "2019-01-15",
        "wheelchair": "yes"
      },
      "geometry": {
        "type": "Point",
        "coordinates": [
          5.4008514,
          52.1624518
        ]
      },
      "id": "node/6210492935"
    },
    {
      "type": "Feature",
      "properties": {
        "@id": "node/6339347347",
        "addr:city": "Schalkwijk",
        "addr:housenumber": "1",
        "addr:postcode": "3998JT",
        "addr:street": "Wickenburghselaan",
        "brand": "SPAR",
        "brand:website": "https://www.spar.nl",
        "brand:wikidata": "Q610492",
        "email": "sparlakerveld@despar.info",
        "name": "SPAR Lakerveld",
        "opening_hours": "Mo-Sa 08:00-19:00; Su off",
        "phone": "+31 30 601 1069",
        "shop": "supermarket",
        "source": "BAG",
        "source:date": "2019-03-15",
        "website": "https://www.spar.nl/winkels/spar-lakerveld-74/",
        "wheelchair": "yes"
      },
      "geometry": {
        "type": "Point",
        "coordinates": [
          5.186172,
          51.9945222
        ]
      },
      "id": "node/6339347347"
    },
    {
      "type": "Feature",
      "properties": {
        "@id": "node/6430430737",
        "addr:city": "Almere",
        "addr:housenumber": "11",
        "addr:postcode": "1363SR",
        "addr:street": "Alseïdenstraat",
        "brand": "PLUS",
        "brand:wikidata": "Q1978981",
        "brand:wikipedia": "nl:PLUS (Nederlandse supermarkt)",
        "check_date": "2022-10-01",
        "name": "PLUS",
        "opening_hours": "Mo-Sa 08:00-22:00; Su 08:00-21:00",
        "shop": "supermarket",
        "source": "BAG",
        "source:date": "2019-04-26",
        "website": "https://www.plus.nl/supermarkten/almere_plus-homeruskwartier-almere-poort_948"
      },
      "geometry": {
        "type": "Point",
        "coordinates": [
          5.1545684,
          52.3569363
        ]
      },
      "id": "node/6430430737"
    },
    {
      "type": "Feature",
      "properties": {
        "@id": "node/6589735618",
        "addr:city": "Zeist",
        "addr:housenumber": "187",
        "addr:postcode": "3707KA",
        "addr:street": "Antonlaan",
        "branch": "Zeist",
        "brand": "Hoogvliet",
        "brand:website": "https://www.hoogvliet.com",
        "brand:wikidata": "Q2770647",
        "brand:wikipedia": "nl:Hoogvliet (supermarkt)",
        "name": "Hoogvliet",
        "opening_hours": "Mo-Sa 08:00-20:00; Su 12:00-18:00",
        "phone": "+31 88 4572540",
        "shop": "supermarket",
        "source": "BAG",
        "source:date": "2019-07-04",
        "website": "https://www.hoogvliet.com/winkelinformatie/zeist"
      },
      "geometry": {
        "type": "Point",
        "coordinates": [
          5.2477396,
          52.0898205
        ]
      },
      "id": "node/6589735618"
    },
    {
      "type": "Feature",
      "properties": {
        "@id": "node/6766819987",
        "addr:city": "Veenendaal",
        "addr:housenumber": "15",
        "addr:postcode": "3907NH",
        "addr:street": "Stuivenbergheem",
        "brand": "Albert Heijn",
        "brand:wikidata": "Q1653985",
        "brand:wikipedia": "nl:Albert Heijn (supermarkt)",
        "name": "Albert Heijn",
        "phone": "+31 318 742 573",
        "shop": "supermarket",
        "source": "BAG",
        "source:date": "2019-09-02",
        "website": "https://www.ah.nl/winkel/2215"
      },
      "geometry": {
        "type": "Point",
        "coordinates": [
          5.5806774,
          52.0260007
        ]
      },
      "id": "node/6766819987"
    },
    {
      "type": "Feature",
      "properties": {
        "@id": "node/6766819994",
        "addr:city": "Veenendaal",
        "addr:housenumber": "1",
        "addr:postcode": "3907NH",
        "addr:street": "Stuivenbergheem",
        "brand": "Lidl",
        "brand:website": "https://www.lidl.nl/",
        "brand:wikidata": "Q151954",
        "brand:wikipedia": "nl:Lidl",
        "name": "Lidl",
        "opening_hours": "Mo-We 08:00-21:00; Th,Fr 08:00-22:00; Sa 08:00-21:00; Su 10:00-20:00",
        "operator": "Lidl Nederland GmbH",
        "shop": "supermarket",
        "source": "BAG",
        "source:date": "2019-09-02",
        "website": "https://www.lidl.nl/s/nl-NL/filialen/veenendaal/stuivenbergheem-1/"
      },
      "geometry": {
        "type": "Point",
        "coordinates": [
          5.5804436,
          52.0252931
        ]
      },
      "id": "node/6766819994"
    },
    {
      "type": "Feature",
      "properties": {
        "@id": "node/6908765574",
        "addr:city": "Amersfoort",
        "addr:housenumber": "1",
        "addr:postcode": "3816NM",
        "addr:street": "Euterpeplein",
        "brand": "Nettorama",
        "brand:wikidata": "Q1828639",
        "name": "Nettorama",
        "shop": "supermarket",
        "source": "BAG",
        "source:date": "2019-10-23"
      },
      "geometry": {
        "type": "Point",
        "coordinates": [
          5.4053715,
          52.1522409
        ]
      },
      "id": "node/6908765574"
    },
    {
      "type": "Feature",
      "properties": {
        "@id": "node/7417351001",
        "addr:city": "Lunteren",
        "addr:housenumber": "3",
        "addr:postcode": "6741DN",
        "addr:street": "Wilbrinkplein",
        "brand": "Albert Heijn",
        "brand:wikidata": "Q1653985",
        "brand:wikipedia": "nl:Albert Heijn (supermarkt)",
        "name": "Albert Heijn",
        "phone": "+31 318 482 973",
        "shop": "supermarket",
        "website": "https://www.ah.nl/winkel/8632"
      },
      "geometry": {
        "type": "Point",
        "coordinates": [
          5.6209496,
          52.0848293
        ]
      },
      "id": "node/7417351001"
    },
    {
      "type": "Feature",
      "properties": {
        "@id": "node/7432890718",
        "addr:city": "Everdingen",
        "addr:housenumber": "4b",
        "addr:postcode": "4121EL",
        "addr:street": "Graaf Florisstraat",
        "name": "Winkel&Zo",
        "note": "Buurtwinkel met koffiecorner en boeken-uitleen. De werkzaamheden worden gedaan door de meewerkers van de dagbesteding, ondersteund door begeleiders en vrijwilligers. kruidenierswaren, groente, fruit, zuivel, vleeswaren en diverse streekproducten. Seizoen",
        "opening_hours": "Mo-Fr 08:00-18:00, Sa 08:00-16:00",
        "payment:cash": "yes",
        "payment:debit_cards": "yes",
        "shop": "supermarket",
        "source": "BAG",
        "source:date": "2020-04-22"
      },
      "geometry": {
        "type": "Point",
        "coordinates": [
          5.1547068,
          51.9630311
        ]
      },
      "id": "node/7432890718"
    },
    {
      "type": "Feature",
      "properties": {
        "@id": "node/7527406193",
        "addr:city": "Huizen",
        "addr:housenumber": "47",
        "addr:postcode": "1271ZC",
        "addr:street": "Warandebergstraat",
        "brand": "Lidl",
        "brand:website": "https://www.lidl.nl/",
        "brand:wikidata": "Q151954",
        "brand:wikipedia": "nl:Lidl",
        "name": "Lidl",
        "opening_hours": "Mo-We 07:00-21:00; Th,Fr 07:00-22:00; Sa 07:00-21:00; Su 09:00-20:00",
        "operator": "Lidl Nederland GmbH",
        "shop": "supermarket",
        "source": "BAG",
        "source:date": "2020-05-17",
        "website": "https://www.lidl.nl/s/nl-NL/filialen/huizen/warandebergstraat-47/"
      },
      "geometry": {
        "type": "Point",
        "coordinates": [
          5.236094,
          52.3051302
        ]
      },
      "id": "node/7527406193"
    },
    {
      "type": "Feature",
      "properties": {
        "@id": "node/7678111265",
        "addr:city": "Utrecht",
        "addr:housenumber": "61",
        "addr:postcode": "3527HD",
        "addr:street": "Hammarskjöldhof",
        "brand": "Jumbo",
        "brand:website": "https://www.jumbo.com/",
        "brand:wikidata": "Q2262314",
        "brand:wikipedia": "nl:Jumbo Supermarkten",
        "check_date": "2025-05-21",
        "name": "Jumbo",
        "shop": "supermarket",
        "source": "BAG",
        "source:date": "2020-07-02"
      },
      "geometry": {
        "type": "Point",
        "coordinates": [
          5.0946419,
          52.0742723
        ]
      },
      "id": "node/7678111265"
    },
    {
      "type": "Feature",
      "properties": {
        "@id": "node/7875614603",
        "addr:city": "Almere",
        "addr:housenumber": "706",
        "addr:postcode": "1361BG",
        "addr:street": "Zeeduinweg",
        "branch": "Duin",
        "brand": "PLUS",
        "brand:website": "https://www.plus.nl",
        "brand:wikidata": "Q1978981",
        "name": "PLUS",
        "opening_hours": "Mo-Sa 08:00-21:00; Su 09:00-21:00",
        "phone": "+31 36 2033013",
        "shop": "supermarket",
        "source": "BAG;https://www.youtube.com/watch?v=ku0f7owZk4Y",
        "source:date": "2020-09-04",
        "website": "https://www.plus.nl/supermarkten/almere_plus-duin_950"
      },
      "geometry": {
        "type": "Point",
        "coordinates": [
          5.1372735,
          52.3404475
        ]
      },
      "id": "node/7875614603"
    },
    {
      "type": "Feature",
      "properties": {
        "@id": "node/7888535383",
        "addr:city": "Wageningen",
        "addr:housenumber": "2A",
        "addr:postcode": "6706GA",
        "addr:street": "Nobelweg",
        "brand": "Albert Heijn",
        "brand:wikidata": "Q1653985",
        "brand:wikipedia": "nl:Albert Heijn (supermarkt)",
        "description": "Albert Heijn met Jan Linders als franchisenemer",
        "name": "Albert Heijn Jan Linders",
        "opening_hours": "Mo-Sa 08:00-21:00; Su 09:00-20:00",
        "operator": "Jan Linders",
        "operator:wikidata": "Q2200982",
        "phone": "+31 317 724 059",
        "ref": "4160",
        "shop": "supermarket",
        "website": "https://www.janlinders.nl/nobelweg-wageningen",
        "website_1": "https://www.ah.nl/winkel/4160"
      },
      "geometry": {
        "type": "Point",
        "coordinates": [
          5.6765833,
          51.9749762
        ]
      },
      "id": "node/7888535383"
    },
    {
      "type": "Feature",
      "properties": {
        "@id": "node/8294833635",
        "addr:city": "Veenendaal",
        "addr:housenumber": "11",
        "addr:postcode": "3904CX",
        "addr:street": "Dr. Slotemaker de Bruïneplein",
        "name": "Onze Winkel Zuid",
        "opening_hours": "Mo-Sa 08:30-18:00",
        "operator": "Zideris",
        "shop": "supermarket"
      },
      "geometry": {
        "type": "Point",
        "coordinates": [
          5.5418719,
          52.0174457
        ]
      },
      "id": "node/8294833635"
    },
    {
      "type": "Feature",
      "properties": {
        "@id": "node/8363980301",
        "addr:city": "Hoef en Haag",
        "addr:housenumber": "2",
        "addr:postcode": "4125TR",
        "addr:street": "De Brink",
        "brand": "PLUS",
        "brand:wikidata": "Q1978981",
        "brand:wikipedia": "nl:PLUS (Nederlandse supermarkt)",
        "check_date:opening_hours": "2023-09-29",
        "name": "PLUS",
        "opening_hours": "Mo-Sa 08:00-21:00; Su 12:00-17:00",
        "shop": "supermarket",
        "source": "BAG",
        "source:date": "2021-01-26"
      },
      "geometry": {
        "type": "Point",
        "coordinates": [
          5.1160428,
          51.9880122
        ]
      },
      "id": "node/8363980301"
    },
    {
      "type": "Feature",
      "properties": {
        "@id": "node/8488565853",
        "addr:city": "Arnhem",
        "addr:housenumber": "282",
        "addr:postcode": "6812AR",
        "addr:street": "Utrechtseweg",
        "branch": "Arnhem",
        "brand": "Hoogvliet",
        "brand:website": "https://www.hoogvliet.com",
        "brand:wikidata": "Q2770647",
        "brand:wikipedia": "nl:Hoogvliet (supermarkt)",
        "name": "Hoogvliet",
        "opening_hours": "Mo-Th,Sa 08:00-20:00; Fr 08:00-21:00; Su 10:00-19:00",
        "phone": "+31 88 4572390",
        "shop": "supermarket",
        "source": "BAG",
        "source:date": "2021-03-05",
        "website": "https://www.hoogvliet.com/winkelinformatie/arnhem"
      },
      "geometry": {
        "type": "Point",
        "coordinates": [
          5.8812741,
          51.9839973
        ]
      },
      "id": "node/8488565853"
    },
    {
      "type": "Feature",
      "properties": {
        "@id": "node/8511556356",
        "addr:city": "Almere",
        "addr:housenumber": "21",
        "addr:postcode": "1349GJ",
        "addr:street": "Daniël Goedkoopstraat",
        "brand": "Lidl",
        "brand:website": "https://www.lidl.nl/",
        "brand:wikidata": "Q151954",
        "brand:wikipedia": "nl:Lidl",
        "name": "Lidl",
        "opening_hours": "Mo-Sa 07:00-22:00; Su 08:00-21:00",
        "operator": "Lidl Nederland GmbH",
        "shop": "supermarket",
        "source": "BAG",
        "source:date": "2021-03-12",
        "website": "https://www.lidl.nl/s/nl-NL/filialen/almere/dani%C3%ABl-goedkoopstraat-21/"
      },
      "geometry": {
        "type": "Point",
        "coordinates": [
          5.2926258,
          52.3758758
        ]
      },
      "id": "node/8511556356"
    },
    {
      "type": "Feature",
      "properties": {
        "@id": "node/8626716192",
        "addr:city": "Utrecht",
        "addr:housenumber": "14",
        "addr:postcode": "3571NC",
        "addr:street": "Troosterhof",
        "brand": "Albert Heijn",
        "brand:website": "https://www.ah.nl/",
        "brand:wikidata": "Q1653985",
        "brand:wikipedia": "nl:Albert Heijn (supermarkt)",
        "check_date": "2025-09-10",
        "check_date:opening_hours": "2025-09-10",
        "name": "Albert Heijn",
        "opening_hours": "Mo-Sa 08:00-22:00, Su 10:00-22:00",
        "phone": "+31 30 273 5314",
        "shop": "supermarket",
        "source": "BAG",
        "source:date": "2021-04-13",
        "website": "https://www.ah.nl/winkel/1583",
        "wheelchair": "yes"
      },
      "geometry": {
        "type": "Point",
        "coordinates": [
          5.134539,
          52.1067441
        ]
      },
      "id": "node/8626716192"
    },
    {
      "type": "Feature",
      "properties": {
        "@id": "node/8628480776",
        "addr:city": "Utrecht",
        "addr:housenumber": "7",
        "addr:postcode": "3571NC",
        "addr:street": "Troosterhof",
        "branch": "De Gaard",
        "brand": "Ekoplaza",
        "brand:wikidata": "Q47017915",
        "check_date": "2025-12-14",
        "check_date:opening_hours": "2025-12-14",
        "email": "degaard@ekoplaza.nl",
        "name": "Ekoplaza",
        "opening_hours": "Mo-Fr 09:00-20:00; Sa 09:00-19:00; Su 11:00-18:00",
        "organic": "only",
        "phone": "+31 30 654 0061",
        "shop": "supermarket",
        "source": "BAG",
        "source:date": "2021-04-14"
      },
      "geometry": {
        "type": "Point",
        "coordinates": [
          5.1354634,
          52.1066369
        ]
      },
      "id": "node/8628480776"
    },
    {
      "type": "Feature",
      "properties": {
        "@id": "node/8633187408",
        "addr:city": "Harderwijk",
        "addr:housenumber": "10",
        "addr:postcode": "3841LA",
        "addr:street": "Knardijk West",
        "branch": "Harderwijk",
        "brand": "Dirk",
        "brand:website": "https://www.dirk.nl",
        "brand:wikidata": "Q17502722",
        "brand:wikipedia": "nl:Dirk (supermarkt)",
        "name": "Dirk",
        "old_name": "Dirk van den Broek",
        "opening_hours": "Mo-Sa 07:00-21:00; Su 12:00-18:00",
        "phone": "+31 88 313 4875",
        "shop": "supermarket",
        "source": "BAG",
        "source:date": "2021-04-15",
        "website": "https://www.dirk.nl/winkels/harderwijk/knardijk-west/291"
      },
      "geometry": {
        "type": "Point",
        "coordinates": [
          5.6329876,
          52.3524166
        ]
      },
      "id": "node/8633187408"
    },
    {
      "type": "Feature",
      "properties": {
        "@id": "node/8633187410",
        "addr:city": "Harderwijk",
        "addr:housenumber": "8",
        "addr:postcode": "3841LA",
        "addr:street": "Knardijk West",
        "brand": "Lidl",
        "brand:website": "https://www.lidl.nl/",
        "brand:wikidata": "Q151954",
        "brand:wikipedia": "nl:Lidl",
        "name": "Lidl",
        "opening_hours": "Mo-Sa 07:00-21:00; Su 12:00-18:00",
        "operator": "Lidl Nederland GmbH",
        "shop": "supermarket",
        "source": "BAG",
        "source:date": "2021-04-15",
        "website": "https://www.lidl.nl/s/nl-NL/filialen/harderwijk/knardijk-west-8/"
      },
      "geometry": {
        "type": "Point",
        "coordinates": [
          5.6323136,
          52.3527471
        ]
      },
      "id": "node/8633187410"
    },
    {
      "type": "Feature",
      "properties": {
        "@id": "node/8780964134",
        "name": "Parkshop",
        "opening_hours": "Mo 08:00-19:00; Tu-Th 08:00-17:00; Fr 08:00-19:00; Sa,Su 08:00-17:00",
        "shop": "supermarket"
      },
      "geometry": {
        "type": "Point",
        "coordinates": [
          5.9008397,
          52.1285652
        ]
      },
      "id": "node/8780964134"
    },
    {
      "type": "Feature",
      "properties": {
        "@id": "node/8826967641",
        "addr:city": "Bilthoven",
        "addr:housenumber": "13",
        "addr:postcode": "3721LG",
        "addr:street": "Neptunuslaan",
        "brand": "Jumbo",
        "brand:wikidata": "Q2262314",
        "internet_access": "wlan",
        "name": "Jumbo",
        "opening_hours": "Mo-Sa 08:00-20:00; Su 12:00-18:00",
        "shop": "supermarket",
        "source": "BAG",
        "source:date": "2021-06-12"
      },
      "geometry": {
        "type": "Point",
        "coordinates": [
          5.1836229,
          52.1196486
        ]
      },
      "id": "node/8826967641"
    },
    {
      "type": "Feature",
      "properties": {
        "@id": "node/9041501365",
        "addr:city": "Utrecht",
        "addr:housenumber": "175B",
        "addr:postcode": "3511DG",
        "addr:street": "Gildenkwartier",
        "brand:website": "https://amazingoriental.com",
        "check_date": "2025-10-20",
        "check_date:opening_hours": "2025-10-20",
        "cuisine": "chinese",
        "level": "1",
        "name": "Amazing Oriental",
        "name:zh-Hans": "东方行",
        "opening_hours": "Mo-Sa 10:00-20:00; Su 12:00-18:00",
        "phone": "+31 30 820 1722",
        "shop": "supermarket",
        "source": "BAG",
        "source:date": "2021-08-08",
        "website": "https://amazingoriental.com/Location/winkels-utrecht-hoog-catharijne"
      },
      "geometry": {
        "type": "Point",
        "coordinates": [
          5.1108274,
          52.0915662
        ]
      },
      "id": "node/9041501365"
    },
    {
      "type": "Feature",
      "properties": {
        "@id": "node/9042627742",
        "addr:city": "Utrecht",
        "addr:housenumber": "6",
        "addr:postcode": "3511LC",
        "addr:street": "Rijnkade",
        "brand": "Jumbo",
        "brand:website": "https://www.jumbo.com",
        "brand:wikidata": "Q2262314",
        "brand:wikipedia": "nl:Jumbo Supermarkten",
        "check_date": "2025-10-19",
        "check_date:opening_hours": "2025-10-19",
        "level": "0",
        "name": "Jumbo",
        "opening_hours": "Mo-Sa 08:00-21:00; Su 10:00-21:00",
        "phone": "+31 30 202 7460",
        "shop": "supermarket",
        "source": "BAG",
        "source:date": "2021-08-08",
        "website": "https://www.jumbo.com/winkel/utrecht/jumbo-utrecht-rijnkade"
      },
      "geometry": {
        "type": "Point",
        "coordinates": [
          5.1141744,
          52.0912749
        ]
      },
      "id": "node/9042627742"
    },
    {
      "type": "Feature",
      "properties": {
        "@id": "node/9080336531",
        "addr:city": "Almere",
        "addr:housenumber": "59",
        "addr:postcode": "1315EP",
        "addr:street": "Bottelaarpassage",
        "check_date": "2025-11-06",
        "name": "Spicebazaar",
        "shop": "supermarket",
        "source": "BAG",
        "source:date": "2021-08-08",
        "website": "https://spicebazaarshop.nl/"
      },
      "geometry": {
        "type": "Point",
        "coordinates": [
          5.215333,
          52.3703933
        ]
      },
      "id": "node/9080336531"
    },
    {
      "type": "Feature",
      "properties": {
        "@id": "node/9142419449",
        "addr:city": "Hilversum",
        "addr:housenumber": "5",
        "addr:postcode": "1211EK",
        "addr:street": "Stationsstraat",
        "name": "FOOD plus",
        "note": "Poolse supermarkt",
        "shop": "supermarket",
        "source": "BAG",
        "source:date": "2021-10-03"
      },
      "geometry": {
        "type": "Point",
        "coordinates": [
          5.1785408,
          52.2267061
        ]
      },
      "id": "node/9142419449"
    },
    {
      "type": "Feature",
      "properties": {
        "@id": "node/9183522998",
        "addr:city": "Almere",
        "addr:housenumber": "65",
        "addr:postcode": "1349BN",
        "addr:street": "Margaret Cavendishweg",
        "branch": "Oosterwold",
        "brand": "ALDI",
        "brand:wikidata": "Q41171373",
        "name": "ALDI",
        "opening_hours": "Mo-Fr 08:00-20:00; Su 10:00-18:00; Sa 08:00-19:00",
        "shop": "supermarket",
        "source": "BAG",
        "source:date": "2021-10-19"
      },
      "geometry": {
        "type": "Point",
        "coordinates": [
          5.3313251,
          52.3466252
        ]
      },
      "id": "node/9183522998"
    },
    {
      "type": "Feature",
      "properties": {
        "@id": "node/9183522999",
        "addr:city": "Almere",
        "addr:housenumber": "95",
        "addr:postcode": "1349BN",
        "addr:street": "Margaret Cavendishweg",
        "branch": "Oosterwold",
        "brand": "Albert Heijn",
        "brand:website": "https://www.ah.nl/",
        "brand:wikidata": "Q1653985",
        "brand:wikipedia": "nl:Albert Heijn (supermarkt)",
        "name": "Albert Heijn",
        "opening_hours": "Mo-Su 08:00-22:00",
        "phone": "+31 36 741 0036",
        "ref": "4032",
        "shop": "supermarket",
        "source": "BAG",
        "source:date": "2021-10-19",
        "website": "https://www.ah.nl/winkel/4032"
      },
      "geometry": {
        "type": "Point",
        "coordinates": [
          5.3329662,
          52.3472859
        ]
      },
      "id": "node/9183522999"
    },
    {
      "type": "Feature",
      "properties": {
        "@id": "node/9193865392",
        "addr:city": "Culemborg",
        "addr:housenumber": "22",
        "addr:postcode": "4101CL",
        "addr:street": "Varkensmarkt",
        "name": "Aleksandra",
        "shop": "supermarket",
        "source": "BAG",
        "source:date": "2021-10-22"
      },
      "geometry": {
        "type": "Point",
        "coordinates": [
          5.2264541,
          51.9553028
        ]
      },
      "id": "node/9193865392"
    },
    {
      "type": "Feature",
      "properties": {
        "@id": "node/9489930554",
        "check_date": "2024-05-25",
        "name": "Goody Food",
        "opening_hours": "Tu-Sa 08:30-18:00, Mo 10:00-18:00, Sa 08:00-17:00",
        "organic": "only",
        "shop": "supermarket"
      },
      "geometry": {
        "type": "Point",
        "coordinates": [
          5.1732459,
          52.2259958
        ]
      },
      "id": "node/9489930554"
    },
    {
      "type": "Feature",
      "properties": {
        "@id": "node/9509006144",
        "addr:city": "Hilversum",
        "addr:housenumber": "133",
        "addr:postcode": "1216HX",
        "addr:street": "Kapittelweg",
        "name": "Ekocert Natuurwinkel",
        "organic": "only",
        "shop": "supermarket"
      },
      "geometry": {
        "type": "Point",
        "coordinates": [
          5.1420188,
          52.2156526
        ]
      },
      "id": "node/9509006144"
    },
    {
      "type": "Feature",
      "properties": {
        "@id": "node/9520502412",
        "addr:city": "Harderwijk",
        "addr:housenumber": "88",
        "addr:postcode": "3845GD",
        "addr:street": "Triasplein",
        "name": "Istanbul Market",
        "opening_hours": "Mo-Su 08:00-19:00",
        "shop": "supermarket"
      },
      "geometry": {
        "type": "Point",
        "coordinates": [
          5.6015516,
          52.3250812
        ]
      },
      "id": "node/9520502412"
    },
    {
      "type": "Feature",
      "properties": {
        "@id": "node/9528163237",
        "addr:city": "Amersfoort",
        "addr:housenumber": "47",
        "addr:postcode": "3812RP",
        "addr:street": "Amsterdamseweg",
        "brand": "ALDI",
        "brand:wikidata": "Q41171373",
        "name": "ALDI",
        "shop": "supermarket",
        "source": "BAG",
        "source:date": "2022-02-22"
      },
      "geometry": {
        "type": "Point",
        "coordinates": [
          5.3664592,
          52.1641136
        ]
      },
      "id": "node/9528163237"
    },
    {
      "type": "Feature",
      "properties": {
        "@id": "node/9528163238",
        "addr:city": "Amersfoort",
        "addr:housenumber": "45",
        "addr:postcode": "3812RP",
        "addr:street": "Amsterdamseweg",
        "brand": "Albert Heijn",
        "brand:wikidata": "Q1653985",
        "name": "Albert Heijn",
        "opening_hours": "Mo-Su 08:00-21:00",
        "phone": "+31 33 303 1081",
        "shop": "supermarket",
        "source": "BAG",
        "source:date": "2022-02-22",
        "website": "https://www.ah.nl/winkel/4057"
      },
      "geometry": {
        "type": "Point",
        "coordinates": [
          5.366653,
          52.1643616
        ]
      },
      "id": "node/9528163238"
    },
    {
      "type": "Feature",
      "properties": {
        "@id": "node/9811406073",
        "addr:city": "Arnhem",
        "addr:housenumber": "44",
        "addr:postcode": "6846XZ",
        "addr:street": "Fortunastraat",
        "brand": "Lidl",
        "brand:website": "https://www.lidl.nl/",
        "brand:wikidata": "Q151954",
        "brand:wikipedia": "nl:Lidl",
        "name": "Lidl",
        "opening_hours": "Mo-Sa 08:00-21:00; Su 10:00-20:00",
        "operator": "Lidl Nederland GmbH",
        "shop": "supermarket",
        "source": "BAG",
        "source:date": "2022-06-11",
        "website": "https://www.lidl.nl/s/nl-NL/filialen/arnhem/fortunastraat-44/",
        "wheelchair": "yes"
      },
      "geometry": {
        "type": "Point",
        "coordinates": [
          5.8478235,
          51.9544607
        ]
      },
      "id": "node/9811406073"
    },
    {
      "type": "Feature",
      "properties": {
        "@id": "node/10039328127",
        "addr:city": "Ede",
        "addr:housenumber": "59A",
        "addr:postcode": "6714DP",
        "addr:street": "Bellestein",
        "contact:facebook": "safarisupermarkt",
        "contact:instagram": "safarisupermarkt",
        "name": "Safari Supermarket",
        "phone": "+31 318 690 215",
        "shop": "supermarket",
        "source": "BAG",
        "source:date": "2022-09-20",
        "website": "https://www.safarisupermarkt.nl/"
      },
      "geometry": {
        "type": "Point",
        "coordinates": [
          5.6435829,
          52.0428926
        ]
      },
      "id": "node/10039328127"
    },
    {
      "type": "Feature",
      "properties": {
        "@id": "node/10290296862",
        "addr:city": "Nieuwegein",
        "addr:housenumber": "1",
        "addr:postcode": "3438MG",
        "addr:street": "Middelhoeve",
        "brand": "ALDI",
        "brand:website": "https://www.aldi.nl/",
        "brand:wikidata": "Q41171373",
        "name": "ALDI",
        "shop": "supermarket",
        "source": "BAG",
        "source:date": "2022-12-27",
        "website": "https://www.aldi.nl/supermarkt/nieuwegein/blokhoeve-2/3607598.html"
      },
      "geometry": {
        "type": "Point",
        "coordinates": [
          5.0938249,
          52.0455272
        ]
      },
      "id": "node/10290296862"
    },
    {
      "type": "Feature",
      "properties": {
        "@id": "node/10720051413",
        "addr:city": "Amersfoort",
        "addr:housenumber": "2",
        "addr:postcode": "3816JB",
        "addr:street": "Operaplein",
        "branch": "Amersfoort - Operaplein",
        "brand": "Hoogvliet",
        "brand:website": "https://www.hoogvliet.com",
        "brand:wikidata": "Q2770647",
        "name": "Hoogvliet",
        "opening_hours": "Mo-Sa 08:00-20:00; Su 10:00-19:00",
        "phone": "+31 88 4572780",
        "shop": "supermarket",
        "source": "BAG",
        "source:date": "2023-03-07",
        "website": "https://www.hoogvliet.com/winkelinformatie/amersfoort-operaplein"
      },
      "geometry": {
        "type": "Point",
        "coordinates": [
          5.4134336,
          52.1569051
        ]
      },
      "id": "node/10720051413"
    },
    {
      "type": "Feature",
      "properties": {
        "@id": "node/10942494417",
        "addr:city": "Bunschoten-Spakenburg",
        "addr:housenumber": "1",
        "addr:postcode": "3751KA",
        "addr:street": "Schoenmakersland",
        "brand": "Vomar",
        "brand:website": "https://www.vomar.nl",
        "brand:wikidata": "Q3202837",
        "name": "Vomar",
        "opening_hours": "Mo-Th 07:30-21:00; Fr-Sa 07:30-22:00",
        "phone": "+31 88 0244933",
        "shop": "supermarket",
        "source": "BAG",
        "source:date": "2023-05-31",
        "website": "https://www.vomar.nl/winkels/vomar-schoenmakersland-1-bunschoten-spakenburg.htm"
      },
      "geometry": {
        "type": "Point",
        "coordinates": [
          5.3791846,
          52.2375062
        ]
      },
      "id": "node/10942494417"
    },
    {
      "type": "Feature",
      "properties": {
        "@id": "node/11081781196",
        "check_date": "2023-08-01",
        "name": "Parkshop",
        "opening_hours": "Mo 08:00-12:00,15:00-20:00; Tu-Th,Sa-Su 08:00-18:00; Fr 08:00-12:00,15:00-21:00",
        "shop": "supermarket"
      },
      "geometry": {
        "type": "Point",
        "coordinates": [
          5.7774421,
          52.0926177
        ]
      },
      "id": "node/11081781196"
    },
    {
      "type": "Feature",
      "properties": {
        "@id": "node/11180684784",
        "addr:city": "Ede",
        "addr:housenumber": "21",
        "addr:postcode": "6711AS",
        "addr:street": "Brouwerstraat",
        "brand": "Nettorama",
        "brand:wikidata": "Q1828639",
        "name": "Nettorama",
        "opening_hours": "Mo-We,Sa 08:00-20:00; Th,Fr 08:00-21:00; Su 12:00-17:00",
        "phone": "+31 318 612831",
        "shop": "supermarket",
        "source": "BAG",
        "source:date": "2023-09-10",
        "website": "https://www.nettorama.nl/locaties/ede-open-26-11-vanaf-08-00-uur"
      },
      "geometry": {
        "type": "Point",
        "coordinates": [
          5.6696324,
          52.0461053
        ]
      },
      "id": "node/11180684784"
    },
    {
      "type": "Feature",
      "properties": {
        "@id": "node/11282142828",
        "name:signed": "no",
        "shop": "supermarket"
      },
      "geometry": {
        "type": "Point",
        "coordinates": [
          5.4579138,
          52.0299644
        ]
      },
      "id": "node/11282142828"
    },
    {
      "type": "Feature",
      "properties": {
        "@id": "node/11296101670",
        "addr:city": "Weesp",
        "addr:housenumber": "1A",
        "addr:postcode": "1384MB",
        "addr:street": "Gouwplein",
        "brand": "Albert Heijn",
        "brand:website": "https://www.ah.nl",
        "brand:wikidata": "Q1653985",
        "name": "Albert Heijn",
        "opening_hours": "Mo-Sa 07:00-22:00; Su 08:00-22:00",
        "ref": "4114",
        "shop": "supermarket",
        "source": "BAG",
        "source:date": "2023-10-28",
        "website": "https://www.ah.nl/winkel/4114"
      },
      "geometry": {
        "type": "Point",
        "coordinates": [
          5.0440895,
          52.3185412
        ]
      },
      "id": "node/11296101670"
    },
    {
      "type": "Feature",
      "properties": {
        "@id": "node/11378435862",
        "addr:city": "Muiden",
        "addr:housenumber": "2",
        "addr:postcode": "1398KK",
        "addr:street": "E.J. Ruijgplein",
        "brand": "Albert Heijn",
        "brand:website": "https://www.ah.nl/",
        "brand:wikidata": "Q1653985",
        "brand:wikipedia": "nl:Albert Heijn (supermarkt)",
        "name": "Albert Heijn",
        "opening_hours": "Mo-Sa 08:00-22:00; Su 09:00-22:00",
        "ref": "2305",
        "shop": "supermarket",
        "source": "BAG",
        "source:date": "2023-11-26",
        "website": "https://www.ah.nl/winkel/2305"
      },
      "geometry": {
        "type": "Point",
        "coordinates": [
          5.0529245,
          52.3328279
        ]
      },
      "id": "node/11378435862"
    },
    {
      "type": "Feature",
      "properties": {
        "@id": "node/11378509611",
        "addr:city": "Utrecht",
        "addr:housenumber": "101",
        "addr:postcode": "3584CH",
        "addr:street": "Padualaan",
        "branch": "HUB Utrecht",
        "brand": "SPAR university",
        "brand:website": "https://sparuniversity.nl/",
        "brand:wikidata": "Q124630660",
        "email": "hub@sparuniversity.nl",
        "fixme": "exacte locatie in het gebouw",
        "name": "SPAR university",
        "opening_hours": "Mo-Sa 08:00-18:30",
        "operator": "SPAR",
        "operator:wikidata": "Q610492",
        "phone": "+31 30 2040536",
        "shop": "supermarket",
        "website": "https://www.spar.nl/winkels/spar-university-hub-utrecht-1094/"
      },
      "geometry": {
        "type": "Point",
        "coordinates": [
          5.1701829,
          52.0842441
        ]
      },
      "id": "node/11378509611"
    },
    {
      "type": "Feature",
      "properties": {
        "@id": "node/11378550225",
        "addr:city": "Utrecht",
        "addr:housenumber": "7",
        "addr:postcode": "3584CS",
        "addr:street": "Heidelberglaan",
        "branch": "HU Utrecht",
        "brand": "SPAR university",
        "brand:website": "https://sparuniversity.nl/",
        "brand:wikidata": "Q124630660",
        "check_date": "2025-10-08",
        "email": "hu@spartb.nl",
        "fixme": "exacte locatie in het gebouw",
        "name": "SPAR university",
        "opening_hours": "Mo-Fr 08:00-18:30; Sa-Su off",
        "operator": "SPAR",
        "operator:wikidata": "Q610492",
        "phone": "+31 30 2040536",
        "shop": "supermarket",
        "website": "https://www.spartb.nl",
        "wheelchair": "limited"
      },
      "geometry": {
        "type": "Point",
        "coordinates": [
          5.1738727,
          52.0842458
        ]
      },
      "id": "node/11378550225"
    },
    {
      "type": "Feature",
      "properties": {
        "@id": "node/11549998781",
        "addr:city": "Putten",
        "addr:housenumber": "13",
        "addr:postcode": "3882ML",
        "addr:street": "Enghuusweg",
        "brand": "ALDI",
        "brand:wikidata": "Q41171373",
        "name": "ALDI",
        "shop": "supermarket",
        "source": "BAG",
        "source:date": "2024-01-25"
      },
      "geometry": {
        "type": "Point",
        "coordinates": [
          5.5881976,
          52.2551527
        ]
      },
      "id": "node/11549998781"
    },
    {
      "type": "Feature",
      "properties": {
        "@id": "node/11780658417",
        "addr:city": "Scherpenzeel",
        "addr:housenumber": "226",
        "addr:postcode": "3925KJ",
        "addr:street": "Dorpsstraat",
        "branch": "Scherpenzeel",
        "brand": "Jumbo",
        "brand:website": "https://www.jumbo.com",
        "brand:wikidata": "Q2262314",
        "brand:wikipedia": "nl:Jumbo Supermarkten",
        "name": "Jumbo Mudde",
        "opening_hours": "Mo-Th,Sa 08:00-20:00; Fr 08:00-21:00",
        "phone": "+31 413 380200",
        "ref": "3900",
        "shop": "supermarket",
        "source": "BAG",
        "source:date": "2024-04-02",
        "website": "https://www.jumbo.com/winkel/scherpenzeel/jumbo-scherpenzeel-mudde"
      },
      "geometry": {
        "type": "Point",
        "coordinates": [
          5.4849849,
          52.0795065
        ]
      },
      "id": "node/11780658417"
    },
    {
      "type": "Feature",
      "properties": {
        "@id": "node/12089149713",
        "addr:city": "Uddel",
        "addr:housenumber": "73D",
        "addr:postcode": "3888MT",
        "addr:street": "Elspeterweg",
        "brand": "Boon's Markt",
        "brand:wikidata": "Q97704873",
        "name": "Boon's Markt",
        "note": "tijdelijke locatie",
        "opening_hours": "Mo-Fr 08:00-20:00; Sa 07:00-18:00; Su off",
        "phone": "+31 577 401 203",
        "shop": "supermarket",
        "source": "BAG",
        "source:date": "2024-07-08",
        "website": "https://www.boonsmarkt.nl/winkel/boons-markt-uddel/"
      },
      "geometry": {
        "type": "Point",
        "coordinates": [
          5.7831186,
          52.2654247
        ]
      },
      "id": "node/12089149713"
    },
    {
      "type": "Feature",
      "properties": {
        "@id": "node/12407782498",
        "addr:city": "Wekerom",
        "addr:housenumber": "101A",
        "addr:postcode": "6733AD",
        "addr:street": "Edeseweg",
        "brand": "Albert Heijn",
        "brand:website": "https://www.ah.nl",
        "brand:wikidata": "Q1653985",
        "name": "Albert Heijn",
        "opening_hours": "Mo-Sa 07:30-20:00",
        "ref": "4112",
        "shop": "supermarket",
        "source": "BAG",
        "source:date": "2024-12-08",
        "website": "https://www.ah.nl/winkel/4112"
      },
      "geometry": {
        "type": "Point",
        "coordinates": [
          5.7187799,
          52.1142442
        ]
      },
      "id": "node/12407782498"
    },
    {
      "type": "Feature",
      "properties": {
        "@id": "node/12650758377",
        "addr:city": "Nieuwegein",
        "addr:housenumber": "12",
        "addr:postcode": "3435SB",
        "addr:street": "Buizerdlaan",
        "brand": "Lidl",
        "brand:website": "https://www.lidl.nl/",
        "brand:wikidata": "Q151954",
        "brand:wikipedia": "nl:Lidl",
        "name": "Lidl",
        "opening_hours": "Mo-Sa 07:00-21:00; Su 12:00-19:00",
        "operator": "Lidl Nederland GmbH",
        "shop": "supermarket",
        "source": "BAG",
        "source:date": "2025-03-10",
        "website": "https://www.lidl.nl/s/nl-NL/winkel/nieuwegein/buizerdlaan-12/",
        "wheelchair": "yes"
      },
      "geometry": {
        "type": "Point",
        "coordinates": [
          5.068721,
          52.0260087
        ]
      },
      "id": "node/12650758377"
    },
    {
      "type": "Feature",
      "properties": {
        "@id": "node/12766585103",
        "addr:city": "Uddel",
        "addr:housenumber": "26",
        "addr:postcode": "3888LR",
        "addr:street": "Harderwijkerweg",
        "branch": "Uddel",
        "brand": "Boon's Markt",
        "brand:website": "https://boonsmarkt.nl",
        "brand:wikidata": "Q97704873",
        "name": "Boon's Markt",
        "opening_hours": "Mo-Fr 08:00-20:00; Sa 07:00-18:00",
        "phone": "+31 577 401 203",
        "shop": "supermarket",
        "source": "BAG",
        "source:date": "2025-04-18",
        "website": "https://boonsmarkt.nl/winkels/boons-markt-uddel"
      },
      "geometry": {
        "type": "Point",
        "coordinates": [
          5.7806395,
          52.2590764
        ]
      },
      "id": "node/12766585103"
    },
    {
      "type": "Feature",
      "properties": {
        "@id": "node/12990180298",
        "addr:city": "Arnhem",
        "addr:housenumber": "112",
        "addr:postcode": "6831ES",
        "addr:street": "Kronenburgpassage",
        "brand": "ALDI",
        "brand:website": "https://www.aldi.nl",
        "brand:wikidata": "Q41171373",
        "name": "ALDI",
        "opening_hours": "Mo-Sa 08:00-20:00; Su 12:00-18:00",
        "shop": "supermarket",
        "source": "BAG",
        "source:date": "2025-07-09",
        "website": "https://www.aldi.nl/supermarkt/arnhem/kronenburgpassage-112/3187425.html"
      },
      "geometry": {
        "type": "Point",
        "coordinates": [
          5.8945784,
          51.9590311
        ]
      },
      "id": "node/12990180298"
    },
    {
      "type": "Feature",
      "properties": {
        "@id": "node/13011860209",
        "addr:city": "Hilversum",
        "addr:housenumber": "43",
        "addr:postcode": "1223LC",
        "addr:street": "Minckelersstraat",
        "name": "Super Speciaal",
        "operator": "Sherpa",
        "shop": "supermarket"
      },
      "geometry": {
        "type": "Point",
        "coordinates": [
          5.1959699,
          52.2248979
        ]
      },
      "id": "node/13011860209"
    },
    {
      "type": "Feature",
      "properties": {
        "@id": "node/13021483935",
        "branch": "De Hamershof Pickup Point",
        "brand": "Jumbo",
        "brand:wikidata": "Q2262314",
        "name": "Jumbo Pickup Point",
        "shop": "supermarket"
      },
      "geometry": {
        "type": "Point",
        "coordinates": [
          5.4278751,
          52.1284127
        ]
      },
      "id": "node/13021483935"
    },
    {
      "type": "Feature",
      "properties": {
        "@id": "node/13122992027",
        "addr:city": "Utrecht",
        "addr:housenumber": "186",
        "addr:postcode": "3551CM",
        "addr:street": "Amsterdamsestraatweg",
        "name": "Kabul Market",
        "origin": "afghan",
        "shop": "supermarket"
      },
      "geometry": {
        "type": "Point",
        "coordinates": [
          5.1028603,
          52.0988969
        ]
      },
      "id": "node/13122992027"
    },
    {
      "type": "Feature",
      "properties": {
        "@id": "node/13384141317",
        "addr:city": "Arnhem",
        "addr:housenumber": "110",
        "addr:postcode": "6831ES",
        "addr:street": "Kronenburgpassage",
        "branch": "Arnhem Kronenburgpassage",
        "brand": "Jumbo",
        "brand:website": "https://www.jumbo.com",
        "brand:wikidata": "Q2262314",
        "name": "Jumbo",
        "opening_hours": "Mo-Su 08:00-22:00",
        "phone": "+31 26 3030708",
        "shop": "supermarket",
        "source": "BAG",
        "source:date": "2025-12-14",
        "website": "https://www.jumbo.com/winkel/arnhem/jumbo-arnhem-kronenburgpassage"
      },
      "geometry": {
        "type": "Point",
        "coordinates": [
          5.8945837,
          51.9593392
        ]
      },
      "id": "node/13384141317"
    },
    {
      "type": "Feature",
      "properties": {
        "@id": "node/13939411087",
        "addr:city": "Amersfoort",
        "addr:housenumber": "20",
        "addr:postcode": "3812PB",
        "addr:street": "Oliemolenhof",
        "check_date": "2026-06-15",
        "email": "info@hetlokaal.nl",
        "facebook": "https://www.facebook.com/hetlokaalbv",
        "instagram": "https://www.instagram.com/het_lokaal",
        "name": "Supermarkt Het Lokaal",
        "opening_hours": "Tu-Fr 09:00-18:00; Sa 08:00-18:00; Su 10:00-17:00",
        "operator": "Het Lokaal B.V.",
        "organic": "only",
        "phone": "+31 33 782 0503",
        "shop": "supermarket",
        "source": "BAG",
        "source:date": "2020-01-23",
        "website": "https://hetlokaal.nl/verslokaal/"
      },
      "geometry": {
        "type": "Point",
        "coordinates": [
          5.3794326,
          52.1601201
        ]
      },
      "id": "node/13939411087"
    }
  ]
}