<?xml version="1.0" encoding="UTF-8" standalone="no" ?>

<gpx xmlns="http://www.topografix.com/GPX/1/1" xmlns:xsi="http://www.w3.org/2001/XMLSchema-instance" xsi:schemaLocation="http://www.topografix.com/GPX/1/1 http://www.topografix.com/GPX/1/1/gpx.xsd" version="1.1" creator="waymarkedtrails.org"><metadata><name>Treeker MTB Trail (Blauwe Route)</name><copyright author="OpenStreetMap and Contributors"><license>https://www.openstreetmap.org/copyright</license></copyright><link href="https://mtb.waymarkedtrails.org/#route?id=10853457&amp;type=relation"><text>WaymarkedTrails</text></link><time>2026-06-24T10:32:45.111Z</time></metadata><trk><trkseg><trkpt lat="52.091922" lon="5.3634497"/><trkpt lat="52.0918714" lon="5.3632942"/><trkpt lat="52.0918154" lon="5.3632312"/><trkpt lat="52.0917593" lon="5.3631547"/><trkpt lat="52.0916679" lon="5.3630742"/><trkpt lat="52.091628" lon="5.3630578"/><trkpt lat="52.0915566" lon="5.3630286"/><trkpt lat="52.0914759" lon="5.3630172"/><trkpt lat="52.0914483" lon="5.3629991"/><trkpt lat="52.0914376" lon="5.3629918"/><trkpt lat="52.0914145" lon="5.3629596"/><trkpt lat="52.0914075" lon="5.3629106"/><trkpt lat="52.0914001" lon="5.3628771"/><trkpt lat="52.0913791" lon="5.3628402"/><trkpt lat="52.0913605" lon="5.3628275"/><trkpt lat="52.0912876" lon="5.362796"/><trkpt lat="52.0912402" lon="5.3627591"/><trkpt lat="52.0911059" lon="5.3625244"/><trkpt lat="52.0910882" lon="5.3625016"/><trkpt lat="52.0910128" lon="5.3624828"/><trkpt lat="52.0909724" lon="5.3624614"/><trkpt lat="52.0909317" lon="5.3624084"/><trkpt lat="52.0908884" lon="5.3623822"/><trkpt lat="52.0908225" lon="5.3623554"/><trkpt lat="52.0907285" lon="5.3624037"/><trkpt lat="52.0906231" lon="5.3624171"/><trkpt lat="52.0905868" lon="5.3623769"/><trkpt lat="52.0905423" lon="5.3623393"/><trkpt lat="52.0904797" lon="5.3623205"/><trkpt lat="52.0904401" lon="5.3625378"/><trkpt lat="52.0902844" lon="5.3627349"/><trkpt lat="52.0902234" lon="5.3628114"/><trkpt lat="52.0901666" lon="5.3628275"/><trkpt lat="52.0901114" lon="5.3628355"/><trkpt lat="52.0900829" lon="5.3628121"/><trkpt lat="52.0900248" lon="5.3628181"/><trkpt lat="52.0899886" lon="5.3627846"/><trkpt lat="52.0899375" lon="5.3627846"/><trkpt lat="52.0898918" lon="5.3627209"/><trkpt lat="52.089804" lon="5.3627336"/><trkpt lat="52.0897632" lon="5.3627457"/><trkpt lat="52.0897241" lon="5.3627229"/><trkpt lat="52.0897035" lon="5.3626612"/><trkpt lat="52.0896606" lon="5.3626344"/><trkpt lat="52.0895964" lon="5.3625458"/><trkpt lat="52.0895255" lon="5.3624547"/><trkpt lat="52.0894233" lon="5.3623795"/><trkpt lat="52.0893953" lon="5.3623179"/><trkpt lat="52.0893376" lon="5.3622374"/><trkpt lat="52.0893063" lon="5.3621757"/><trkpt lat="52.0892173" lon="5.3620805"/><trkpt lat="52.0891942" lon="5.3620496"/><trkpt lat="52.0891646" lon="5.362051"/><trkpt lat="52.0891489" lon="5.362"/><trkpt lat="52.0891291" lon="5.3619799"/><trkpt lat="52.0890879" lon="5.3619799"/><trkpt lat="52.0890336" lon="5.3621046"/><trkpt lat="52.0890146" lon="5.3621529"/><trkpt lat="52.0890179" lon="5.3622964"/><trkpt lat="52.0890088" lon="5.3623849"/><trkpt lat="52.0889849" lon="5.3624359"/><trkpt lat="52.0888952" lon="5.3624884"/><trkpt lat="52.0889414" lon="5.3629276"/><trkpt lat="52.088907" lon="5.3628744"/><trkpt lat="52.0888098" lon="5.3627926"/><trkpt lat="52.0887369" lon="5.3628121"/><trkpt lat="52.0887031" lon="5.3628664"/><trkpt lat="52.088685" lon="5.3629301"/><trkpt lat="52.0886825" lon="5.3630394"/><trkpt lat="52.0887336" lon="5.3631547"/><trkpt lat="52.0888177" lon="5.3632969"/><trkpt lat="52.0888177" lon="5.3633572"/><trkpt lat="52.0888655" lon="5.3635356"/><trkpt lat="52.0890031" lon="5.3636456"/><trkpt lat="52.0890459" lon="5.3636707"/><trkpt lat="52.0891044" lon="5.3637025"/><trkpt lat="52.0891448" lon="5.3637582"/><trkpt lat="52.0891736" lon="5.3637891"/><trkpt lat="52.0891835" lon="5.363832"/><trkpt lat="52.0892115" lon="5.3638521"/><trkpt lat="52.0892231" lon="5.3639151"/><trkpt lat="52.0892626" lon="5.3639419"/><trkpt lat="52.0892942" lon="5.364024"/><trkpt lat="52.0893063" lon="5.3641042"/><trkpt lat="52.0893145" lon="5.3642142"/><trkpt lat="52.0893211" lon="5.3643845"/><trkpt lat="52.0893215" lon="5.3644569"/><trkpt lat="52.089336" lon="5.3645065"/><trkpt lat="52.0893508" lon="5.364583"/><trkpt lat="52.089345" lon="5.3646192"/><trkpt lat="52.0893022" lon="5.3647399"/><trkpt lat="52.0892635" lon="5.364866"/><trkpt lat="52.089256" lon="5.3649585"/><trkpt lat="52.0892059" lon="5.3651112"/><trkpt lat="52.0892131" lon="5.3653256"/><trkpt lat="52.0892182" lon="5.3656271"/><trkpt lat="52.0891747" lon="5.3663783"/><trkpt lat="52.08917" lon="5.3664593"/><trkpt lat="52.0891761" lon="5.3669415"/><trkpt lat="52.0891876" lon="5.3670801"/><trkpt lat="52.089259" lon="5.3674435"/><trkpt lat="52.089289" lon="5.3676461"/><trkpt lat="52.0893062" lon="5.3678157"/><trkpt lat="52.0893093" lon="5.3682656"/><trkpt lat="52.0892882" lon="5.3683059"/><trkpt lat="52.0892684" lon="5.36833"/><trkpt lat="52.0892437" lon="5.3683247"/><trkpt lat="52.0892239" lon="5.3683099"/><trkpt lat="52.089233" lon="5.3681168"/><trkpt lat="52.089219" lon="5.3679854"/><trkpt lat="52.0891893" lon="5.3678834"/><trkpt lat="52.0891621" lon="5.3678687"/><trkpt lat="52.0891003" lon="5.3678727"/><trkpt lat="52.0890401" lon="5.3678915"/><trkpt lat="52.0890068" lon="5.3678667"/><trkpt lat="52.0889726" lon="5.367811"/><trkpt lat="52.0889627" lon="5.367744"/><trkpt lat="52.0889619" lon="5.3676675"/><trkpt lat="52.0889685" lon="5.3676394"/><trkpt lat="52.0890253" lon="5.3674932"/><trkpt lat="52.089055" lon="5.3674529"/><trkpt lat="52.0890748" lon="5.3673953"/><trkpt lat="52.0890822" lon="5.3673363"/><trkpt lat="52.0891019" lon="5.367288"/><trkpt lat="52.0891258" lon="5.3672035"/><trkpt lat="52.0891316" lon="5.3671297"/><trkpt lat="52.0891349" lon="5.3670479"/><trkpt lat="52.0891127" lon="5.3669567"/><trkpt lat="52.0890855" lon="5.3669071"/><trkpt lat="52.0890533" lon="5.366891"/><trkpt lat="52.089008" lon="5.3668857"/><trkpt lat="52.0889561" lon="5.3669232"/><trkpt lat="52.0889256" lon="5.3670117"/><trkpt lat="52.0888902" lon="5.3670654"/><trkpt lat="52.0888383" lon="5.3671029"/><trkpt lat="52.0888061" lon="5.3671123"/><trkpt lat="52.0887773" lon="5.3670989"/><trkpt lat="52.0887608" lon="5.3670332"/><trkpt lat="52.0887592" lon="5.3669554"/><trkpt lat="52.0887212" lon="5.3668025"/><trkpt lat="52.08868" lon="5.3667006"/><trkpt lat="52.0886586" lon="5.3666697"/><trkpt lat="52.088629" lon="5.3666362"/><trkpt lat="52.0885762" lon="5.3666389"/><trkpt lat="52.08854" lon="5.366659"/><trkpt lat="52.0885194" lon="5.3667046"/><trkpt lat="52.0885136" lon="5.3668052"/><trkpt lat="52.0884839" lon="5.3668562"/><trkpt lat="52.0883785" lon="5.3668857"/><trkpt lat="52.0883109" lon="5.3668964"/><trkpt lat="52.0882614" lon="5.3668898"/><trkpt lat="52.0882013" lon="5.3668119"/><trkpt lat="52.088142" lon="5.3667811"/><trkpt lat="52.0880744" lon="5.366777"/><trkpt lat="52.0880118" lon="5.3668293"/><trkpt lat="52.0879245" lon="5.3669238"/><trkpt lat="52.0879005" lon="5.3669715"/><trkpt lat="52.0878717" lon="5.366997"/><trkpt lat="52.0878329" lon="5.3669983"/><trkpt lat="52.0877802" lon="5.3668964"/><trkpt lat="52.0877225" lon="5.3668226"/><trkpt lat="52.087575" lon="5.3668132"/><trkpt lat="52.0874737" lon="5.3667837"/><trkpt lat="52.0874049" lon="5.3667343"/><trkpt lat="52.0872988" lon="5.366639"/><trkpt lat="52.0872765" lon="5.3665744"/><trkpt lat="52.0868915" lon="5.3665963"/><trkpt lat="52.0865165" lon="5.3665991"/><trkpt lat="52.0852782" lon="5.3666803"/><trkpt lat="52.0852491" lon="5.3667609"/><trkpt lat="52.0852033" lon="5.3668454"/><trkpt lat="52.0851745" lon="5.366891"/><trkpt lat="52.0851671" lon="5.3670533"/><trkpt lat="52.0851531" lon="5.3672907"/><trkpt lat="52.0851745" lon="5.3673336"/><trkpt lat="52.0852" lon="5.367343"/><trkpt lat="52.0852445" lon="5.3673738"/><trkpt lat="52.0852569" lon="5.367398"/><trkpt lat="52.08528" lon="5.3674382"/><trkpt lat="52.0852824" lon="5.3675053"/><trkpt lat="52.0852989" lon="5.3675374"/><trkpt lat="52.0853253" lon="5.3675777"/><trkpt lat="52.0853616" lon="5.3676903"/><trkpt lat="52.0853591" lon="5.3678218"/><trkpt lat="52.0853368" lon="5.3679009"/><trkpt lat="52.0853165" lon="5.3680482"/><trkpt lat="52.0853397" lon="5.3682844"/><trkpt lat="52.0853294" lon="5.3683072"/><trkpt lat="52.0853105" lon="5.3683314"/><trkpt lat="52.085289" lon="5.3683206"/><trkpt lat="52.0852734" lon="5.3683099"/><trkpt lat="52.0852454" lon="5.3682013"/><trkpt lat="52.0852239" lon="5.3681503"/><trkpt lat="52.0851086" lon="5.3679934"/><trkpt lat="52.0850929" lon="5.3679116"/><trkpt lat="52.0850558" lon="5.3677453"/><trkpt lat="52.0850583" lon="5.3676769"/><trkpt lat="52.085069" lon="5.3676286"/><trkpt lat="52.0850781" lon="5.367571"/><trkpt lat="52.0850805" lon="5.367528"/><trkpt lat="52.0850682" lon="5.367469"/><trkpt lat="52.0850599" lon="5.3674369"/><trkpt lat="52.0850319" lon="5.3673859"/><trkpt lat="52.0850047" lon="5.3672813"/><trkpt lat="52.0849948" lon="5.3672478"/><trkpt lat="52.0849858" lon="5.3671874"/><trkpt lat="52.0849734" lon="5.3671794"/><trkpt lat="52.0849363" lon="5.3671955"/><trkpt lat="52.0848374" lon="5.367178"/><trkpt lat="52.0847896" lon="5.3671378"/><trkpt lat="52.0847699" lon="5.3670788"/><trkpt lat="52.084755" lon="5.3670546"/><trkpt lat="52.0847299" lon="5.3670546"/><trkpt lat="52.084657" lon="5.3671056"/><trkpt lat="52.0846067" lon="5.3671767"/><trkpt lat="52.0845778" lon="5.3673229"/><trkpt lat="52.0845597" lon="5.3673685"/><trkpt lat="52.0845086" lon="5.3673711"/><trkpt lat="52.0844855" lon="5.3673819"/><trkpt lat="52.0843537" lon="5.367516"/><trkpt lat="52.0843184" lon="5.3677007"/><trkpt lat="52.0843059" lon="5.3677601"/><trkpt lat="52.0843463" lon="5.3678808"/><trkpt lat="52.0843463" lon="5.3679478"/><trkpt lat="52.0843117" lon="5.3679894"/><trkpt lat="52.0843034" lon="5.3680994"/><trkpt lat="52.0843257" lon="5.3681812"/><trkpt lat="52.084324" lon="5.3682885"/><trkpt lat="52.0842886" lon="5.3684279"/><trkpt lat="52.0842737" lon="5.3686117"/><trkpt lat="52.0843364" lon="5.368719"/><trkpt lat="52.0843603" lon="5.368849"/><trkpt lat="52.0843421" lon="5.3689282"/><trkpt lat="52.0842886" lon="5.3689992"/><trkpt lat="52.0842062" lon="5.3689966"/><trkpt lat="52.0841295" lon="5.3689536"/><trkpt lat="52.0840768" lon="5.3690401"/><trkpt lat="52.0840084" lon="5.3691129"/><trkpt lat="52.0839239" lon="5.3692028"/><trkpt lat="52.0838852" lon="5.3692896"/><trkpt lat="52.083863" lon="5.3693664"/><trkpt lat="52.0837944" lon="5.3695196"/><trkpt lat="52.0838097" lon="5.3696202"/><trkpt lat="52.0838221" lon="5.3696772"/><trkpt lat="52.0838338" lon="5.3697153"/><trkpt lat="52.083846" lon="5.3697318"/><trkpt lat="52.0838798" lon="5.3697402"/><trkpt lat="52.0839103" lon="5.3696602"/><trkpt lat="52.0839753" lon="5.3696731"/><trkpt lat="52.0839938" lon="5.369716"/><trkpt lat="52.0839928" lon="5.369779"/><trkpt lat="52.0839982" lon="5.3699235"/><trkpt lat="52.0838804" lon="5.3700508"/><trkpt lat="52.0837912" lon="5.3701765"/><trkpt lat="52.0837849" lon="5.3702748"/><trkpt lat="52.0838093" lon="5.3703569"/><trkpt lat="52.0838426" lon="5.3704313"/><trkpt lat="52.0839252" lon="5.3705107"/><trkpt lat="52.0839762" lon="5.3705601"/><trkpt lat="52.0839819" lon="5.3706144"/><trkpt lat="52.0839806" lon="5.3706888"/><trkpt lat="52.0839542" lon="5.3707618"/><trkpt lat="52.0839235" lon="5.3707904"/><trkpt lat="52.083876" lon="5.3708219"/><trkpt lat="52.0837898" lon="5.3708505"/><trkpt lat="52.0837616" lon="5.370926"/><trkpt lat="52.0837829" lon="5.3710283"/><trkpt lat="52.083825" lon="5.3710759"/><trkpt lat="52.0838364" lon="5.3710751"/><trkpt lat="52.0838783" lon="5.371027"/><trkpt lat="52.0838953" lon="5.3709592"/><trkpt lat="52.0839657" lon="5.3709349"/><trkpt lat="52.0839982" lon="5.3709435"/><trkpt lat="52.0840316" lon="5.3709849"/><trkpt lat="52.0840578" lon="5.3709733"/><trkpt lat="52.0840883" lon="5.3709452"/><trkpt lat="52.0841922" lon="5.3708754"/><trkpt lat="52.0842987" lon="5.3708708"/><trkpt lat="52.0843323" lon="5.3708594"/><trkpt lat="52.0844353" lon="5.3707615"/><trkpt lat="52.0845342" lon="5.3707118"/><trkpt lat="52.0846281" lon="5.370736"/><trkpt lat="52.0846553" lon="5.3707588"/><trkpt lat="52.0846932" lon="5.3708138"/><trkpt lat="52.0847089" lon="5.3708647"/><trkpt lat="52.0847089" lon="5.3709412"/><trkpt lat="52.0846718" lon="5.3709854"/><trkpt lat="52.0846372" lon="5.3710283"/><trkpt lat="52.0846396" lon="5.3711356"/><trkpt lat="52.0846545" lon="5.3711946"/><trkpt lat="52.0846743" lon="5.3712295"/><trkpt lat="52.0847015" lon="5.3712443"/><trkpt lat="52.0847583" lon="5.3712308"/><trkpt lat="52.0847921" lon="5.371263"/><trkpt lat="52.0847954" lon="5.3713582"/><trkpt lat="52.084822" lon="5.3714226"/><trkpt lat="52.0848303" lon="5.371649"/><trkpt lat="52.0848226" lon="5.3717096"/><trkpt lat="52.0848473" lon="5.371778"/><trkpt lat="52.0848844" lon="5.3718276"/><trkpt lat="52.0848968" lon="5.3719175"/><trkpt lat="52.0849058" lon="5.3720154"/><trkpt lat="52.0849314" lon="5.3720731"/><trkpt lat="52.0849602" lon="5.3720985"/><trkpt lat="52.0849998" lon="5.3720918"/><trkpt lat="52.0850393" lon="5.3719564"/><trkpt lat="52.0850585" lon="5.3718346"/><trkpt lat="52.0850822" lon="5.3716761"/><trkpt lat="52.0850937" lon="5.3716104"/><trkpt lat="52.0851061" lon="5.3715608"/><trkpt lat="52.0851382" lon="5.3715648"/><trkpt lat="52.0851522" lon="5.371609"/><trkpt lat="52.0851671" lon="5.3717887"/><trkpt lat="52.085205" lon="5.3718692"/><trkpt lat="52.0852948" lon="5.3718974"/><trkpt lat="52.085409" lon="5.3718889"/><trkpt lat="52.0854646" lon="5.3719148"/><trkpt lat="52.0855527" lon="5.3720435"/><trkpt lat="52.0856129" lon="5.3720355"/><trkpt lat="52.0856673" lon="5.371947"/><trkpt lat="52.0857032" lon="5.3718821"/><trkpt lat="52.0857695" lon="5.3719054"/><trkpt lat="52.0858214" lon="5.372069"/><trkpt lat="52.0858642" lon="5.3722903"/><trkpt lat="52.0859349" lon="5.3722964"/><trkpt lat="52.0859862" lon="5.3722085"/><trkpt lat="52.08602" lon="5.3721213"/><trkpt lat="52.0860357" lon="5.3719684"/><trkpt lat="52.0860719" lon="5.3718813"/><trkpt lat="52.0861156" lon="5.3718665"/><trkpt lat="52.0861304" lon="5.3719014"/><trkpt lat="52.086138" lon="5.3719297"/><trkpt lat="52.086142" lon="5.3720489"/><trkpt lat="52.0861535" lon="5.3722407"/><trkpt lat="52.0861947" lon="5.3723788"/><trkpt lat="52.0862493" lon="5.3723915"/><trkpt lat="52.0863109" lon="5.3723627"/><trkpt lat="52.0863554" lon="5.3723815"/><trkpt lat="52.0863636" lon="5.3724405"/><trkpt lat="52.0863397" lon="5.3725478"/><trkpt lat="52.0863051" lon="5.3726698"/><trkpt lat="52.0863331" lon="5.3726953"/><trkpt lat="52.0864246" lon="5.3726833"/><trkpt lat="52.0864765" lon="5.3727061"/><trkpt lat="52.0865219" lon="5.3727208"/><trkpt lat="52.0865606" lon="5.3727584"/><trkpt lat="52.0866784" lon="5.3728522"/><trkpt lat="52.0867683" lon="5.372867"/><trkpt lat="52.0868251" lon="5.3728737"/><trkpt lat="52.0869331" lon="5.3728093"/><trkpt lat="52.0869825" lon="5.3727999"/><trkpt lat="52.0870245" lon="5.3728026"/><trkpt lat="52.0870822" lon="5.3728361"/><trkpt lat="52.0871572" lon="5.3728294"/><trkpt lat="52.087219" lon="5.3728227"/><trkpt lat="52.0872306" lon="5.3728737"/><trkpt lat="52.0872067" lon="5.3730145"/><trkpt lat="52.0871926" lon="5.3731339"/><trkpt lat="52.0871852" lon="5.3732398"/><trkpt lat="52.0872264" lon="5.3733203"/><trkpt lat="52.0872767" lon="5.3733632"/><trkpt lat="52.0873418" lon="5.3734598"/><trkpt lat="52.0874078" lon="5.3735648"/><trkpt lat="52.0874473" lon="5.3736261"/><trkpt lat="52.0874951" lon="5.3737414"/><trkpt lat="52.0875198" lon="5.3739278"/><trkpt lat="52.0875478" lon="5.3739667"/><trkpt lat="52.0876319" lon="5.3740445"/><trkpt lat="52.0876533" lon="5.3741759"/><trkpt lat="52.0876403" lon="5.3743249"/><trkpt lat="52.0876961" lon="5.3744441"/><trkpt lat="52.0877365" lon="5.374487"/><trkpt lat="52.0877851" lon="5.3745756"/><trkpt lat="52.0878148" lon="5.3747365"/><trkpt lat="52.0878144" lon="5.3747874"/><trkpt lat="52.0877777" lon="5.3749618"/><trkpt lat="52.0878177" lon="5.3750463"/><trkpt lat="52.0878436" lon="5.3750463"/><trkpt lat="52.0878906" lon="5.3750771"/><trkpt lat="52.0879664" lon="5.3751147"/><trkpt lat="52.0879928" lon="5.375167"/><trkpt lat="52.0880027" lon="5.3752796"/><trkpt lat="52.0880357" lon="5.3754044"/><trkpt lat="52.0881057" lon="5.3755331"/><trkpt lat="52.0881774" lon="5.3756136"/><trkpt lat="52.0882466" lon="5.3757262"/><trkpt lat="52.088301" lon="5.3757799"/><trkpt lat="52.0883323" lon="5.3758469"/><trkpt lat="52.0883438" lon="5.375914"/><trkpt lat="52.0883554" lon="5.375981"/><trkpt lat="52.0883488" lon="5.3760333"/><trkpt lat="52.088334" lon="5.376083"/><trkpt lat="52.08829" lon="5.3761609"/><trkpt lat="52.0882455" lon="5.3761994"/><trkpt lat="52.0881884" lon="5.3761836"/><trkpt lat="52.0881576" lon="5.3761728"/><trkpt lat="52.0881312" lon="5.3761245"/><trkpt lat="52.0880604" lon="5.3757597"/><trkpt lat="52.088034" lon="5.3756632"/><trkpt lat="52.0879846" lon="5.3755841"/><trkpt lat="52.0879269" lon="5.3755559"/><trkpt lat="52.087817" lon="5.3755825"/><trkpt lat="52.0877027" lon="5.3756136"/><trkpt lat="52.0876838" lon="5.3756565"/><trkpt lat="52.0876698" lon="5.3757289"/><trkpt lat="52.0876953" lon="5.3757825"/><trkpt lat="52.0877275" lon="5.3758201"/><trkpt lat="52.0877563" lon="5.3758429"/><trkpt lat="52.0877645" lon="5.3759126"/><trkpt lat="52.0877472" lon="5.3759609"/><trkpt lat="52.0877225" lon="5.3759904"/><trkpt lat="52.0876764" lon="5.3759971"/><trkpt lat="52.0876525" lon="5.3759864"/><trkpt lat="52.087631" lon="5.375973"/><trkpt lat="52.0876055" lon="5.3758804"/><trkpt lat="52.0875791" lon="5.3758145"/><trkpt lat="52.0875396" lon="5.3757906"/><trkpt lat="52.0874992" lon="5.375796"/><trkpt lat="52.0874011" lon="5.3757906"/><trkpt lat="52.0873682" lon="5.3757852"/><trkpt lat="52.0872841" lon="5.3756002"/><trkpt lat="52.0872149" lon="5.3755116"/><trkpt lat="52.0871836" lon="5.3754835"/><trkpt lat="52.0871045" lon="5.3754741"/><trkpt lat="52.0870385" lon="5.375399"/><trkpt lat="52.0870353" lon="5.3753225"/><trkpt lat="52.0870435" lon="5.3752166"/><trkpt lat="52.0870336" lon="5.3751281"/><trkpt lat="52.0870105" lon="5.3750798"/><trkpt lat="52.0869862" lon="5.375053"/><trkpt lat="52.0869501" lon="5.3750461"/><trkpt lat="52.0868919" lon="5.3750349"/><trkpt lat="52.0868424" lon="5.3749993"/><trkpt lat="52.0867699" lon="5.3750396"/><trkpt lat="52.0867336" lon="5.3749913"/><trkpt lat="52.0867271" lon="5.3749108"/><trkpt lat="52.0867419" lon="5.3747392"/><trkpt lat="52.0867221" lon="5.3745353"/><trkpt lat="52.0867081" lon="5.3744307"/><trkpt lat="52.0866727" lon="5.374369"/><trkpt lat="52.0866974" lon="5.3741665"/><trkpt lat="52.0867271" lon="5.374023"/><trkpt lat="52.0867798" lon="5.3739345"/><trkpt lat="52.0868579" lon="5.3738488"/><trkpt lat="52.0868688" lon="5.373787"/><trkpt lat="52.0868647" lon="5.373732"/><trkpt lat="52.0868317" lon="5.3737092"/><trkpt lat="52.0868037" lon="5.3737119"/><trkpt lat="52.0866554" lon="5.373732"/><trkpt lat="52.0865804" lon="5.3738138"/><trkpt lat="52.0865458" lon="5.37385"/><trkpt lat="52.0865606" lon="5.3739037"/><trkpt lat="52.0865433" lon="5.3739506"/><trkpt lat="52.0865177" lon="5.3739801"/><trkpt lat="52.0864798" lon="5.373956"/><trkpt lat="52.0864139" lon="5.3739975"/><trkpt lat="52.0863719" lon="5.3740217"/><trkpt lat="52.0863178" lon="5.374039"/><trkpt lat="52.0862722" lon="5.3741491"/><trkpt lat="52.086268" lon="5.3742054"/><trkpt lat="52.0863172" lon="5.3742736"/><trkpt lat="52.0863627" lon="5.3742568"/><trkpt lat="52.086423" lon="5.3742148"/><trkpt lat="52.0864625" lon="5.3742121"/><trkpt lat="52.0865066" lon="5.3742615"/><trkpt lat="52.0866216" lon="5.3744924"/><trkpt lat="52.0866273" lon="5.3746909"/><trkpt lat="52.0866578" lon="5.3748626"/><trkpt lat="52.0866331" lon="5.3749712"/><trkpt lat="52.0866183" lon="5.3751723"/><trkpt lat="52.0866224" lon="5.3752327"/><trkpt lat="52.0866471" lon="5.3752649"/><trkpt lat="52.0867056" lon="5.3752904"/><trkpt lat="52.0867551" lon="5.3752743"/><trkpt lat="52.0868512" lon="5.3752313"/><trkpt lat="52.0869075" lon="5.3753185"/><trkpt lat="52.0869262" lon="5.3753511"/><trkpt lat="52.0869924" lon="5.375466"/><trkpt lat="52.0870666" lon="5.3756149"/><trkpt lat="52.087088" lon="5.3756592"/><trkpt lat="52.0870987" lon="5.375682"/><trkpt lat="52.0870929" lon="5.3757326"/><trkpt lat="52.0870517" lon="5.3759153"/><trkpt lat="52.0869924" lon="5.3760655"/><trkpt lat="52.0869692" lon="5.376149"/><trkpt lat="52.0868169" lon="5.3762761"/><trkpt lat="52.0867847" lon="5.3763485"/><trkpt lat="52.0867534" lon="5.3765309"/><trkpt lat="52.0867518" lon="5.3766757"/><trkpt lat="52.0867292" lon="5.3768899"/><trkpt lat="52.0867369" lon="5.377062"/><trkpt lat="52.0867328" lon="5.3771612"/><trkpt lat="52.086704" lon="5.3773007"/><trkpt lat="52.0866595" lon="5.377306"/><trkpt lat="52.0866216" lon="5.3772873"/><trkpt lat="52.0865977" lon="5.3772618"/><trkpt lat="52.0865803" lon="5.3771887"/><trkpt lat="52.0866001" lon="5.3770271"/><trkpt lat="52.0866282" lon="5.3769064"/><trkpt lat="52.0866183" lon="5.3767106"/><trkpt lat="52.0865886" lon="5.3766569"/><trkpt lat="52.0865524" lon="5.3766355"/><trkpt lat="52.0864518" lon="5.3766221"/><trkpt lat="52.0863875" lon="5.3766409"/><trkpt lat="52.0863496" lon="5.3766127"/><trkpt lat="52.0863158" lon="5.3765738"/><trkpt lat="52.0862441" lon="5.3764357"/><trkpt lat="52.0862094" lon="5.3763494"/><trkpt lat="52.0861972" lon="5.3762908"/><trkpt lat="52.0861783" lon="5.3762334"/><trkpt lat="52.0861782" lon="5.3760642"/><trkpt lat="52.0861683" lon="5.3760052"/><trkpt lat="52.0861354" lon="5.3759757"/><trkpt lat="52.0860744" lon="5.3759395"/><trkpt lat="52.0860431" lon="5.3758737"/><trkpt lat="52.0859788" lon="5.3758174"/><trkpt lat="52.0858783" lon="5.3758684"/><trkpt lat="52.0858288" lon="5.3759998"/><trkpt lat="52.085814" lon="5.3760883"/><trkpt lat="52.0858403" lon="5.3761862"/><trkpt lat="52.0858634" lon="5.3762546"/><trkpt lat="52.085931" lon="5.3763096"/><trkpt lat="52.0859721" lon="5.3763827"/><trkpt lat="52.0860315" lon="5.3764343"/><trkpt lat="52.0861634" lon="5.3765389"/><trkpt lat="52.086254" lon="5.376665"/><trkpt lat="52.0863142" lon="5.3767522"/><trkpt lat="52.0863397" lon="5.3768085"/><trkpt lat="52.086357" lon="5.3768675"/><trkpt lat="52.0863628" lon="5.37696"/><trkpt lat="52.0863958" lon="5.3772242"/><trkpt lat="52.0864683" lon="5.3772873"/><trkpt lat="52.0865721" lon="5.3773946"/><trkpt lat="52.0866743" lon="5.3774616"/><trkpt lat="52.0867798" lon="5.3774428"/><trkpt lat="52.0868556" lon="5.3774884"/><trkpt lat="52.0869413" lon="5.3775904"/><trkpt lat="52.0869693" lon="5.377695"/><trkpt lat="52.0869941" lon="5.3778425"/><trkpt lat="52.0870303" lon="5.3779444"/><trkpt lat="52.0870847" lon="5.3779632"/><trkpt lat="52.0871292" lon="5.3779927"/><trkpt lat="52.0871712" lon="5.3779954"/><trkpt lat="52.0872792" lon="5.3779149"/><trkpt lat="52.0873352" lon="5.3778774"/><trkpt lat="52.0873896" lon="5.3778197"/><trkpt lat="52.0874379" lon="5.3777442"/><trkpt lat="52.0875346" lon="5.3776923"/><trkpt lat="52.0875923" lon="5.377695"/><trkpt lat="52.0876368" lon="5.3776467"/><trkpt lat="52.0877176" lon="5.3773999"/><trkpt lat="52.0877637" lon="5.3773597"/><trkpt lat="52.0878031" lon="5.3773529"/><trkpt lat="52.0878643" lon="5.3774026"/><trkpt lat="52.087912" lon="5.3774214"/><trkpt lat="52.0879384" lon="5.377408"/><trkpt lat="52.0879582" lon="5.377349"/><trkpt lat="52.0879846" lon="5.3772685"/><trkpt lat="52.0880472" lon="5.3772091"/><trkpt lat="52.0880997" lon="5.3771859"/><trkpt lat="52.0881238" lon="5.3771639"/><trkpt lat="52.0881288" lon="5.3771196"/><trkpt lat="52.0881477" lon="5.3770258"/><trkpt lat="52.0881675" lon="5.3769842"/><trkpt lat="52.0882103" lon="5.3769949"/><trkpt lat="52.0882716" lon="5.3771049"/><trkpt lat="52.0883043" lon="5.3771679"/><trkpt lat="52.0883776" lon="5.3771638"/><trkpt lat="52.0884541" lon="5.3771412"/><trkpt lat="52.0884963" lon="5.377003"/><trkpt lat="52.0885276" lon="5.3768648"/><trkpt lat="52.088535" lon="5.3767844"/><trkpt lat="52.0885317" lon="5.3767173"/><trkpt lat="52.0885054" lon="5.3766328"/><trkpt lat="52.0885111" lon="5.376543"/><trkpt lat="52.0885358" lon="5.3765202"/><trkpt lat="52.0885688" lon="5.3765215"/><trkpt lat="52.088596" lon="5.3765537"/><trkpt lat="52.0886059" lon="5.3765818"/><trkpt lat="52.0885968" lon="5.3766677"/><trkpt lat="52.0886009" lon="5.3767025"/><trkpt lat="52.0886174" lon="5.3767361"/><trkpt lat="52.088643" lon="5.3767817"/><trkpt lat="52.0886512" lon="5.3768072"/><trkpt lat="52.0886611" lon="5.3768487"/><trkpt lat="52.0886627" lon="5.3769024"/><trkpt lat="52.0886722" lon="5.3769741"/><trkpt lat="52.0886957" lon="5.3769989"/><trkpt lat="52.0887489" lon="5.3769406"/><trkpt lat="52.0887839" lon="5.3769037"/><trkpt lat="52.0887855" lon="5.3768675"/><trkpt lat="52.0887839" lon="5.3768326"/><trkpt lat="52.0887567" lon="5.3767736"/><trkpt lat="52.088748" lon="5.3767186"/><trkpt lat="52.0887468" lon="5.3766543"/><trkpt lat="52.0887711" lon="5.3766395"/><trkpt lat="52.0887892" lon="5.3766449"/><trkpt lat="52.088816" lon="5.376659"/><trkpt lat="52.0888333" lon="5.3766824"/><trkpt lat="52.0888795" lon="5.3767186"/><trkpt lat="52.0889289" lon="5.3767066"/><trkpt lat="52.0889858" lon="5.3766341"/><trkpt lat="52.0890237" lon="5.3765973"/><trkpt lat="52.0891601" lon="5.3764802"/><trkpt lat="52.0892809" lon="5.3759979"/><trkpt lat="52.0893538" lon="5.3755955"/><trkpt lat="52.0894761" lon="5.37545"/><trkpt lat="52.089659" lon="5.3751817"/><trkpt lat="52.089687" lon="5.374833"/><trkpt lat="52.08972" lon="5.3746238"/><trkpt lat="52.0897134" lon="5.3744978"/><trkpt lat="52.089715" lon="5.3742939"/><trkpt lat="52.0898172" lon="5.3741491"/><trkpt lat="52.0899029" lon="5.3740901"/><trkpt lat="52.0900001" lon="5.3741196"/><trkpt lat="52.0901567" lon="5.3742295"/><trkpt lat="52.0903116" lon="5.3742671"/><trkpt lat="52.0904072" lon="5.3742483"/><trkpt lat="52.09045" lon="5.3742215"/><trkpt lat="52.0905604" lon="5.3742537"/><trkpt lat="52.0906478" lon="5.3742591"/><trkpt lat="52.0907895" lon="5.3742242"/><trkpt lat="52.0908441" lon="5.3741937"/><trkpt lat="52.0909245" lon="5.3742365"/><trkpt lat="52.0913524" lon="5.374387"/><trkpt lat="52.0915953" lon="5.3743998"/><trkpt lat="52.0916794" lon="5.3743952"/><trkpt lat="52.0919562" lon="5.3743848"/><trkpt lat="52.0920304" lon="5.3744629"/><trkpt lat="52.0920683" lon="5.3745916"/><trkpt lat="52.0920617" lon="5.3747204"/><trkpt lat="52.0921112" lon="5.3748277"/><trkpt lat="52.092243" lon="5.3749028"/><trkpt lat="52.0923271" lon="5.374994"/><trkpt lat="52.092365" lon="5.3751093"/><trkpt lat="52.0923287" lon="5.375289"/><trkpt lat="52.0923073" lon="5.3754285"/><trkpt lat="52.0922875" lon="5.3756055"/><trkpt lat="52.0922793" lon="5.3757396"/><trkpt lat="52.0923023" lon="5.3758281"/><trkpt lat="52.0923361" lon="5.3759596"/><trkpt lat="52.0923435" lon="5.3760427"/><trkpt lat="52.0923551" lon="5.3762399"/><trkpt lat="52.0923798" lon="5.3763525"/><trkpt lat="52.0924024" lon="5.376422"/><trkpt lat="52.092389" lon="5.3766169"/><trkpt lat="52.0924268" lon="5.3766422"/><trkpt lat="52.092524" lon="5.3766341"/><trkpt lat="52.0925841" lon="5.3767227"/><trkpt lat="52.0927091" lon="5.3767178"/><trkpt lat="52.0927432" lon="5.3767803"/><trkpt lat="52.0927425" lon="5.3768922"/><trkpt lat="52.0926978" lon="5.3770123"/><trkpt lat="52.0927102" lon="5.3770499"/><trkpt lat="52.0927341" lon="5.3770579"/><trkpt lat="52.092787" lon="5.3771548"/><trkpt lat="52.0928091" lon="5.3772162"/><trkpt lat="52.0928264" lon="5.3773583"/><trkpt lat="52.092861" lon="5.3774093"/><trkpt lat="52.0929261" lon="5.3773221"/><trkpt lat="52.0929837" lon="5.3772283"/><trkpt lat="52.0930085" lon="5.3772363"/><trkpt lat="52.0930381" lon="5.377298"/><trkpt lat="52.0930847" lon="5.3772419"/><trkpt lat="52.0931082" lon="5.3772859"/><trkpt lat="52.0931494" lon="5.3772712"/><trkpt lat="52.0931724" lon="5.3772578"/><trkpt lat="52.0931848" lon="5.3772309"/><trkpt lat="52.0931765" lon="5.3771693"/><trkpt lat="52.0931831" lon="5.3770727"/><trkpt lat="52.093193" lon="5.3770123"/><trkpt lat="52.0932721" lon="5.3768675"/><trkpt lat="52.0932968" lon="5.3767616"/><trkpt lat="52.0933562" lon="5.3765953"/><trkpt lat="52.0934023" lon="5.3765872"/><trkpt lat="52.0934204" lon="5.3765336"/><trkpt lat="52.0934509" lon="5.3764357"/><trkpt lat="52.0935572" lon="5.3763981"/><trkpt lat="52.0936108" lon="5.3763847"/><trkpt lat="52.093661" lon="5.3763874"/><trkpt lat="52.0936701" lon="5.3764357"/><trkpt lat="52.0936544" lon="5.3765336"/><trkpt lat="52.0936445" lon="5.376606"/><trkpt lat="52.0936726" lon="5.3766905"/><trkpt lat="52.0936956" lon="5.3767066"/><trkpt lat="52.0937204" lon="5.376716"/><trkpt lat="52.0937665" lon="5.3766865"/><trkpt lat="52.0937977" lon="5.3766236"/><trkpt lat="52.0938217" lon="5.376551"/><trkpt lat="52.0939082" lon="5.3762814"/><trkpt lat="52.0939618" lon="5.3762734"/><trkpt lat="52.0940351" lon="5.3762251"/><trkpt lat="52.0941125" lon="5.3762278"/><trkpt lat="52.0941818" lon="5.3762077"/><trkpt lat="52.0942205" lon="5.3762251"/><trkpt lat="52.0942419" lon="5.3762908"/><trkpt lat="52.0942683" lon="5.3763901"/><trkpt lat="52.0943103" lon="5.3764652"/><trkpt lat="52.0943507" lon="5.3764786"/><trkpt lat="52.0943828" lon="5.3765215"/><trkpt lat="52.0944281" lon="5.3765456"/><trkpt lat="52.0944314" lon="5.3765872"/><trkpt lat="52.0944479" lon="5.3766328"/><trkpt lat="52.0944644" lon="5.3766865"/><trkpt lat="52.0944915" lon="5.3767079"/><trkpt lat="52.0945154" lon="5.3767723"/><trkpt lat="52.0945599" lon="5.376775"/><trkpt lat="52.0945912" lon="5.3767991"/><trkpt lat="52.0946423" lon="5.3767589"/><trkpt lat="52.0946662" lon="5.3767736"/><trkpt lat="52.0948135" lon="5.3767835"/><trkpt lat="52.0950131" lon="5.3766368"/><trkpt lat="52.095005" lon="5.37676"/><trkpt lat="52.095095" lon="5.3768395"/><trkpt lat="52.0952121" lon="5.376932"/><trkpt lat="52.095343" lon="5.3770565"/><trkpt lat="52.095416" lon="5.377064"/><trkpt lat="52.0954647" lon="5.3770395"/><trkpt lat="52.0954995" lon="5.3770508"/><trkpt lat="52.0955146" lon="5.3770942"/><trkpt lat="52.0955215" lon="5.377164"/><trkpt lat="52.0955099" lon="5.3772282"/><trkpt lat="52.0955261" lon="5.3773074"/><trkpt lat="52.0955424" lon="5.3774394"/><trkpt lat="52.0955586" lon="5.3774677"/><trkpt lat="52.0955729" lon="5.3775413"/><trkpt lat="52.095614" lon="5.3776344"/><trkpt lat="52.0956437" lon="5.3776839"/><trkpt lat="52.0956914" lon="5.3776963"/><trkpt lat="52.0958209" lon="5.3777424"/><trkpt lat="52.0958811" lon="5.3778141"/><trkpt lat="52.0959298" lon="5.3778778"/><trkpt lat="52.0959589" lon="5.3780247"/><trkpt lat="52.0960172" lon="5.3780492"/><trkpt lat="52.0960604" lon="5.3781261"/><trkpt lat="52.0961361" lon="5.3782475"/><trkpt lat="52.0961328" lon="5.3783186"/><trkpt lat="52.0960899" lon="5.3784285"/><trkpt lat="52.0960669" lon="5.3785117"/><trkpt lat="52.0960858" lon="5.3785989"/><trkpt lat="52.0961118" lon="5.378619"/><trkpt lat="52.0961101" lon="5.3786773"/><trkpt lat="52.0961262" lon="5.3787196"/><trkpt lat="52.0961855" lon="5.3788188"/><trkpt lat="52.0963363" lon="5.3790642"/><trkpt lat="52.096459" lon="5.3790978"/><trkpt lat="52.0965348" lon="5.3791367"/><trkpt lat="52.0966123" lon="5.3792413"/><trkpt lat="52.0966601" lon="5.3792976"/><trkpt lat="52.0967359" lon="5.379319"/><trkpt lat="52.0968182" lon="5.3792641"/><trkpt lat="52.0968726" lon="5.3791675"/><trkpt lat="52.0969278" lon="5.3790334"/><trkpt lat="52.096988" lon="5.3789502"/><trkpt lat="52.0971297" lon="5.3789945"/><trkpt lat="52.0971651" lon="5.3790709"/><trkpt lat="52.0972186" lon="5.3791594"/><trkpt lat="52.0972911" lon="5.3792399"/><trkpt lat="52.0973785" lon="5.3792587"/><trkpt lat="52.0976034" lon="5.379256"/><trkpt lat="52.0978283" lon="5.3792225"/><trkpt lat="52.0979731" lon="5.379227"/><trkpt lat="52.0981455" lon="5.3792721"/><trkpt lat="52.0982534" lon="5.379378"/><trkpt lat="52.0983111" lon="5.3794827"/><trkpt lat="52.0983836" lon="5.3795055"/><trkpt lat="52.0984635" lon="5.3794706"/><trkpt lat="52.0985599" lon="5.3794639"/><trkpt lat="52.0986596" lon="5.3794733"/><trkpt lat="52.0987304" lon="5.3794223"/><trkpt lat="52.0987947" lon="5.3793472"/><trkpt lat="52.0988524" lon="5.3792573"/><trkpt lat="52.0988977" lon="5.3792158"/><trkpt lat="52.0989541" lon="5.3791899"/><trkpt lat="52.0990352" lon="5.3791595"/><trkpt lat="52.0991136" lon="5.3791444"/><trkpt lat="52.0991222" lon="5.3790716"/><trkpt lat="52.0991333" lon="5.3790039"/><trkpt lat="52.0991728" lon="5.3788852"/><trkpt lat="52.0991884" lon="5.3787494"/><trkpt lat="52.0991749" lon="5.3786934"/><trkpt lat="52.0991685" lon="5.3786257"/><trkpt lat="52.0991405" lon="5.3785932"/><trkpt lat="52.0991341" lon="5.3785177"/><trkpt lat="52.0991133" lon="5.3784267"/><trkpt lat="52.0991005" lon="5.3783759"/><trkpt lat="52.0991093" lon="5.3782887"/><trkpt lat="52.0990989" lon="5.3782432"/><trkpt lat="52.0991013" lon="5.3781638"/><trkpt lat="52.0990733" lon="5.3781091"/><trkpt lat="52.0990845" lon="5.3780389"/><trkpt lat="52.0991109" lon="5.3780037"/><trkpt lat="52.0991261" lon="5.3779426"/><trkpt lat="52.0991333" lon="5.3778658"/><trkpt lat="52.0991573" lon="5.3777565"/><trkpt lat="52.0991445" lon="5.3775952"/><trkpt lat="52.0991453" lon="5.3775158"/><trkpt lat="52.0991653" lon="5.377344"/><trkpt lat="52.0992332" lon="5.3771931"/><trkpt lat="52.0992692" lon="5.3771514"/><trkpt lat="52.0993123" lon="5.3771723"/><trkpt lat="52.0993595" lon="5.3771241"/><trkpt lat="52.0993819" lon="5.3770812"/><trkpt lat="52.0994346" lon="5.3770629"/><trkpt lat="52.0994658" lon="5.3770621"/><trkpt lat="52.0994914" lon="5.3770776"/><trkpt lat="52.099513" lon="5.3770617"/><trkpt lat="52.0995379" lon="5.3770594"/><trkpt lat="52.0995562" lon="5.3770334"/><trkpt lat="52.0995857" lon="5.3770085"/><trkpt lat="52.0996272" lon="5.3769739"/><trkpt lat="52.0996965" lon="5.3769591"/><trkpt lat="52.0997485" lon="5.3768707"/><trkpt lat="52.0997722" lon="5.3768462"/><trkpt lat="52.0998511" lon="5.3768339"/><trkpt lat="52.0999902" lon="5.3768769"/><trkpt lat="52.1000821" lon="5.3768626"/><trkpt lat="52.1003139" lon="5.3768365"/><trkpt lat="52.1004388" lon="5.3768316"/><trkpt lat="52.1004456" lon="5.3768675"/><trkpt lat="52.1004568" lon="5.3769708"/><trkpt lat="52.1004778" lon="5.3771076"/><trkpt lat="52.1005066" lon="5.3773275"/><trkpt lat="52.1005577" lon="5.3773919"/><trkpt lat="52.1006319" lon="5.3774242"/><trkpt lat="52.1007076" lon="5.3774321"/><trkpt lat="52.100785" lon="5.3773516"/><trkpt lat="52.1008658" lon="5.3772336"/><trkpt lat="52.1009283" lon="5.3771626"/><trkpt lat="52.1009943" lon="5.377121"/><trkpt lat="52.101047" lon="5.3771424"/><trkpt lat="52.1010948" lon="5.3770941"/><trkpt lat="52.1012011" lon="5.3770612"/><trkpt lat="52.1012831" lon="5.3765829"/><trkpt lat="52.1013862" lon="5.3757979"/><trkpt lat="52.101441" lon="5.3758255"/><trkpt lat="52.1014905" lon="5.3758567"/><trkpt lat="52.1015241" lon="5.3758983"/><trkpt lat="52.1015529" lon="5.3759205"/><trkpt lat="52.1015944" lon="5.3758697"/><trkpt lat="52.1016184" lon="5.3758476"/><trkpt lat="52.101652" lon="5.375832"/><trkpt lat="52.1016855" lon="5.3758242"/><trkpt lat="52.1017648" lon="5.3757682"/><trkpt lat="52.101852" lon="5.3757382"/><trkpt lat="52.1019375" lon="5.375725"/><trkpt lat="52.1019741" lon="5.3756946"/><trkpt lat="52.1020166" lon="5.3756746"/><trkpt lat="52.1020542" lon="5.3756669"/><trkpt lat="52.102088" lon="5.3756742"/><trkpt lat="52.1021313" lon="5.3756462"/><trkpt lat="52.1021765" lon="5.3756814"/><trkpt lat="52.1022096" lon="5.375756"/><trkpt lat="52.102249" lon="5.3757384"/><trkpt lat="52.1022764" lon="5.3757426"/><trkpt lat="52.1023057" lon="5.3757716"/><trkpt lat="52.1024292" lon="5.3758193"/><trkpt lat="52.1024725" lon="5.3758701"/><trkpt lat="52.102526" lon="5.3758939"/><trkpt lat="52.1025457" lon="5.3759208"/><trkpt lat="52.1025514" lon="5.3759768"/><trkpt lat="52.1025667" lon="5.3760235"/><trkpt lat="52.1026049" lon="5.3760722"/><trkpt lat="52.1026425" lon="5.3761136"/><trkpt lat="52.1026457" lon="5.3761696"/><trkpt lat="52.1026552" lon="5.3761862"/><trkpt lat="52.1026871" lon="5.376181"/><trkpt lat="52.1027144" lon="5.3760825"/><trkpt lat="52.102738" lon="5.3760763"/><trkpt lat="52.1027545" lon="5.3760825"/><trkpt lat="52.1027692" lon="5.3761385"/><trkpt lat="52.1027883" lon="5.3761758"/><trkpt lat="52.1027826" lon="5.3762608"/><trkpt lat="52.1028328" lon="5.3763323"/><trkpt lat="52.1029748" lon="5.3764696"/><trkpt lat="52.1030552" lon="5.376525"/><trkpt lat="52.103084" lon="5.3765725"/><trkpt lat="52.1031239" lon="5.376588"/><trkpt lat="52.1031417" lon="5.3765882"/><trkpt lat="52.1031603" lon="5.3765844"/><trkpt lat="52.1031798" lon="5.3765614"/><trkpt lat="52.1032399" lon="5.3765014"/><trkpt lat="52.1033355" lon="5.3765228"/><trkpt lat="52.1034113" lon="5.3765202"/><trkpt lat="52.1034729" lon="5.3765141"/><trkpt lat="52.1036139" lon="5.3764424"/><trkpt lat="52.103721" lon="5.3765255"/><trkpt lat="52.1038133" lon="5.3765658"/><trkpt lat="52.1038792" lon="5.3766811"/><trkpt lat="52.1039376" lon="5.3768152"/><trkpt lat="52.1039681" lon="5.3769211"/><trkpt lat="52.1040051" lon="5.3769935"/><trkpt lat="52.1040169" lon="5.3770668"/><trkpt lat="52.1040336" lon="5.377118"/><trkpt lat="52.104044" lon="5.377227"/><trkpt lat="52.104066" lon="5.3774681"/><trkpt lat="52.1041279" lon="5.3775537"/><trkpt lat="52.1042306" lon="5.3776969"/><trkpt lat="52.1043094" lon="5.3777149"/><trkpt lat="52.1044003" lon="5.3777375"/><trkpt lat="52.1044473" lon="5.3778239"/><trkpt lat="52.1045165" lon="5.3778503"/><trkpt lat="52.1045573" lon="5.3780011"/><trkpt lat="52.1046378" lon="5.3780508"/><trkpt lat="52.1046991" lon="5.3780469"/><trkpt lat="52.1047298" lon="5.3780757"/><trkpt lat="52.1048124" lon="5.3781231"/><trkpt lat="52.1048386" lon="5.3781642"/><trkpt lat="52.1048772" lon="5.3782377"/><trkpt lat="52.1049735" lon="5.3783017"/><trkpt lat="52.1050053" lon="5.3783796"/><trkpt lat="52.1051641" lon="5.3786291"/><trkpt lat="52.105192" lon="5.3786475"/><trkpt lat="52.1052268" lon="5.378656"/><trkpt lat="52.1052493" lon="5.3786943"/><trkpt lat="52.1053304" lon="5.3788048"/><trkpt lat="52.1053521" lon="5.378853"/><trkpt lat="52.1053461" lon="5.3789225"/><trkpt lat="52.1053861" lon="5.3790146"/><trkpt lat="52.1054488" lon="5.3790968"/><trkpt lat="52.1054906" lon="5.3791861"/><trkpt lat="52.1055306" lon="5.3793731"/><trkpt lat="52.105548" lon="5.3794511"/><trkpt lat="52.1055541" lon="5.3795574"/><trkpt lat="52.1055628" lon="5.3797076"/><trkpt lat="52.1056507" lon="5.379838"/><trkpt lat="52.1057796" lon="5.3799471"/><trkpt lat="52.1059197" lon="5.3800237"/><trkpt lat="52.1060285" lon="5.3800435"/><trkpt lat="52.1060651" lon="5.380181"/><trkpt lat="52.1060955" lon="5.3802306"/><trkpt lat="52.1061347" lon="5.3802391"/><trkpt lat="52.1061582" lon="5.3803071"/><trkpt lat="52.106223" lon="5.3803425"/><trkpt lat="52.1062409" lon="5.3803454"/><trkpt lat="52.1063513" lon="5.3805735"/><trkpt lat="52.1064968" lon="5.3807153"/><trkpt lat="52.1066183" lon="5.3809531"/><trkpt lat="52.1066863" lon="5.3810828"/><trkpt lat="52.1067181" lon="5.3811941"/><trkpt lat="52.1067481" lon="5.3812872"/><trkpt lat="52.1067622" lon="5.3813975"/><trkpt lat="52.1067945" lon="5.3814139"/><trkpt lat="52.1067989" lon="5.3814267"/><trkpt lat="52.106861" lon="5.3815103"/><trkpt lat="52.1068694" lon="5.3815926"/><trkpt lat="52.1068642" lon="5.381679"/><trkpt lat="52.1068459" lon="5.3817584"/><trkpt lat="52.1067963" lon="5.3819171"/><trkpt lat="52.1067473" lon="5.3820812"/><trkpt lat="52.1067415" lon="5.3822763"/><trkpt lat="52.1067606" lon="5.3823324"/><trkpt lat="52.1067685" lon="5.3825501"/><trkpt lat="52.1067588" lon="5.3827788"/><trkpt lat="52.1068407" lon="5.3829942"/><trkpt lat="52.1069025" lon="5.3831742"/><trkpt lat="52.1069625" lon="5.3832918"/><trkpt lat="52.1070322" lon="5.3833046"/><trkpt lat="52.1070565" lon="5.3832989"/><trkpt lat="52.1070974" lon="5.3834236"/><trkpt lat="52.1071305" lon="5.3835115"/><trkpt lat="52.1071514" lon="5.3836419"/><trkpt lat="52.1071606" lon="5.383734"/><trkpt lat="52.1071479" lon="5.3838786"/><trkpt lat="52.1070748" lon="5.3842286"/><trkpt lat="52.1071175" lon="5.3842938"/><trkpt lat="52.1071392" lon="5.384342"/><trkpt lat="52.1071845" lon="5.3843902"/><trkpt lat="52.1072689" lon="5.3843732"/><trkpt lat="52.107302" lon="5.3843817"/><trkpt lat="52.1073229" lon="5.3844327"/><trkpt lat="52.1073281" lon="5.3844852"/><trkpt lat="52.1073368" lon="5.3845518"/><trkpt lat="52.1073542" lon="5.3845872"/><trkpt lat="52.1074134" lon="5.3845858"/><trkpt lat="52.1074874" lon="5.3845744"/><trkpt lat="52.1075814" lon="5.3846127"/><trkpt lat="52.1076484" lon="5.3846765"/><trkpt lat="52.107692" lon="5.3846907"/><trkpt lat="52.1077277" lon="5.3847275"/><trkpt lat="52.1077686" lon="5.3847743"/><trkpt lat="52.1078338" lon="5.3847559"/><trkpt lat="52.1078956" lon="5.3847063"/><trkpt lat="52.1079479" lon="5.3847176"/><trkpt lat="52.1079662" lon="5.3847403"/><trkpt lat="52.107981" lon="5.3848012"/><trkpt lat="52.1079783" lon="5.3849146"/><trkpt lat="52.1079409" lon="5.3850025"/><trkpt lat="52.1079139" lon="5.3850591"/><trkpt lat="52.1079417" lon="5.3851891"/><trkpt lat="52.1079763" lon="5.3852534"/><trkpt lat="52.1079907" lon="5.3853212"/><trkpt lat="52.1080064" lon="5.3853386"/><trkpt lat="52.1082024" lon="5.3853902"/><trkpt lat="52.1083458" lon="5.3854439"/><trkpt lat="52.1084013" lon="5.3854754"/><trkpt lat="52.1084597" lon="5.3853863"/><trkpt lat="52.1089046" lon="5.3854557"/><trkpt lat="52.1093957" lon="5.3855442"/><trkpt lat="52.1103259" lon="5.3856843"/><trkpt lat="52.1104117" lon="5.3855964"/><trkpt lat="52.1104953" lon="5.3855267"/><trkpt lat="52.1105708" lon="5.3854901"/><trkpt lat="52.1106503" lon="5.3855001"/><trkpt lat="52.1107481" lon="5.3854968"/><trkpt lat="52.1108113" lon="5.3854702"/><trkpt lat="52.1108807" lon="5.3854038"/><trkpt lat="52.1109398" lon="5.3854038"/><trkpt lat="52.111054" lon="5.3854237"/><trkpt lat="52.1111335" lon="5.3854171"/><trkpt lat="52.1112211" lon="5.3853806"/><trkpt lat="52.1112945" lon="5.385281"/><trkpt lat="52.111382" lon="5.3850399"/><trkpt lat="52.1114801" lon="5.3850154"/><trkpt lat="52.1116228" lon="5.3849225"/><trkpt lat="52.1117573" lon="5.3848229"/><trkpt lat="52.1118389" lon="5.3846502"/><trkpt lat="52.1118817" lon="5.3845407"/><trkpt lat="52.1120417" lon="5.3843565"/><trkpt lat="52.1121325" lon="5.3842768"/><trkpt lat="52.1121916" lon="5.3842336"/><trkpt lat="52.1122334" lon="5.3842137"/><trkpt lat="52.1122799" lon="5.3842429"/><trkpt lat="52.1123242" lon="5.3842598"/><trkpt lat="52.112406" lon="5.3842627"/><trkpt lat="52.1124896" lon="5.3843363"/><trkpt lat="52.1125209" lon="5.3845773"/><trkpt lat="52.1125923" lon="5.3845631"/><trkpt lat="52.1126706" lon="5.3844412"/><trkpt lat="52.1126933" lon="5.384308"/><trkpt lat="52.1126567" lon="5.3842343"/><trkpt lat="52.1126121" lon="5.3842133"/><trkpt lat="52.1125684" lon="5.384164"/><trkpt lat="52.112561" lon="5.3840983"/><trkpt lat="52.1126828" lon="5.3840246"/><trkpt lat="52.1127702" lon="5.3840239"/><trkpt lat="52.1128778" lon="5.3839452"/><trkpt lat="52.1129822" lon="5.383863"/><trkpt lat="52.1130884" lon="5.3838148"/><trkpt lat="52.113158" lon="5.3838176"/><trkpt lat="52.1132259" lon="5.3837666"/><trkpt lat="52.1133129" lon="5.3837808"/><trkpt lat="52.1133512" lon="5.3838346"/><trkpt lat="52.1133834" lon="5.3838729"/><trkpt lat="52.1134452" lon="5.3838842"/><trkpt lat="52.1135897" lon="5.3838446"/><trkpt lat="52.1136532" lon="5.3838318"/><trkpt lat="52.1137476" lon="5.383774"/><trkpt lat="52.1138116" lon="5.3837071"/><trkpt lat="52.1138981" lon="5.3835247"/><trkpt lat="52.1139681" lon="5.3833625"/><trkpt lat="52.1140076" lon="5.3833236"/><trkpt lat="52.1140777" lon="5.3832847"/><trkpt lat="52.1141345" lon="5.3832766"/><trkpt lat="52.1141757" lon="5.3833061"/><trkpt lat="52.1142037" lon="5.3833544"/><trkpt lat="52.1142168" lon="5.3834188"/><trkpt lat="52.1142275" lon="5.3834684"/><trkpt lat="52.1142621" lon="5.3835046"/><trkpt lat="52.1142966" lon="5.3835058"/><trkpt lat="52.1144915" lon="5.3833043"/><trkpt lat="52.1145469" lon="5.3833882"/><trkpt lat="52.1146088" lon="5.3833799"/><trkpt lat="52.1146578" lon="5.3833584"/><trkpt lat="52.1147299" lon="5.3833611"/><trkpt lat="52.1147851" lon="5.3834"/><trkpt lat="52.1148147" lon="5.3834885"/><trkpt lat="52.1148353" lon="5.3835878"/><trkpt lat="52.1149012" lon="5.3836736"/><trkpt lat="52.1149704" lon="5.3836977"/><trkpt lat="52.1150363" lon="5.3837702"/><trkpt lat="52.1151005" lon="5.3838533"/><trkpt lat="52.115173" lon="5.3838935"/><trkpt lat="52.1152454" lon="5.3838962"/><trkpt lat="52.1153443" lon="5.3838211"/><trkpt lat="52.1154106" lon="5.3837461"/><trkpt lat="52.1157687" lon="5.383736"/><trkpt lat="52.1158683" lon="5.3836999"/><trkpt lat="52.1160164" lon="5.383714"/><trkpt lat="52.1162274" lon="5.3840554"/><trkpt lat="52.1163521" lon="5.3841409"/><trkpt lat="52.1164955" lon="5.3842522"/><trkpt lat="52.1165466" lon="5.384254"/><trkpt lat="52.1165873" lon="5.3842721"/><trkpt lat="52.1166017" lon="5.3843175"/><trkpt lat="52.1166131" lon="5.3843364"/><trkpt lat="52.1166358" lon="5.384359"/><trkpt lat="52.1167193" lon="5.3844313"/><trkpt lat="52.1167559" lon="5.3844398"/><trkpt lat="52.1168159" lon="5.3844965"/><trkpt lat="52.1168185" lon="5.384573"/><trkpt lat="52.1168237" lon="5.3846595"/><trkpt lat="52.1167297" lon="5.3849699"/><trkpt lat="52.1166429" lon="5.3851513"/><trkpt lat="52.1166123" lon="5.3851697"/><trkpt lat="52.116574" lon="5.3852179"/><trkpt lat="52.1165174" lon="5.3853284"/><trkpt lat="52.1164252" lon="5.3854248"/><trkpt lat="52.1163544" lon="5.3855135"/><trkpt lat="52.1162198" lon="5.3856331"/><trkpt lat="52.1162026" lon="5.3857582"/><trkpt lat="52.1161853" lon="5.3858663"/><trkpt lat="52.116178" lon="5.3860073"/><trkpt lat="52.1162085" lon="5.3860824"/><trkpt lat="52.1163172" lon="5.3860541"/><trkpt lat="52.1163834" lon="5.386047"/><trkpt lat="52.1163973" lon="5.3860725"/><trkpt lat="52.116433" lon="5.3860668"/><trkpt lat="52.1164835" lon="5.3860909"/><trkpt lat="52.116513" lon="5.3861292"/><trkpt lat="52.1165531" lon="5.3861207"/><trkpt lat="52.1165949" lon="5.3861589"/><trkpt lat="52.1166471" lon="5.3861348"/><trkpt lat="52.1167463" lon="5.3861391"/><trkpt lat="52.1167611" lon="5.3861986"/><trkpt lat="52.1168176" lon="5.3862666"/><trkpt lat="52.1168377" lon="5.3863148"/><trkpt lat="52.1168931" lon="5.3863171"/><trkpt lat="52.1169125" lon="5.3863588"/><trkpt lat="52.1169578" lon="5.3863573"/><trkpt lat="52.1170091" lon="5.3864055"/><trkpt lat="52.1170604" lon="5.3864991"/><trkpt lat="52.1170691" lon="5.3866082"/><trkpt lat="52.1170639" lon="5.3866861"/><trkpt lat="52.11707" lon="5.3868038"/><trkpt lat="52.1170457" lon="5.3868888"/><trkpt lat="52.1170074" lon="5.386988"/><trkpt lat="52.1169978" lon="5.3870362"/><trkpt lat="52.1170066" lon="5.3871142"/><trkpt lat="52.1170352" lon="5.387185"/><trkpt lat="52.1170517" lon="5.3872417"/><trkpt lat="52.1170552" lon="5.3873126"/><trkpt lat="52.1170631" lon="5.3873636"/><trkpt lat="52.1170796" lon="5.3873834"/><trkpt lat="52.1171005" lon="5.3874784"/><trkpt lat="52.1171344" lon="5.3875294"/><trkpt lat="52.1171727" lon="5.38763"/><trkpt lat="52.1172093" lon="5.3876697"/><trkpt lat="52.1172484" lon="5.387664"/><trkpt lat="52.1172798" lon="5.3876768"/><trkpt lat="52.1173337" lon="5.3876711"/><trkpt lat="52.1173694" lon="5.3877066"/><trkpt lat="52.1173946" lon="5.3877477"/><trkpt lat="52.1174225" lon="5.3877817"/><trkpt lat="52.1174373" lon="5.3878228"/><trkpt lat="52.1174764" lon="5.387837"/><trkpt lat="52.1175104" lon="5.3878908"/><trkpt lat="52.1175365" lon="5.3878965"/><trkpt lat="52.1175608" lon="5.3879347"/><trkpt lat="52.1175765" lon="5.3879603"/><trkpt lat="52.117587" lon="5.3879999"/><trkpt lat="52.1176139" lon="5.388024"/><trkpt lat="52.1176505" lon="5.3880623"/><trkpt lat="52.1177053" lon="5.3881346"/><trkpt lat="52.1177453" lon="5.3881601"/><trkpt lat="52.117781" lon="5.3881601"/><trkpt lat="52.117835" lon="5.388153"/><trkpt lat="52.1178654" lon="5.388136"/><trkpt lat="52.1178985" lon="5.3881573"/><trkpt lat="52.1179385" lon="5.3881728"/><trkpt lat="52.1179612" lon="5.388221"/><trkpt lat="52.118009" lon="5.3882508"/><trkpt lat="52.1180586" lon="5.388255"/><trkpt lat="52.1180934" lon="5.3882905"/><trkpt lat="52.1181378" lon="5.3882706"/><trkpt lat="52.1181691" lon="5.3883004"/><trkpt lat="52.1181974" lon="5.3883359"/><trkpt lat="52.1183416" lon="5.3882976"/><trkpt lat="52.1185515" lon="5.3882423"/><trkpt lat="52.1186188" lon="5.3882"/><trkpt lat="52.1186965" lon="5.3881303"/><trkpt lat="52.1189228" lon="5.3879688"/><trkpt lat="52.1191308" lon="5.3879688"/><trkpt lat="52.1193518" lon="5.3878894"/><trkpt lat="52.1195368" lon="5.3878381"/><trkpt lat="52.1196363" lon="5.3878114"/><trkpt lat="52.1196615" lon="5.3877999"/><trkpt lat="52.1197071" lon="5.3877776"/><trkpt lat="52.1203908" lon="5.3875337"/><trkpt lat="52.1205872" lon="5.3874814"/><trkpt lat="52.1206282" lon="5.38754"/><trkpt lat="52.120671" lon="5.387593"/><trkpt lat="52.1207081" lon="5.3876258"/><trkpt lat="52.1207867" lon="5.3876004"/><trkpt lat="52.1208517" lon="5.3876097"/><trkpt lat="52.120883" lon="5.3876218"/><trkpt lat="52.1209291" lon="5.387595"/><trkpt lat="52.1209744" lon="5.3875735"/><trkpt lat="52.1210189" lon="5.3875843"/><trkpt lat="52.1210362" lon="5.3876165"/><trkpt lat="52.1210593" lon="5.3877063"/><trkpt lat="52.1210823" lon="5.3877653"/><trkpt lat="52.1211062" lon="5.3877653"/><trkpt lat="52.1211745" lon="5.3877626"/><trkpt lat="52.1212256" lon="5.3877921"/><trkpt lat="52.1212676" lon="5.3878592"/><trkpt lat="52.1213038" lon="5.3879303"/><trkpt lat="52.1213466" lon="5.3879853"/><trkpt lat="52.1213936" lon="5.3881046"/><trkpt lat="52.1214364" lon="5.3882267"/><trkpt lat="52.1214693" lon="5.388291"/><trkpt lat="52.1215014" lon="5.3882991"/><trkpt lat="52.1215442" lon="5.3882763"/><trkpt lat="52.1215615" lon="5.3882562"/><trkpt lat="52.1215928" lon="5.3882441"/><trkpt lat="52.1216324" lon="5.3882615"/><trkpt lat="52.1217592" lon="5.3884372"/><trkpt lat="52.12183" lon="5.3885686"/><trkpt lat="52.1218942" lon="5.3886142"/><trkpt lat="52.121942" lon="5.3886196"/><trkpt lat="52.1220161" lon="5.3887001"/><trkpt lat="52.1220655" lon="5.3887778"/><trkpt lat="52.1220869" lon="5.3888556"/><trkpt lat="52.1221165" lon="5.3889415"/><trkpt lat="52.1221824" lon="5.3889871"/><trkpt lat="52.1222466" lon="5.3890756"/><trkpt lat="52.1222797" lon="5.3891333"/><trkpt lat="52.1223483" lon="5.3892645"/><trkpt lat="52.12236" lon="5.3892471"/><trkpt lat="52.122387" lon="5.3892457"/><trkpt lat="52.1224644" lon="5.3892131"/><trkpt lat="52.1225367" lon="5.3891848"/><trkpt lat="52.1225619" lon="5.3892202"/><trkpt lat="52.1225932" lon="5.3892372"/><trkpt lat="52.1226159" lon="5.3892429"/><trkpt lat="52.1226428" lon="5.389318"/><trkpt lat="52.1227107" lon="5.3893392"/><trkpt lat="52.1227507" lon="5.3893747"/><trkpt lat="52.1228177" lon="5.3893988"/><trkpt lat="52.1228769" lon="5.3894002"/><trkpt lat="52.1228908" lon="5.3894469"/><trkpt lat="52.1229317" lon="5.3894498"/><trkpt lat="52.122977" lon="5.3894781"/><trkpt lat="52.1230013" lon="5.3894852"/><trkpt lat="52.1230414" lon="5.3895334"/><trkpt lat="52.1230744" lon="5.3895221"/><trkpt lat="52.1230927" lon="5.3895433"/><trkpt lat="52.1231336" lon="5.3895334"/><trkpt lat="52.1231754" lon="5.3895632"/><trkpt lat="52.1232467" lon="5.3896595"/><trkpt lat="52.1232954" lon="5.3897077"/><trkpt lat="52.1233459" lon="5.3897063"/><trkpt lat="52.1233942" lon="5.3896162"/><trkpt lat="52.1234255" lon="5.3895579"/><trkpt lat="52.1234658" lon="5.3894054"/><trkpt lat="52.1235062" lon="5.3892211"/><trkpt lat="52.1235278" lon="5.3890139"/><trkpt lat="52.1235822" lon="5.3888664"/><trkpt lat="52.1236629" lon="5.3886571"/><trkpt lat="52.1237419" lon="5.3885338"/><trkpt lat="52.1238221" lon="5.3885027"/><trkpt lat="52.1238975" lon="5.3884949"/><trkpt lat="52.1240466" lon="5.3885069"/><trkpt lat="52.124147" lon="5.3885391"/><trkpt lat="52.1242326" lon="5.388574"/><trkpt lat="52.1242697" lon="5.3886853"/><trkpt lat="52.1242689" lon="5.3887791"/><trkpt lat="52.1242862" lon="5.388865"/><trkpt lat="52.1243075" lon="5.3889536"/><trkpt lat="52.1244187" lon="5.3890729"/><trkpt lat="52.1245284" lon="5.3891302"/><trkpt lat="52.1246034" lon="5.3894852"/><trkpt lat="52.1247685" lon="5.3897109"/><trkpt lat="52.1249797" lon="5.3897607"/><trkpt lat="52.1250881" lon="5.3896888"/><trkpt lat="52.1251198" lon="5.3896313"/><trkpt lat="52.1251671" lon="5.3895887"/><trkpt lat="52.1252149" lon="5.3895816"/><trkpt lat="52.1252758" lon="5.3895561"/><trkpt lat="52.1253254" lon="5.3895476"/><trkpt lat="52.1253602" lon="5.3895192"/><trkpt lat="52.1254081" lon="5.3894994"/><trkpt lat="52.1254229" lon="5.3893662"/><trkpt lat="52.1254351" lon="5.3892783"/><trkpt lat="52.1254516" lon="5.3892117"/><trkpt lat="52.1255156" lon="5.389173"/><trkpt lat="52.1255847" lon="5.3891904"/><trkpt lat="52.1256369" lon="5.3892202"/><trkpt lat="52.1257027" lon="5.3892588"/><trkpt lat="52.1257613" lon="5.3892641"/><trkpt lat="52.1258129" lon="5.3893486"/><trkpt lat="52.1258905" lon="5.389452"/><trkpt lat="52.1259822" lon="5.3895059"/><trkpt lat="52.1260155" lon="5.3895488"/><trkpt lat="52.126028" lon="5.3896391"/><trkpt lat="52.1260238" lon="5.3897271"/><trkpt lat="52.1259919" lon="5.3897768"/><trkpt lat="52.1259559" lon="5.3898694"/><trkpt lat="52.1259448" lon="5.3899484"/><trkpt lat="52.1259919" lon="5.3900251"/><trkpt lat="52.126021" lon="5.390077"/><trkpt lat="52.126039" lon="5.3901628"/><trkpt lat="52.1260321" lon="5.3902599"/><trkpt lat="52.1260584" lon="5.3903434"/><trkpt lat="52.1261056" lon="5.3904269"/><trkpt lat="52.1261832" lon="5.3904473"/><trkpt lat="52.1262802" lon="5.3904202"/><trkpt lat="52.1263623" lon="5.3903396"/><trkpt lat="52.1264255" lon="5.3903372"/><trkpt lat="52.1264556" lon="5.390377"/><trkpt lat="52.1264708" lon="5.3904173"/><trkpt lat="52.126481" lon="5.3904482"/><trkpt lat="52.1264896" lon="5.3905044"/><trkpt lat="52.1264929" lon="5.3905265"/><trkpt lat="52.1265317" lon="5.3906387"/><trkpt lat="52.1265776" lon="5.3906948"/><trkpt lat="52.1266479" lon="5.3907953"/><trkpt lat="52.1267081" lon="5.3908818"/><trkpt lat="52.1267354" lon="5.3909963"/><trkpt lat="52.1267885" lon="5.3910968"/><trkpt lat="52.1268416" lon="5.3911459"/><trkpt lat="52.1268516" lon="5.3912651"/><trkpt lat="52.1268975" lon="5.3913445"/><trkpt lat="52.1269664" lon="5.3914193"/><trkpt lat="52.1270697" lon="5.3914567"/><trkpt lat="52.127173" lon="5.3914263"/><trkpt lat="52.1272763" lon="5.3914403"/><trkpt lat="52.1273853" lon="5.3913726"/><trkpt lat="52.1274858" lon="5.3913539"/><trkpt lat="52.1275475" lon="5.3913095"/><trkpt lat="52.1275446" lon="5.3912464"/><trkpt lat="52.127536" lon="5.3911388"/><trkpt lat="52.1275087" lon="5.3909612"/><trkpt lat="52.1275178" lon="5.3907475"/><trkpt lat="52.1275372" lon="5.3905488"/><trkpt lat="52.1275594" lon="5.3902689"/><trkpt lat="52.1276536" lon="5.3901425"/><trkpt lat="52.1277617" lon="5.3900838"/><trkpt lat="52.127831" lon="5.3900071"/><trkpt lat="52.1278698" lon="5.3899032"/><trkpt lat="52.1279346" lon="5.3898874"/><trkpt lat="52.1279751" lon="5.3898761"/><trkpt lat="52.1280416" lon="5.3897136"/><trkpt lat="52.1281303" lon="5.3895827"/><trkpt lat="52.1282578" lon="5.389533"/><trkpt lat="52.1284103" lon="5.3895691"/><trkpt lat="52.1284768" lon="5.3895917"/><trkpt lat="52.1285239" lon="5.389533"/><trkpt lat="52.1286043" lon="5.3892531"/><trkpt lat="52.1286902" lon="5.3892756"/><trkpt lat="52.1288454" lon="5.3893524"/><trkpt lat="52.1290089" lon="5.3893524"/><trkpt lat="52.1291752" lon="5.3894111"/><trkpt lat="52.129239" lon="5.3893885"/><trkpt lat="52.1293305" lon="5.3894562"/><trkpt lat="52.1293691" lon="5.3894772"/><trkpt lat="52.1294385" lon="5.3895149"/><trkpt lat="52.1295688" lon="5.3894337"/><trkpt lat="52.129821" lon="5.3895195"/><trkpt lat="52.129918" lon="5.3894788"/><trkpt lat="52.1299818" lon="5.3893118"/><trkpt lat="52.1300348" lon="5.3892013"/><trkpt lat="52.1301276" lon="5.3890982"/><trkpt lat="52.1301566" lon="5.3890509"/><trkpt lat="52.1301749" lon="5.3889692"/><trkpt lat="52.1301833" lon="5.3888631"/><trkpt lat="52.1301796" lon="5.3887876"/><trkpt lat="52.1301618" lon="5.3887174"/><trkpt lat="52.1301252" lon="5.3886502"/><trkpt lat="52.1300774" lon="5.3885639"/><trkpt lat="52.1300563" lon="5.388522"/><trkpt lat="52.130032" lon="5.388451"/><trkpt lat="52.1300067" lon="5.3884197"/><trkpt lat="52.1299687" lon="5.3884265"/><trkpt lat="52.1299111" lon="5.388441"/><trkpt lat="52.1298296" lon="5.3884624"/><trkpt lat="52.1297218" lon="5.388451"/><trkpt lat="52.1297152" lon="5.3884601"/><trkpt lat="52.1296974" lon="5.3884914"/><trkpt lat="52.1296763" lon="5.3885166"/><trkpt lat="52.1296426" lon="5.3885319"/><trkpt lat="52.129569" lon="5.3885433"/><trkpt lat="52.129525" lon="5.3885769"/><trkpt lat="52.1294318" lon="5.3886647"/><trkpt lat="52.129346" lon="5.3887303"/><trkpt lat="52.1292748" lon="5.388812"/><trkpt lat="52.1292078" lon="5.3888715"/><trkpt lat="52.1291141" lon="5.3888921"/><trkpt lat="52.1290906" lon="5.3888921"/><trkpt lat="52.1290283" lon="5.3888715"/><trkpt lat="52.1290016" lon="5.3888776"/><trkpt lat="52.1289721" lon="5.3889028"/><trkpt lat="52.1289454" lon="5.3889311"/><trkpt lat="52.1289168" lon="5.3889784"/><trkpt lat="52.1288882" lon="5.3890379"/><trkpt lat="52.1288498" lon="5.3890807"/><trkpt lat="52.1287959" lon="5.3891043"/><trkpt lat="52.1287284" lon="5.3891158"/><trkpt lat="52.128653" lon="5.3891104"/><trkpt lat="52.1286057" lon="5.3891143"/><trkpt lat="52.1285518" lon="5.3890944"/><trkpt lat="52.128518" lon="5.3890708"/><trkpt lat="52.1284745" lon="5.3890677"/><trkpt lat="52.1284403" lon="5.3890494"/><trkpt lat="52.1284099" lon="5.3890308"/><trkpt lat="52.1283843" lon="5.3890151"/><trkpt lat="52.127753" lon="5.3894981"/><trkpt lat="52.1275939" lon="5.3896288"/><trkpt lat="52.1275337" lon="5.3895423"/><trkpt lat="52.1275429" lon="5.3894862"/><trkpt lat="52.1275694" lon="5.3894119"/><trkpt lat="52.127596" lon="5.3893213"/><trkpt lat="52.1275972" lon="5.3892328"/><trkpt lat="52.1275785" lon="5.3891895"/><trkpt lat="52.1275043" lon="5.3891267"/><trkpt lat="52.1274462" lon="5.3890686"/><trkpt lat="52.1274051" lon="5.3889577"/><trkpt lat="52.1273761" lon="5.3888476"/><trkpt lat="52.1273757" lon="5.3887665"/><trkpt lat="52.1273653" lon="5.3886867"/><trkpt lat="52.12734" lon="5.3886232"/><trkpt lat="52.1272682" lon="5.3884252"/><trkpt lat="52.1272471" lon="5.388363"/><trkpt lat="52.1272118" lon="5.3883225"/><trkpt lat="52.1271699" lon="5.3882954"/><trkpt lat="52.1271346" lon="5.3882826"/><trkpt lat="52.1271151" lon="5.3882975"/><trkpt lat="52.1270898" lon="5.3883123"/><trkpt lat="52.1270599" lon="5.3882995"/><trkpt lat="52.1270313" lon="5.3882846"/><trkpt lat="52.1270089" lon="5.3882839"/><trkpt lat="52.1269716" lon="5.3883008"/><trkpt lat="52.1269413" lon="5.3882961"/><trkpt lat="52.1269114" lon="5.3882529"/><trkpt lat="52.1268838" lon="5.388192"/><trkpt lat="52.1268513" lon="5.3881444"/><trkpt lat="52.1268114" lon="5.3881177"/><trkpt lat="52.1267774" lon="5.3881245"/><trkpt lat="52.1267177" lon="5.3881245"/><trkpt lat="52.1266911" lon="5.3880704"/><trkpt lat="52.1266828" lon="5.3880096"/><trkpt lat="52.1266654" lon="5.3879404"/><trkpt lat="52.1266706" lon="5.3878341"/><trkpt lat="52.1266532" lon="5.3877703"/><trkpt lat="52.1266384" lon="5.3877264"/><trkpt lat="52.1266375" lon="5.387664"/><trkpt lat="52.1266532" lon="5.3876017"/><trkpt lat="52.1266506" lon="5.3875365"/><trkpt lat="52.1266097" lon="5.3875152"/><trkpt lat="52.1265618" lon="5.3874826"/><trkpt lat="52.1265557" lon="5.3874472"/><trkpt lat="52.1265259" lon="5.3874049"/><trkpt lat="52.1264925" lon="5.3873532"/><trkpt lat="52.1264261" lon="5.3873153"/><trkpt lat="52.1263245" lon="5.3873125"/><trkpt lat="52.1261574" lon="5.3874219"/><trkpt lat="52.1261074" lon="5.3875005"/><trkpt lat="52.1260574" lon="5.3875398"/><trkpt lat="52.1259823" lon="5.3875195"/><trkpt lat="52.125931" lon="5.3875379"/><trkpt lat="52.1258662" lon="5.3875959"/><trkpt lat="52.1258266" lon="5.3875931"/><trkpt lat="52.1257456" lon="5.3875931"/><trkpt lat="52.1256134" lon="5.3876074"/><trkpt lat="52.1255369" lon="5.3876187"/><trkpt lat="52.1254594" lon="5.3876343"/><trkpt lat="52.125402" lon="5.3876074"/><trkpt lat="52.1253872" lon="5.3875748"/><trkpt lat="52.1253898" lon="5.3875422"/><trkpt lat="52.1253637" lon="5.3874883"/><trkpt lat="52.125362" lon="5.387426"/><trkpt lat="52.1254116" lon="5.3873579"/><trkpt lat="52.1255264" lon="5.3872771"/><trkpt lat="52.125583" lon="5.3872701"/><trkpt lat="52.1256456" lon="5.3872658"/><trkpt lat="52.125683" lon="5.387236"/><trkpt lat="52.1257048" lon="5.3871723"/><trkpt lat="52.1257117" lon="5.3870957"/><trkpt lat="52.1257083" lon="5.3869441"/><trkpt lat="52.1257083" lon="5.3868676"/><trkpt lat="52.1257518" lon="5.3866833"/><trkpt lat="52.1258518" lon="5.386594"/><trkpt lat="52.125918" lon="5.3865402"/><trkpt lat="52.1260102" lon="5.3863758"/><trkpt lat="52.1260563" lon="5.3863503"/><trkpt lat="52.1260972" lon="5.38638"/><trkpt lat="52.1261496" lon="5.3864229"/><trkpt lat="52.1261842" lon="5.3864296"/><trkpt lat="52.1262408" lon="5.3864551"/><trkpt lat="52.1262851" lon="5.3864679"/><trkpt lat="52.1263034" lon="5.3865076"/><trkpt lat="52.126313" lon="5.3865799"/><trkpt lat="52.1263295" lon="5.3865954"/><trkpt lat="52.1263495" lon="5.3865884"/><trkpt lat="52.1263774" lon="5.3865841"/><trkpt lat="52.1264122" lon="5.386509"/><trkpt lat="52.126427" lon="5.3864438"/><trkpt lat="52.1264356" lon="5.3863948"/><trkpt lat="52.1264191" lon="5.386329"/><trkpt lat="52.1263739" lon="5.3863191"/><trkpt lat="52.1263417" lon="5.3863205"/><trkpt lat="52.1263017" lon="5.3862638"/><trkpt lat="52.1262442" lon="5.3862425"/><trkpt lat="52.1261886" lon="5.3862425"/><trkpt lat="52.1261033" lon="5.3862411"/><trkpt lat="52.1260564" lon="5.3862011"/><trkpt lat="52.1259963" lon="5.3860994"/><trkpt lat="52.125991" lon="5.3860399"/><trkpt lat="52.125991" lon="5.3859974"/><trkpt lat="52.1259797" lon="5.3859166"/><trkpt lat="52.1259362" lon="5.3859095"/><trkpt lat="52.1259066" lon="5.385952"/><trkpt lat="52.1258666" lon="5.385952"/><trkpt lat="52.1258379" lon="5.3859449"/><trkpt lat="52.1258255" lon="5.3859137"/><trkpt lat="52.1258115" lon="5.3858941"/><trkpt lat="52.1257657" lon="5.38585"/><trkpt lat="52.1257374" lon="5.3858117"/><trkpt lat="52.1257487" lon="5.3856693"/><trkpt lat="52.12575" lon="5.3856431"/><trkpt lat="52.1257361" lon="5.3856275"/><trkpt lat="52.1257196" lon="5.385626"/><trkpt lat="52.1257039" lon="5.3856374"/><trkpt lat="52.1256274" lon="5.3857564"/><trkpt lat="52.1254986" lon="5.3860597"/><trkpt lat="52.125415" lon="5.3862"/><trkpt lat="52.1253524" lon="5.3863035"/><trkpt lat="52.1252977" lon="5.386378"/><trkpt lat="52.1252898" lon="5.3863999"/><trkpt lat="52.1252689" lon="5.3863984"/><trkpt lat="52.1252341" lon="5.3863715"/><trkpt lat="52.1252201" lon="5.3863375"/><trkpt lat="52.1252262" lon="5.3862539"/><trkpt lat="52.1253176" lon="5.3859917"/><trkpt lat="52.1253933" lon="5.385918"/><trkpt lat="52.1254359" lon="5.3858301"/><trkpt lat="52.1254507" lon="5.3857522"/><trkpt lat="52.1254368" lon="5.385704"/><trkpt lat="52.125395" lon="5.38567"/><trkpt lat="52.1253298" lon="5.385636"/><trkpt lat="52.1252471" lon="5.3856303"/><trkpt lat="52.125201" lon="5.3856459"/><trkpt lat="52.1251497" lon="5.3856459"/><trkpt lat="52.125114" lon="5.38567"/><trkpt lat="52.1250818" lon="5.38567"/><trkpt lat="52.1250644" lon="5.385626"/><trkpt lat="52.12502" lon="5.3856076"/><trkpt lat="52.1249548" lon="5.385558"/><trkpt lat="52.1249234" lon="5.3855042"/><trkpt lat="52.1248886" lon="5.3854248"/><trkpt lat="52.124873" lon="5.3853497"/><trkpt lat="52.1249043" lon="5.385191"/><trkpt lat="52.1249156" lon="5.3851215"/><trkpt lat="52.1249243" lon="5.3850336"/><trkpt lat="52.1249269" lon="5.3849486"/><trkpt lat="52.1248947" lon="5.3848607"/><trkpt lat="52.1248669" lon="5.384784"/><trkpt lat="52.1247877" lon="5.3847544"/><trkpt lat="52.1246859" lon="5.3847488"/><trkpt lat="52.1246485" lon="5.3847672"/><trkpt lat="52.124632" lon="5.3847388"/><trkpt lat="52.1245806" lon="5.3847388"/><trkpt lat="52.1245686" lon="5.3847254"/><trkpt lat="52.1245267" lon="5.3847133"/><trkpt lat="52.1244437" lon="5.3847268"/><trkpt lat="52.1243656" lon="5.3847645"/><trkpt lat="52.1242639" lon="5.384814"/><trkpt lat="52.1241856" lon="5.3848692"/><trkpt lat="52.1240647" lon="5.3849509"/><trkpt lat="52.1238962" lon="5.3847103"/><trkpt lat="52.1237594" lon="5.38451"/><trkpt lat="52.1236712" lon="5.3844304"/><trkpt lat="52.1235536" lon="5.3844083"/><trkpt lat="52.1234362" lon="5.3844135"/><trkpt lat="52.1233437" lon="5.3844384"/><trkpt lat="52.1230204" lon="5.3845355"/><trkpt lat="52.1228769" lon="5.38452"/><trkpt lat="52.1220898" lon="5.3844562"/><trkpt lat="52.1220359" lon="5.3844476"/><trkpt lat="52.1220233" lon="5.3844263"/><trkpt lat="52.1219722" lon="5.3844113"/><trkpt lat="52.121958" lon="5.3844044"/><trkpt lat="52.1219328" lon="5.384342"/><trkpt lat="52.1218954" lon="5.3843817"/><trkpt lat="52.1218649" lon="5.3844214"/><trkpt lat="52.1218292" lon="5.3844299"/><trkpt lat="52.1217935" lon="5.3844667"/><trkpt lat="52.1217563" lon="5.3844772"/><trkpt lat="52.1217239" lon="5.3844625"/><trkpt lat="52.1216591" lon="5.3844567"/><trkpt lat="52.1215656" lon="5.3844597"/><trkpt lat="52.1215308" lon="5.3844384"/><trkpt lat="52.1214481" lon="5.3844356"/><trkpt lat="52.1213437" lon="5.384539"/><trkpt lat="52.1212819" lon="5.3845957"/><trkpt lat="52.1212358" lon="5.3846793"/><trkpt lat="52.1211783" lon="5.3847204"/><trkpt lat="52.1211183" lon="5.3846949"/><trkpt lat="52.1210052" lon="5.3846652"/><trkpt lat="52.1208712" lon="5.384668"/><trkpt lat="52.1207955" lon="5.3846694"/><trkpt lat="52.1207572" lon="5.3847644"/><trkpt lat="52.1206841" lon="5.3848707"/><trkpt lat="52.1206536" lon="5.3848466"/><trkpt lat="52.1206005" lon="5.3848494"/><trkpt lat="52.1205796" lon="5.384814"/><trkpt lat="52.1205396" lon="5.3848111"/><trkpt lat="52.1205092" lon="5.3847771"/><trkpt lat="52.1204639" lon="5.3848395"/><trkpt lat="52.1203978" lon="5.3849221"/><trkpt lat="52.1202986" lon="5.3849599"/><trkpt lat="52.1202246" lon="5.3849571"/><trkpt lat="52.120155" lon="5.3849599"/><trkpt lat="52.1201186" lon="5.3850488"/><trkpt lat="52.1200897" lon="5.3850492"/><trkpt lat="52.1200627" lon="5.3851045"/><trkpt lat="52.1200175" lon="5.3851002"/><trkpt lat="52.119994" lon="5.3851513"/><trkpt lat="52.1199609" lon="5.3852108"/><trkpt lat="52.1199522" lon="5.3853171"/><trkpt lat="52.1199218" lon="5.3853681"/><trkpt lat="52.1199044" lon="5.3854404"/><trkpt lat="52.1198896" lon="5.3854942"/><trkpt lat="52.1199035" lon="5.3855339"/><trkpt lat="52.1199027" lon="5.3855778"/><trkpt lat="52.1198635" lon="5.3856601"/><trkpt lat="52.1198304" lon="5.3856771"/><trkpt lat="52.1197651" lon="5.385738"/><trkpt lat="52.1197164" lon="5.3857727"/><trkpt lat="52.1196586" lon="5.385762"/><trkpt lat="52.1196398" lon="5.3857357"/><trkpt lat="52.119589" lon="5.3857309"/><trkpt lat="52.1195487" lon="5.3856577"/><trkpt lat="52.1195282" lon="5.3856559"/><trkpt lat="52.1195072" lon="5.3856337"/><trkpt lat="52.1194803" lon="5.3855926"/><trkpt lat="52.1194404" lon="5.3852532"/><trkpt lat="52.1194304" lon="5.3852051"/><trkpt lat="52.1194113" lon="5.3851143"/><trkpt lat="52.1193998" lon="5.3850518"/><trkpt lat="52.1191076" lon="5.3822577"/><trkpt lat="52.1188746" lon="5.3801194"/><trkpt lat="52.118784" lon="5.3793336"/><trkpt lat="52.118656" lon="5.378209"/><trkpt lat="52.1185996" lon="5.3777441"/><trkpt lat="52.1185727" lon="5.3774746"/><trkpt lat="52.1186791" lon="5.3774273"/><trkpt lat="52.11874" lon="5.3774372"/><trkpt lat="52.1188192" lon="5.377406"/><trkpt lat="52.118881" lon="5.3773933"/><trkpt lat="52.118968" lon="5.3773521"/><trkpt lat="52.1190202" lon="5.3773082"/><trkpt lat="52.1190446" lon="5.3772969"/><trkpt lat="52.1190577" lon="5.377175"/><trkpt lat="52.1190359" lon="5.3771141"/><trkpt lat="52.1190629" lon="5.3770049"/><trkpt lat="52.1191122" lon="5.3769813"/><trkpt lat="52.1191978" lon="5.376944"/><trkpt lat="52.1193109" lon="5.3768901"/><trkpt lat="52.1193572" lon="5.3768816"/><trkpt lat="52.1194562" lon="5.3768887"/><trkpt lat="52.1195954" lon="5.3768589"/><trkpt lat="52.1196851" lon="5.3768575"/><trkpt lat="52.119719" lon="5.376883"/><trkpt lat="52.1197608" lon="5.3768774"/><trkpt lat="52.1198339" lon="5.3767923"/><trkpt lat="52.1198939" lon="5.3767682"/><trkpt lat="52.119934" lon="5.3768023"/><trkpt lat="52.1199662" lon="5.3768717"/><trkpt lat="52.1200262" lon="5.3768887"/><trkpt lat="52.1200567" lon="5.3768802"/><trkpt lat="52.120081" lon="5.376849"/><trkpt lat="52.1201854" lon="5.3767059"/><trkpt lat="52.1202246" lon="5.3766506"/><trkpt lat="52.1202507" lon="5.376584"/><trkpt lat="52.1202403" lon="5.3764961"/><trkpt lat="52.1202159" lon="5.3763246"/><trkpt lat="52.1202725" lon="5.3762339"/><trkpt lat="52.1203499" lon="5.3761333"/><trkpt lat="52.1204187" lon="5.3759973"/><trkpt lat="52.1204561" lon="5.3759647"/><trkpt lat="52.1204952" lon="5.3759746"/><trkpt lat="52.1205405" lon="5.3760058"/><trkpt lat="52.1205866" lon="5.3760072"/><trkpt lat="52.1206214" lon="5.3759845"/><trkpt lat="52.1207023" lon="5.3759533"/><trkpt lat="52.1207711" lon="5.3759377"/><trkpt lat="52.1208268" lon="5.3759306"/><trkpt lat="52.1208851" lon="5.3759392"/><trkpt lat="52.1209373" lon="5.3759392"/><trkpt lat="52.121006" lon="5.3758669"/><trkpt lat="52.1210661" lon="5.3758513"/><trkpt lat="52.1211079" lon="5.3758314"/><trkpt lat="52.121134" lon="5.3758541"/><trkpt lat="52.1211635" lon="5.3758371"/><trkpt lat="52.121185" lon="5.3758616"/><trkpt lat="52.1212131" lon="5.375891"/><trkpt lat="52.1212271" lon="5.3759406"/><trkpt lat="52.121291" lon="5.3759871"/><trkpt lat="52.1213115" lon="5.3760228"/><trkpt lat="52.1213854" lon="5.3760738"/><trkpt lat="52.121442" lon="5.3760667"/><trkpt lat="52.1215395" lon="5.3760313"/><trkpt lat="52.1216717" lon="5.3759462"/><trkpt lat="52.1217909" lon="5.3758555"/><trkpt lat="52.1218083" lon="5.375728"/><trkpt lat="52.1218197" lon="5.3756245"/><trkpt lat="52.1218519" lon="5.3755749"/><trkpt lat="52.121891" lon="5.3755919"/><trkpt lat="52.1219189" lon="5.3756642"/><trkpt lat="52.1219641" lon="5.3757251"/><trkpt lat="52.1220111" lon="5.3757507"/><trkpt lat="52.1220877" lon="5.3757365"/><trkpt lat="52.1221564" lon="5.3756982"/><trkpt lat="52.1222017" lon="5.3755933"/><trkpt lat="52.1222182" lon="5.3755168"/><trkpt lat="52.1222608" lon="5.37548"/><trkpt lat="52.1223052" lon="5.3754658"/><trkpt lat="52.122344" lon="5.3754215"/><trkpt lat="52.122368" lon="5.3754095"/><trkpt lat="52.1223983" lon="5.3753978"/><trkpt lat="52.1224296" lon="5.3754049"/><trkpt lat="52.1224854" lon="5.3753454"/><trkpt lat="52.1225428" lon="5.375283"/><trkpt lat="52.122581" lon="5.3752773"/><trkpt lat="52.1226533" lon="5.3752348"/><trkpt lat="52.1226715" lon="5.3752475"/><trkpt lat="52.1227168" lon="5.375205"/><trkpt lat="52.1227699" lon="5.3752079"/><trkpt lat="52.1228395" lon="5.3751342"/><trkpt lat="52.1229195" lon="5.3751072"/><trkpt lat="52.1229717" lon="5.3751285"/><trkpt lat="52.1229998" lon="5.3751919"/><trkpt lat="52.1230565" lon="5.3752373"/><trkpt lat="52.1231176" lon="5.375208"/><trkpt lat="52.1231518" lon="5.3751142"/><trkpt lat="52.1231851" lon="5.3749969"/><trkpt lat="52.1232139" lon="5.3749515"/><trkpt lat="52.1232717" lon="5.3749067"/><trkpt lat="52.123352" lon="5.3749315"/><trkpt lat="52.1235077" lon="5.3749896"/><trkpt lat="52.1235843" lon="5.3748989"/><trkpt lat="52.1236452" lon="5.374743"/><trkpt lat="52.1236731" lon="5.3746353"/><trkpt lat="52.1237279" lon="5.37458"/><trkpt lat="52.1237731" lon="5.3745701"/><trkpt lat="52.1238088" lon="5.3745758"/><trkpt lat="52.1238455" lon="5.3746042"/><trkpt lat="52.1238828" lon="5.3746523"/><trkpt lat="52.1239158" lon="5.3746934"/><trkpt lat="52.1239506" lon="5.3747586"/><trkpt lat="52.1240107" lon="5.3747855"/><trkpt lat="52.1240855" lon="5.3747671"/><trkpt lat="52.1241882" lon="5.37476"/><trkpt lat="52.1242729" lon="5.3746657"/><trkpt lat="52.1243387" lon="5.3746296"/><trkpt lat="52.1243753" lon="5.3745588"/><trkpt lat="52.1244336" lon="5.3745559"/><trkpt lat="52.1244971" lon="5.3745644"/><trkpt lat="52.1245841" lon="5.3745999"/><trkpt lat="52.1246702" lon="5.37458"/><trkpt lat="52.1247364" lon="5.374546"/><trkpt lat="52.1247947" lon="5.3744666"/><trkpt lat="52.1248738" lon="5.3743802"/><trkpt lat="52.1249347" lon="5.3742711"/><trkpt lat="52.12494" lon="5.3742073"/><trkpt lat="52.1249565" lon="5.3741449"/><trkpt lat="52.1249939" lon="5.3741166"/><trkpt lat="52.1250191" lon="5.3741123"/><trkpt lat="52.1250566" lon="5.3741206"/><trkpt lat="52.1250809" lon="5.3741407"/><trkpt lat="52.125114" lon="5.3741421"/><trkpt lat="52.1251566" lon="5.3741038"/><trkpt lat="52.1251749" lon="5.3740287"/><trkpt lat="52.1251904" lon="5.3739857"/><trkpt lat="52.1252572" lon="5.3739682"/><trkpt lat="52.1253454" lon="5.3739902"/><trkpt lat="52.125412" lon="5.3740121"/><trkpt lat="52.1254813" lon="5.3739902"/><trkpt lat="52.1255316" lon="5.3740216"/><trkpt lat="52.1255685" lon="5.3740634"/><trkpt lat="52.1255751" lon="5.3740344"/><trkpt lat="52.1256045" lon="5.3740605"/><trkpt lat="52.1256522" lon="5.3740532"/><trkpt lat="52.1257022" lon="5.3740542"/><trkpt lat="52.1257518" lon="5.3740074"/><trkpt lat="52.1258048" lon="5.3740159"/><trkpt lat="52.1258727" lon="5.3739734"/><trkpt lat="52.1259249" lon="5.3739111"/><trkpt lat="52.1259832" lon="5.3738445"/><trkpt lat="52.1260319" lon="5.373826"/><trkpt lat="52.1260598" lon="5.3738445"/><trkpt lat="52.1261117" lon="5.373846"/><trkpt lat="52.1261535" lon="5.3738582"/><trkpt lat="52.1261891" lon="5.3738729"/><trkpt lat="52.1262033" lon="5.3738445"/><trkpt lat="52.1262582" lon="5.3737849"/><trkpt lat="52.1263156" lon="5.3737155"/><trkpt lat="52.1263678" lon="5.3736588"/><trkpt lat="52.1264156" lon="5.373622"/><trkpt lat="52.1264892" lon="5.3736251"/><trkpt lat="52.1265348" lon="5.3736347"/><trkpt lat="52.1265757" lon="5.3736489"/><trkpt lat="52.1266036" lon="5.3736716"/><trkpt lat="52.1266384" lon="5.373656"/><trkpt lat="52.1266819" lon="5.3736347"/><trkpt lat="52.1267106" lon="5.3736007"/><trkpt lat="52.1267428" lon="5.3735341"/><trkpt lat="52.1268298" lon="5.3733668"/><trkpt lat="52.1268402" lon="5.3732932"/><trkpt lat="52.1268542" lon="5.3731826"/><trkpt lat="52.1268994" lon="5.3730409"/><trkpt lat="52.1269447" lon="5.3729969"/><trkpt lat="52.1269908" lon="5.3729587"/><trkpt lat="52.127056" lon="5.3730097"/><trkpt lat="52.1270786" lon="5.3730154"/><trkpt lat="52.1270995" lon="5.373021"/><trkpt lat="52.1271308" lon="5.3730536"/><trkpt lat="52.1271648" lon="5.3730636"/><trkpt lat="52.127197" lon="5.3730522"/><trkpt lat="52.1272335" lon="5.3730253"/><trkpt lat="52.1272518" lon="5.3729799"/><trkpt lat="52.127264" lon="5.3729445"/><trkpt lat="52.1272692" lon="5.3729176"/><trkpt lat="52.1272718" lon="5.3728935"/><trkpt lat="52.1272779" lon="5.3728581"/><trkpt lat="52.1272804" lon="5.3727966"/><trkpt lat="52.1273057" lon="5.3726327"/><trkpt lat="52.1273257" lon="5.3725944"/><trkpt lat="52.1273305" lon="5.3725933"/><trkpt lat="52.1273666" lon="5.3725817"/><trkpt lat="52.127391" lon="5.372542"/><trkpt lat="52.1274014" lon="5.3725066"/><trkpt lat="52.1273971" lon="5.3724782"/><trkpt lat="52.1273771" lon="5.3724371"/><trkpt lat="52.1273623" lon="5.3724286"/><trkpt lat="52.1273353" lon="5.3724329"/><trkpt lat="52.1273066" lon="5.3724797"/><trkpt lat="52.1272767" lon="5.3725329"/><trkpt lat="52.1272136" lon="5.3726205"/><trkpt lat="52.1271596" lon="5.3726526"/><trkpt lat="52.1270456" lon="5.3726341"/><trkpt lat="52.1270022" lon="5.3726326"/><trkpt lat="52.1269464" lon="5.3725944"/><trkpt lat="52.1269299" lon="5.3725448"/><trkpt lat="52.1268951" lon="5.372491"/><trkpt lat="52.1268891" lon="5.3724392"/><trkpt lat="52.1268698" lon="5.3723804"/><trkpt lat="52.1268281" lon="5.3723294"/><trkpt lat="52.1267941" lon="5.3722997"/><trkpt lat="52.1267506" lon="5.3722515"/><trkpt lat="52.1267302" lon="5.3721636"/><trkpt lat="52.1267171" lon="5.3720701"/><trkpt lat="52.1267049" lon="5.3720431"/><trkpt lat="52.1267089" lon="5.3719553"/><trkpt lat="52.126668" lon="5.3718419"/><trkpt lat="52.1266071" lon="5.371798"/><trkpt lat="52.1265775" lon="5.3717483"/><trkpt lat="52.1265157" lon="5.3716307"/><trkpt lat="52.1264409" lon="5.3716052"/><trkpt lat="52.1263956" lon="5.3716307"/><trkpt lat="52.1263669" lon="5.3716619"/><trkpt lat="52.1263339" lon="5.3717625"/><trkpt lat="52.1263252" lon="5.3718858"/><trkpt lat="52.1263182" lon="5.3719822"/><trkpt lat="52.1263295" lon="5.3720573"/><trkpt lat="52.1263286" lon="5.3721721"/><trkpt lat="52.1262712" lon="5.372243"/><trkpt lat="52.1262094" lon="5.3723053"/><trkpt lat="52.1261416" lon="5.3722897"/><trkpt lat="52.1261059" lon="5.3722954"/><trkpt lat="52.1260641" lon="5.3722841"/><trkpt lat="52.1260145" lon="5.3723011"/><trkpt lat="52.1259475" lon="5.372277"/><trkpt lat="52.1259188" lon="5.3722302"/><trkpt lat="52.1258631" lon="5.3722359"/><trkpt lat="52.1258108" lon="5.3722285"/><trkpt lat="52.1257326" lon="5.3721622"/><trkpt lat="52.1256613" lon="5.3721253"/><trkpt lat="52.1256178" lon="5.3720942"/><trkpt lat="52.1256065" lon="5.3720346"/><trkpt lat="52.1256108" lon="5.3719496"/><trkpt lat="52.1256482" lon="5.3718717"/><trkpt lat="52.1256796" lon="5.3718405"/><trkpt lat="52.1257161" lon="5.3718065"/><trkpt lat="52.1257431" lon="5.371703"/><trkpt lat="52.1257396" lon="5.3716265"/><trkpt lat="52.1257422" lon="5.3715953"/><trkpt lat="52.1257292" lon="5.3715542"/><trkpt lat="52.1257144" lon="5.3715131"/><trkpt lat="52.1257109" lon="5.3714706"/><trkpt lat="52.1256935" lon="5.3714125"/><trkpt lat="52.1256378" lon="5.3713175"/><trkpt lat="52.1256421" lon="5.3712693"/><trkpt lat="52.1256482" lon="5.371197"/><trkpt lat="52.1256656" lon="5.3711375"/><trkpt lat="52.1256891" lon="5.3710822"/><trkpt lat="52.1257172" lon="5.37108"/><trkpt lat="52.1257561" lon="5.3710851"/><trkpt lat="52.1257674" lon="5.3711063"/><trkpt lat="52.1257831" lon="5.3711375"/><trkpt lat="52.1257901" lon="5.3711942"/><trkpt lat="52.1257866" lon="5.3712452"/><trkpt lat="52.1257805" lon="5.3713147"/><trkpt lat="52.1257761" lon="5.371404"/><trkpt lat="52.125777" lon="5.3714692"/><trkpt lat="52.1258127" lon="5.3715131"/><trkpt lat="52.1258301" lon="5.3715428"/><trkpt lat="52.1258518" lon="5.371574"/><trkpt lat="52.1258684" lon="5.3715684"/><trkpt lat="52.1259023" lon="5.3715797"/><trkpt lat="52.1259362" lon="5.3715669"/><trkpt lat="52.1259649" lon="5.3715159"/><trkpt lat="52.1259884" lon="5.3714493"/><trkpt lat="52.1260398" lon="5.3714224"/><trkpt lat="52.1260659" lon="5.3714224"/><trkpt lat="52.1261592" lon="5.3712971"/><trkpt lat="52.1261616" lon="5.3712176"/><trkpt lat="52.1261572" lon="5.3711446"/><trkpt lat="52.1261511" lon="5.3710528"/><trkpt lat="52.1261424" lon="5.3709632"/><trkpt lat="52.1261355" lon="5.3708583"/><trkpt lat="52.1261216" lon="5.3708342"/><trkpt lat="52.1260937" lon="5.3707846"/><trkpt lat="52.1260613" lon="5.3706871"/><trkpt lat="52.1260589" lon="5.3706188"/><trkpt lat="52.1260737" lon="5.3705593"/><trkpt lat="52.1260746" lon="5.3705153"/><trkpt lat="52.1260711" lon="5.3704572"/><trkpt lat="52.1260485" lon="5.3704105"/><trkpt lat="52.1260537" lon="5.3703424"/><trkpt lat="52.1260267" lon="5.3703141"/><trkpt lat="52.1260319" lon="5.3702787"/><trkpt lat="52.1260163" lon="5.3702347"/><trkpt lat="52.1259893" lon="5.370188"/><trkpt lat="52.1259388" lon="5.3701809"/><trkpt lat="52.125864" lon="5.3701497"/><trkpt lat="52.1258492" lon="5.3701114"/><trkpt lat="52.1258344" lon="5.3701086"/><trkpt lat="52.1258288" lon="5.3700618"/><trkpt lat="52.1258118" lon="5.3699484"/><trkpt lat="52.1258057" lon="5.3698953"/><trkpt lat="52.1258101" lon="5.3698358"/><trkpt lat="52.125814" lon="5.369784"/><trkpt lat="52.1258266" lon="5.3696933"/><trkpt lat="52.1258283" lon="5.3696345"/><trkpt lat="52.1258057" lon="5.3695814"/><trkpt lat="52.1257892" lon="5.369553"/><trkpt lat="52.1257961" lon="5.3695162"/><trkpt lat="52.1257526" lon="5.3694326"/><trkpt lat="52.1256935" lon="5.3693844"/><trkpt lat="52.1256613" lon="5.3693149"/><trkpt lat="52.1255856" lon="5.3692412"/><trkpt lat="52.1255334" lon="5.3691874"/><trkpt lat="52.1254838" lon="5.3691463"/><trkpt lat="52.1254838" lon="5.3691165"/><trkpt lat="52.1254594" lon="5.3690442"/><trkpt lat="52.1254026" lon="5.3689426"/><trkpt lat="52.1254118" lon="5.3688353"/><trkpt lat="52.1254513" lon="5.3687532"/><trkpt lat="52.1254908" lon="5.3686052"/><trkpt lat="52.1254958" lon="5.3685681"/><trkpt lat="52.1254869" lon="5.3685279"/><trkpt lat="52.1254585" lon="5.3684945"/><trkpt lat="52.1254125" lon="5.3684655"/><trkpt lat="52.1253862" lon="5.3684843"/><trkpt lat="52.1253444" lon="5.3686002"/><trkpt lat="52.1252842" lon="5.3687376"/><trkpt lat="52.1252165" lon="5.3687437"/><trkpt lat="52.1251416" lon="5.368672"/><trkpt lat="52.1251219" lon="5.3685322"/><trkpt lat="52.1250375" lon="5.3684069"/><trkpt lat="52.125005" lon="5.3683676"/><trkpt lat="52.1249624" lon="5.3682649"/><trkpt lat="52.124879" lon="5.3681731"/><trkpt lat="52.1248485" lon="5.3681436"/><trkpt lat="52.1248172" lon="5.3681262"/><trkpt lat="52.1247736" lon="5.3681691"/><trkpt lat="52.124711" lon="5.3682509"/><trkpt lat="52.1246435" lon="5.3682737"/><trkpt lat="52.124599" lon="5.3682134"/><trkpt lat="52.1246279" lon="5.3680672"/><trkpt lat="52.1246484" lon="5.3679505"/><trkpt lat="52.1246435" lon="5.3679264"/><trkpt lat="52.1246435" lon="5.3678969"/><trkpt lat="52.1246575" lon="5.3678821"/><trkpt lat="52.1246987" lon="5.3678741"/><trkpt lat="52.1247407" lon="5.3678513"/><trkpt lat="52.12473" lon="5.3677976"/><trkpt lat="52.1247143" lon="5.3677641"/><trkpt lat="52.1246806" lon="5.3677348"/><trkpt lat="52.1245934" lon="5.3677635"/><trkpt lat="52.1245153" lon="5.3677367"/><trkpt lat="52.1244795" lon="5.3676843"/><trkpt lat="52.1244477" lon="5.3676585"/><trkpt lat="52.1244022" lon="5.3676978"/><trkpt lat="52.1243677" lon="5.3677731"/><trkpt lat="52.124352" lon="5.3678754"/><trkpt lat="52.1243491" lon="5.3680069"/><trkpt lat="52.1243291" lon="5.3681541"/><trkpt lat="52.1242862" lon="5.3682831"/><trkpt lat="52.1242352" lon="5.3683474"/><trkpt lat="52.12416" lon="5.3683294"/><trkpt lat="52.1240896" lon="5.3683452"/><trkpt lat="52.1240199" lon="5.3683868"/><trkpt lat="52.1239906" lon="5.3683582"/><trkpt lat="52.1239354" lon="5.3683569"/><trkpt lat="52.1238728" lon="5.3683542"/><trkpt lat="52.1237946" lon="5.3683595"/><trkpt lat="52.1237304" lon="5.3683676"/><trkpt lat="52.1236876" lon="5.3684092"/><trkpt lat="52.1236756" lon="5.3684812"/><trkpt lat="52.123625" lon="5.3685272"/><trkpt lat="52.1235845" lon="5.3685441"/><trkpt lat="52.1235279" lon="5.3685284"/><trkpt lat="52.1234879" lon="5.3685081"/><trkpt lat="52.123461" lon="5.3684441"/><trkpt lat="52.1234521" lon="5.3683783"/><trkpt lat="52.1234793" lon="5.3682818"/><trkpt lat="52.1235352" lon="5.3682603"/><trkpt lat="52.1235756" lon="5.3683019"/><trkpt lat="52.123611" lon="5.368322"/><trkpt lat="52.1237094" lon="5.3683047"/><trkpt lat="52.1237688" lon="5.3682081"/><trkpt lat="52.1238309" lon="5.3680013"/><trkpt lat="52.1239088" lon="5.3678248"/><trkpt lat="52.1239616" lon="5.3675992"/><trkpt lat="52.1239495" lon="5.3674854"/><trkpt lat="52.1239295" lon="5.3673955"/><trkpt lat="52.1238737" lon="5.3673108"/><trkpt lat="52.1238045" lon="5.3672974"/><trkpt lat="52.1236859" lon="5.3673215"/><trkpt lat="52.1236357" lon="5.3672732"/><trkpt lat="52.1235451" lon="5.3672491"/><trkpt lat="52.1234315" lon="5.3672142"/><trkpt lat="52.1233245" lon="5.367178"/><trkpt lat="52.1232429" lon="5.3671472"/><trkpt lat="52.1231985" lon="5.3671847"/><trkpt lat="52.1231697" lon="5.3672504"/><trkpt lat="52.1231422" lon="5.3673618"/><trkpt lat="52.1230766" lon="5.3673966"/><trkpt lat="52.1229649" lon="5.3673764"/><trkpt lat="52.1228774" lon="5.3673658"/><trkpt lat="52.1228337" lon="5.3673886"/><trkpt lat="52.1227882" lon="5.3675191"/><trkpt lat="52.122688" lon="5.3676018"/><trkpt lat="52.1225957" lon="5.3676501"/><trkpt lat="52.1224812" lon="5.3677889"/><trkpt lat="52.1224566" lon="5.3678218"/><trkpt lat="52.1224162" lon="5.3678285"/><trkpt lat="52.1223948" lon="5.3678177"/><trkpt lat="52.1223594" lon="5.3677882"/><trkpt lat="52.1223594" lon="5.3676635"/><trkpt lat="52.1223767" lon="5.3675066"/><trkpt lat="52.1223578" lon="5.3674597"/><trkpt lat="52.1223372" lon="5.3674275"/><trkpt lat="52.1223183" lon="5.3673765"/><trkpt lat="52.1223018" lon="5.3673296"/><trkpt lat="52.1223051" lon="5.3672786"/><trkpt lat="52.1223051" lon="5.3672276"/><trkpt lat="52.122254" lon="5.367115"/><trkpt lat="52.1222425" lon="5.367009"/><trkpt lat="52.1222624" lon="5.3669268"/><trkpt lat="52.1222804" lon="5.3668414"/><trkpt lat="52.1222853" lon="5.3668387"/><trkpt lat="52.1222927" lon="5.3668159"/><trkpt lat="52.1222936" lon="5.3667717"/><trkpt lat="52.1222746" lon="5.3667475"/><trkpt lat="52.1222442" lon="5.3667247"/><trkpt lat="52.1221882" lon="5.3667194"/><trkpt lat="52.1221519" lon="5.3667274"/><trkpt lat="52.1220878" lon="5.3667099"/><trkpt lat="52.1220517" lon="5.3666347"/><trkpt lat="52.1220023" lon="5.3665515"/><trkpt lat="52.1219374" lon="5.3664919"/><trkpt lat="52.1218774" lon="5.3664346"/><trkpt lat="52.1218139" lon="5.3663525"/><trkpt lat="52.1217633" lon="5.366305"/><trkpt lat="52.121746" lon="5.3662674"/><trkpt lat="52.1217427" lon="5.3661574"/><trkpt lat="52.1217318" lon="5.3660547"/><trkpt lat="52.1217228" lon="5.3659704"/><trkpt lat="52.1217221" lon="5.3658932"/><trkpt lat="52.1217228" lon="5.3657872"/><trkpt lat="52.1217187" lon="5.3657198"/><trkpt lat="52.1217394" lon="5.3656653"/><trkpt lat="52.121741" lon="5.3655781"/><trkpt lat="52.121741" lon="5.3654668"/><trkpt lat="52.1217269" lon="5.365404"/><trkpt lat="52.1217145" lon="5.3653702"/><trkpt lat="52.1217163" lon="5.3653193"/><trkpt lat="52.1217238" lon="5.3652777"/><trkpt lat="52.1217194" lon="5.3652062"/><trkpt lat="52.1216958" lon="5.3651489"/><trkpt lat="52.1216785" lon="5.3651248"/><trkpt lat="52.1216476" lon="5.365096"/><trkpt lat="52.1216019" lon="5.3650537"/><trkpt lat="52.1215722" lon="5.3650229"/><trkpt lat="52.1215541" lon="5.3650229"/><trkpt lat="52.121527" lon="5.3650001"/><trkpt lat="52.1215047" lon="5.3649759"/><trkpt lat="52.1215039" lon="5.3649344"/><trkpt lat="52.1214965" lon="5.3649089"/><trkpt lat="52.1214723" lon="5.3648409"/><trkpt lat="52.1214677" lon="5.3648217"/><trkpt lat="52.121457" lon="5.3648083"/><trkpt lat="52.1214487" lon="5.3647868"/><trkpt lat="52.1214397" lon="5.364764"/><trkpt lat="52.1214323" lon="5.3647265"/><trkpt lat="52.1214174" lon="5.3647023"/><trkpt lat="52.1214092" lon="5.3646661"/><trkpt lat="52.12141" lon="5.3646165"/><trkpt lat="52.1213952" lon="5.3645749"/><trkpt lat="52.1213779" lon="5.3645347"/><trkpt lat="52.1213722" lon="5.3645159"/><trkpt lat="52.1213532" lon="5.3644878"/><trkpt lat="52.1213227" lon="5.3644462"/><trkpt lat="52.1212898" lon="5.3644033"/><trkpt lat="52.12127" lon="5.364351"/><trkpt lat="52.1212544" lon="5.3642933"/><trkpt lat="52.1212363" lon="5.3642531"/><trkpt lat="52.1212157" lon="5.3642316"/><trkpt lat="52.1211704" lon="5.3642236"/><trkpt lat="52.1211416" lon="5.3642276"/><trkpt lat="52.121121" lon="5.3642169"/><trkpt lat="52.1210955" lon="5.3642075"/><trkpt lat="52.1210823" lon="5.3641914"/><trkpt lat="52.1210683" lon="5.3641981"/><trkpt lat="52.1210469" lon="5.3641967"/><trkpt lat="52.1210247" lon="5.3641807"/><trkpt lat="52.1209967" lon="5.3641565"/><trkpt lat="52.1209568" lon="5.3641014"/><trkpt lat="52.1208816" lon="5.3640665"/><trkpt lat="52.1208542" lon="5.364072"/><trkpt lat="52.1208237" lon="5.3640586"/><trkpt lat="52.1207908" lon="5.3640318"/><trkpt lat="52.1207726" lon="5.364007"/><trkpt lat="52.1207727" lon="5.3639607"/><trkpt lat="52.1207818" lon="5.3639097"/><trkpt lat="52.1208007" lon="5.3638574"/><trkpt lat="52.1208254" lon="5.3637998"/><trkpt lat="52.1208534" lon="5.3637113"/><trkpt lat="52.1208542" lon="5.3636603"/><trkpt lat="52.1208567" lon="5.3635959"/><trkpt lat="52.1208509" lon="5.3635517"/><trkpt lat="52.1208369" lon="5.3634913"/><trkpt lat="52.1208221" lon="5.3634605"/><trkpt lat="52.120804" lon="5.3634605"/><trkpt lat="52.1207925" lon="5.3634806"/><trkpt lat="52.1207562" lon="5.3634793"/><trkpt lat="52.1207315" lon="5.3634725"/><trkpt lat="52.120705" lon="5.3634979"/><trkpt lat="52.1206567" lon="5.363436"/><trkpt lat="52.1205767" lon="5.3633183"/><trkpt lat="52.1205031" lon="5.3632715"/><trkpt lat="52.1204542" lon="5.3629099"/><trkpt lat="52.1204562" lon="5.362845"/><trkpt lat="52.1203504" lon="5.3628335"/><trkpt lat="52.1201446" lon="5.3628238"/><trkpt lat="52.1186847" lon="5.3627563"/><trkpt lat="52.1179358" lon="5.3627232"/><trkpt lat="52.1177144" lon="5.3627033"/><trkpt lat="52.1175325" lon="5.3626826"/><trkpt lat="52.117434" lon="5.3626694"/><trkpt lat="52.1173156" lon="5.3626437"/><trkpt lat="52.1171977" lon="5.3626076"/><trkpt lat="52.1170486" lon="5.3625554"/><trkpt lat="52.1169435" lon="5.3625213"/><trkpt lat="52.1163526" lon="5.3623569"/><trkpt lat="52.1153857" lon="5.361957"/><trkpt lat="52.1143671" lon="5.3614955"/><trkpt lat="52.1139292" lon="5.361313"/><trkpt lat="52.1127277" lon="5.3607744"/><trkpt lat="52.112704" lon="5.3613195"/><trkpt lat="52.1127019" lon="5.3614106"/><trkpt lat="52.1126512" lon="5.3614614"/><trkpt lat="52.1125815" lon="5.3614704"/><trkpt lat="52.1125249" lon="5.3615333"/><trkpt lat="52.11248" lon="5.3615985"/><trkpt lat="52.1124479" lon="5.3616963"/><trkpt lat="52.1123737" lon="5.3617828"/><trkpt lat="52.1123074" lon="5.361866"/><trkpt lat="52.1122633" lon="5.3618401"/><trkpt lat="52.1122298" lon="5.3618542"/><trkpt lat="52.1122091" lon="5.3619154"/><trkpt lat="52.1121956" lon="5.3619958"/><trkpt lat="52.11228" lon="5.3621593"/><trkpt lat="52.1123516" lon="5.3622481"/><trkpt lat="52.1123295" lon="5.3624054"/><trkpt lat="52.1122943" lon="5.3625864"/><trkpt lat="52.1123074" lon="5.3628044"/><trkpt lat="52.1123592" lon="5.3630652"/><trkpt lat="52.1124103" lon="5.3633281"/><trkpt lat="52.1123357" lon="5.3634147"/><trkpt lat="52.112315" lon="5.3635192"/><trkpt lat="52.1123585" lon="5.3636462"/><trkpt lat="52.1124158" lon="5.3637327"/><trkpt lat="52.1124082" lon="5.3638429"/><trkpt lat="52.1123947" lon="5.363944"/><trkpt lat="52.1123447" lon="5.3639834"/><trkpt lat="52.1122536" lon="5.3639766"/><trkpt lat="52.1121473" lon="5.3639452"/><trkpt lat="52.1120507" lon="5.3639834"/><trkpt lat="52.111932" lon="5.3640148"/><trkpt lat="52.1117953" lon="5.3640216"/><trkpt lat="52.1116683" lon="5.3640216"/><trkpt lat="52.1115938" lon="5.364053"/><trkpt lat="52.1115703" lon="5.3641654"/><trkpt lat="52.1116131" lon="5.3643093"/><trkpt lat="52.1116352" lon="5.3644576"/><trkpt lat="52.1115786" lon="5.364561"/><trkpt lat="52.1115814" lon="5.3646982"/><trkpt lat="52.1116311" lon="5.3647858"/><trkpt lat="52.1117084" lon="5.3647813"/><trkpt lat="52.1117277" lon="5.3648488"/><trkpt lat="52.1117208" lon="5.3649724"/><trkpt lat="52.1116849" lon="5.3651073"/><trkpt lat="52.1116311" lon="5.3652466"/><trkpt lat="52.1116214" lon="5.3653882"/><trkpt lat="52.1116946" lon="5.3655276"/><trkpt lat="52.1117622" lon="5.365658"/><trkpt lat="52.1117953" lon="5.3658086"/><trkpt lat="52.1117898" lon="5.3659906"/><trkpt lat="52.1118064" lon="5.3661839"/><trkpt lat="52.111863" lon="5.3662154"/><trkpt lat="52.1119058" lon="5.3661547"/><trkpt lat="52.1119789" lon="5.3660558"/><trkpt lat="52.1120769" lon="5.3660333"/><trkpt lat="52.1121501" lon="5.3659839"/><trkpt lat="52.1122191" lon="5.3660693"/><trkpt lat="52.1122453" lon="5.3662019"/><trkpt lat="52.1122674" lon="5.3663683"/><trkpt lat="52.1123088" lon="5.3665031"/><trkpt lat="52.1123848" lon="5.3666065"/><trkpt lat="52.1123778" lon="5.3666807"/><trkpt lat="52.112342" lon="5.3667616"/><trkpt lat="52.1123627" lon="5.3669055"/><trkpt lat="52.1124234" lon="5.3670426"/><trkpt lat="52.1124293" lon="5.3671351"/><trkpt lat="52.1127049" lon="5.367196"/><trkpt lat="52.1127007" lon="5.3682496"/><trkpt lat="52.1126436" lon="5.3683148"/><trkpt lat="52.1125697" lon="5.3683778"/><trkpt lat="52.1125249" lon="5.368425"/><trkpt lat="52.1124607" lon="5.3684632"/><trkpt lat="52.1123986" lon="5.368416"/><trkpt lat="52.1123219" lon="5.3683665"/><trkpt lat="52.1122515" lon="5.3683901"/><trkpt lat="52.112177" lon="5.3683508"/><trkpt lat="52.1121025" lon="5.3682811"/><trkpt lat="52.1120176" lon="5.3682856"/><trkpt lat="52.1119423" lon="5.3682586"/><trkpt lat="52.1118899" lon="5.368153"/><trkpt lat="52.1118326" lon="5.368026"/><trkpt lat="52.111767" lon="5.3680249"/><trkpt lat="52.1116814" lon="5.3680192"/><trkpt lat="52.1116124" lon="5.3679777"/><trkpt lat="52.1116021" lon="5.3678821"/><trkpt lat="52.1115876" lon="5.3677945"/><trkpt lat="52.1115248" lon="5.3677428"/><trkpt lat="52.1115034" lon="5.3676585"/><trkpt lat="52.1115234" lon="5.3675888"/><trkpt lat="52.1115834" lon="5.3675337"/><trkpt lat="52.1116366" lon="5.3675056"/><trkpt lat="52.1116442" lon="5.3674607"/><trkpt lat="52.1116297" lon="5.3674056"/><trkpt lat="52.1115883" lon="5.3673505"/><trkpt lat="52.1115351" lon="5.3672955"/><trkpt lat="52.1114999" lon="5.3672134"/><trkpt lat="52.1115268" lon="5.3671235"/><trkpt lat="52.1115206" lon="5.3670471"/><trkpt lat="52.1114854" lon="5.3670572"/><trkpt lat="52.1114523" lon="5.3671426"/><trkpt lat="52.1114178" lon="5.3672752"/><trkpt lat="52.1113598" lon="5.3673708"/><trkpt lat="52.1113384" lon="5.367237"/><trkpt lat="52.1113633" lon="5.3670853"/><trkpt lat="52.1114323" lon="5.3669774"/><trkpt lat="52.1115708" lon="5.3669204"/><trkpt lat="52.1117166" lon="5.3668425"/><trkpt lat="52.111787" lon="5.3667594"/><trkpt lat="52.1117898" lon="5.3666447"/><trkpt lat="52.1117967" lon="5.3665054"/><trkpt lat="52.1117801" lon="5.3663638"/><trkpt lat="52.1117277" lon="5.3662761"/><trkpt lat="52.1116904" lon="5.3662716"/><trkpt lat="52.1116559" lon="5.3663525"/><trkpt lat="52.1116117" lon="5.3664312"/><trkpt lat="52.1115551" lon="5.3664155"/><trkpt lat="52.1115123" lon="5.3663615"/><trkpt lat="52.1115441" lon="5.3663008"/><trkpt lat="52.1115772" lon="5.3662132"/><trkpt lat="52.1115745" lon="5.366121"/><trkpt lat="52.1115399" lon="5.3660446"/><trkpt lat="52.111493" lon="5.3659794"/><trkpt lat="52.1114281" lon="5.3660041"/><trkpt lat="52.1113743" lon="5.3659232"/><trkpt lat="52.1113108" lon="5.3658176"/><trkpt lat="52.1112487" lon="5.3656939"/><trkpt lat="52.1112846" lon="5.365631"/><trkpt lat="52.111279" lon="5.3655208"/><trkpt lat="52.1112956" lon="5.3653972"/><trkpt lat="52.1113577" lon="5.3652758"/><trkpt lat="52.1114129" lon="5.3651252"/><trkpt lat="52.1114157" lon="5.3649634"/><trkpt lat="52.1113577" lon="5.3648173"/><trkpt lat="52.1113729" lon="5.3646465"/><trkpt lat="52.1114419" lon="5.3645183"/><trkpt lat="52.1114999" lon="5.3644104"/><trkpt lat="52.1115096" lon="5.3642688"/><trkpt lat="52.1114847" lon="5.3641137"/><trkpt lat="52.111395" lon="5.3639834"/><trkpt lat="52.1112984" lon="5.363853"/><trkpt lat="52.1112789" lon="5.363623"/><trkpt lat="52.1113246" lon="5.3634686"/><trkpt lat="52.1113536" lon="5.3633068"/><trkpt lat="52.1114378" lon="5.3631562"/><trkpt lat="52.111493" lon="5.3629899"/><trkpt lat="52.1114723" lon="5.3627831"/><trkpt lat="52.1114268" lon="5.3626122"/><trkpt lat="52.1113384" lon="5.3625111"/><trkpt lat="52.1113301" lon="5.3623672"/><trkpt lat="52.1113177" lon="5.3622076"/><trkpt lat="52.1112749" lon="5.362048"/><trkpt lat="52.1112308" lon="5.3619286"/><trkpt lat="52.1111866" lon="5.3617446"/><trkpt lat="52.1111838" lon="5.36154"/><trkpt lat="52.1112418" lon="5.3614816"/><trkpt lat="52.1112749" lon="5.3614007"/><trkpt lat="52.1113246" lon="5.3613265"/><trkpt lat="52.1113867" lon="5.3612478"/><trkpt lat="52.1114074" lon="5.3611444"/><trkpt lat="52.1113646" lon="5.3610208"/><trkpt lat="52.1112804" lon="5.3608972"/><trkpt lat="52.1111548" lon="5.3607848"/><trkpt lat="52.1110099" lon="5.3607129"/><trkpt lat="52.1109367" lon="5.3607533"/><trkpt lat="52.1108553" lon="5.360868"/><trkpt lat="52.1107476" lon="5.3610096"/><trkpt lat="52.1106813" lon="5.3610725"/><trkpt lat="52.1106772" lon="5.3612321"/><trkpt lat="52.1106703" lon="5.3614232"/><trkpt lat="52.1106192" lon="5.3615738"/><trkpt lat="52.1105543" lon="5.3617131"/><trkpt lat="52.1105423" lon="5.361778"/><trkpt lat="52.1105598" lon="5.3619132"/><trkpt lat="52.1105322" lon="5.3621042"/><trkpt lat="52.1105336" lon="5.362293"/><trkpt lat="52.1105474" lon="5.3625156"/><trkpt lat="52.1105336" lon="5.3627111"/><trkpt lat="52.1105198" lon="5.362891"/><trkpt lat="52.1104646" lon="5.3630371"/><trkpt lat="52.1104066" lon="5.3631584"/><trkpt lat="52.1103974" lon="5.3633086"/><trkpt lat="52.1104163" lon="5.3634574"/><trkpt lat="52.110437" lon="5.363617"/><trkpt lat="52.1104315" lon="5.3638013"/><trkpt lat="52.1104052" lon="5.3638642"/><trkpt lat="52.1103983" lon="5.3639811"/><trkpt lat="52.1103873" lon="5.3641025"/><trkpt lat="52.1103652" lon="5.3641767"/><trkpt lat="52.1103721" lon="5.3642778"/><trkpt lat="52.1103652" lon="5.3643835"/><trkpt lat="52.1103583" lon="5.3645004"/><trkpt lat="52.1103403" lon="5.364606"/><trkpt lat="52.1103279" lon="5.3647184"/><trkpt lat="52.1103058" lon="5.3648218"/><trkpt lat="52.110281" lon="5.3649544"/><trkpt lat="52.1102948" lon="5.365078"/><trkpt lat="52.1102865" lon="5.3652017"/><trkpt lat="52.1102989" lon="5.3653185"/><trkpt lat="52.110281" lon="5.3654264"/><trkpt lat="52.1102699" lon="5.3655051"/><trkpt lat="52.1102465" lon="5.3655973"/><trkpt lat="52.1102189" lon="5.3656984"/><trkpt lat="52.1102244" lon="5.3658131"/><trkpt lat="52.110241" lon="5.3659434"/><trkpt lat="52.1102327" lon="5.3660288"/><trkpt lat="52.110194" lon="5.3660446"/><trkpt lat="52.1101526" lon="5.366076"/><trkpt lat="52.110136" lon="5.3661457"/><trkpt lat="52.1101112" lon="5.3661907"/><trkpt lat="52.1100528" lon="5.3661847"/><trkpt lat="52.1100196" lon="5.3661797"/><trkpt lat="52.1098573" lon="5.3661335"/><trkpt lat="52.1097237" lon="5.366117"/><trkpt lat="52.1095759" lon="5.3660148"/><trkpt lat="52.1094187" lon="5.3659336"/><trkpt lat="52.1087377" lon="5.3661506"/><trkpt lat="52.108023" lon="5.3664176"/><trkpt lat="52.107171" lon="5.3667423"/><trkpt lat="52.1071055" lon="5.3667885"/><trkpt lat="52.1070469" lon="5.3668215"/><trkpt lat="52.106931" lon="5.3668451"/><trkpt lat="52.1067833" lon="5.366846"/><trkpt lat="52.1066205" lon="5.3669186"/><trkpt lat="52.1063082" lon="5.3670479"/><trkpt lat="52.1061463" lon="5.3671356"/><trkpt lat="52.1060119" lon="5.3671205"/><trkpt lat="52.1058963" lon="5.3671436"/><trkpt lat="52.1057399" lon="5.3672261"/><trkpt lat="52.1055597" lon="5.3673016"/><trkpt lat="52.1054756" lon="5.3673165"/><trkpt lat="52.1049537" lon="5.367462"/><trkpt lat="52.1048496" lon="5.3674856"/><trkpt lat="52.1048215" lon="5.367463"/><trkpt lat="52.10481" lon="5.3674221"/><trkpt lat="52.1047799" lon="5.367408"/><trkpt lat="52.1047688" lon="5.3673537"/><trkpt lat="52.104721" lon="5.3672786"/><trkpt lat="52.1046304" lon="5.367174"/><trkpt lat="52.1046284" lon="5.3671297"/><trkpt lat="52.104562" lon="5.3670104"/><trkpt lat="52.104527" lon="5.36695"/><trkpt lat="52.1044821" lon="5.3668937"/><trkpt lat="52.104457" lon="5.3668897"/><trkpt lat="52.104422" lon="5.3669018"/><trkpt lat="52.1043845" lon="5.3669152"/><trkpt lat="52.104359" lon="5.366938"/><trkpt lat="52.1043582" lon="5.3669695"/><trkpt lat="52.1043615" lon="5.367005"/><trkpt lat="52.1043672" lon="5.3670909"/><trkpt lat="52.1043969" lon="5.3671271"/><trkpt lat="52.1044377" lon="5.3671814"/><trkpt lat="52.1044768" lon="5.3672055"/><trkpt lat="52.1045081" lon="5.3672364"/><trkpt lat="52.1045209" lon="5.3672759"/><trkpt lat="52.1045101" lon="5.3673074"/><trkpt lat="52.1044669" lon="5.3673222"/><trkpt lat="52.1044352" lon="5.3673336"/><trkpt lat="52.104387" lon="5.3672706"/><trkpt lat="52.1043421" lon="5.3671619"/><trkpt lat="52.1043306" lon="5.3670801"/><trkpt lat="52.1042976" lon="5.3670292"/><trkpt lat="52.1042844" lon="5.3669722"/><trkpt lat="52.104221" lon="5.3668709"/><trkpt lat="52.1041922" lon="5.3668723"/><trkpt lat="52.1041712" lon="5.3668562"/><trkpt lat="52.1041386" lon="5.3668575"/><trkpt lat="52.1041082" lon="5.3668521"/><trkpt lat="52.1040736" lon="5.366879"/><trkpt lat="52.104048" lon="5.3669836"/><trkpt lat="52.1040274" lon="5.3670841"/><trkpt lat="52.1039258" lon="5.3672266"/><trkpt lat="52.1038264" lon="5.3673483"/><trkpt lat="52.1038157" lon="5.3674194"/><trkpt lat="52.1038413" lon="5.3675106"/><trkpt lat="52.1038619" lon="5.3676018"/><trkpt lat="52.1038073" lon="5.3678055"/><trkpt lat="52.1037993" lon="5.3679398"/><trkpt lat="52.1038371" lon="5.3680497"/><trkpt lat="52.1038684" lon="5.3681195"/><trkpt lat="52.1039212" lon="5.3682522"/><trkpt lat="52.1039459" lon="5.3682978"/><trkpt lat="52.1039689" lon="5.3683636"/><trkpt lat="52.1039648" lon="5.3684306"/><trkpt lat="52.1039484" lon="5.3685097"/><trkpt lat="52.1039253" lon="5.368554"/><trkpt lat="52.1038734" lon="5.3686438"/><trkpt lat="52.103819" lon="5.368672"/><trkpt lat="52.1037844" lon="5.3686412"/><trkpt lat="52.1037675" lon="5.368605"/><trkpt lat="52.1037366" lon="5.3685714"/><trkpt lat="52.1037119" lon="5.3685728"/><trkpt lat="52.1036893" lon="5.3686036"/><trkpt lat="52.1036856" lon="5.3686713"/><trkpt lat="52.1037354" lon="5.3687505"/><trkpt lat="52.1037964" lon="5.3688397"/><trkpt lat="52.1038182" lon="5.3688819"/><trkpt lat="52.1038297" lon="5.3689711"/><trkpt lat="52.1037935" lon="5.3690596"/><trkpt lat="52.1037647" lon="5.3691025"/><trkpt lat="52.1037692" lon="5.3691401"/><trkpt lat="52.1037852" lon="5.3691696"/><trkpt lat="52.1037861" lon="5.3692071"/><trkpt lat="52.1038058" lon="5.3692473"/><trkpt lat="52.1038355" lon="5.3692487"/><trkpt lat="52.1039442" lon="5.369185"/><trkpt lat="52.1039928" lon="5.3692299"/><trkpt lat="52.1040538" lon="5.3692447"/><trkpt lat="52.1040991" lon="5.3692675"/><trkpt lat="52.1041296" lon="5.3692916"/><trkpt lat="52.1041428" lon="5.3693198"/><trkpt lat="52.1041131" lon="5.3693466"/><trkpt lat="52.104048" lon="5.3693788"/><trkpt lat="52.1040019" lon="5.3693748"/><trkpt lat="52.103964" lon="5.3693895"/><trkpt lat="52.1039187" lon="5.3694043"/><trkpt lat="52.1039385" lon="5.3695008"/><trkpt lat="52.103936" lon="5.3696001"/><trkpt lat="52.1038594" lon="5.3696457"/><trkpt lat="52.1038091" lon="5.3697221"/><trkpt lat="52.1038271" lon="5.3697759"/><trkpt lat="52.1038668" lon="5.3698254"/><trkpt lat="52.1039591" lon="5.3699166"/><trkpt lat="52.1040769" lon="5.3699514"/><trkpt lat="52.1041246" lon="5.3700212"/><trkpt lat="52.1041139" lon="5.3701057"/><trkpt lat="52.1040604" lon="5.3703175"/><trkpt lat="52.1040398" lon="5.3704503"/><trkpt lat="52.1040563" lon="5.3705375"/><trkpt lat="52.1040826" lon="5.3705898"/><trkpt lat="52.1041296" lon="5.3706247"/><trkpt lat="52.1042194" lon="5.3705415"/><trkpt lat="52.1042548" lon="5.3705455"/><trkpt lat="52.1042717" lon="5.3705804"/><trkpt lat="52.104261" lon="5.3706381"/><trkpt lat="52.1042144" lon="5.3707742"/><trkpt lat="52.1041988" lon="5.3708754"/><trkpt lat="52.1041786" lon="5.3709975"/><trkpt lat="52.1041769" lon="5.3710484"/><trkpt lat="52.1041856" lon="5.3711001"/><trkpt lat="52.1042243" lon="5.3711403"/><trkpt lat="52.1042515" lon="5.3711812"/><trkpt lat="52.1042696" lon="5.3712402"/><trkpt lat="52.1042676" lon="5.3712865"/><trkpt lat="52.1042452" lon="5.3713515"/><trkpt lat="52.1042169" lon="5.3714119"/><trkpt lat="52.1042128" lon="5.3714642"/><trkpt lat="52.1042416" lon="5.3715111"/><trkpt lat="52.1042951" lon="5.3715608"/><trkpt lat="52.1043067" lon="5.3717257"/><trkpt lat="52.1043032" lon="5.3717917"/><trkpt lat="52.1046423" lon="5.3718078"/><trkpt lat="52.1046156" lon="5.3719349"/><trkpt lat="52.1046139" lon="5.3720368"/><trkpt lat="52.1046032" lon="5.3721924"/><trkpt lat="52.1045719" lon="5.3723051"/><trkpt lat="52.1044846" lon="5.3724298"/><trkpt lat="52.1044945" lon="5.3725009"/><trkpt lat="52.1045456" lon="5.372521"/><trkpt lat="52.1045868" lon="5.3725719"/><trkpt lat="52.104651" lon="5.3727329"/><trkpt lat="52.1047424" lon="5.3729139"/><trkpt lat="52.1047424" lon="5.3730521"/><trkpt lat="52.1047597" lon="5.3730896"/><trkpt lat="52.1048726" lon="5.3732049"/><trkpt lat="52.1048825" lon="5.3732559"/><trkpt lat="52.1048825" lon="5.3733203"/><trkpt lat="52.1048792" lon="5.3734249"/><trkpt lat="52.1048553" lon="5.3735147"/><trkpt lat="52.1048273" lon="5.3735577"/><trkpt lat="52.1048092" lon="5.3736435"/><trkpt lat="52.1048281" lon="5.3736703"/><trkpt lat="52.1048915" lon="5.3736851"/><trkpt lat="52.1049352" lon="5.3737012"/><trkpt lat="52.1049566" lon="5.373732"/><trkpt lat="52.1049558" lon="5.373787"/><trkpt lat="52.1045946" lon="5.373836"/><trkpt lat="52.104553" lon="5.3738996"/><trkpt lat="52.1045266" lon="5.3739372"/><trkpt lat="52.1045134" lon="5.3740069"/><trkpt lat="52.1044871" lon="5.3740096"/><trkpt lat="52.1044821" lon="5.3740686"/><trkpt lat="52.104492" lon="5.3741571"/><trkpt lat="52.1044838" lon="5.374192"/><trkpt lat="52.1044673" lon="5.3742027"/><trkpt lat="52.1044327" lon="5.3742108"/><trkpt lat="52.1043981" lon="5.3742671"/><trkpt lat="52.1043866" lon="5.374361"/><trkpt lat="52.1043553" lon="5.3744388"/><trkpt lat="52.1043174" lon="5.3745139"/><trkpt lat="52.1043124" lon="5.3745782"/><trkpt lat="52.1042713" lon="5.3746104"/><trkpt lat="52.1041988" lon="5.3746641"/><trkpt lat="52.1041312" lon="5.3746775"/><trkpt lat="52.104034" lon="5.3746587"/><trkpt lat="52.1039665" lon="5.3746158"/><trkpt lat="52.10395" lon="5.3745863"/><trkpt lat="52.1037737" lon="5.37453"/><trkpt lat="52.1036913" lon="5.3744227"/><trkpt lat="52.1036419" lon="5.3742939"/><trkpt lat="52.1036123" lon="5.3741866"/><trkpt lat="52.1035558" lon="5.3739897"/><trkpt lat="52.103304" lon="5.3740332"/><trkpt lat="52.1032696" lon="5.3741477"/><trkpt lat="52.1032202" lon="5.3742215"/><trkpt lat="52.1031748" lon="5.3742161"/><trkpt lat="52.1031221" lon="5.3742027"/><trkpt lat="52.1030834" lon="5.3742295"/><trkpt lat="52.1030686" lon="5.3742845"/><trkpt lat="52.1031155" lon="5.3743985"/><trkpt lat="52.1031254" lon="5.3744401"/><trkpt lat="52.1031271" lon="5.3745554"/><trkpt lat="52.1031048" lon="5.3746064"/><trkpt lat="52.1030743" lon="5.3746507"/><trkpt lat="52.1030035" lon="5.3746587"/><trkpt lat="52.1029829" lon="5.3745648"/><trkpt lat="52.1029606" lon="5.3745169"/><trkpt lat="52.1028415" lon="5.3744087"/><trkpt lat="52.1027547" lon="5.3743449"/><trkpt lat="52.1026682" lon="5.3743087"/><trkpt lat="52.1025867" lon="5.3743865"/><trkpt lat="52.1024854" lon="5.3745165"/><trkpt lat="52.102431" lon="5.3744052"/><trkpt lat="52.1024096" lon="5.3743529"/><trkpt lat="52.1023692" lon="5.3743274"/><trkpt lat="52.102314" lon="5.3743315"/><trkpt lat="52.1022481" lon="5.374416"/><trkpt lat="52.1022168" lon="5.3745179"/><trkpt lat="52.1022201" lon="5.3746265"/><trkpt lat="52.1020809" lon="5.3747807"/><trkpt lat="52.1019911" lon="5.3747579"/><trkpt lat="52.1018601" lon="5.3747191"/><trkpt lat="52.1017983" lon="5.3747244"/><trkpt lat="52.1016822" lon="5.3749658"/><trkpt lat="52.1016294" lon="5.3749725"/><trkpt lat="52.1016105" lon="5.3749497"/><trkpt lat="52.1016064" lon="5.3749014"/><trkpt lat="52.1016212" lon="5.3748076"/><trkpt lat="52.1016047" lon="5.3747445"/><trkpt lat="52.1016105" lon="5.3746828"/><trkpt lat="52.1016813" lon="5.3745688"/><trkpt lat="52.1017308" lon="5.3744736"/><trkpt lat="52.1017695" lon="5.3743932"/><trkpt lat="52.1019128" lon="5.3743596"/><trkpt lat="52.1019309" lon="5.3742946"/><trkpt lat="52.1018992" lon="5.374141"/><trkpt lat="52.1018683" lon="5.374023"/><trkpt lat="52.1018313" lon="5.3739647"/><trkpt lat="52.1017827" lon="5.3739171"/><trkpt lat="52.1017761" lon="5.3738051"/><trkpt lat="52.1017617" lon="5.3737615"/><trkpt lat="52.1017448" lon="5.3736716"/><trkpt lat="52.1017295" lon="5.3736489"/><trkpt lat="52.1017295" lon="5.3735959"/><trkpt lat="52.1017736" lon="5.3734142"/><trkpt lat="52.1018033" lon="5.3733109"/><trkpt lat="52.1018461" lon="5.373221"/><trkpt lat="52.1019375" lon="5.3732036"/><trkpt lat="52.1019655" lon="5.3731526"/><trkpt lat="52.1020043" lon="5.3730561"/><trkpt lat="52.1019969" lon="5.3730065"/><trkpt lat="52.1019474" lon="5.3728844"/><trkpt lat="52.1018749" lon="5.3727664"/><trkpt lat="52.1018725" lon="5.3724274"/><trkpt lat="52.1018865" lon="5.3723614"/><trkpt lat="52.1019013" lon="5.3721374"/><trkpt lat="52.1018963" lon="5.3720489"/><trkpt lat="52.101879" lon="5.371998"/><trkpt lat="52.1018774" lon="5.3719068"/><trkpt lat="52.1018919" lon="5.3717568"/><trkpt lat="52.1019066" lon="5.3716526"/><trkpt lat="52.1019079" lon="5.3715098"/><trkpt lat="52.1019161" lon="5.3712155"/><trkpt lat="52.1019537" lon="5.3708348"/><trkpt lat="52.1019826" lon="5.3705825"/><trkpt lat="52.1020446" lon="5.3704946"/><trkpt lat="52.1021291" lon="5.370426"/><trkpt lat="52.102146" lon="5.3703859"/><trkpt lat="52.1021361" lon="5.3703068"/><trkpt lat="52.1021072" lon="5.3702532"/><trkpt lat="52.1020768" lon="5.3701767"/><trkpt lat="52.1020652" lon="5.3700708"/><trkpt lat="52.1020905" lon="5.369914"/><trkpt lat="52.1021262" lon="5.3697516"/><trkpt lat="52.1021962" lon="5.3696685"/><trkpt lat="52.1022193" lon="5.3695826"/><trkpt lat="52.1022094" lon="5.3695115"/><trkpt lat="52.1021887" lon="5.3694716"/><trkpt lat="52.1021723" lon="5.3694458"/><trkpt lat="52.1021682" lon="5.3694029"/><trkpt lat="52.1021539" lon="5.369352"/><trkpt lat="52.102169" lon="5.3692715"/><trkpt lat="52.102183" lon="5.3691722"/><trkpt lat="52.1022184" lon="5.3689697"/><trkpt lat="52.1022676" lon="5.3688609"/><trkpt lat="52.1022877" lon="5.3685638"/><trkpt lat="52.1023173" lon="5.3685071"/><trkpt lat="52.102328" lon="5.3684413"/><trkpt lat="52.1023173" lon="5.3683086"/><trkpt lat="52.1023066" lon="5.3681906"/><trkpt lat="52.102286" lon="5.3680859"/><trkpt lat="52.1022452" lon="5.3680771"/><trkpt lat="52.1021534" lon="5.3679532"/><trkpt lat="52.1020792" lon="5.3679384"/><trkpt lat="52.1019675" lon="5.3679619"/><trkpt lat="52.101771" lon="5.3679594"/><trkpt lat="52.1016665" lon="5.367862"/><trkpt lat="52.1015182" lon="5.3677225"/><trkpt lat="52.1014853" lon="5.3676742"/><trkpt lat="52.1014556" lon="5.3675348"/><trkpt lat="52.1013321" lon="5.3674221"/><trkpt lat="52.1012843" lon="5.3672585"/><trkpt lat="52.1012208" lon="5.3671646"/><trkpt lat="52.1011154" lon="5.3670466"/><trkpt lat="52.1010759" lon="5.3669527"/><trkpt lat="52.1010413" lon="5.3669098"/><trkpt lat="52.1009732" lon="5.3668899"/><trkpt lat="52.1009293" lon="5.3674235"/><trkpt lat="52.1009047" lon="5.3678708"/><trkpt lat="52.100873" lon="5.3680265"/><trkpt lat="52.1008175" lon="5.3681039"/><trkpt lat="52.1007421" lon="5.3681837"/><trkpt lat="52.1003772" lon="5.368333"/><trkpt lat="52.1001677" lon="5.3683364"/><trkpt lat="52.0999142" lon="5.3685043"/><trkpt lat="52.09986" lon="5.368638"/><trkpt lat="52.0998558" lon="5.3689101"/><trkpt lat="52.0997663" lon="5.3688997"/><trkpt lat="52.0996173" lon="5.3687359"/><trkpt lat="52.0995541" lon="5.3685987"/><trkpt lat="52.099363" lon="5.3685908"/><trkpt lat="52.0992982" lon="5.3687042"/><trkpt lat="52.0991592" lon="5.3688322"/><trkpt lat="52.0990839" lon="5.3688423"/><trkpt lat="52.0990476" lon="5.3688718"/><trkpt lat="52.0990179" lon="5.3688732"/><trkpt lat="52.0989578" lon="5.3689121"/><trkpt lat="52.098915" lon="5.3689429"/><trkpt lat="52.0988672" lon="5.3689483"/><trkpt lat="52.0988358" lon="5.3689843"/><trkpt lat="52.0988005" lon="5.3689778"/><trkpt lat="52.0987354" lon="5.3690046"/><trkpt lat="52.098662" lon="5.3690247"/><trkpt lat="52.0985867" lon="5.3690913"/><trkpt lat="52.0985838" lon="5.3690851"/><trkpt lat="52.0985187" lon="5.3690851"/><trkpt lat="52.0984583" lon="5.369075"/><trkpt lat="52.0984182" lon="5.3690824"/><trkpt lat="52.0983647" lon="5.3691127"/><trkpt lat="52.0982897" lon="5.3692406"/><trkpt lat="52.0982559" lon="5.3692487"/><trkpt lat="52.0982147" lon="5.3692688"/><trkpt lat="52.0981875" lon="5.3692473"/><trkpt lat="52.0981381" lon="5.3692769"/><trkpt lat="52.0981043" lon="5.3692715"/><trkpt lat="52.0980335" lon="5.3693305"/><trkpt lat="52.0979774" lon="5.3693654"/><trkpt lat="52.0979156" lon="5.3693479"/><trkpt lat="52.0978794" lon="5.3692849"/><trkpt lat="52.0978753" lon="5.369238"/><trkpt lat="52.0978511" lon="5.3691776"/><trkpt lat="52.0978713" lon="5.3689918"/><trkpt lat="52.0978505" lon="5.3685367"/><trkpt lat="52.0978069" lon="5.3682316"/><trkpt lat="52.0978037" lon="5.3681221"/><trkpt lat="52.0978138" lon="5.3679854"/><trkpt lat="52.097844" lon="5.3678383"/><trkpt lat="52.0978729" lon="5.367711"/><trkpt lat="52.097916" lon="5.3675924"/><trkpt lat="52.0981186" lon="5.3671526"/><trkpt lat="52.0981948" lon="5.3669418"/><trkpt lat="52.0984018" lon="5.3663735"/><trkpt lat="52.0984227" lon="5.3662237"/><trkpt lat="52.0984218" lon="5.3661623"/><trkpt lat="52.0986308" lon="5.366161"/><trkpt lat="52.0987026" lon="5.3659829"/><trkpt lat="52.0988102" lon="5.3657337"/><trkpt lat="52.0988776" lon="5.365602"/><trkpt lat="52.0988686" lon="5.3654492"/><trkpt lat="52.0988641" lon="5.3653824"/><trkpt lat="52.098836" lon="5.3652681"/><trkpt lat="52.0986405" lon="5.3651531"/><trkpt lat="52.0982835" lon="5.3650492"/><trkpt lat="52.0981144" lon="5.3649876"/><trkpt lat="52.0980658" lon="5.364707"/><trkpt lat="52.0979454" lon="5.3644511"/><trkpt lat="52.0977832" lon="5.3642143"/><trkpt lat="52.0977383" lon="5.3641496"/><trkpt lat="52.0975926" lon="5.3639394"/><trkpt lat="52.0974812" lon="5.3636223"/><trkpt lat="52.095554" lon="5.363404"/><trkpt lat="52.0955478" lon="5.3633368"/><trkpt lat="52.095519" lon="5.3632667"/><trkpt lat="52.0954769" lon="5.3632271"/><trkpt lat="52.095416" lon="5.363199"/><trkpt lat="52.0953319" lon="5.3630957"/><trkpt lat="52.0952817" lon="5.3630581"/><trkpt lat="52.0952269" lon="5.363026"/><trkpt lat="52.0951886" lon="5.3629817"/><trkpt lat="52.0951532" lon="5.3629884"/><trkpt lat="52.0951375" lon="5.3629549"/><trkpt lat="52.0951387" lon="5.3628543"/><trkpt lat="52.0951536" lon="5.3627584"/><trkpt lat="52.0951457" lon="5.3627202"/><trkpt lat="52.0951194" lon="5.3626773"/><trkpt lat="52.0950831" lon="5.3626665"/><trkpt lat="52.0950444" lon="5.3628074"/><trkpt lat="52.0950147" lon="5.362924"/><trkpt lat="52.0949686" lon="5.3629374"/><trkpt lat="52.094934" lon="5.3629133"/><trkpt lat="52.0949068" lon="5.3628704"/><trkpt lat="52.0948623" lon="5.3628007"/><trkpt lat="52.0947882" lon="5.3627859"/><trkpt lat="52.0947074" lon="5.3627416"/><trkpt lat="52.0946942" lon="5.3627148"/><trkpt lat="52.0946605" lon="5.3626934"/><trkpt lat="52.0945665" lon="5.3626089"/><trkpt lat="52.0944981" lon="5.3626089"/><trkpt lat="52.0944281" lon="5.3626049"/><trkpt lat="52.0944001" lon="5.3625633"/><trkpt lat="52.094349" lon="5.3625405"/><trkpt lat="52.0943029" lon="5.362511"/><trkpt lat="52.0942814" lon="5.3624922"/><trkpt lat="52.0942456" lon="5.3625083"/><trkpt lat="52.094204" lon="5.3625029"/><trkpt lat="52.0941315" lon="5.3624734"/><trkpt lat="52.0940771" lon="5.3624654"/><trkpt lat="52.0940194" lon="5.3624614"/><trkpt lat="52.0939453" lon="5.3624788"/><trkpt lat="52.0938645" lon="5.3625351"/><trkpt lat="52.0937896" lon="5.3625298"/><trkpt lat="52.0937352" lon="5.3624962"/><trkpt lat="52.0936849" lon="5.3624734"/><trkpt lat="52.093619" lon="5.3624426"/><trkpt lat="52.093591" lon="5.3624493"/><trkpt lat="52.0935539" lon="5.3624855"/><trkpt lat="52.0935084" lon="5.3626043"/><trkpt lat="52.0934954" lon="5.3626505"/><trkpt lat="52.0934386" lon="5.362684"/><trkpt lat="52.0934023" lon="5.3626518"/><trkpt lat="52.0933537" lon="5.3625847"/><trkpt lat="52.0933339" lon="5.3625244"/><trkpt lat="52.0932697" lon="5.3625177"/><trkpt lat="52.093221" lon="5.362578"/><trkpt lat="52.0931634" lon="5.3626639"/><trkpt lat="52.0931362" lon="5.3626719"/><trkpt lat="52.0930505" lon="5.3626169"/><trkpt lat="52.0930233" lon="5.3626317"/><trkpt lat="52.0929615" lon="5.3626652"/><trkpt lat="52.0929261" lon="5.3626424"/><trkpt lat="52.0929022" lon="5.3626118"/><trkpt lat="52.0928552" lon="5.3625821"/><trkpt lat="52.0928058" lon="5.3626437"/><trkpt lat="52.0927898" lon="5.3627292"/><trkpt lat="52.0927464" lon="5.3628986"/><trkpt lat="52.0927234" lon="5.3629147"/><trkpt lat="52.0926797" lon="5.3629334"/><trkpt lat="52.0926393" lon="5.3629026"/><trkpt lat="52.0926121" lon="5.3628556"/><trkpt lat="52.0926072" lon="5.3627953"/><trkpt lat="52.0926451" lon="5.3627215"/><trkpt lat="52.0926641" lon="5.36268"/><trkpt lat="52.0926723" lon="5.362637"/><trkpt lat="52.09265" lon="5.3626008"/><trkpt lat="52.092613" lon="5.3626129"/><trkpt lat="52.0925685" lon="5.3626692"/><trkpt lat="52.0925042" lon="5.3627926"/><trkpt lat="52.092482" lon="5.3629321"/><trkpt lat="52.0924928" lon="5.3630478"/><trkpt lat="52.0924646" lon="5.3630893"/><trkpt lat="52.0924317" lon="5.363097"/><trkpt lat="52.0923633" lon="5.3630944"/><trkpt lat="52.0922471" lon="5.3631306"/><trkpt lat="52.0921999" lon="5.3632428"/><trkpt lat="52.0921804" lon="5.3633344"/><trkpt lat="52.0921308" lon="5.3634027"/><trkpt lat="52.0920825" lon="5.363535"/><trkpt lat="52.091922" lon="5.3634497"/></trkseg></trk></gpx>