{
"type": "FeatureCollection",
"name": "vogelkijkschermhut_nl",
"crs": { "type": "name", "properties": { "name": "urn:ogc:def:crs:OGC:1.3:CRS84" } },
"features": [
{ "type": "Feature", "properties": { "osm_id": 44924064, "@id": "way/44924064", "name": "Lauwersmeer - Ezumakeeg-Zuid - Sylkajút" }, "geometry": { "type": "Point", "coordinates": [ 6.154203758885795, 53.343498822103285 ] } },
{ "type": "Feature", "properties": { "osm_id": 45212430, "@id": "way/45212430", "name": "birdwatching" }, "geometry": { "type": "Point", "coordinates": [ 4.183642130593904, 51.332838811815186 ] } },
{ "type": "Feature", "properties": { "osm_id": 47274210, "@id": "way/47274210", "name": "De Kluut" }, "geometry": { "type": "Point", "coordinates": [ 5.417190385072177, 52.457950281939873 ] } },
{ "type": "Feature", "properties": { "osm_id": 47274223, "@id": "way/47274223", "name": "De Grauwe Gans" }, "geometry": { "type": "Point", "coordinates": [ 5.407109367859835, 52.474730904632544 ] } },
{ "type": "Feature", "properties": { "osm_id": 47274261, "@id": "way/47274261", "name": "De Zeearend" }, "geometry": { "type": "Point", "coordinates": [ 5.400604274977312, 52.4515382879814 ] } },
{ "type": "Feature", "properties": { "osm_id": 47274262, "@id": "way/47274262", "name": "De Schollevaar" }, "geometry": { "type": "Point", "coordinates": [ 5.400489729089117, 52.460677668204426 ] } },
{ "type": "Feature", "properties": { "osm_id": 47274265, "@id": "way/47274265", "name": "De Krakeend - Vogelkijkhut" }, "geometry": { "type": "Point", "coordinates": [ 5.423215466661701, 52.447035388095159 ] } },
{ "type": "Feature", "properties": { "osm_id": 47274266, "@id": "way/47274266", "name": "De Brandgans" }, "geometry": { "type": "Point", "coordinates": [ 5.407662588309061, 52.445151118535307 ] } },
{ "type": "Feature", "properties": { "osm_id": 47274267, "@id": "way/47274267", "name": "Blauwborst" }, "geometry": { "type": "Point", "coordinates": [ 5.415236496295346, 52.455465998975974 ] } },
{ "type": "Feature", "properties": { "osm_id": 47348236, "@id": "way/47348236", "name": "Jaap Deensgat" }, "geometry": { "type": "Point", "coordinates": [ 6.25130203726594, 53.3619119759922 ] } },
{ "type": "Feature", "properties": { "osm_id": 48689482, "@id": "way/48689482", "name": "birdwatching" }, "geometry": { "type": "Point", "coordinates": [ 4.281029178953042, 51.466777265522495 ] } },
{ "type": "Feature", "properties": { "osm_id": 49411543, "@id": "way/49411543", "name": "Vogelobservatiehut Zwanenwater" }, "geometry": { "type": "Point", "coordinates": [ 4.699214150815382, 52.820733512022464 ] } },
{ "type": "Feature", "properties": { "osm_id": 49628053, "@id": "way/49628053", "name": "De Groote Peel - Vogelkijkhut" }, "geometry": { "type": "Point", "coordinates": [ 5.804245697118946, 51.33016003265535 ] } },
{ "type": "Feature", "properties": { "osm_id": 50662411, "@id": "way/50662411", "name": "birdwatching" }, "geometry": { "type": "Point", "coordinates": [ 6.690536759271334, 52.046147267251264 ] } },
{ "type": "Feature", "properties": { "osm_id": 50895898, "@id": "way/50895898", "name": "De Blikken - Vogelkijkhut" }, "geometry": { "type": "Point", "coordinates": [ 3.497377794475319, 51.355743250666869 ] } },
{ "type": "Feature", "properties": { "osm_id": 51114194, "@id": "way/51114194", "name": "Noordhollands Duinreservaat - Doornvlak - Vogelkijkhut" }, "geometry": { "type": "Point", "coordinates": [ 4.628851132301053, 52.577635677186059 ] } },
{ "type": "Feature", "properties": { "osm_id": 51888715, "@id": "way/51888715", "name": "Flevopost" }, "geometry": { "type": "Point", "coordinates": [ 6.004498643427595, 51.866316915332028 ] } },
{ "type": "Feature", "properties": { "osm_id": 51936530, "@id": "way/51936530", "name": "Vogelkijkhut Meinerswijk" }, "geometry": { "type": "Point", "coordinates": [ 5.879409004639349, 51.973408466539375 ] } },
{ "type": "Feature", "properties": { "osm_id": 52629170, "@id": "way/52629170", "name": "birdwatching" }, "geometry": { "type": "Point", "coordinates": [ 5.124037809765171, 52.283508654630118 ] } },
{ "type": "Feature", "properties": { "osm_id": 54271269, "@id": "way/54271269", "name": "Vogelkijkhut Reindersmeer" }, "geometry": { "type": "Point", "coordinates": [ 6.097308513728478, 51.575584930033607 ] } },
{ "type": "Feature", "properties": { "osm_id": 54275360, "@id": "way/54275360", "name": "Vogelkijkhut - Westmeerven" }, "geometry": { "type": "Point", "coordinates": [ 6.164534700000069, 51.527421549171244 ] } },
{ "type": "Feature", "properties": { "osm_id": 54594803, "@id": "way/54594803", "name": "birdwatching" }, "geometry": { "type": "Point", "coordinates": [ 5.87709708149349, 52.86921523320494 ] } },
{ "type": "Feature", "properties": { "osm_id": 61043901, "@id": "way/61043901", "name": "Het Groote Gat - Vogelkijkhut" }, "geometry": { "type": "Point", "coordinates": [ 3.500323811592855, 51.322689853536261 ] } },
{ "type": "Feature", "properties": { "osm_id": 205887033, "@id": "way/205887033", "name": "Vogelkijkhut Hegewiersterfjild" }, "geometry": { "type": "Point", "coordinates": [ 5.417687393916006, 53.151152050376645 ] } },
{ "type": "Feature", "properties": { "osm_id": 268149949, "@id": "way/268149949", "name": "Vogelkijkhut" }, "geometry": { "type": "Point", "coordinates": [ 5.757499200000333, 52.873444349090818 ] } },
{ "type": "Feature", "properties": { "osm_id": 269738923, "@id": "way/269738923", "name": "birdwatching" }, "geometry": { "type": "Point", "coordinates": [ 4.774559379358932, 52.489822003924935 ] } },
{ "type": "Feature", "properties": { "osm_id": 270894607, "@id": "way/270894607", "name": "Peilschaalhuisje Wieringen" }, "geometry": { "type": "Point", "coordinates": [ 4.908416049999127, 52.893779099089741 ] } },
{ "type": "Feature", "properties": { "osm_id": 270940718, "@id": "way/270940718", "name": "Pallandtpolder - Vogelkijkhut" }, "geometry": { "type": "Point", "coordinates": [ 4.212313795596081, 51.756314512916738 ] } },
{ "type": "Feature", "properties": { "osm_id": 272796657, "@id": "way/272796657", "name": "Oudeland van Strijen" }, "geometry": { "type": "Point", "coordinates": [ 4.529129057845765, 51.775278466955399 ] } },
{ "type": "Feature", "properties": { "osm_id": 273502186, "@id": "way/273502186", "name": "Blauwe Kamer - Vogelkijkhut" }, "geometry": { "type": "Point", "coordinates": [ 5.61326303615553, 51.947673801525511 ] } },
{ "type": "Feature", "properties": { "osm_id": 274804016, "@id": "node/274804016", "name": "Meijendel - vogelkijkscherm" }, "geometry": { "type": "Point", "coordinates": [ 4.3400358, 52.134453699106892 ] } },
{ "type": "Feature", "properties": { "osm_id": 274804026, "@id": "node/274804026", "name": "Meijendel - vogelkijkscherm" }, "geometry": { "type": "Point", "coordinates": [ 4.3384535, 52.134109199106923 ] } },
{ "type": "Feature", "properties": { "osm_id": 278363596, "@id": "way/278363596", "name": "Vogelkijkhut Landje van Geijsel" }, "geometry": { "type": "Point", "coordinates": [ 4.927131565847878, 52.28213982070838 ] } },
{ "type": "Feature", "properties": { "osm_id": 278606366, "@id": "way/278606366", "name": "Vogelkijkhut Olde Mart" }, "geometry": { "type": "Point", "coordinates": [ 6.4296766936887, 53.187767880990663 ] } },
{ "type": "Feature", "properties": { "osm_id": 278957279, "@id": "way/278957279", "name": "birdwatching" }, "geometry": { "type": "Point", "coordinates": [ 6.291592768585582, 53.248055071756212 ] } },
{ "type": "Feature", "properties": { "osm_id": 281430397, "@id": "way/281430397", "name": "Keihoogte - Inlaag Keihoogte - Vogelkijkhut" }, "geometry": { "type": "Point", "coordinates": [ 3.747430361778431, 51.594189250593608 ] } },
{ "type": "Feature", "properties": { "osm_id": 281702848, "@id": "way/281702848", "name": "De Vogelarij" }, "geometry": { "type": "Point", "coordinates": [ 3.818809574850635, 51.602377003407128 ] } },
{ "type": "Feature", "properties": { "osm_id": 287146957, "@id": "way/287146957", "name": "Biesbosch - Maltha - Vogelkijkhut" }, "geometry": { "type": "Point", "coordinates": [ 4.800213881434697, 51.76100336201398 ] } },
{ "type": "Feature", "properties": { "osm_id": 292046646, "@id": "way/292046646", "name": "birdwatching" }, "geometry": { "type": "Point", "coordinates": [ 4.260681098640071, 51.631031336960234 ] } },
{ "type": "Feature", "properties": { "osm_id": 295702988, "@id": "way/295702988", "name": "Vogelkijkhut" }, "geometry": { "type": "Point", "coordinates": [ 5.378898450272247, 51.278718917380772 ] } },
{ "type": "Feature", "properties": { "osm_id": 318594313, "@id": "node/318594313", "name": "Uitzichtheuvel Achter de Zwarten" }, "geometry": { "type": "Point", "coordinates": [ 6.2040578, 53.389076299109604 ] } },
{ "type": "Feature", "properties": { "osm_id": 320511358, "@id": "way/320511358", "name": "De IJsvogel" }, "geometry": { "type": "Point", "coordinates": [ 6.119322859911111, 52.439029248947158 ] } },
{ "type": "Feature", "properties": { "osm_id": 332050193, "@id": "node/332050193", "name": "birdwatching" }, "geometry": { "type": "Point", "coordinates": [ 4.9237037, 52.089065799110244 ] } },
{ "type": "Feature", "properties": { "osm_id": 338660350, "@id": "node/338660350", "name": "Gerrit's hutte" }, "geometry": { "type": "Point", "coordinates": [ 6.0779142, 52.899399099085414 ] } },
{ "type": "Feature", "properties": { "osm_id": 352140095, "@id": "way/352140095", "name": "Kop van Goeree - 't Kiekgat - Vogelkijkhut" }, "geometry": { "type": "Point", "coordinates": [ 4.026478133008442, 51.820906989287778 ] } },
{ "type": "Feature", "properties": { "osm_id": 357904890, "@id": "way/357904890", "name": "birdwatching" }, "geometry": { "type": "Point", "coordinates": [ 4.791800436322077, 52.147575467142019 ] } },
{ "type": "Feature", "properties": { "osm_id": 364648617, "@id": "way/364648617", "name": "birdwatching" }, "geometry": { "type": "Point", "coordinates": [ 3.845447150284802, 51.540253599354074 ] } },
{ "type": "Feature", "properties": { "osm_id": 371415903, "@id": "way/371415903", "name": "observatiehut" }, "geometry": { "type": "Point", "coordinates": [ 3.725436915116175, 51.62725843326875 ] } },
{ "type": "Feature", "properties": { "osm_id": 410561710, "@id": "node/410561710", "name": "birdwatching" }, "geometry": { "type": "Point", "coordinates": [ 5.5705361, 52.979211399087241 ] } },
{ "type": "Feature", "properties": { "osm_id": 411016277, "@id": "node/411016277", "name": "birdwatching" }, "geometry": { "type": "Point", "coordinates": [ 4.6267905, 52.602531699085574 ] } },
{ "type": "Feature", "properties": { "osm_id": 411055858, "@id": "node/411055858", "name": "birdwatching" }, "geometry": { "type": "Point", "coordinates": [ 4.6288592, 52.577637399086093 ] } },
{ "type": "Feature", "properties": { "osm_id": 417411656, "@id": "node/417411656", "name": "birdwatching" }, "geometry": { "type": "Point", "coordinates": [ 5.7220108, 52.050643899113247 ] } },
{ "type": "Feature", "properties": { "osm_id": 420641755, "@id": "way/420641755", "name": "Uitkijkpost" }, "geometry": { "type": "Point", "coordinates": [ 5.424851208954681, 51.269340983784438 ] } },
{ "type": "Feature", "properties": { "osm_id": 425650970, "@id": "way/425650970", "name": "birdwatching" }, "geometry": { "type": "Point", "coordinates": [ 3.885985749999985, 51.783266699138906 ] } },
{ "type": "Feature", "properties": { "osm_id": 428978074, "@id": "way/428978074", "name": "vogelkijkhut Blankesplas" }, "geometry": { "type": "Point", "coordinates": [ 5.8953713, 51.363434432526347 ] } },
{ "type": "Feature", "properties": { "osm_id": 431977534, "@id": "node/431977534", "name": "Friese Veen - Vogelkijkhut" }, "geometry": { "type": "Point", "coordinates": [ 6.5750457, 53.155248299094161 ] } },
{ "type": "Feature", "properties": { "osm_id": 447887066, "@id": "node/447887066", "name": "Ooijpolder - Groenlanden - Uitkijktoren" }, "geometry": { "type": "Point", "coordinates": [ 5.9092718, 51.865271599129926 ] } },
{ "type": "Feature", "properties": { "osm_id": 487491437, "@id": "way/487491437", "name": "birdwatching" }, "geometry": { "type": "Point", "coordinates": [ 4.03046511095534, 51.92854093657504 ] } },
{ "type": "Feature", "properties": { "osm_id": 491419059, "@id": "way/491419059", "name": "birdwatching" }, "geometry": { "type": "Point", "coordinates": [ 4.024294419298454, 51.927907735002776 ] } },
{ "type": "Feature", "properties": { "osm_id": 503053514, "@id": "node/503053514", "name": "birdwatching" }, "geometry": { "type": "Point", "coordinates": [ 4.4039342, 51.977815999119393 ] } },
{ "type": "Feature", "properties": { "osm_id": 525236619, "@id": "way/525236619", "name": "It Bûtefjild" }, "geometry": { "type": "Point", "coordinates": [ 5.952788290374909, 53.233711891121992 ] } },
{ "type": "Feature", "properties": { "osm_id": 549325018, "@id": "node/549325018", "name": "Zouweboezem - Vogelkijkhut" }, "geometry": { "type": "Point", "coordinates": [ 4.9903682, 51.950274899121851 ] } },
{ "type": "Feature", "properties": { "osm_id": 555836128, "@id": "way/555836128", "name": "Vogeleiland" }, "geometry": { "type": "Point", "coordinates": [ 6.010839022730876, 52.645931829114936 ] } },
{ "type": "Feature", "properties": { "osm_id": 558639712, "@id": "way/558639712", "name": "Wigbels Eiland" }, "geometry": { "type": "Point", "coordinates": [ 5.40406823765058, 52.448560594824158 ] } },
{ "type": "Feature", "properties": { "osm_id": 562551558, "@id": "way/562551558", "name": "De Tureluur" }, "geometry": { "type": "Point", "coordinates": [ 4.575441849999914, 52.109947749109914 ] } },
{ "type": "Feature", "properties": { "osm_id": 564145297, "@id": "way/564145297", "name": "Vogelkijkhut" }, "geometry": { "type": "Point", "coordinates": [ 5.834858900002378, 51.153381149229055 ] } },
{ "type": "Feature", "properties": { "osm_id": 571169575, "@id": "node/571169575", "name": "Uitkijktoren \"De Zeven\"" }, "geometry": { "type": "Point", "coordinates": [ 6.400914, 52.983863899087382 ] } },
{ "type": "Feature", "properties": { "osm_id": 589668103, "@id": "way/589668103", "name": "De Swan" }, "geometry": { "type": "Point", "coordinates": [ 5.407863831883121, 52.913881024744029 ] } },
{ "type": "Feature", "properties": { "osm_id": 626126984, "@id": "way/626126984", "name": "Vogelkijkhut" }, "geometry": { "type": "Point", "coordinates": [ 5.889055250000141, 53.11225809909471 ] } },
{ "type": "Feature", "properties": { "osm_id": 660194766, "@id": "node/660194766", "name": "Vogelkijkhut Diependal" }, "geometry": { "type": "Point", "coordinates": [ 6.4566064, 52.922751999085882 ] } },
{ "type": "Feature", "properties": { "osm_id": 660194792, "@id": "node/660194792", "name": "Diependal - Vogelkijkscherm" }, "geometry": { "type": "Point", "coordinates": [ 6.4607073, 52.917419099085784 ] } },
{ "type": "Feature", "properties": { "osm_id": 661298184, "@id": "way/661298184", "name": "Emerput - Vogelkijkhut" }, "geometry": { "type": "Point", "coordinates": [ 4.752394213575815, 51.600991078499987 ] } },
{ "type": "Feature", "properties": { "osm_id": 668159106, "@id": "way/668159106", "name": "Scheldekreek - Traan - Vogelkijkpunt" }, "geometry": { "type": "Point", "coordinates": [ 4.264322139237762, 51.436702732690129 ] } },
{ "type": "Feature", "properties": { "osm_id": 688989513, "@id": "way/688989513", "name": "birdwatching" }, "geometry": { "type": "Point", "coordinates": [ 4.342752474253126, 51.871593766372285 ] } },
{ "type": "Feature", "properties": { "osm_id": 689488554, "@id": "way/689488554", "name": "Vogelobservatorium Tij" }, "geometry": { "type": "Point", "coordinates": [ 4.0560877632994, 51.818592970283206 ] } },
{ "type": "Feature", "properties": { "osm_id": 693950256, "@id": "way/693950256", "name": "Hellegatsplaten - Uitkijktoren" }, "geometry": { "type": "Point", "coordinates": [ 4.364493195070668, 51.684629315063475 ] } },
{ "type": "Feature", "properties": { "osm_id": 693950272, "@id": "way/693950272", "name": "Visarend" }, "geometry": { "type": "Point", "coordinates": [ 4.329717698495188, 51.702589524911176 ] } },
{ "type": "Feature", "properties": { "osm_id": 693950281, "@id": "way/693950281", "name": "Hellegatsplaten - Lepelaar - Vogelkijkhut" }, "geometry": { "type": "Point", "coordinates": [ 4.356769898434898, 51.700918982877575 ] } },
{ "type": "Feature", "properties": { "osm_id": 693950295, "@id": "way/693950295", "name": "Hellegatsplaten - Kluut - Vogelkijkhut" }, "geometry": { "type": "Point", "coordinates": [ 4.388181480055937, 51.695659997035712 ] } },
{ "type": "Feature", "properties": { "osm_id": 703216851, "@id": "node/703216851", "name": "Kabbelaarsbank - Vogelkijkscherm" }, "geometry": { "type": "Point", "coordinates": [ 3.8709943, 51.751126099141878 ] } },
{ "type": "Feature", "properties": { "osm_id": 704467644, "@id": "node/704467644", "name": "Vogelkijkscherm" }, "geometry": { "type": "Point", "coordinates": [ 3.8946499, 51.785352899138168 ] } },
{ "type": "Feature", "properties": { "osm_id": 779102685, "@id": "way/779102685", "name": "birdwatching" }, "geometry": { "type": "Point", "coordinates": [ 5.154710463839612, 51.419549556158053 ] } },
{ "type": "Feature", "properties": { "osm_id": 783338514, "@id": "way/783338514", "name": "birdwatching" }, "geometry": { "type": "Point", "coordinates": [ 6.711529263877112, 53.120274675807991 ] } },
{ "type": "Feature", "properties": { "osm_id": 783338515, "@id": "way/783338515", "name": "birdwatching" }, "geometry": { "type": "Point", "coordinates": [ 6.714234818042899, 53.123135561327658 ] } },
{ "type": "Feature", "properties": { "osm_id": 791305269, "@id": "way/791305269", "name": "birdwatching" }, "geometry": { "type": "Point", "coordinates": [ 5.9725521, 50.979113399254409 ] } },
{ "type": "Feature", "properties": { "osm_id": 795862912, "@id": "way/795862912", "name": "birdwatching" }, "geometry": { "type": "Point", "coordinates": [ 5.039740105939941, 51.501045697514137 ] } },
{ "type": "Feature", "properties": { "osm_id": 807702389, "@id": "way/807702389", "name": "birdwatching" }, "geometry": { "type": "Point", "coordinates": [ 4.835342785397646, 51.530488395614782 ] } },
{ "type": "Feature", "properties": { "osm_id": 815921420, "@id": "way/815921420", "name": "Alde Feanen - Westersanning - Vogelkijkhut" }, "geometry": { "type": "Point", "coordinates": [ 5.951804128476788, 53.122557307147375 ] } },
{ "type": "Feature", "properties": { "osm_id": 820198717, "@id": "way/820198717", "name": "De Veenhoop - Kraanlannen - Vogelkijkhut" }, "geometry": { "type": "Point", "coordinates": [ 5.949458756630024, 53.093147222268925 ] } },
{ "type": "Feature", "properties": { "osm_id": 820203907, "@id": "way/820203907", "name": "Alde Feanen - Reid om 'e Krite - Vogelkijkhut" }, "geometry": { "type": "Point", "coordinates": [ 5.950820685654779, 53.141613750029286 ] } },
{ "type": "Feature", "properties": { "osm_id": 820212675, "@id": "way/820212675", "name": "Alde Feanen - Ierdige mar- Vogelkijkhut" }, "geometry": { "type": "Point", "coordinates": [ 5.939104815911675, 53.141944997609741 ] } },
{ "type": "Feature", "properties": { "osm_id": 832278258, "@id": "way/832278258", "name": "birdwatching" }, "geometry": { "type": "Point", "coordinates": [ 6.18790929999991, 52.176232699107779 ] } },
{ "type": "Feature", "properties": { "osm_id": 892863596, "@id": "way/892863596", "name": "Wimmenummerduinen - De Vlieger - Vogelkijkhut" }, "geometry": { "type": "Point", "coordinates": [ 4.636373530425747, 52.630352213339151 ] } },
{ "type": "Feature", "properties": { "osm_id": 903635960, "@id": "node/903635960", "name": "De Flesch" }, "geometry": { "type": "Point", "coordinates": [ 4.6371437, 51.509285699171272 ] } },
{ "type": "Feature", "properties": { "osm_id": 903894992, "@id": "way/903894992", "name": "birdwatching" }, "geometry": { "type": "Point", "coordinates": [ 6.334092066098823, 51.976967818301212 ] } },
{ "type": "Feature", "properties": { "osm_id": 920029586, "@id": "way/920029586", "name": "Vogelkijkhut Meerlebroek" }, "geometry": { "type": "Point", "coordinates": [ 6.099068506955416, 51.258054595308188 ] } },
{ "type": "Feature", "properties": { "osm_id": 928521206, "@id": "node/928521206", "name": "kijkheuvel Ezumakeeg" }, "geometry": { "type": "Point", "coordinates": [ 6.1531748, 53.354780899106885 ] } },
{ "type": "Feature", "properties": { "osm_id": 934418982, "@id": "way/934418982", "name": "birdwatching" }, "geometry": { "type": "Point", "coordinates": [ 4.751104502988682, 52.398404465829941 ] } },
{ "type": "Feature", "properties": { "osm_id": 936362850, "@id": "way/936362850", "name": "Vogelkijkhut Kropswolderbuitenpolder" }, "geometry": { "type": "Point", "coordinates": [ 6.701794216620792, 53.153678127262019 ] } },
{ "type": "Feature", "properties": { "osm_id": 937424056, "@id": "way/937424056", "name": "den Poef" }, "geometry": { "type": "Point", "coordinates": [ 6.735226076111803, 51.907117354221313 ] } },
{ "type": "Feature", "properties": { "osm_id": 983042291, "@id": "way/983042291", "name": "De Tureluur" }, "geometry": { "type": "Point", "coordinates": [ 4.423279234288021, 52.069682864927067 ] } },
{ "type": "Feature", "properties": { "osm_id": 987019001, "@id": "way/987019001", "name": "Vogelkijkplatform 't Schaor" }, "geometry": { "type": "Point", "coordinates": [ 5.734716287134108, 50.971818446005493 ] } },
{ "type": "Feature", "properties": { "osm_id": 1043075546, "@id": "way/1043075546", "name": "birdwatching" }, "geometry": { "type": "Point", "coordinates": [ 5.382553684149499, 52.231104443531677 ] } },
{ "type": "Feature", "properties": { "osm_id": 1052730514, "@id": "way/1052730514", "name": "birdwatching" }, "geometry": { "type": "Point", "coordinates": [ 4.217412891365331, 51.775624821270966 ] } },
{ "type": "Feature", "properties": { "osm_id": 1053397329, "@id": "way/1053397329", "name": "birdwatching" }, "geometry": { "type": "Point", "coordinates": [ 5.721045918410176, 53.204019144241194 ] } },
{ "type": "Feature", "properties": { "osm_id": 1063615455, "@id": "way/1063615455", "name": "birdwatching" }, "geometry": { "type": "Point", "coordinates": [ 6.268815102242823, 53.219723145350891 ] } },
{ "type": "Feature", "properties": { "osm_id": 1084100675, "@id": "way/1084100675", "name": "Alde Feanen - Earnesleat - Vogelkijkhut" }, "geometry": { "type": "Point", "coordinates": [ 5.943336622896257, 53.140348718583795 ] } },
{ "type": "Feature", "properties": { "osm_id": 1085821650, "@id": "way/1085821650", "name": "birdwatching" }, "geometry": { "type": "Point", "coordinates": [ 5.672232801515691, 53.193706648431629 ] } },
{ "type": "Feature", "properties": { "osm_id": 1089049755, "@id": "way/1089049755", "name": "De Skries" }, "geometry": { "type": "Point", "coordinates": [ 5.562516672899143, 53.092092533531307 ] } },
{ "type": "Feature", "properties": { "osm_id": 1089049756, "@id": "way/1089049756", "name": "De Kluut" }, "geometry": { "type": "Point", "coordinates": [ 5.561663655368392, 53.092016744220764 ] } },
{ "type": "Feature", "properties": { "osm_id": 1089049757, "@id": "way/1089049757", "name": "De Oants" }, "geometry": { "type": "Point", "coordinates": [ 5.560748975643742, 53.092070940459642 ] } },
{ "type": "Feature", "properties": { "osm_id": 1089049758, "@id": "way/1089049758", "name": "De Swel" }, "geometry": { "type": "Point", "coordinates": [ 5.559804604140292, 53.091980198582952 ] } },
{ "type": "Feature", "properties": { "osm_id": 1089310274, "@id": "way/1089310274", "name": "birdwatching" }, "geometry": { "type": "Point", "coordinates": [ 3.519904613173783, 51.400031254130667 ] } },
{ "type": "Feature", "properties": { "osm_id": 1089310277, "@id": "way/1089310277", "name": "birdwatching" }, "geometry": { "type": "Point", "coordinates": [ 3.517271793669186, 51.399192735232397 ] } },
{ "type": "Feature", "properties": { "osm_id": 1091377973, "@id": "way/1091377973", "name": "birdwatching" }, "geometry": { "type": "Point", "coordinates": [ 4.866144645947226, 53.060533130647627 ] } },
{ "type": "Feature", "properties": { "osm_id": 1115755051, "@id": "way/1115755051", "name": "Vogelkijkhut Duikeend" }, "geometry": { "type": "Point", "coordinates": [ 5.367225419273201, 52.588102697485681 ] } },
{ "type": "Feature", "properties": { "osm_id": 1115755060, "@id": "way/1115755060", "name": "Vogelkijkhut Lepelaar" }, "geometry": { "type": "Point", "coordinates": [ 5.359148438808376, 52.593129291550611 ] } },
{ "type": "Feature", "properties": { "osm_id": 1115755063, "@id": "way/1115755063", "name": "Steltloper" }, "geometry": { "type": "Point", "coordinates": [ 5.363559377392103, 52.584686526199917 ] } },
{ "type": "Feature", "properties": { "osm_id": 1118104319, "@id": "way/1118104319", "name": "birdwatching" }, "geometry": { "type": "Point", "coordinates": [ 5.373813650001172, 51.611713349160539 ] } },
{ "type": "Feature", "properties": { "osm_id": 1136810940, "@id": "way/1136810940", "name": "birdwatching" }, "geometry": { "type": "Point", "coordinates": [ 5.174117291757525, 52.074941072469159 ] } },
{ "type": "Feature", "properties": { "osm_id": 1167802843, "@id": "way/1167802843", "name": "birdwatching" }, "geometry": { "type": "Point", "coordinates": [ 6.593010326097872, 52.558646461148989 ] } },
{ "type": "Feature", "properties": { "osm_id": 1169747586, "@id": "node/1169747586", "name": "Westerschelde - Nummer Een - Vogelkijkhut" }, "geometry": { "type": "Point", "coordinates": [ 3.61131, 51.381159999188974 ] } },
{ "type": "Feature", "properties": { "osm_id": 1169747588, "@id": "node/1169747588", "name": "Vogelkijkhut Prins Bernardbrug" }, "geometry": { "type": "Point", "coordinates": [ 6.61152, 52.571269999086233 ] } },
{ "type": "Feature", "properties": { "osm_id": 1169747596, "@id": "node/1169747596", "name": "Ilperveld - Vogelkijkhut" }, "geometry": { "type": "Point", "coordinates": [ 4.941651, 52.440819999090131 ] } },
{ "type": "Feature", "properties": { "osm_id": 1169747600, "@id": "node/1169747600", "name": "Kennemerduinen - Vogelmeer - Vogelkijkhut" }, "geometry": { "type": "Point", "coordinates": [ 4.5695693, 52.412654499091225 ] } },
{ "type": "Feature", "properties": { "osm_id": 1169747607, "@id": "node/1169747607", "name": "Wite en Swarte Brekken - Uitkijktoren" }, "geometry": { "type": "Point", "coordinates": [ 5.6683562, 52.99852469908781 ] } },
{ "type": "Feature", "properties": { "osm_id": 1169747610, "@id": "node/1169747610", "name": "Westkapelle - Telpost" }, "geometry": { "type": "Point", "coordinates": [ 3.4376554, 51.540338699167215 ] } },
{ "type": "Feature", "properties": { "osm_id": 1169747611, "@id": "node/1169747611", "name": "De Deelen - De Turfhut - Vogelkijkhut" }, "geometry": { "type": "Point", "coordinates": [ 5.9125042, 53.022119899088572 ] } },
{ "type": "Feature", "properties": { "osm_id": 1169747625, "@id": "node/1169747625", "name": "Lepelaarplassen - Kwelplas - Uitkijkpunt" }, "geometry": { "type": "Point", "coordinates": [ 5.20348, 52.414779999091145 ] } },
{ "type": "Feature", "properties": { "osm_id": 1169747641, "@id": "node/1169747641", "name": "Cornwerd - Kijkpunt Cornwerd" }, "geometry": { "type": "Point", "coordinates": [ 5.38509, 53.082539999090827 ] } },
{ "type": "Feature", "properties": { "osm_id": 1169747646, "@id": "node/1169747646", "name": "Oudega - Plasdras - Vogeluitkijkpunt" }, "geometry": { "type": "Point", "coordinates": [ 5.5740538, 53.000272399087862 ] } },
{ "type": "Feature", "properties": { "osm_id": 1169747657, "@id": "node/1169747657", "name": "Breemwaard - Vogelkijkhut" }, "geometry": { "type": "Point", "coordinates": [ 5.16534, 51.810719999135472 ] } },
{ "type": "Feature", "properties": { "osm_id": 1169747671, "@id": "node/1169747671", "name": "Oudemirdumerklif - Uitkijkheuvel" }, "geometry": { "type": "Point", "coordinates": [ 5.5330908, 52.836700599084544 ] } },
{ "type": "Feature", "properties": { "osm_id": 1169747675, "@id": "node/1169747675", "name": "Landschotse Heide - Uitkijkpunt" }, "geometry": { "type": "Point", "coordinates": [ 5.2364491, 51.447149599179689 ] } },
{ "type": "Feature", "properties": { "osm_id": 1169747690, "@id": "node/1169747690", "name": "Hoge Veluwe - Landschappentuin - Vogelkijkhut" }, "geometry": { "type": "Point", "coordinates": [ 5.83969, 52.104869999109063 ] } },
{ "type": "Feature", "properties": { "osm_id": 1169747692, "@id": "node/1169747692", "name": "Carnisse Grienden - Vogelkijkhut" }, "geometry": { "type": "Point", "coordinates": [ 4.4914599, 51.840951099132354 ] } },
{ "type": "Feature", "properties": { "osm_id": 1169747694, "@id": "node/1169747694", "name": "Sondelerleien - De Sondeler Leijen - Vogelkijkhut" }, "geometry": { "type": "Point", "coordinates": [ 5.61642, 52.861219999084852 ] } },
{ "type": "Feature", "properties": { "osm_id": 1169747695, "@id": "node/1169747695", "name": "De Kiekkaaste" }, "geometry": { "type": "Point", "coordinates": [ 7.2067147, 53.236819099098724 ] } },
{ "type": "Feature", "properties": { "osm_id": 1169747699, "@id": "node/1169747699", "name": "Kampina - Kolkven - Vogelkijkpunten" }, "geometry": { "type": "Point", "coordinates": [ 5.20696, 51.554619999165375 ] } },
{ "type": "Feature", "properties": { "osm_id": 1169747709, "@id": "node/1169747709", "name": "Vossemeer - De Zwaan - Vogelkijkpunt" }, "geometry": { "type": "Point", "coordinates": [ 5.8289616, 52.566624299086321 ] } },
{ "type": "Feature", "properties": { "osm_id": 1169747719, "@id": "node/1169747719", "name": "Mokkebank - De Mok - Vogelkijkhut" }, "geometry": { "type": "Point", "coordinates": [ 5.4297928, 52.851092199084711 ] } },
{ "type": "Feature", "properties": { "osm_id": 1169747722, "@id": "node/1169747722", "name": "Nedereindse Plas - Vogelkijkscherm" }, "geometry": { "type": "Point", "coordinates": [ 5.05278, 52.034199999114584 ] } },
{ "type": "Feature", "properties": { "osm_id": 1169747727, "@id": "node/1169747727", "name": "Drogeham - De Hege Bulten I" }, "geometry": { "type": "Point", "coordinates": [ 6.10908, 53.214499999097384 ] } },
{ "type": "Feature", "properties": { "osm_id": 1169747729, "@id": "node/1169747729", "name": "Surfplas - Plas Broekvelden" }, "geometry": { "type": "Point", "coordinates": [ 4.7609315, 52.045457899113678 ] } },
{ "type": "Feature", "properties": { "osm_id": 1169747732, "@id": "node/1169747732", "name": "Kleine Wielen - Vogelkijkhut" }, "geometry": { "type": "Point", "coordinates": [ 5.8780482, 53.209222599097089 ] } },
{ "type": "Feature", "properties": { "osm_id": 1169747735, "@id": "node/1169747735", "name": "De Slechtvalk" }, "geometry": { "type": "Point", "coordinates": [ 4.1253567, 51.788243499137856 ] } },
{ "type": "Feature", "properties": { "osm_id": 1169747740, "@id": "node/1169747740", "name": "Witte Veen - Vogelkijkscherm" }, "geometry": { "type": "Point", "coordinates": [ 6.8663734, 52.141836599106362 ] } },
{ "type": "Feature", "properties": { "osm_id": 1169747752, "@id": "node/1169747752", "name": "Bovenmeent - Vogelkijkscherm" }, "geometry": { "type": "Point", "coordinates": [ 5.11663, 52.281769999097534 ] } },
{ "type": "Feature", "properties": { "osm_id": 1169747755, "@id": "node/1169747755", "name": "Johans vogelkijkhut" }, "geometry": { "type": "Point", "coordinates": [ 4.7407424, 52.548603399086751 ] } },
{ "type": "Feature", "properties": { "osm_id": 1169747756, "@id": "node/1169747756", "name": "Nationaal Park de Hoge Veluwe - Observatieschermen" }, "geometry": { "type": "Point", "coordinates": [ 5.83946, 52.082399999110748 ] } },
{ "type": "Feature", "properties": { "osm_id": 1169747765, "@id": "node/1169747765", "name": "Valkenswaard - Vogelkijkscherm" }, "geometry": { "type": "Point", "coordinates": [ 5.4894965, 51.354496199192816 ] } },
{ "type": "Feature", "properties": { "osm_id": 1169747767, "@id": "node/1169747767", "name": "Molenven - De Waterral - Vogelkijkhut" }, "geometry": { "type": "Point", "coordinates": [ 6.7836402, 52.326969199095124 ] } },
{ "type": "Feature", "properties": { "osm_id": 1169747771, "@id": "node/1169747771", "name": "Dijkwielen - Vogelkijkscherm" }, "geometry": { "type": "Point", "coordinates": [ 5.0751545, 52.892075199085291 ] } },
{ "type": "Feature", "properties": { "osm_id": 1169747778, "@id": "node/1169747778", "name": "Burgumer Mar - Hoogzand - Atsmapolder - Uitkijkheuvel" }, "geometry": { "type": "Point", "coordinates": [ 6.0605994, 53.192036499096105 ] } },
{ "type": "Feature", "properties": { "osm_id": 1169747789, "@id": "node/1169747789", "name": "Noard-Fryslân Bûtendyks - Uitkijk 'bunker'" }, "geometry": { "type": "Point", "coordinates": [ 5.7350063, 53.333777499105274 ] } },
{ "type": "Feature", "properties": { "osm_id": 1169747803, "@id": "node/1169747803", "name": "Slikken van de Heen - Vogelkijkscherm" }, "geometry": { "type": "Point", "coordinates": [ 4.2029, 51.627859999156193 ] } },
{ "type": "Feature", "properties": { "osm_id": 1169747812, "@id": "node/1169747812", "name": "Bargerveen - Vogelkijkhut - Noordzijde" }, "geometry": { "type": "Point", "coordinates": [ 7.0310137, 52.700709999084346 ] } },
{ "type": "Feature", "properties": { "osm_id": 1169747818, "@id": "node/1169747818", "name": "De Leien - De Tike - Uitkijkhut" }, "geometry": { "type": "Point", "coordinates": [ 6.049, 53.156099999094202 ] } },
{ "type": "Feature", "properties": { "osm_id": 1169747843, "@id": "node/1169747843", "name": "Workumer Buitenwaard - Observatietoren" }, "geometry": { "type": "Point", "coordinates": [ 5.40374, 53.004099999087977 ] } },
{ "type": "Feature", "properties": { "osm_id": 1169747865, "@id": "node/1169747865", "name": "Noordhollands Duinreservaat - Meertje van Vogelenzang" }, "geometry": { "type": "Point", "coordinates": [ 4.6509501, 52.564775799086355 ] } },
{ "type": "Feature", "properties": { "osm_id": 1169747876, "@id": "node/1169747876", "name": "Slikweg" }, "geometry": { "type": "Point", "coordinates": [ 3.846165, 51.692859699148464 ] } },
{ "type": "Feature", "properties": { "osm_id": 1169747893, "@id": "node/1169747893", "name": "Buitenhuizen Vogelkijkscherm" }, "geometry": { "type": "Point", "coordinates": [ 4.71104, 52.438479999090205 ] } },
{ "type": "Feature", "properties": { "osm_id": 1169747894, "@id": "node/1169747894", "name": "Ameland - Duinmeer - Benoorden Hollum" }, "geometry": { "type": "Point", "coordinates": [ 5.6529987, 53.460590099115791 ] } },
{ "type": "Feature", "properties": { "osm_id": 1169747908, "@id": "node/1169747908", "name": "Workumer Buitenwaard - It Soal - Uitzichtplateau" }, "geometry": { "type": "Point", "coordinates": [ 5.4096628, 52.971817499087045 ] } },
{ "type": "Feature", "properties": { "osm_id": 1169747918, "@id": "node/1169747918", "name": "Het Twiske - De Vennen - Vogelkijkscherm" }, "geometry": { "type": "Point", "coordinates": [ 4.90773, 52.443609999090029 ] } },
{ "type": "Feature", "properties": { "osm_id": 1169747920, "@id": "node/1169747920", "name": "De Weerribben - Vogelkijkhut" }, "geometry": { "type": "Point", "coordinates": [ 5.9610819, 52.758315499084162 ] } },
{ "type": "Feature", "properties": { "osm_id": 1169747928, "@id": "node/1169747928", "name": "De Staten - Kijkheuvel" }, "geometry": { "type": "Point", "coordinates": [ 5.6980792, 52.990821699087583 ] } },
{ "type": "Feature", "properties": { "osm_id": 1169747947, "@id": "node/1169747947", "name": "Vroondijk - Vrouwenpolder - Vogelkijkscherm" }, "geometry": { "type": "Point", "coordinates": [ 3.60837, 51.585969999161399 ] } },
{ "type": "Feature", "properties": { "osm_id": 1169747949, "@id": "node/1169747949", "name": "Vogelhut Eemmeer" }, "geometry": { "type": "Point", "coordinates": [ 5.2973126, 52.29160239909698 ] } },
{ "type": "Feature", "properties": { "osm_id": 1169747952, "@id": "node/1169747952", "name": "De Pluus" }, "geometry": { "type": "Point", "coordinates": [ 6.6673088, 52.482522999088673 ] } },
{ "type": "Feature", "properties": { "osm_id": 1169747953, "@id": "node/1169747953", "name": "Het Twiske - Het Drijfsijsje - Vogelkijkwand" }, "geometry": { "type": "Point", "coordinates": [ 4.900513, 52.466904899089172 ] } },
{ "type": "Feature", "properties": { "osm_id": 1169747969, "@id": "node/1169747969", "name": "Amsterdamse Waterleidingduinen - Oranjekom - Uitkijkplatform" }, "geometry": { "type": "Point", "coordinates": [ 4.5785873, 52.344826799094236 ] } },
{ "type": "Feature", "properties": { "osm_id": 1169747974, "@id": "node/1169747974", "name": "Sophiapolder - Vogelkijkhut" }, "geometry": { "type": "Point", "coordinates": [ 3.45199, 51.306929999199859 ] } },
{ "type": "Feature", "properties": { "osm_id": 1169747983, "@id": "node/1169747983", "name": "Rottige Meente - Lindedijk - Vogelkijkhut" }, "geometry": { "type": "Point", "coordinates": [ 5.9172409, 52.827537499084485 ] } },
{ "type": "Feature", "properties": { "osm_id": 1169747987, "@id": "node/1169747987", "name": "Scheeken - 't Meulke - Uitkijktoren" }, "geometry": { "type": "Point", "coordinates": [ 5.3968722, 51.572763799163035 ] } },
{ "type": "Feature", "properties": { "osm_id": 1169747991, "@id": "node/1169747991", "name": "Ouderkerkerplas - Vogelkijkhut" }, "geometry": { "type": "Point", "coordinates": [ 4.9350644, 52.286948799097232 ] } },
{ "type": "Feature", "properties": { "osm_id": 1169748000, "@id": "node/1169748000", "name": "Noordhollands Duinreservaat - Natuurtuin - Vogelkijkscherm" }, "geometry": { "type": "Point", "coordinates": [ 4.6394069, 52.561176699086452 ] } },
{ "type": "Feature", "properties": { "osm_id": 1169748009, "@id": "node/1169748009", "name": "Koudekerkse inlaag - Plompetoren - Uitkijkpunt" }, "geometry": { "type": "Point", "coordinates": [ 3.77484, 51.682979999149623 ] } },
{ "type": "Feature", "properties": { "osm_id": 1169748013, "@id": "node/1169748013", "name": "Alde Feanen - Lytse Saiterpolder - Vogelkijkhut" }, "geometry": { "type": "Point", "coordinates": [ 5.8975991, 53.137800999093294 ] } },
{ "type": "Feature", "properties": { "osm_id": 1169748042, "@id": "node/1169748042", "name": "Uitkijkpunt Diepe Gat" }, "geometry": { "type": "Point", "coordinates": [ 4.8302546, 53.143607799093566 ] } },
{ "type": "Feature", "properties": { "osm_id": 1169748062, "@id": "node/1169748062", "name": "Dwingelderveld - Davidsplassen - Vogelkijkhut" }, "geometry": { "type": "Point", "coordinates": [ 6.37389, 52.805729999084285 ] } },
{ "type": "Feature", "properties": { "osm_id": 1169748086, "@id": "node/1169748086", "name": "De Mieden - Kijkheuvel met Vogelkijkscherm" }, "geometry": { "type": "Point", "coordinates": [ 6.1321, 53.225889999098072 ] } },
{ "type": "Feature", "properties": { "osm_id": 1169748092, "@id": "node/1169748092", "name": "Bokkumer Mar - Vogelkijkhut" }, "geometry": { "type": "Point", "coordinates": [ 5.8420959, 53.064033199090069 ] } },
{ "type": "Feature", "properties": { "osm_id": 1169748107, "@id": "node/1169748107", "name": "Drogeham - De Hege Bulten II" }, "geometry": { "type": "Point", "coordinates": [ 6.11321, 53.217309999097559 ] } },
{ "type": "Feature", "properties": { "osm_id": 1169748115, "@id": "node/1169748115", "name": "Dijkmanshuizen - Vogelkijkhut" }, "geometry": { "type": "Point", "coordinates": [ 4.8612778, 53.054930399089756 ] } },
{ "type": "Feature", "properties": { "osm_id": 1169748116, "@id": "node/1169748116", "name": "De skiere goes" }, "geometry": { "type": "Point", "coordinates": [ 5.8802902, 52.913737799085681 ] } },
{ "type": "Feature", "properties": { "osm_id": 1169748117, "@id": "node/1169748117", "name": "Stinkgat - Van Haaftenpolder - Vogelkijkscherm" }, "geometry": { "type": "Point", "coordinates": [ 4.1628231, 51.598883899159766 ] } },
{ "type": "Feature", "properties": { "osm_id": 1169748130, "@id": "node/1169748130", "name": "Lauwersmeer - Zomerhuisbos - Uitzichtplateau" }, "geometry": { "type": "Point", "coordinates": [ 6.1911336, 53.333663699105287 ] } },
{ "type": "Feature", "properties": { "osm_id": 1169748131, "@id": "node/1169748131", "name": "Vogelkijkhut Mariapolder" }, "geometry": { "type": "Point", "coordinates": [ 4.752456, 51.800108099136594 ] } },
{ "type": "Feature", "properties": { "osm_id": 1169748136, "@id": "node/1169748136", "name": "Vossemeer - Plaat - Uitkijkpunt" }, "geometry": { "type": "Point", "coordinates": [ 5.8438151, 52.556691399086567 ] } },
{ "type": "Feature", "properties": { "osm_id": 1169748137, "@id": "node/1169748137", "name": "Quackjeswater - Uitkijkpunt" }, "geometry": { "type": "Point", "coordinates": [ 4.078069, 51.847644099131678 ] } },
{ "type": "Feature", "properties": { "osm_id": 1169748155, "@id": "node/1169748155", "name": "Bolgerijen - Vogelkijkscherm" }, "geometry": { "type": "Point", "coordinates": [ 5.1020929, 51.956412699121294 ] } },
{ "type": "Feature", "properties": { "osm_id": 1169748157, "@id": "node/1169748157", "name": "De Wieden Beulakerpolder - De Wiedekiek" }, "geometry": { "type": "Point", "coordinates": [ 6.0574803, 52.713401599084271 ] } },
{ "type": "Feature", "properties": { "osm_id": 1169748160, "@id": "node/1169748160", "name": "Balgzandpolder - Vogelkijkscherm" }, "geometry": { "type": "Point", "coordinates": [ 4.799588, 52.914587499085727 ] } },
{ "type": "Feature", "properties": { "osm_id": 1169748162, "@id": "node/1169748162", "name": "Sneekermeer - Gerbrandygemaal - Vogelkijkpunt" }, "geometry": { "type": "Point", "coordinates": [ 5.7425836, 53.044642099089359 ] } },
{ "type": "Feature", "properties": { "osm_id": 1169748168, "@id": "node/1169748168", "name": "Polder Breebaart - Vogelkijkhut" }, "geometry": { "type": "Point", "coordinates": [ 7.07644, 53.294159999102448 ] } },
{ "type": "Feature", "properties": { "osm_id": 1169748170, "@id": "node/1169748170", "name": "Sprang-Capelle - De Dullaard - Vogelkijkhut" }, "geometry": { "type": "Point", "coordinates": [ 4.9973544, 51.687829399149038 ] } },
{ "type": "Feature", "properties": { "osm_id": 1169748182, "@id": "node/1169748182", "name": "De Leien - De Putten" }, "geometry": { "type": "Point", "coordinates": [ 6.0498431, 53.164085099094635 ] } },
{ "type": "Feature", "properties": { "osm_id": 1169748184, "@id": "node/1169748184", "name": "Texel - De Petten - Vogelkijkpunt" }, "geometry": { "type": "Point", "coordinates": [ 4.7543, 53.010799999088199 ] } },
{ "type": "Feature", "properties": { "osm_id": 1169748187, "@id": "node/1169748187", "name": "Doornspijk - Sint Ludgeruskerk - Vogelkijkhut" }, "geometry": { "type": "Point", "coordinates": [ 5.8112249, 52.434986899090347 ] } },
{ "type": "Feature", "properties": { "osm_id": 1169748200, "@id": "node/1169748200", "name": "Vlieland - Bomenland - Uitzichtplateau" }, "geometry": { "type": "Point", "coordinates": [ 4.96754, 53.268799999100771 ] } },
{ "type": "Feature", "properties": { "osm_id": 1169748203, "@id": "node/1169748203", "name": "Glureluur - Jutjesriet - Vogelkijkhut" }, "geometry": { "type": "Point", "coordinates": [ 6.0844755, 52.580315099086022 ] } },
{ "type": "Feature", "properties": { "osm_id": 1169748215, "@id": "node/1169748215", "name": "Schuddebeurs - Lage Zwaluwe" }, "geometry": { "type": "Point", "coordinates": [ 4.6758421, 51.711758999146298 ] } },
{ "type": "Feature", "properties": { "osm_id": 1169748220, "@id": "node/1169748220", "name": "Margarethapolder - Vogelkijkscherm" }, "geometry": { "type": "Point", "coordinates": [ 3.8753296, 51.341005599194787 ] } },
{ "type": "Feature", "properties": { "osm_id": 1169748237, "@id": "node/1169748237", "name": "Zandwinput Lange Reeweg Lage Zwaluwe - Vogelkijkscherm" }, "geometry": { "type": "Point", "coordinates": [ 4.72341, 51.688149999149019 ] } },
{ "type": "Feature", "properties": { "osm_id": 1169748245, "@id": "node/1169748245", "name": "Beuven - Laat ut zo - Vogelkijkhut" }, "geometry": { "type": "Point", "coordinates": [ 5.64909, 51.401959999186012 ] } },
{ "type": "Feature", "properties": { "osm_id": 1169748251, "@id": "node/1169748251", "name": "Slikken van Flakkee - Vogelkijkwand" }, "geometry": { "type": "Point", "coordinates": [ 4.0338476, 51.764196599140448 ] } },
{ "type": "Feature", "properties": { "osm_id": 1169748254, "@id": "node/1169748254", "name": "Workumer Buitenwaard - Bijenkamp" }, "geometry": { "type": "Point", "coordinates": [ 5.4102812, 52.98443919908739 ] } },
{ "type": "Feature", "properties": { "osm_id": 1169748256, "@id": "node/1169748256", "name": "Retentiegebied Woolde - Vogelkijkhut" }, "geometry": { "type": "Point", "coordinates": [ 6.75341, 52.281339999097554 ] } },
{ "type": "Feature", "properties": { "osm_id": 1169748273, "@id": "node/1169748273", "name": "Vogelplas Middelblok - Vogelkijkhut" }, "geometry": { "type": "Point", "coordinates": [ 4.6974422, 51.97796119911937 ] } },
{ "type": "Feature", "properties": { "osm_id": 1169748277, "@id": "node/1169748277", "name": "Ketelbos" }, "geometry": { "type": "Point", "coordinates": [ 5.6367536, 52.60098879908562 ] } },
{ "type": "Feature", "properties": { "osm_id": 1169748284, "@id": "node/1169748284", "name": "Oostvaardersdijk" }, "geometry": { "type": "Point", "coordinates": [ 5.29747, 52.4517299990897 ] } },
{ "type": "Feature", "properties": { "osm_id": 1169748285, "@id": "node/1169748285", "name": "Zuidlaardermeer - Westerbroekstermadepolder - Vogelkijkhut" }, "geometry": { "type": "Point", "coordinates": [ 6.684321, 53.16690549909476 ] } },
{ "type": "Feature", "properties": { "osm_id": 1169748288, "@id": "node/1169748288", "name": "Texel - Krassekeet - Vogelkijkpunt" }, "geometry": { "type": "Point", "coordinates": [ 4.89794, 53.099989999091548 ] } },
{ "type": "Feature", "properties": { "osm_id": 1169748305, "@id": "node/1169748305", "name": "Kennemerduinen - Duinmeer - Vogelkijkhut" }, "geometry": { "type": "Point", "coordinates": [ 4.5764418, 52.439362699090175 ] } },
{ "type": "Feature", "properties": { "osm_id": 1169748306, "@id": "node/1169748306", "name": "Kleine IJzerenman" }, "geometry": { "type": "Point", "coordinates": [ 5.66654, 51.242789999209599 ] } },
{ "type": "Feature", "properties": { "osm_id": 1169748320, "@id": "node/1169748320", "name": "Ouderkerkerplas - Bultje van John - Uitkijkpunt" }, "geometry": { "type": "Point", "coordinates": [ 4.9394782, 52.286978099097226 ] } },
{ "type": "Feature", "properties": { "osm_id": 1169748323, "@id": "node/1169748323", "name": "birdwatching" }, "geometry": { "type": "Point", "coordinates": [ 5.9845, 50.922199999263114 ] } },
{ "type": "Feature", "properties": { "osm_id": 1169748328, "@id": "node/1169748328", "name": "Zuidpier - IJmuiden - Vogelkijkpunt" }, "geometry": { "type": "Point", "coordinates": [ 4.5381881, 52.458068899089483 ] } },
{ "type": "Feature", "properties": { "osm_id": 1169748345, "@id": "node/1169748345", "name": "De Maaij - Vogelkijkhut" }, "geometry": { "type": "Point", "coordinates": [ 5.3872, 51.283299999203408 ] } },
{ "type": "Feature", "properties": { "osm_id": 1169748348, "@id": "node/1169748348", "name": "Harderbroek - Laarzenpad - Uitkijkpunt" }, "geometry": { "type": "Point", "coordinates": [ 5.5947167, 52.371072999093023 ] } },
{ "type": "Feature", "properties": { "osm_id": 1169748349, "@id": "node/1169748349", "name": "Leemkuilen - Vogelkijkscherm" }, "geometry": { "type": "Point", "coordinates": [ 5.1851, 51.606709999158802 ] } },
{ "type": "Feature", "properties": { "osm_id": 1169748360, "@id": "node/1169748360", "name": "'t Sloe - Vogelkijkscherm" }, "geometry": { "type": "Point", "coordinates": [ 3.72543, 51.425799999182637 ] } },
{ "type": "Feature", "properties": { "osm_id": 1169748370, "@id": "node/1169748370", "name": "Soerendonks Goor - Hou it Moi - Vogelkijkhut" }, "geometry": { "type": "Point", "coordinates": [ 5.5515974, 51.301195399200694 ] } },
{ "type": "Feature", "properties": { "osm_id": 1169748378, "@id": "node/1169748378", "name": "Texel - Westerkolk - Vogelkijkhut" }, "geometry": { "type": "Point", "coordinates": [ 4.8225767, 53.08895869909108 ] } },
{ "type": "Feature", "properties": { "osm_id": 1169748406, "@id": "node/1169748406", "name": "De Jan Nap" }, "geometry": { "type": "Point", "coordinates": [ 5.8386644, 52.597750699085672 ] } },
{ "type": "Feature", "properties": { "osm_id": 1169748412, "@id": "node/1169748412", "name": "Skrok - Vogelkijkhut" }, "geometry": { "type": "Point", "coordinates": [ 5.60181, 53.111649999092066 ] } },
{ "type": "Feature", "properties": { "osm_id": 1169748423, "@id": "node/1169748423", "name": "Dijkgatsweide - Uitkijktoren" }, "geometry": { "type": "Point", "coordinates": [ 5.0581592, 52.901389799085464 ] } },
{ "type": "Feature", "properties": { "osm_id": 1169748426, "@id": "node/1169748426", "name": "De Olde Maten - Vogelkijkhut" }, "geometry": { "type": "Point", "coordinates": [ 6.1058152, 52.623102999085212 ] } },
{ "type": "Feature", "properties": { "osm_id": 1169748439, "@id": "node/1169748439", "name": "Plaat van de Vliet - Vogelkijkhut" }, "geometry": { "type": "Point", "coordinates": [ 4.1663422, 51.658895699152453 ] } },
{ "type": "Feature", "properties": { "osm_id": 1169748449, "@id": "node/1169748449", "name": "Leikeven (Oost) - Uitkijkpunt" }, "geometry": { "type": "Point", "coordinates": [ 5.0381683, 51.610153999158378 ] } },
{ "type": "Feature", "properties": { "osm_id": 1169748462, "@id": "node/1169748462", "name": "Texel - Horsmeertjes - Uitkijkpunt" }, "geometry": { "type": "Point", "coordinates": [ 4.74366, 53.004029999087997 ] } },
{ "type": "Feature", "properties": { "osm_id": 1169748496, "@id": "node/1169748496", "name": "Rietschot - West - Parnassia" }, "geometry": { "type": "Point", "coordinates": [ 6.8047, 52.155639999105404 ] } },
{ "type": "Feature", "properties": { "osm_id": 1169748501, "@id": "node/1169748501", "name": "Vogelkijkscherm" }, "geometry": { "type": "Point", "coordinates": [ 5.1037605, 51.870296899129428 ] } },
{ "type": "Feature", "properties": { "osm_id": 1169748520, "@id": "node/1169748520", "name": "Amsterdamse Bos - Schinkelbos - Vogelkijkschermen" }, "geometry": { "type": "Point", "coordinates": [ 4.81069, 52.301309999096475 ] } },
{ "type": "Feature", "properties": { "osm_id": 1169748525, "@id": "node/1169748525", "name": "Polsmaten - Vogelkijkscherm" }, "geometry": { "type": "Point", "coordinates": [ 5.7372281, 52.397672099091849 ] } },
{ "type": "Feature", "properties": { "osm_id": 1169748530, "@id": "node/1169748530", "name": "Korendijkse Slikken - Uitkijkpunten" }, "geometry": { "type": "Point", "coordinates": [ 4.24259, 51.772079999139592 ] } },
{ "type": "Feature", "properties": { "osm_id": 1169748547, "@id": "node/1169748547", "name": "Vlieland - Dodemansbol - Vogelkijkhut" }, "geometry": { "type": "Point", "coordinates": [ 4.9850097, 53.270554999100888 ] } },
{ "type": "Feature", "properties": { "osm_id": 1169748553, "@id": "node/1169748553", "name": "Burgumer Mar - Jistrum - De Dunen - Uitkijkheuvel" }, "geometry": { "type": "Point", "coordinates": [ 6.0540589, 53.202390099096689 ] } },
{ "type": "Feature", "properties": { "osm_id": 1169748558, "@id": "node/1169748558", "name": "Polder Langenbroek - Donkse Laagten - Vogelkijkpunt" }, "geometry": { "type": "Point", "coordinates": [ 4.77717, 51.883949999128099 ] } },
{ "type": "Feature", "properties": { "osm_id": 1169748583, "@id": "node/1169748583", "name": "Ameland - Ballumerbocht - Vogelkijkpunt" }, "geometry": { "type": "Point", "coordinates": [ 5.72037, 53.440769999114018 ] } },
{ "type": "Feature", "properties": { "osm_id": 1169748585, "@id": "node/1169748585", "name": "Koudenhoek - Koedijk - Vogelkijkhut" }, "geometry": { "type": "Point", "coordinates": [ 3.9688001, 51.806556199135912 ] } },
{ "type": "Feature", "properties": { "osm_id": 1169748616, "@id": "node/1169748616", "name": "Veenhuizerstukken - Vogelkijkhut" }, "geometry": { "type": "Point", "coordinates": [ 6.987, 53.008239999088111 ] } },
{ "type": "Feature", "properties": { "osm_id": 1169748622, "@id": "node/1169748622", "name": "De Groesplaat - Vogelkijkhut 'Het Vinkennestje'" }, "geometry": { "type": "Point", "coordinates": [ 4.98126, 51.816732199134847 ] } },
{ "type": "Feature", "properties": { "osm_id": 1169748628, "@id": "node/1169748628", "name": "De Wieden - De Auken - Vogelkijkhut" }, "geometry": { "type": "Point", "coordinates": [ 6.0932193, 52.766972499084176 ] } },
{ "type": "Feature", "properties": { "osm_id": 1169748657, "@id": "node/1169748657", "name": "Kraaijenbergse plassen - Vogelkijkhut" }, "geometry": { "type": "Point", "coordinates": [ 5.7944301, 51.741549499142941 ] } },
{ "type": "Feature", "properties": { "osm_id": 1169748692, "@id": "node/1169748692", "name": "Leikeven - Uitkijktoren" }, "geometry": { "type": "Point", "coordinates": [ 5.0277069, 51.60448159915908 ] } },
{ "type": "Feature", "properties": { "osm_id": 1169748707, "@id": "node/1169748707", "name": "Ameland - Hollum - Dijk nabij P. Miedeweg - Vogelkijkpunt" }, "geometry": { "type": "Point", "coordinates": [ 5.66385, 53.426129999112717 ] } },
{ "type": "Feature", "properties": { "osm_id": 1169748723, "@id": "node/1169748723", "name": "Oostvoornse Meer - Brielse Gatdam - Vogelkijkscherm" }, "geometry": { "type": "Point", "coordinates": [ 4.0465221, 51.924409199124227 ] } },
{ "type": "Feature", "properties": { "osm_id": 1169748727, "@id": "node/1169748727", "name": "Plasjes langs de N31, Harlingen - Vogelkijkpunt" }, "geometry": { "type": "Point", "coordinates": [ 5.41262, 53.151099999093951 ] } },
{ "type": "Feature", "properties": { "osm_id": 1169748732, "@id": "node/1169748732", "name": "Landgoed 't Velde - Vogelkijkhut" }, "geometry": { "type": "Point", "coordinates": [ 6.39666, 51.983199999118909 ] } },
{ "type": "Feature", "properties": { "osm_id": 1169748737, "@id": "node/1169748737", "name": "Weijdemeer - Vogelkijkscherm" }, "geometry": { "type": "Point", "coordinates": [ 4.9138557, 52.667213399084623 ] } },
{ "type": "Feature", "properties": { "osm_id": 1169748748, "@id": "node/1169748748", "name": "De Weerribben - Meenteweg - Vogelkijkhut" }, "geometry": { "type": "Point", "coordinates": [ 5.9793573, 52.797382299084269 ] } },
{ "type": "Feature", "properties": { "osm_id": 1169748753, "@id": "node/1169748753", "name": "Spaarnwouderplas - Vogelkijkhut \"De Smient\"." }, "geometry": { "type": "Point", "coordinates": [ 4.6929973, 52.399568299091754 ] } },
{ "type": "Feature", "properties": { "osm_id": 1169748756, "@id": "node/1169748756", "name": "Ameland - Hollum - Dijk bij de Reeweg - Vogelkijkpunt" }, "geometry": { "type": "Point", "coordinates": [ 5.64335, 53.427489999112858 ] } },
{ "type": "Feature", "properties": { "osm_id": 1169748772, "@id": "node/1169748772", "name": "Polder Zeldert - Vogelkijkhut" }, "geometry": { "type": "Point", "coordinates": [ 5.314946, 52.203090399102237 ] } },
{ "type": "Feature", "properties": { "osm_id": 1169748775, "@id": "node/1169748775", "name": "Meddosche Veen - Uitkijktoren" }, "geometry": { "type": "Point", "coordinates": [ 6.65376, 51.986569999118622 ] } },
{ "type": "Feature", "properties": { "osm_id": 1169748790, "@id": "node/1169748790", "name": "Lindevallei - De Blauwborst - Vogelkijkhut" }, "geometry": { "type": "Point", "coordinates": [ 6.0339351, 52.866025799084909 ] } },
{ "type": "Feature", "properties": { "osm_id": 1169748794, "@id": "node/1169748794", "name": "Wisenten Kraansvlak" }, "geometry": { "type": "Point", "coordinates": [ 4.5805648, 52.387313099092303 ] } },
{ "type": "Feature", "properties": { "osm_id": 1169748818, "@id": "node/1169748818", "name": "Normerven - Vogelkijkscherm" }, "geometry": { "type": "Point", "coordinates": [ 4.94104, 52.905469999085547 ] } },
{ "type": "Feature", "properties": { "osm_id": 1169748821, "@id": "node/1169748821", "name": "Burgum - Soestpolder - Vogelkijkhut" }, "geometry": { "type": "Point", "coordinates": [ 6.0203, 53.192399999096132 ] } },
{ "type": "Feature", "properties": { "osm_id": 1169748824, "@id": "node/1169748824", "name": "Noordpier IJmuiden - Vogelkijkpunt" }, "geometry": { "type": "Point", "coordinates": [ 4.5580526, 52.467979999089131 ] } },
{ "type": "Feature", "properties": { "osm_id": 1169748838, "@id": "node/1169748838", "name": "Rypstjerksterpolder - Uitzichtplateau" }, "geometry": { "type": "Point", "coordinates": [ 5.9004656, 53.22737939909814 ] } },
{ "type": "Feature", "properties": { "osm_id": 1169748859, "@id": "node/1169748859", "name": "De Horte - Vogelkijkscherm" }, "geometry": { "type": "Point", "coordinates": [ 6.2075028, 52.493361499088323 ] } },
{ "type": "Feature", "properties": { "osm_id": 1169748864, "@id": "node/1169748864", "name": "Braakman Noord - Gluurmuur" }, "geometry": { "type": "Point", "coordinates": [ 3.73297, 51.324579999197205 ] } },
{ "type": "Feature", "properties": { "osm_id": 1169748874, "@id": "node/1169748874", "name": "Jan Durkspolder - vogelkijkhut" }, "geometry": { "type": "Point", "coordinates": [ 5.9555749, 53.11886989909241 ] } },
{ "type": "Feature", "properties": { "osm_id": 1169748881, "@id": "node/1169748881", "name": "It Swin - Vogelkijkhut" }, "geometry": { "type": "Point", "coordinates": [ 5.5559713, 52.920221399085825 ] } },
{ "type": "Feature", "properties": { "osm_id": 1169748899, "@id": "node/1169748899", "name": "Bleeke Heide - Vogelkijkscherm" }, "geometry": { "type": "Point", "coordinates": [ 4.84578, 51.493279999173424 ] } },
{ "type": "Feature", "properties": { "osm_id": 1169748905, "@id": "node/1169748905", "name": "vogelkijkhut Aalkeetbuitenpolder" }, "geometry": { "type": "Point", "coordinates": [ 4.3122356, 51.922821899124372 ] } },
{ "type": "Feature", "properties": { "osm_id": 1169748914, "@id": "node/1169748914", "name": "Zwarte Haan - Vogelkijkpunt" }, "geometry": { "type": "Point", "coordinates": [ 5.6256813, 53.309749699103563 ] } },
{ "type": "Feature", "properties": { "osm_id": 1169748918, "@id": "node/1169748918", "name": "Vogelkijkhut Lepelaarsplassen" }, "geometry": { "type": "Point", "coordinates": [ 5.2208113, 52.406424499091472 ] } },
{ "type": "Feature", "properties": { "osm_id": 1169748932, "@id": "node/1169748932", "name": "Timertsmar - Vogelkijkscherm" }, "geometry": { "type": "Point", "coordinates": [ 5.8452218, 53.118771499092389 ] } },
{ "type": "Feature", "properties": { "osm_id": 1169748937, "@id": "node/1169748937", "name": "Starrevaart - De Vogelknip - Vogelkijkhut" }, "geometry": { "type": "Point", "coordinates": [ 4.4362279, 52.098287899109543 ] } },
{ "type": "Feature", "properties": { "osm_id": 1169748939, "@id": "node/1169748939", "name": "Heeg - Kijkhut Heeg" }, "geometry": { "type": "Point", "coordinates": [ 5.60917, 52.975199999087138 ] } },
{ "type": "Feature", "properties": { "osm_id": 1169748961, "@id": "node/1169748961", "name": "De Robbenjager" }, "geometry": { "type": "Point", "coordinates": [ 4.8637247, 53.175643199095212 ] } },
{ "type": "Feature", "properties": { "osm_id": 1169748966, "@id": "node/1169748966", "name": "De Banen - Vogelkijkhut" }, "geometry": { "type": "Point", "coordinates": [ 5.8024278, 51.269809299205448 ] } },
{ "type": "Feature", "properties": { "osm_id": 1169748989, "@id": "node/1169748989", "name": "Koudum - De Heanmar - Vogelkijkhut" }, "geometry": { "type": "Point", "coordinates": [ 5.43985, 52.92994999908602 ] } },
{ "type": "Feature", "properties": { "osm_id": 1169748991, "@id": "node/1169748991", "name": "Den Oever - Uitkijkpunt" }, "geometry": { "type": "Point", "coordinates": [ 5.02892, 52.94078999908627 ] } },
{ "type": "Feature", "properties": { "osm_id": 1169749006, "@id": "node/1169749006", "name": "Texel - De Geul - Uitkijkplatform" }, "geometry": { "type": "Point", "coordinates": [ 4.745097, 53.009364599088144 ] } },
{ "type": "Feature", "properties": { "osm_id": 1169749011, "@id": "node/1169749011", "name": "Scherpenissepolder - Vogelkijkscherm" }, "geometry": { "type": "Point", "coordinates": [ 4.11014, 51.526129999169065 ] } },
{ "type": "Feature", "properties": { "osm_id": 1169749052, "@id": "node/1169749052", "name": "Zoekerveld - Vogelkijkscherm" }, "geometry": { "type": "Point", "coordinates": [ 6.8421409, 52.333225799094819 ] } },
{ "type": "Feature", "properties": { "osm_id": 1169749055, "@id": "node/1169749055", "name": "De Machine" }, "geometry": { "type": "Point", "coordinates": [ 5.1139689, 52.309389399096041 ] } },
{ "type": "Feature", "properties": { "osm_id": 1169749101, "@id": "node/1169749101", "name": "Koudum - Kijkheuvel de Samenvoeging" }, "geometry": { "type": "Point", "coordinates": [ 5.47581, 52.908419999085588 ] } },
{ "type": "Feature", "properties": { "osm_id": 1169749110, "@id": "node/1169749110", "name": "Haaksbergerveen - Vogelkijkscherm" }, "geometry": { "type": "Point", "coordinates": [ 6.76004, 52.129199999107257 ] } },
{ "type": "Feature", "properties": { "osm_id": 1169749116, "@id": "node/1169749116", "name": "Sprang-Capelle - De Dullaard - Vogelkijkscherm" }, "geometry": { "type": "Point", "coordinates": [ 4.99974, 51.687129999149143 ] } },
{ "type": "Feature", "properties": { "osm_id": 1169749134, "@id": "node/1169749134", "name": "Sneekermeer - Vogelkijkhut" }, "geometry": { "type": "Point", "coordinates": [ 5.7208579, 53.024016199088621 ] } },
{ "type": "Feature", "properties": { "osm_id": 1169749147, "@id": "node/1169749147", "name": "De Steltkluut" }, "geometry": { "type": "Point", "coordinates": [ 4.18466, 51.601219999159483 ] } },
{ "type": "Feature", "properties": { "osm_id": 1169749157, "@id": "node/1169749157", "name": "Bargerveen - Uitkijkheuvel" }, "geometry": { "type": "Point", "coordinates": [ 7.0116895, 52.686693199084452 ] } },
{ "type": "Feature", "properties": { "osm_id": 1169749163, "@id": "node/1169749163", "name": "Zouweboezem - Vogelkijkscherm" }, "geometry": { "type": "Point", "coordinates": [ 4.9895857, 51.955219299121396 ] } },
{ "type": "Feature", "properties": { "osm_id": 1169749173, "@id": "node/1169749173", "name": "birdwatching" }, "geometry": { "type": "Point", "coordinates": [ 4.6788331, 52.417533399091042 ] } },
{ "type": "Feature", "properties": { "osm_id": 1169749177, "@id": "node/1169749177", "name": "De Wydemar - Vogelkijkhut" }, "geometry": { "type": "Point", "coordinates": [ 5.8155945, 53.274986099101163 ] } },
{ "type": "Feature", "properties": { "osm_id": 1169749187, "@id": "node/1169749187", "name": "Kabbelaarsbank - Zela2" }, "geometry": { "type": "Point", "coordinates": [ 3.8740188, 51.75395559914157 ] } },
{ "type": "Feature", "properties": { "osm_id": 1169749207, "@id": "node/1169749207", "name": "De Leien - Uitzichtpunt Malewei" }, "geometry": { "type": "Point", "coordinates": [ 6.07086, 53.167229999094772 ] } },
{ "type": "Feature", "properties": { "osm_id": 1169749213, "@id": "node/1169749213", "name": "Camperduin - Trektelpost" }, "geometry": { "type": "Point", "coordinates": [ 4.6407735, 52.723384299084223 ] } },
{ "type": "Feature", "properties": { "osm_id": 1169749218, "@id": "node/1169749218", "name": "Spijk-Bremerberg - Vogelkijkhut" }, "geometry": { "type": "Point", "coordinates": [ 5.65882, 52.40895999909138 ] } },
{ "type": "Feature", "properties": { "osm_id": 1169749221, "@id": "node/1169749221", "name": "Breede Water vogelkijkscherm" }, "geometry": { "type": "Point", "coordinates": [ 4.049852, 51.894647899127058 ] } },
{ "type": "Feature", "properties": { "osm_id": 1169749236, "@id": "node/1169749236", "name": "De Poelruiter" }, "geometry": { "type": "Point", "coordinates": [ 5.4148399, 52.444195599090015 ] } },
{ "type": "Feature", "properties": { "osm_id": 1169749240, "@id": "node/1169749240", "name": "Dwingelderveld - Vogelkijkscherm - Holtveen" }, "geometry": { "type": "Point", "coordinates": [ 6.440952, 52.794974999084246 ] } },
{ "type": "Feature", "properties": { "osm_id": 1169749243, "@id": "node/1169749243", "name": "Durgerdam - Vogelkijkscherm" }, "geometry": { "type": "Point", "coordinates": [ 5.002857, 52.382536899092514 ] } },
{ "type": "Feature", "properties": { "osm_id": 1169749262, "@id": "node/1169749262", "name": "birdwatching" }, "geometry": { "type": "Point", "coordinates": [ 4.6937573, 52.817734599084389 ] } },
{ "type": "Feature", "properties": { "osm_id": 1169749267, "@id": "node/1169749267", "name": "Skrins - Vogelkijkhut" }, "geometry": { "type": "Point", "coordinates": [ 5.6418368, 53.116355099092281 ] } },
{ "type": "Feature", "properties": { "osm_id": 1169749270, "@id": "node/1169749270", "name": "Dijkwater - Vogelkijkscherm" }, "geometry": { "type": "Point", "coordinates": [ 4.02802, 51.679899999149995 ] } },
{ "type": "Feature", "properties": { "osm_id": 1169749287, "@id": "node/1169749287", "name": "Oostvaardersplassen - Kotterbos - Uitkijkheuvel" }, "geometry": { "type": "Point", "coordinates": [ 5.3359677, 52.413907299091157 ] } },
{ "type": "Feature", "properties": { "osm_id": 1169749293, "@id": "node/1169749293", "name": "'t Krik-eantie" }, "geometry": { "type": "Point", "coordinates": [ 6.6670314, 52.448466099089842 ] } },
{ "type": "Feature", "properties": { "osm_id": 1169749305, "@id": "node/1169749305", "name": "Amalia-hut" }, "geometry": { "type": "Point", "coordinates": [ 4.6111859, 52.116902599108165 ] } },
{ "type": "Feature", "properties": { "osm_id": 1169749308, "@id": "node/1169749308", "name": "Hemelrijk - Vogelkijkhut" }, "geometry": { "type": "Point", "coordinates": [ 5.6744314, 51.634946399155311 ] } },
{ "type": "Feature", "properties": { "osm_id": 1169749312, "@id": "node/1169749312", "name": "Breskens - Telpost" }, "geometry": { "type": "Point", "coordinates": [ 3.5282934, 51.405682799185477 ] } },
{ "type": "Feature", "properties": { "osm_id": 1169749326, "@id": "node/1169749326", "name": "Bouxweerd - Vogelkijkscherm" }, "geometry": { "type": "Point", "coordinates": [ 5.99861, 51.235849999210672 ] } },
{ "type": "Feature", "properties": { "osm_id": 1169749328, "@id": "node/1169749328", "name": "Strandgaperweg - Uitkijkpunt" }, "geometry": { "type": "Point", "coordinates": [ 5.65991, 52.404239999091587 ] } },
{ "type": "Feature", "properties": { "osm_id": 1169749338, "@id": "node/1169749338", "name": "Flauwers en Weversinlagen - Vogelkijkpunten" }, "geometry": { "type": "Point", "coordinates": [ 3.84183, 51.682269999149689 ] } },
{ "type": "Feature", "properties": { "osm_id": 1169749347, "@id": "node/1169749347", "name": "Makkum - Zuidwaard" }, "geometry": { "type": "Point", "coordinates": [ 5.39307, 53.048681499089504 ] } },
{ "type": "Feature", "properties": { "osm_id": 1169749352, "@id": "node/1169749352", "name": "Botshol - Grote Wije - Uitkijkpunt" }, "geometry": { "type": "Point", "coordinates": [ 4.92531, 52.244099999099696 ] } },
{ "type": "Feature", "properties": { "osm_id": 1169749366, "@id": "node/1169749366", "name": "Noordhollands Duinreservaat - Winterkoning - Vogelkijkhut" }, "geometry": { "type": "Point", "coordinates": [ 4.6375246, 52.556997699086565 ] } },
{ "type": "Feature", "properties": { "osm_id": 1169749370, "@id": "node/1169749370", "name": "Lauwersmeer - Rietzuivering - Vogelkijkhut" }, "geometry": { "type": "Point", "coordinates": [ 6.2245426, 53.409013299111258 ] } },
{ "type": "Feature", "properties": { "osm_id": 1169749373, "@id": "node/1169749373", "name": "De Zeepeduinen - Vogelkijkscherm" }, "geometry": { "type": "Point", "coordinates": [ 3.722102, 51.694137599148327 ] } },
{ "type": "Feature", "properties": { "osm_id": 1169749383, "@id": "node/1169749383", "name": "Alde Feanen - Otterproject - Observatietoren" }, "geometry": { "type": "Point", "coordinates": [ 5.89367, 53.129189999092887 ] } },
{ "type": "Feature", "properties": { "osm_id": 1169749387, "@id": "node/1169749387", "name": "Hellegatsplaten - Zwartkopmeeuw - Vogelkijkhut" }, "geometry": { "type": "Point", "coordinates": [ 4.36494, 51.690819999148701 ] } },
{ "type": "Feature", "properties": { "osm_id": 1169749389, "@id": "node/1169749389", "name": "Harderbroek - Uitkijkpunt - Knardijkzijde" }, "geometry": { "type": "Point", "coordinates": [ 5.5633225, 52.367846799093172 ] } },
{ "type": "Feature", "properties": { "osm_id": 1169749402, "@id": "node/1169749402", "name": "Reuselse Moeren - De Kiekkaaste" }, "geometry": { "type": "Point", "coordinates": [ 5.1653594, 51.316585499198425 ] } },
{ "type": "Feature", "properties": { "osm_id": 1169749404, "@id": "node/1169749404", "name": "Noordhollands Duinreservaat - Boetje v/o Kees - Vogelkijkhut" }, "geometry": { "type": "Point", "coordinates": [ 4.6211376, 52.538847599086992 ] } },
{ "type": "Feature", "properties": { "osm_id": 1169749425, "@id": "node/1169749425", "name": "Wiersterfjild - Vogelkijkscherm" }, "geometry": { "type": "Point", "coordinates": [ 5.6364423, 53.254756999099833 ] } },
{ "type": "Feature", "properties": { "osm_id": 1169749442, "@id": "node/1169749442", "name": "Boetelerveld - Vogelkijkhut" }, "geometry": { "type": "Point", "coordinates": [ 6.3368567, 52.360355999093521 ] } },
{ "type": "Feature", "properties": { "osm_id": 1169749446, "@id": "node/1169749446", "name": "Rietland Elburg - Vogelkijkscherm" }, "geometry": { "type": "Point", "coordinates": [ 5.8391692, 52.46541579908925 ] } },
{ "type": "Feature", "properties": { "osm_id": 1169749447, "@id": "node/1169749447", "name": "Hoogeweg polder - Vogelkijkhut" }, "geometry": { "type": "Point", "coordinates": [ 4.446917, 52.21413399910152 ] } },
{ "type": "Feature", "properties": { "osm_id": 1169749514, "@id": "node/1169749514", "name": "Plakkeven - Vogelkijkscherm" }, "geometry": { "type": "Point", "coordinates": [ 5.0425427, 51.615186199157755 ] } },
{ "type": "Feature", "properties": { "osm_id": 1169749520, "@id": "node/1169749520", "name": "birdwatching" }, "geometry": { "type": "Point", "coordinates": [ 4.7532839, 53.079878899090694 ] } },
{ "type": "Feature", "properties": { "osm_id": 1169749532, "@id": "node/1169749532", "name": "Gytsjerk - 't Set - Vogelkijkhut" }, "geometry": { "type": "Point", "coordinates": [ 5.8758315, 53.232165599098451 ] } },
{ "type": "Feature", "properties": { "osm_id": 1169749538, "@id": "node/1169749538", "name": "De Bruintjeskreek - Vogelkijkscherm" }, "geometry": { "type": "Point", "coordinates": [ 4.1261122, 51.629375899156024 ] } },
{ "type": "Feature", "properties": { "osm_id": 1169749550, "@id": "node/1169749550", "name": "Landgoed Lonnekermeer - Vogelkijkscherm" }, "geometry": { "type": "Point", "coordinates": [ 6.844395, 52.275308099097892 ] } },
{ "type": "Feature", "properties": { "osm_id": 1169749568, "@id": "node/1169749568", "name": "Naardermeer - Vogelkijkhutten" }, "geometry": { "type": "Point", "coordinates": [ 5.11605, 52.289679999097089 ] } },
{ "type": "Feature", "properties": { "osm_id": 1169749574, "@id": "node/1169749574", "name": "Polder Sekdoorn - Vogelkijkscherm" }, "geometry": { "type": "Point", "coordinates": [ 6.13824, 52.475899999088881 ] } },
{ "type": "Feature", "properties": { "osm_id": 1169749579, "@id": "node/1169749579", "name": "Ameland - Môchdijk / Hagedoornveld - Vogelkijkpunten" }, "geometry": { "type": "Point", "coordinates": [ 5.74904, 53.451779999114976 ] } },
{ "type": "Feature", "properties": { "osm_id": 1169749602, "@id": "node/1169749602", "name": "De Leien - Mienskerwei" }, "geometry": { "type": "Point", "coordinates": [ 6.05814, 53.166299999094726 ] } },
{ "type": "Feature", "properties": { "osm_id": 1169749604, "@id": "node/1169749604", "name": "Texel - De Muy - Uitkijkpunt" }, "geometry": { "type": "Point", "coordinates": [ 4.7857729, 53.119606699092444 ] } },
{ "type": "Feature", "properties": { "osm_id": 1169749623, "@id": "node/1169749623", "name": "Bergvennen - Vogelkijkhut" }, "geometry": { "type": "Point", "coordinates": [ 7.0045015, 52.425781099090706 ] } },
{ "type": "Feature", "properties": { "osm_id": 1169749629, "@id": "node/1169749629", "name": "Posbank - Veluwezoom - Uitkijkpunt" }, "geometry": { "type": "Point", "coordinates": [ 6.02179, 52.028529999115051 ] } },
{ "type": "Feature", "properties": { "osm_id": 1169749647, "@id": "node/1169749647", "name": "Oud Reemst - Kijkpunt" }, "geometry": { "type": "Point", "coordinates": [ 5.8046206, 52.040443299114067 ] } },
{ "type": "Feature", "properties": { "osm_id": 1169749650, "@id": "node/1169749650", "name": "De Brashoeve - Vogeluitkijktoren" }, "geometry": { "type": "Point", "coordinates": [ 3.88377, 51.669139999151248 ] } },
{ "type": "Feature", "properties": { "osm_id": 1169749655, "@id": "node/1169749655", "name": "Piaam - De Ral - Vogelkijkhut" }, "geometry": { "type": "Point", "coordinates": [ 5.4024328, 53.031754199088901 ] } },
{ "type": "Feature", "properties": { "osm_id": 1169749663, "@id": "node/1169749663", "name": "Zuiderwoude - Vogelkijkhut" }, "geometry": { "type": "Point", "coordinates": [ 5.02969, 52.432859999090425 ] } },
{ "type": "Feature", "properties": { "osm_id": 1169749682, "@id": "node/1169749682", "name": "De Putten - Vogelkijkpunt" }, "geometry": { "type": "Point", "coordinates": [ 4.6451583, 52.738078299084172 ] } },
{ "type": "Feature", "properties": { "osm_id": 1169749689, "@id": "node/1169749689", "name": "Scheelhoek - Uitkijkpunt" }, "geometry": { "type": "Point", "coordinates": [ 4.05322, 51.806039999135969 ] } },
{ "type": "Feature", "properties": { "osm_id": 1169749703, "@id": "node/1169749703", "name": "De Houtwiel - Vogelkijkpunt" }, "geometry": { "type": "Point", "coordinates": [ 5.9893719, 53.258826599100111 ] } },
{ "type": "Feature", "properties": { "osm_id": 1169749706, "@id": "node/1169749706", "name": "Noordzeekanaal - Vogelkijkscherm" }, "geometry": { "type": "Point", "coordinates": [ 4.7069206, 52.435832799090328 ] } },
{ "type": "Feature", "properties": { "osm_id": 1169749717, "@id": "node/1169749717", "name": "Broekbos - De Kapteinshut - Vogelkijkhut" }, "geometry": { "type": "Point", "coordinates": [ 5.64009, 52.39234999909209 ] } },
{ "type": "Feature", "properties": { "osm_id": 1169749720, "@id": "node/1169749720", "name": "Maasvlakte - Westplaat - Vogelkijkschutting" }, "geometry": { "type": "Point", "coordinates": [ 4.021016, 51.921031599124547 ] } },
{ "type": "Feature", "properties": { "osm_id": 1169749725, "@id": "node/1169749725", "name": "Kornwerderzand - Afsluitdijk - Vogelkijkpunt" }, "geometry": { "type": "Point", "coordinates": [ 5.33498, 53.076329999090561 ] } },
{ "type": "Feature", "properties": { "osm_id": 1169749735, "@id": "node/1169749735", "name": "Texel - De Schorren - Uitkijkpunt" }, "geometry": { "type": "Point", "coordinates": [ 4.90012, 53.125659999092719 ] } },
{ "type": "Feature", "properties": { "osm_id": 1169749738, "@id": "node/1169749738", "name": "Sambeeksedijk - Oeffeltse Raam" }, "geometry": { "type": "Point", "coordinates": [ 5.9404487, 51.627849999156197 ] } },
{ "type": "Feature", "properties": { "osm_id": 1169749742, "@id": "node/1169749742", "name": "De Strânljip" }, "geometry": { "type": "Point", "coordinates": [ 5.6973281, 53.174244599095147 ] } },
{ "type": "Feature", "properties": { "osm_id": 1176147100, "@id": "way/1176147100", "name": "Sint Anthoniegorzen - Sabina - Vogelkijkhut" }, "geometry": { "type": "Point", "coordinates": [ 4.405021817383787, 51.677999741821047 ] } },
{ "type": "Feature", "properties": { "osm_id": 1218972775, "@id": "way/1218972775", "name": "Vogelkijkhut" }, "geometry": { "type": "Point", "coordinates": [ 4.966998884500415, 53.261050132782501 ] } },
{ "type": "Feature", "properties": { "osm_id": 1223647498, "@id": "node/1223647498", "name": "Breede Water vogelkijkscherm" }, "geometry": { "type": "Point", "coordinates": [ 4.0446702, 51.895341099126988 ] } },
{ "type": "Feature", "properties": { "osm_id": 1241301876, "@id": "way/1241301876", "name": "Roerdomp" }, "geometry": { "type": "Point", "coordinates": [ 5.392257399998842, 52.457413999096637 ] } },
{ "type": "Feature", "properties": { "osm_id": 1261939667, "@id": "way/1261939667", "name": "birdwatching" }, "geometry": { "type": "Point", "coordinates": [ 6.48402383701805, 52.291066022117505 ] } },
{ "type": "Feature", "properties": { "osm_id": 1283857325, "@id": "node/1283857325", "name": "Roukespeelven - Vogelkijkscherm" }, "geometry": { "type": "Point", "coordinates": [ 5.7619614, 51.230760099211494 ] } },
{ "type": "Feature", "properties": { "osm_id": 1292287489, "@id": "way/1292287489", "name": "Vogelkijkhut De Abtskolk" }, "geometry": { "type": "Point", "coordinates": [ 4.663749219512451, 52.74726026460317 ] } },
{ "type": "Feature", "properties": { "osm_id": 1352962792, "@id": "node/1352962792", "name": "Vogelkijkscherm Piccardthofplas" }, "geometry": { "type": "Point", "coordinates": [ 6.5414798, 53.185675799095762 ] } },
{ "type": "Feature", "properties": { "osm_id": 1360350365, "@id": "way/1360350365", "name": "birdwatching" }, "geometry": { "type": "Point", "coordinates": [ 6.031308422295462, 51.485648584075165 ] } },
{ "type": "Feature", "properties": { "osm_id": 1362908635, "@id": "way/1362908635", "name": "birdwatching" }, "geometry": { "type": "Point", "coordinates": [ 5.693609450232483, 50.790988935855616 ] } },
{ "type": "Feature", "properties": { "osm_id": 1410090040, "@id": "way/1410090040", "name": "In between the gap" }, "geometry": { "type": "Point", "coordinates": [ 4.76553703784567, 52.379459400353184 ] } },
{ "type": "Feature", "properties": { "osm_id": 1467298563, "@id": "way/1467298563", "name": "Vogelkijkscherm de Vijfhoek" }, "geometry": { "type": "Point", "coordinates": [ 5.028979852560473, 52.347509379507542 ] } },
{ "type": "Feature", "properties": { "osm_id": 1469287750, "@id": "node/1469287750", "name": "birdwatching" }, "geometry": { "type": "Point", "coordinates": [ 5.4789741, 52.117754899108107 ] } },
{ "type": "Feature", "properties": { "osm_id": 1477791926, "@id": "node/1477791926", "name": "Vogelkijkhut Tongplaat" }, "geometry": { "type": "Point", "coordinates": [ 4.7085482, 51.749079799142116 ] } },
{ "type": "Feature", "properties": { "osm_id": 1535270512, "@id": "way/1535270512", "name": "De Kuilen" }, "geometry": { "type": "Point", "coordinates": [ 5.794154462258672, 52.789578633886961 ] } },
{ "type": "Feature", "properties": { "osm_id": 1535270515, "@id": "way/1535270515", "name": "De Grote Zilverreiger" }, "geometry": { "type": "Point", "coordinates": [ 5.386492405439633, 52.487415296493403 ] } },
{ "type": "Feature", "properties": { "osm_id": 1663981828, "@id": "node/1663981828", "name": "birdwatching" }, "geometry": { "type": "Point", "coordinates": [ 3.8793323, 51.78135329913858 ] } },
{ "type": "Feature", "properties": { "osm_id": 1663986691, "@id": "node/1663986691", "name": "birdwatching" }, "geometry": { "type": "Point", "coordinates": [ 3.8811274, 51.781536399138567 ] } },
{ "type": "Feature", "properties": { "osm_id": 1714276169, "@id": "node/1714276169", "name": "Uitkijktoren Leinwijk" }, "geometry": { "type": "Point", "coordinates": [ 6.7150948, 53.132616899093051 ] } },
{ "type": "Feature", "properties": { "osm_id": 1721005361, "@id": "node/1721005361", "name": "birdwatching" }, "geometry": { "type": "Point", "coordinates": [ 4.1971402, 52.00671889911689 ] } },
{ "type": "Feature", "properties": { "osm_id": 1761700343, "@id": "node/1761700343", "name": "Vogelkijkhut Natte Graslanden" }, "geometry": { "type": "Point", "coordinates": [ 5.1909678, 52.396998799091861 ] } },
{ "type": "Feature", "properties": { "osm_id": 1761700347, "@id": "node/1761700347", "name": "Vogelkijkhut Natte Graslanden" }, "geometry": { "type": "Point", "coordinates": [ 5.1795863, 52.397820599091837 ] } },
{ "type": "Feature", "properties": { "osm_id": 1766521510, "@id": "node/1766521510", "name": "Vogelkijkhut" }, "geometry": { "type": "Point", "coordinates": [ 6.0890866, 51.252908399208046 ] } },
{ "type": "Feature", "properties": { "osm_id": 1801904410, "@id": "node/1801904410", "name": "birdwatching" }, "geometry": { "type": "Point", "coordinates": [ 4.7754131, 51.985401599118717 ] } },
{ "type": "Feature", "properties": { "osm_id": 1808944618, "@id": "node/1808944618", "name": "birdwatching" }, "geometry": { "type": "Point", "coordinates": [ 6.108925, 52.297843599096645 ] } },
{ "type": "Feature", "properties": { "osm_id": 1810740082, "@id": "node/1810740082", "name": "Vogelkijkhut Gooyersgracht" }, "geometry": { "type": "Point", "coordinates": [ 5.3087308, 52.276435699097831 ] } },
{ "type": "Feature", "properties": { "osm_id": 1842703009, "@id": "node/1842703009", "name": "birdwatching" }, "geometry": { "type": "Point", "coordinates": [ 5.0858466, 51.92962729912373 ] } },
{ "type": "Feature", "properties": { "osm_id": 1897738479, "@id": "node/1897738479", "name": "Oude Riet - Uitkijktoren" }, "geometry": { "type": "Point", "coordinates": [ 6.3042909, 53.175519499095216 ] } },
{ "type": "Feature", "properties": { "osm_id": 1906679156, "@id": "node/1906679156", "name": "birdwatching" }, "geometry": { "type": "Point", "coordinates": [ 4.5342883, 52.265030499098472 ] } },
{ "type": "Feature", "properties": { "osm_id": 1950974838, "@id": "node/1950974838", "name": "Vogelkijkscherm 's-Gravenhoekinlaag" }, "geometry": { "type": "Point", "coordinates": [ 3.785378, 51.5994004991597 ] } },
{ "type": "Feature", "properties": { "osm_id": 1984813905, "@id": "node/1984813905", "name": "Vogelkijkhut Sophiapolder" }, "geometry": { "type": "Point", "coordinates": [ 4.6669761, 51.837882099132678 ] } },
{ "type": "Feature", "properties": { "osm_id": 2009604217, "@id": "node/2009604217", "name": "Oostvoornse Meer - Groene Strand - Vogelkijkscherm" }, "geometry": { "type": "Point", "coordinates": [ 4.0843241, 51.924964799124162 ] } },
{ "type": "Feature", "properties": { "osm_id": 2009604218, "@id": "node/2009604218", "name": "Oostvoornse Meer - Groene Strand - Vogelkijkscherm" }, "geometry": { "type": "Point", "coordinates": [ 4.0803456, 51.924665599124197 ] } },
{ "type": "Feature", "properties": { "osm_id": 2009604219, "@id": "node/2009604219", "name": "birdwatching" }, "geometry": { "type": "Point", "coordinates": [ 4.0305136, 51.923195899124337 ] } },
{ "type": "Feature", "properties": { "osm_id": 2025540571, "@id": "node/2025540571", "name": "Kleine Veen" }, "geometry": { "type": "Point", "coordinates": [ 6.3586341, 53.002032399087916 ] } },
{ "type": "Feature", "properties": { "osm_id": 2105714803, "@id": "node/2105714803", "name": "Vogelkijkscherm Beusichemse Waard" }, "geometry": { "type": "Point", "coordinates": [ 5.2709059, 51.960523099120913 ] } },
{ "type": "Feature", "properties": { "osm_id": 2137878146, "@id": "node/2137878146", "name": "Vogeluitkijkpunt 'Lyondell'" }, "geometry": { "type": "Point", "coordinates": [ 4.0028575, 51.917575999124871 ] } },
{ "type": "Feature", "properties": { "osm_id": 2256006701, "@id": "node/2256006701", "name": "birdwatching" }, "geometry": { "type": "Point", "coordinates": [ 4.7549079, 52.040363399114085 ] } },
{ "type": "Feature", "properties": { "osm_id": 2260609077, "@id": "node/2260609077", "name": "Oostvoornse Meer - Groene Strand - Vogelkijkscherm" }, "geometry": { "type": "Point", "coordinates": [ 4.0754668, 51.923941299124252 ] } },
{ "type": "Feature", "properties": { "osm_id": 2260609080, "@id": "node/2260609080", "name": "Oostvoornse Meer - Groene Strand - Vogelkijkscherm" }, "geometry": { "type": "Point", "coordinates": [ 4.0786699, 51.925157199124158 ] } },
{ "type": "Feature", "properties": { "osm_id": 2318886741, "@id": "node/2318886741", "name": "Haarrijnse Plas - Vogelkijkhut" }, "geometry": { "type": "Point", "coordinates": [ 5.0119498, 52.118517699108018 ] } },
{ "type": "Feature", "properties": { "osm_id": 2372467190, "@id": "node/2372467190", "name": "birdwatching" }, "geometry": { "type": "Point", "coordinates": [ 4.5643704, 52.408344599091393 ] } },
{ "type": "Feature", "properties": { "osm_id": 2428389369, "@id": "node/2428389369", "name": "birdwatching" }, "geometry": { "type": "Point", "coordinates": [ 5.2591842, 51.516908199170274 ] } },
{ "type": "Feature", "properties": { "osm_id": 2459331304, "@id": "node/2459331304", "name": "birdwatching" }, "geometry": { "type": "Point", "coordinates": [ 5.4196177, 52.153873499105515 ] } },
{ "type": "Feature", "properties": { "osm_id": 2578028773, "@id": "node/2578028773", "name": "Korendijkse Slikken" }, "geometry": { "type": "Point", "coordinates": [ 4.2654054, 51.775324499139245 ] } },
{ "type": "Feature", "properties": { "osm_id": 2581509797, "@id": "node/2581509797", "name": "Vogelkijkscherm" }, "geometry": { "type": "Point", "coordinates": [ 6.1379751, 52.687121499084441 ] } },
{ "type": "Feature", "properties": { "osm_id": 2581510050, "@id": "node/2581510050", "name": "Vogelkijkscherm" }, "geometry": { "type": "Point", "coordinates": [ 6.1413017, 52.696847599084364 ] } },
{ "type": "Feature", "properties": { "osm_id": 2595687565, "@id": "node/2595687565", "name": "birdwatching" }, "geometry": { "type": "Point", "coordinates": [ 6.1008672, 51.135248999226725 ] } },
{ "type": "Feature", "properties": { "osm_id": 2614907597, "@id": "node/2614907597", "name": "birdwatching" }, "geometry": { "type": "Point", "coordinates": [ 4.7554088, 51.769872299139827 ] } },
{ "type": "Feature", "properties": { "osm_id": 2779150946, "@id": "node/2779150946", "name": "De Oelemars - Vogelkijkhut" }, "geometry": { "type": "Point", "coordinates": [ 7.0373038, 52.263107999098587 ] } },
{ "type": "Feature", "properties": { "osm_id": 2793109096, "@id": "node/2793109096", "name": "Vogeluitkijkpunt de Plaat" }, "geometry": { "type": "Point", "coordinates": [ 5.2434451, 53.365732799107732 ] } },
{ "type": "Feature", "properties": { "osm_id": 2793109105, "@id": "node/2793109105", "name": "Vogelkijkpunt Vogelmeer" }, "geometry": { "type": "Point", "coordinates": [ 5.2432163, 53.366832399107821 ] } },
{ "type": "Feature", "properties": { "osm_id": 2799913768, "@id": "node/2799913768", "name": "birdwatching" }, "geometry": { "type": "Point", "coordinates": [ 5.3471005, 53.413035599111588 ] } },
{ "type": "Feature", "properties": { "osm_id": 2816034463, "@id": "node/2816034463", "name": "Vogelkijkhut Westerplas" }, "geometry": { "type": "Point", "coordinates": [ 6.1516128, 53.471974899116837 ] } },
{ "type": "Feature", "properties": { "osm_id": 2833852034, "@id": "node/2833852034", "name": "Tapsmoer" }, "geometry": { "type": "Point", "coordinates": [ 5.0177514, 51.495039399173187 ] } },
{ "type": "Feature", "properties": { "osm_id": 2890065982, "@id": "node/2890065982", "name": "birdwatching" }, "geometry": { "type": "Point", "coordinates": [ 5.0298714, 52.433640699090404 ] } },
{ "type": "Feature", "properties": { "osm_id": 2898204182, "@id": "node/2898204182", "name": "Simon Hendriks-vogelkijkwand" }, "geometry": { "type": "Point", "coordinates": [ 5.2256734, 51.763859299140478 ] } },
{ "type": "Feature", "properties": { "osm_id": 2955032016, "@id": "node/2955032016", "name": "birdwatching" }, "geometry": { "type": "Point", "coordinates": [ 4.337939, 51.728849999144366 ] } },
{ "type": "Feature", "properties": { "osm_id": 2964373705, "@id": "node/2964373705", "name": "birdwatching" }, "geometry": { "type": "Point", "coordinates": [ 5.8362086, 52.101928699109273 ] } },
{ "type": "Feature", "properties": { "osm_id": 2973791849, "@id": "node/2973791849", "name": "birdwatching" }, "geometry": { "type": "Point", "coordinates": [ 5.7923705, 52.104024699109118 ] } },
{ "type": "Feature", "properties": { "osm_id": 3085804873, "@id": "node/3085804873", "name": "birdwatching" }, "geometry": { "type": "Point", "coordinates": [ 6.1555347, 52.163384499104865 ] } },
{ "type": "Feature", "properties": { "osm_id": 3102213383, "@id": "node/3102213383", "name": "Vogelkijkhut" }, "geometry": { "type": "Point", "coordinates": [ 5.9608771, 52.758629999084157 ] } },
{ "type": "Feature", "properties": { "osm_id": 3126442190, "@id": "node/3126442190", "name": "birdwatching" }, "geometry": { "type": "Point", "coordinates": [ 4.7920943, 51.788238099137857 ] } },
{ "type": "Feature", "properties": { "osm_id": 3366897301, "@id": "node/3366897301", "name": "Vogelkijkhut Herman van den Bijtel" }, "geometry": { "type": "Point", "coordinates": [ 5.2623315, 52.129946499107213 ] } },
{ "type": "Feature", "properties": { "osm_id": 3393042558, "@id": "node/3393042558", "name": "birdwatching" }, "geometry": { "type": "Point", "coordinates": [ 4.7185196, 51.98903499911841 ] } },
{ "type": "Feature", "properties": { "osm_id": 3456313268, "@id": "node/3456313268", "name": "Stille Kern" }, "geometry": { "type": "Point", "coordinates": [ 5.4582967, 52.309338299096027 ] } },
{ "type": "Feature", "properties": { "osm_id": 3522057543, "@id": "node/3522057543", "name": "birdwatching" }, "geometry": { "type": "Point", "coordinates": [ 6.2846513, 52.097295399109626 ] } },
{ "type": "Feature", "properties": { "osm_id": 3522303221, "@id": "node/3522303221", "name": "birdwatching" }, "geometry": { "type": "Point", "coordinates": [ 3.8792569, 51.781740599138551 ] } },
{ "type": "Feature", "properties": { "osm_id": 3522303222, "@id": "node/3522303222", "name": "birdwatching" }, "geometry": { "type": "Point", "coordinates": [ 3.8792894, 51.782031699138521 ] } },
{ "type": "Feature", "properties": { "osm_id": 3673884224, "@id": "node/3673884224", "name": "Poot's Punt" }, "geometry": { "type": "Point", "coordinates": [ 4.0103874, 51.833423699133121 ] } },
{ "type": "Feature", "properties": { "osm_id": 3885112425, "@id": "node/3885112425", "name": "birdwatching" }, "geometry": { "type": "Point", "coordinates": [ 5.7597768, 51.02977889924432 ] } },
{ "type": "Feature", "properties": { "osm_id": 3885112426, "@id": "node/3885112426", "name": "birdwatching" }, "geometry": { "type": "Point", "coordinates": [ 5.7592152, 51.030068699244275 ] } },
{ "type": "Feature", "properties": { "osm_id": 3913154276, "@id": "node/3913154276", "name": "Beekdal van de Tongelreep - Uitkijkpost" }, "geometry": { "type": "Point", "coordinates": [ 5.4943423, 51.309855499199422 ] } },
{ "type": "Feature", "properties": { "osm_id": 3958210162, "@id": "node/3958210162", "name": "Vogelkijkscherm" }, "geometry": { "type": "Point", "coordinates": [ 7.0368532, 52.703785799084329 ] } },
{ "type": "Feature", "properties": { "osm_id": 4046250222, "@id": "node/4046250222", "name": "De Oeverloper" }, "geometry": { "type": "Point", "coordinates": [ 5.4137324, 52.44714689908988 ] } },
{ "type": "Feature", "properties": { "osm_id": 4068534886, "@id": "node/4068534886", "name": "birdwatching" }, "geometry": { "type": "Point", "coordinates": [ 4.5039974, 52.090760099110099 ] } },
{ "type": "Feature", "properties": { "osm_id": 4200068791, "@id": "node/4200068791", "name": "birdwatching" }, "geometry": { "type": "Point", "coordinates": [ 4.1136256, 51.526080199169058 ] } },
{ "type": "Feature", "properties": { "osm_id": 4343729100, "@id": "node/4343729100", "name": "birdwatching" }, "geometry": { "type": "Point", "coordinates": [ 4.3891555, 51.83036319913343 ] } },
{ "type": "Feature", "properties": { "osm_id": 4355642046, "@id": "node/4355642046", "name": "De Wieden - Wanneperveen - Uitkijktoren" }, "geometry": { "type": "Point", "coordinates": [ 6.115792, 52.711653699084287 ] } },
{ "type": "Feature", "properties": { "osm_id": 4370764092, "@id": "node/4370764092", "name": "Kraaijenberg" }, "geometry": { "type": "Point", "coordinates": [ 4.2810305, 51.466773899176992 ] } },
{ "type": "Feature", "properties": { "osm_id": 4376121840, "@id": "node/4376121840", "name": "birdwatching" }, "geometry": { "type": "Point", "coordinates": [ 4.5615881, 52.344453999094263 ] } },
{ "type": "Feature", "properties": { "osm_id": 4486015033, "@id": "node/4486015033", "name": "Archemermaten" }, "geometry": { "type": "Point", "coordinates": [ 6.4460143, 52.468352799089132 ] } },
{ "type": "Feature", "properties": { "osm_id": 4523454043, "@id": "node/4523454043", "name": "Vogelkijkscherm" }, "geometry": { "type": "Point", "coordinates": [ 4.6995233, 51.97764659911941 ] } },
{ "type": "Feature", "properties": { "osm_id": 4593387158, "@id": "node/4593387158", "name": "birdwatching" }, "geometry": { "type": "Point", "coordinates": [ 3.7030018, 51.630939099155825 ] } },
{ "type": "Feature", "properties": { "osm_id": 4704958429, "@id": "node/4704958429", "name": "Kiekoet Oehoe-vallei" }, "geometry": { "type": "Point", "coordinates": [ 5.6834957, 50.83064529927973 ] } },
{ "type": "Feature", "properties": { "osm_id": 4815095394, "@id": "node/4815095394", "name": "birdwatching" }, "geometry": { "type": "Point", "coordinates": [ 4.4073304, 51.978159799119346 ] } },
{ "type": "Feature", "properties": { "osm_id": 4839005627, "@id": "node/4839005627", "name": "De Wilck Oost" }, "geometry": { "type": "Point", "coordinates": [ 4.5618497, 52.116237999108208 ] } },
{ "type": "Feature", "properties": { "osm_id": 4839042787, "@id": "node/4839042787", "name": "birdwatching" }, "geometry": { "type": "Point", "coordinates": [ 7.0443562, 52.700903999084339 ] } },
{ "type": "Feature", "properties": { "osm_id": 4839042788, "@id": "node/4839042788", "name": "birdwatching" }, "geometry": { "type": "Point", "coordinates": [ 7.0451679, 52.700309499084334 ] } },
{ "type": "Feature", "properties": { "osm_id": 4947587239, "@id": "node/4947587239", "name": "Blokhoven" }, "geometry": { "type": "Point", "coordinates": [ 5.1658092, 51.985096799118757 ] } },
{ "type": "Feature", "properties": { "osm_id": 4948509065, "@id": "node/4948509065", "name": "birdwatching" }, "geometry": { "type": "Point", "coordinates": [ 5.3197603, 52.011073099116516 ] } },
{ "type": "Feature", "properties": { "osm_id": 4957434966, "@id": "node/4957434966", "name": "birdwatching" }, "geometry": { "type": "Point", "coordinates": [ 5.6790649, 51.528219599168779 ] } },
{ "type": "Feature", "properties": { "osm_id": 4957434978, "@id": "node/4957434978", "name": "birdwatching" }, "geometry": { "type": "Point", "coordinates": [ 5.6785057, 51.528356399168786 ] } },
{ "type": "Feature", "properties": { "osm_id": 4972900660, "@id": "node/4972900660", "name": "birdwatching" }, "geometry": { "type": "Point", "coordinates": [ 5.0050287, 52.314152799095787 ] } },
{ "type": "Feature", "properties": { "osm_id": 5072399401, "@id": "node/5072399401", "name": "birdwatching" }, "geometry": { "type": "Point", "coordinates": [ 4.2426167, 51.792110999137435 ] } },
{ "type": "Feature", "properties": { "osm_id": 5137376923, "@id": "node/5137376923", "name": "birdwatching" }, "geometry": { "type": "Point", "coordinates": [ 4.9801966, 51.95433639912148 ] } },
{ "type": "Feature", "properties": { "osm_id": 5299270212, "@id": "node/5299270212", "name": "birdwatching" }, "geometry": { "type": "Point", "coordinates": [ 4.6375564, 51.865869199129861 ] } },
{ "type": "Feature", "properties": { "osm_id": 5315588242, "@id": "node/5315588242", "name": "Vogelkijkhut" }, "geometry": { "type": "Point", "coordinates": [ 5.0557083, 52.21929209910121 ] } },
{ "type": "Feature", "properties": { "osm_id": 5327434090, "@id": "node/5327434090", "name": "birdwatching" }, "geometry": { "type": "Point", "coordinates": [ 5.7357354, 50.769127999291214 ] } },
{ "type": "Feature", "properties": { "osm_id": 5440565131, "@id": "node/5440565131", "name": "birdwatching" }, "geometry": { "type": "Point", "coordinates": [ 5.6154103, 51.208248499214996 ] } },
{ "type": "Feature", "properties": { "osm_id": 5440836492, "@id": "node/5440836492", "name": "birdwatching" }, "geometry": { "type": "Point", "coordinates": [ 4.5951163, 51.897125199126812 ] } },
{ "type": "Feature", "properties": { "osm_id": 5508116524, "@id": "node/5508116524", "name": "Vogelkijkhut" }, "geometry": { "type": "Point", "coordinates": [ 5.1720194, 52.087483099110365 ] } },
{ "type": "Feature", "properties": { "osm_id": 5517063231, "@id": "node/5517063231", "name": "birdwatching" }, "geometry": { "type": "Point", "coordinates": [ 4.3886308, 52.020238599115743 ] } },
{ "type": "Feature", "properties": { "osm_id": 5538592763, "@id": "node/5538592763", "name": "birdwatching" }, "geometry": { "type": "Point", "coordinates": [ 3.9333326, 51.448885999179474 ] } },
{ "type": "Feature", "properties": { "osm_id": 5555120899, "@id": "node/5555120899", "name": "De Wilck West" }, "geometry": { "type": "Point", "coordinates": [ 4.544685, 52.118148899108057 ] } },
{ "type": "Feature", "properties": { "osm_id": 5596717463, "@id": "node/5596717463", "name": "birdwatching" }, "geometry": { "type": "Point", "coordinates": [ 5.8730441, 53.209574399097093 ] } },
{ "type": "Feature", "properties": { "osm_id": 5604524100, "@id": "node/5604524100", "name": "birdwatching" }, "geometry": { "type": "Point", "coordinates": [ 4.6991384, 51.774988599139292 ] } },
{ "type": "Feature", "properties": { "osm_id": 5631111915, "@id": "node/5631111915", "name": "Mandemakers hut" }, "geometry": { "type": "Point", "coordinates": [ 5.9748249, 52.622873199085241 ] } },
{ "type": "Feature", "properties": { "osm_id": 5631863166, "@id": "node/5631863166", "name": "Roode Weel" }, "geometry": { "type": "Point", "coordinates": [ 4.3521623, 51.59186109916066 ] } },
{ "type": "Feature", "properties": { "osm_id": 5653669511, "@id": "node/5653669511", "name": "birdwatching" }, "geometry": { "type": "Point", "coordinates": [ 5.6909372, 51.955992299121334 ] } },
{ "type": "Feature", "properties": { "osm_id": 5679443664, "@id": "node/5679443664", "name": "Het Kamper Riet" }, "geometry": { "type": "Point", "coordinates": [ 5.9923213, 52.623462899085219 ] } },
{ "type": "Feature", "properties": { "osm_id": 5769014701, "@id": "node/5769014701", "name": "birdwatching" }, "geometry": { "type": "Point", "coordinates": [ 4.6389866, 51.863853899130056 ] } },
{ "type": "Feature", "properties": { "osm_id": 5818424826, "@id": "node/5818424826", "name": "birdwatching" }, "geometry": { "type": "Point", "coordinates": [ 5.679253, 52.37807739909271 ] } },
{ "type": "Feature", "properties": { "osm_id": 5879475332, "@id": "node/5879475332", "name": "Horsmeertjes" }, "geometry": { "type": "Point", "coordinates": [ 4.7429059, 53.000647499087869 ] } },
{ "type": "Feature", "properties": { "osm_id": 5882366892, "@id": "node/5882366892", "name": "Vogelkijkhut" }, "geometry": { "type": "Point", "coordinates": [ 5.1642933, 52.739283299084157 ] } },
{ "type": "Feature", "properties": { "osm_id": 5893386949, "@id": "node/5893386949", "name": "Kees Weverswadpost" }, "geometry": { "type": "Point", "coordinates": [ 5.9023368, 53.388461899109551 ] } },
{ "type": "Feature", "properties": { "osm_id": 6052701561, "@id": "node/6052701561", "name": "Vogelkijkhut" }, "geometry": { "type": "Point", "coordinates": [ 4.7473493, 52.05959549911254 ] } },
{ "type": "Feature", "properties": { "osm_id": 6057774207, "@id": "node/6057774207", "name": "Hekslootpolder - Vogelkijkhut" }, "geometry": { "type": "Point", "coordinates": [ 4.6657532, 52.41465979909114 ] } },
{ "type": "Feature", "properties": { "osm_id": 6064951402, "@id": "node/6064951402", "name": "Vogelkijkscherm Kerkemeertje" }, "geometry": { "type": "Point", "coordinates": [ 4.811398, 52.563476199086416 ] } },
{ "type": "Feature", "properties": { "osm_id": 6082522050, "@id": "node/6082522050", "name": "vogelkijkhut" }, "geometry": { "type": "Point", "coordinates": [ 5.744273, 53.330101699105036 ] } },
{ "type": "Feature", "properties": { "osm_id": 6131737466, "@id": "node/6131737466", "name": "Skiertsjilling" }, "geometry": { "type": "Point", "coordinates": [ 6.1275564, 53.23076519909835 ] } },
{ "type": "Feature", "properties": { "osm_id": 6223988205, "@id": "node/6223988205", "name": "birdwatching" }, "geometry": { "type": "Point", "coordinates": [ 4.9422646, 52.211012599101714 ] } },
{ "type": "Feature", "properties": { "osm_id": 6284437194, "@id": "node/6284437194", "name": "birdwatching" }, "geometry": { "type": "Point", "coordinates": [ 5.2304274, 52.417865699091038 ] } },
{ "type": "Feature", "properties": { "osm_id": 6284451525, "@id": "node/6284451525", "name": "birdwatching" }, "geometry": { "type": "Point", "coordinates": [ 5.2325878, 52.419225499090963 ] } },
{ "type": "Feature", "properties": { "osm_id": 6300119679, "@id": "node/6300119679", "name": "birdwatching" }, "geometry": { "type": "Point", "coordinates": [ 4.956855, 52.477674699088809 ] } },
{ "type": "Feature", "properties": { "osm_id": 6313253186, "@id": "node/6313253186", "name": "Vogelkijkscherm Natte Graslanden" }, "geometry": { "type": "Point", "coordinates": [ 5.1940065, 52.400019799091744 ] } },
{ "type": "Feature", "properties": { "osm_id": 6331095233, "@id": "node/6331095233", "name": "birdwatching" }, "geometry": { "type": "Point", "coordinates": [ 5.1859589, 52.395243299091952 ] } },
{ "type": "Feature", "properties": { "osm_id": 6412048485, "@id": "node/6412048485", "name": "birdwatching" }, "geometry": { "type": "Point", "coordinates": [ 6.2378569, 53.369435799108018 ] } },
{ "type": "Feature", "properties": { "osm_id": 6415186848, "@id": "node/6415186848", "name": "Vogelkijkhut Fochteloërveen" }, "geometry": { "type": "Point", "coordinates": [ 6.3788777, 52.991946799087621 ] } },
{ "type": "Feature", "properties": { "osm_id": 6450897312, "@id": "node/6450897312", "name": "birdwatching" }, "geometry": { "type": "Point", "coordinates": [ 4.991796, 52.421990699090848 ] } },
{ "type": "Feature", "properties": { "osm_id": 6468232618, "@id": "node/6468232618", "name": "birdwatching" }, "geometry": { "type": "Point", "coordinates": [ 4.0557387, 51.818768699134637 ] } },
{ "type": "Feature", "properties": { "osm_id": 6476149653, "@id": "node/6476149653", "name": "birdwatching" }, "geometry": { "type": "Point", "coordinates": [ 3.6398405, 51.450237799179256 ] } },
{ "type": "Feature", "properties": { "osm_id": 6481092801, "@id": "node/6481092801", "name": "birdwatching" }, "geometry": { "type": "Point", "coordinates": [ 6.1537339, 53.358500299107199 ] } },
{ "type": "Feature", "properties": { "osm_id": 6509563580, "@id": "node/6509563580", "name": "birdwatching" }, "geometry": { "type": "Point", "coordinates": [ 5.3243539, 51.330575599196344 ] } },
{ "type": "Feature", "properties": { "osm_id": 6542251256, "@id": "node/6542251256", "name": "Vogelkijkhut Catspoolder" }, "geometry": { "type": "Point", "coordinates": [ 6.0327977, 52.859274899084816 ] } },
{ "type": "Feature", "properties": { "osm_id": 6587066014, "@id": "node/6587066014", "name": "birdwatching" }, "geometry": { "type": "Point", "coordinates": [ 4.8462208, 51.521063999169741 ] } },
{ "type": "Feature", "properties": { "osm_id": 6655774978, "@id": "node/6655774978", "name": "birdwatching" }, "geometry": { "type": "Point", "coordinates": [ 4.5462937, 51.837478999132699 ] } },
{ "type": "Feature", "properties": { "osm_id": 6722923668, "@id": "node/6722923668", "name": "Kijkhut voor de niet-bestaande vogels" }, "geometry": { "type": "Point", "coordinates": [ 5.8827343, 52.82255059908443 ] } },
{ "type": "Feature", "properties": { "osm_id": 6810023297, "@id": "node/6810023297", "name": "birdwatching" }, "geometry": { "type": "Point", "coordinates": [ 3.7607546, 51.709390199146569 ] } },
{ "type": "Feature", "properties": { "osm_id": 7014921554, "@id": "node/7014921554", "name": "Twitterhut" }, "geometry": { "type": "Point", "coordinates": [ 5.9998293, 52.77083369908415 ] } },
{ "type": "Feature", "properties": { "osm_id": 7276769538, "@id": "node/7276769538", "name": "birdwatching" }, "geometry": { "type": "Point", "coordinates": [ 4.4687363, 52.246907999099527 ] } },
{ "type": "Feature", "properties": { "osm_id": 7333345785, "@id": "node/7333345785", "name": "birdwatching" }, "geometry": { "type": "Point", "coordinates": [ 4.2275597, 51.404307999185647 ] } },
{ "type": "Feature", "properties": { "osm_id": 7345625747, "@id": "node/7345625747", "name": "birdwatching" }, "geometry": { "type": "Point", "coordinates": [ 5.8880662, 51.928355399123852 ] } },
{ "type": "Feature", "properties": { "osm_id": 7395597367, "@id": "node/7395597367", "name": "birdwatching" }, "geometry": { "type": "Point", "coordinates": [ 5.4443438, 51.508007999171433 ] } },
{ "type": "Feature", "properties": { "osm_id": 7443167261, "@id": "node/7443167261", "name": "Vogelkijkscherm Aalscholver" }, "geometry": { "type": "Point", "coordinates": [ 5.3659604, 52.597481599085675 ] } },
{ "type": "Feature", "properties": { "osm_id": 7485939531, "@id": "node/7485939531", "name": "birdwatching" }, "geometry": { "type": "Point", "coordinates": [ 5.5130794, 51.484532499174591 ] } },
{ "type": "Feature", "properties": { "osm_id": 7525129082, "@id": "node/7525129082", "name": "birdwatching" }, "geometry": { "type": "Point", "coordinates": [ 6.0271235, 51.641191999154564 ] } },
{ "type": "Feature", "properties": { "osm_id": 7575647964, "@id": "node/7575647964", "name": "birdwatching" }, "geometry": { "type": "Point", "coordinates": [ 5.5485619, 51.524361499169295 ] } },
{ "type": "Feature", "properties": { "osm_id": 7650656692, "@id": "node/7650656692", "name": "IJsvogelreservaat" }, "geometry": { "type": "Point", "coordinates": [ 4.3740308, 51.913482799125255 ] } },
{ "type": "Feature", "properties": { "osm_id": 7702844902, "@id": "node/7702844902", "name": "birdwatching" }, "geometry": { "type": "Point", "coordinates": [ 4.8697298, 52.160777199105041 ] } },
{ "type": "Feature", "properties": { "osm_id": 7760849482, "@id": "node/7760849482", "name": "Vogelkijkhut Passewaay" }, "geometry": { "type": "Point", "coordinates": [ 5.4195317, 51.872449699129184 ] } },
{ "type": "Feature", "properties": { "osm_id": 7781466656, "@id": "node/7781466656", "name": "Vogelkijkhut Aalder Esch" }, "geometry": { "type": "Point", "coordinates": [ 6.7230642, 52.775838899084164 ] } },
{ "type": "Feature", "properties": { "osm_id": 7894630885, "@id": "node/7894630885", "name": "birdwatching" }, "geometry": { "type": "Point", "coordinates": [ 5.838177, 52.233707899100303 ] } },
{ "type": "Feature", "properties": { "osm_id": 7973081441, "@id": "node/7973081441", "name": "Vogelkijkwand" }, "geometry": { "type": "Point", "coordinates": [ 5.7619152, 51.519310799169958 ] } },
{ "type": "Feature", "properties": { "osm_id": 8019782918, "@id": "node/8019782918", "name": "birdwatching" }, "geometry": { "type": "Point", "coordinates": [ 4.7331933, 52.957810999086682 ] } },
{ "type": "Feature", "properties": { "osm_id": 8128428611, "@id": "node/8128428611", "name": "Westkapelle, Slaakweg" }, "geometry": { "type": "Point", "coordinates": [ 3.4497105, 51.539746499167286 ] } },
{ "type": "Feature", "properties": { "osm_id": 8299996070, "@id": "node/8299996070", "name": "birdwatching" }, "geometry": { "type": "Point", "coordinates": [ 5.1730009, 52.337642099094587 ] } },
{ "type": "Feature", "properties": { "osm_id": 8337533450, "@id": "node/8337533450", "name": "birdwatching" }, "geometry": { "type": "Point", "coordinates": [ 5.1816277, 52.339449899094511 ] } },
{ "type": "Feature", "properties": { "osm_id": 8337533451, "@id": "node/8337533451", "name": "birdwatching" }, "geometry": { "type": "Point", "coordinates": [ 5.1783743, 52.340874799094443 ] } },
{ "type": "Feature", "properties": { "osm_id": 8411902918, "@id": "node/8411902918", "name": "birdwatching" }, "geometry": { "type": "Point", "coordinates": [ 4.9666216, 53.254463799099817 ] } },
{ "type": "Feature", "properties": { "osm_id": 8500926950, "@id": "node/8500926950", "name": "birdwatching" }, "geometry": { "type": "Point", "coordinates": [ 3.5199196, 51.400016399186271 ] } },
{ "type": "Feature", "properties": { "osm_id": 8551213300, "@id": "node/8551213300", "name": "birdwatching" }, "geometry": { "type": "Point", "coordinates": [ 4.9626564, 52.287606499097201 ] } },
{ "type": "Feature", "properties": { "osm_id": 8632402237, "@id": "node/8632402237", "name": "Mokkelengoor" }, "geometry": { "type": "Point", "coordinates": [ 6.6058752, 52.319271899095511 ] } },
{ "type": "Feature", "properties": { "osm_id": 8677174034, "@id": "node/8677174034", "name": "birdwatching" }, "geometry": { "type": "Point", "coordinates": [ 5.6907082, 51.302717899200466 ] } },
{ "type": "Feature", "properties": { "osm_id": 8683002108, "@id": "node/8683002108", "name": "birdwatching" }, "geometry": { "type": "Point", "coordinates": [ 4.5159242, 52.18553969910338 ] } },
{ "type": "Feature", "properties": { "osm_id": 8690463889, "@id": "node/8690463889", "name": "De kiekendief" }, "geometry": { "type": "Point", "coordinates": [ 4.7127305, 52.419538599090949 ] } },
{ "type": "Feature", "properties": { "osm_id": 8694170619, "@id": "node/8694170619", "name": "birdwatching" }, "geometry": { "type": "Point", "coordinates": [ 4.6707044, 52.020381799115754 ] } },
{ "type": "Feature", "properties": { "osm_id": 8742787387, "@id": "node/8742787387", "name": "birdwatching" }, "geometry": { "type": "Point", "coordinates": [ 4.7049544, 51.77738809913901 ] } },
{ "type": "Feature", "properties": { "osm_id": 8826919394, "@id": "node/8826919394", "name": "Vogelkijkhut Buitendijks" }, "geometry": { "type": "Point", "coordinates": [ 5.5700503, 52.838889399084572 ] } },
{ "type": "Feature", "properties": { "osm_id": 8851230229, "@id": "node/8851230229", "name": "birdwatching" }, "geometry": { "type": "Point", "coordinates": [ 5.8265631, 53.17460129909518 ] } },
{ "type": "Feature", "properties": { "osm_id": 8866648474, "@id": "node/8866648474", "name": "birdwatching" }, "geometry": { "type": "Point", "coordinates": [ 5.7439501, 51.961578799120822 ] } },
{ "type": "Feature", "properties": { "osm_id": 9048054884, "@id": "node/9048054884", "name": "birdwatching" }, "geometry": { "type": "Point", "coordinates": [ 3.4268659, 51.309136299199515 ] } },
{ "type": "Feature", "properties": { "osm_id": 9081978369, "@id": "node/9081978369", "name": "birdwatching" }, "geometry": { "type": "Point", "coordinates": [ 4.8688293, 53.060483499089933 ] } },
{ "type": "Feature", "properties": { "osm_id": 9094805549, "@id": "node/9094805549", "name": "birdwatching" }, "geometry": { "type": "Point", "coordinates": [ 4.4478316, 52.07472309911136 ] } },
{ "type": "Feature", "properties": { "osm_id": 9143020120, "@id": "node/9143020120", "name": "birdwatching" }, "geometry": { "type": "Point", "coordinates": [ 4.6480009, 52.107431399108869 ] } },
{ "type": "Feature", "properties": { "osm_id": 9207045149, "@id": "node/9207045149", "name": "Renvogelveld - Uitkijkpunt" }, "geometry": { "type": "Point", "coordinates": [ 4.8581604, 53.179556799095423 ] } },
{ "type": "Feature", "properties": { "osm_id": 9388142503, "@id": "node/9388142503", "name": "birdwatching" }, "geometry": { "type": "Point", "coordinates": [ 4.4422863, 52.109578099108703 ] } },
{ "type": "Feature", "properties": { "osm_id": 9530252118, "@id": "node/9530252118", "name": "birdwatching" }, "geometry": { "type": "Point", "coordinates": [ 4.5421744, 51.75748379914117 ] } },
{ "type": "Feature", "properties": { "osm_id": 9558341236, "@id": "node/9558341236", "name": "birdwatching" }, "geometry": { "type": "Point", "coordinates": [ 3.4971862, 51.398002499186553 ] } },
{ "type": "Feature", "properties": { "osm_id": 9558341237, "@id": "node/9558341237", "name": "birdwatching" }, "geometry": { "type": "Point", "coordinates": [ 3.4970212, 51.398010799186579 ] } },
{ "type": "Feature", "properties": { "osm_id": 9585743705, "@id": "node/9585743705", "name": "birdwatching" }, "geometry": { "type": "Point", "coordinates": [ 5.4459283, 52.178916299103804 ] } },
{ "type": "Feature", "properties": { "osm_id": 9634981013, "@id": "node/9634981013", "name": "Kijkhut de Turenluren" }, "geometry": { "type": "Point", "coordinates": [ 6.5868299, 52.328737699095022 ] } },
{ "type": "Feature", "properties": { "osm_id": 9659016295, "@id": "node/9659016295", "name": "Vogelkijkscherm Halkenbroek" }, "geometry": { "type": "Point", "coordinates": [ 6.6234706, 52.92536209908593 ] } },
{ "type": "Feature", "properties": { "osm_id": 9674858956, "@id": "node/9674858956", "name": "birdwatching" }, "geometry": { "type": "Point", "coordinates": [ 4.3871069, 52.183873099103479 ] } },
{ "type": "Feature", "properties": { "osm_id": 9686470934, "@id": "node/9686470934", "name": "birdwatching" }, "geometry": { "type": "Point", "coordinates": [ 4.3248819, 51.923241599124317 ] } },
{ "type": "Feature", "properties": { "osm_id": 9761989437, "@id": "node/9761989437", "name": "birdwatching" }, "geometry": { "type": "Point", "coordinates": [ 5.159416, 52.112098799108502 ] } },
{ "type": "Feature", "properties": { "osm_id": 9791796007, "@id": "node/9791796007", "name": "birdwatching" }, "geometry": { "type": "Point", "coordinates": [ 5.8952825, 50.948703499258393 ] } },
{ "type": "Feature", "properties": { "osm_id": 9827579373, "@id": "node/9827579373", "name": "birdwatching" }, "geometry": { "type": "Point", "coordinates": [ 5.0071857, 52.380036899092623 ] } },
{ "type": "Feature", "properties": { "osm_id": 9848890137, "@id": "node/9848890137", "name": "birdwatching" }, "geometry": { "type": "Point", "coordinates": [ 7.0042157, 53.177558799095316 ] } },
{ "type": "Feature", "properties": { "osm_id": 9888496450, "@id": "node/9888496450", "name": "Sarsven - Vogelkijkscherm" }, "geometry": { "type": "Point", "coordinates": [ 5.7852392, 51.268674999205622 ] } },
{ "type": "Feature", "properties": { "osm_id": 9897914794, "@id": "node/9897914794", "name": "birdwatching" }, "geometry": { "type": "Point", "coordinates": [ 6.6831014, 52.760802299084148 ] } },
{ "type": "Feature", "properties": { "osm_id": 9919424861, "@id": "node/9919424861", "name": "birdwatching" }, "geometry": { "type": "Point", "coordinates": [ 5.4099197, 52.213747299101541 ] } },
{ "type": "Feature", "properties": { "osm_id": 10095431787, "@id": "node/10095431787", "name": "birdwatching" }, "geometry": { "type": "Point", "coordinates": [ 4.6547579, 52.105665399108986 ] } },
{ "type": "Feature", "properties": { "osm_id": 10147902541, "@id": "node/10147902541", "name": "Reiddomp" }, "geometry": { "type": "Point", "coordinates": [ 6.1801351, 53.333093699105241 ] } },
{ "type": "Feature", "properties": { "osm_id": 10162877147, "@id": "node/10162877147", "name": "birdwatching" }, "geometry": { "type": "Point", "coordinates": [ 3.6532128, 51.517213099170235 ] } },
{ "type": "Feature", "properties": { "osm_id": 10180954732, "@id": "node/10180954732", "name": "birdwatching" }, "geometry": { "type": "Point", "coordinates": [ 5.2571742, 51.510352299171139 ] } },
{ "type": "Feature", "properties": { "osm_id": 10183445204, "@id": "node/10183445204", "name": "Uitkijkpunt Kiekuut" }, "geometry": { "type": "Point", "coordinates": [ 6.1269342, 52.105817799108955 ] } },
{ "type": "Feature", "properties": { "osm_id": 10204357566, "@id": "node/10204357566", "name": "birdwatching" }, "geometry": { "type": "Point", "coordinates": [ 5.359794, 52.586770499085901 ] } },
{ "type": "Feature", "properties": { "osm_id": 10267010771, "@id": "node/10267010771", "name": "birdwatching" }, "geometry": { "type": "Point", "coordinates": [ 5.370302, 52.413388299091203 ] } },
{ "type": "Feature", "properties": { "osm_id": 10267011832, "@id": "node/10267011832", "name": "birdwatching" }, "geometry": { "type": "Point", "coordinates": [ 5.3966964, 52.424454599090758 ] } },
{ "type": "Feature", "properties": { "osm_id": 10267018193, "@id": "node/10267018193", "name": "birdwatching" }, "geometry": { "type": "Point", "coordinates": [ 5.4023791, 52.426987399090649 ] } },
{ "type": "Feature", "properties": { "osm_id": 10293015132, "@id": "node/10293015132", "name": "birdwatching" }, "geometry": { "type": "Point", "coordinates": [ 4.9271965, 52.884178099085183 ] } },
{ "type": "Feature", "properties": { "osm_id": 10301211563, "@id": "node/10301211563", "name": "birdwatching" }, "geometry": { "type": "Point", "coordinates": [ 6.144826, 53.472786199116925 ] } },
{ "type": "Feature", "properties": { "osm_id": 10650438250, "@id": "node/10650438250", "name": "Pastoorsweijer - Vogelkijkhut" }, "geometry": { "type": "Point", "coordinates": [ 5.3895628, 51.291261399202213 ] } },
{ "type": "Feature", "properties": { "osm_id": 10821172862, "@id": "node/10821172862", "name": "birdwatching" }, "geometry": { "type": "Point", "coordinates": [ 4.5272793, 51.903098699126232 ] } },
{ "type": "Feature", "properties": { "osm_id": 10821190265, "@id": "node/10821190265", "name": "birdwatching" }, "geometry": { "type": "Point", "coordinates": [ 5.749259, 53.456874699115438 ] } },
{ "type": "Feature", "properties": { "osm_id": 10878115057, "@id": "node/10878115057", "name": "Het ei" }, "geometry": { "type": "Point", "coordinates": [ 6.4030057, 52.521512199087447 ] } },
{ "type": "Feature", "properties": { "osm_id": 10925867949, "@id": "node/10925867949", "name": "birdwatching" }, "geometry": { "type": "Point", "coordinates": [ 5.550275, 52.296763099096701 ] } },
{ "type": "Feature", "properties": { "osm_id": 10996529089, "@id": "node/10996529089", "name": "Gluurmuur de Grote Plas" }, "geometry": { "type": "Point", "coordinates": [ 3.7314416, 51.334798699195709 ] } },
{ "type": "Feature", "properties": { "osm_id": 11016474760, "@id": "node/11016474760", "name": "Amfibion" }, "geometry": { "type": "Point", "coordinates": [ 4.7587531, 52.356571099093678 ] } },
{ "type": "Feature", "properties": { "osm_id": 11110313561, "@id": "node/11110313561", "name": "birdwatching" }, "geometry": { "type": "Point", "coordinates": [ 4.9067713, 52.44589889908994 ] } },
{ "type": "Feature", "properties": { "osm_id": 11159725967, "@id": "node/11159725967", "name": "birdwatching" }, "geometry": { "type": "Point", "coordinates": [ 5.4214942, 51.824599099134034 ] } },
{ "type": "Feature", "properties": { "osm_id": 11193955223, "@id": "node/11193955223", "name": "birdwatching" }, "geometry": { "type": "Point", "coordinates": [ 4.4556399, 52.080549499110901 ] } },
{ "type": "Feature", "properties": { "osm_id": 11335282531, "@id": "node/11335282531", "name": "birdwatching" }, "geometry": { "type": "Point", "coordinates": [ 5.4392624, 52.044419399113771 ] } },
{ "type": "Feature", "properties": { "osm_id": 11735165306, "@id": "node/11735165306", "name": "birdwatching" }, "geometry": { "type": "Point", "coordinates": [ 6.6695809, 53.13920959909337 ] } },
{ "type": "Feature", "properties": { "osm_id": 11739627703, "@id": "node/11739627703", "name": "Martin Kemperman hut" }, "geometry": { "type": "Point", "coordinates": [ 4.8827617, 52.17817649910387 ] } },
{ "type": "Feature", "properties": { "osm_id": 11863002641, "@id": "node/11863002641", "name": "birdwatching" }, "geometry": { "type": "Point", "coordinates": [ 5.9373486, 53.137528399093277 ] } },
{ "type": "Feature", "properties": { "osm_id": 11884247884, "@id": "node/11884247884", "name": "birdwatching" }, "geometry": { "type": "Point", "coordinates": [ 4.885117, 53.147628699093779 ] } },
{ "type": "Feature", "properties": { "osm_id": 11900463153, "@id": "node/11900463153", "name": "birdwatching" }, "geometry": { "type": "Point", "coordinates": [ 4.2373493, 52.076480799111216 ] } },
{ "type": "Feature", "properties": { "osm_id": 11913649921, "@id": "node/11913649921", "name": "vogelkijkhut Ielgoes" }, "geometry": { "type": "Point", "coordinates": [ 5.9273386, 53.116428599092281 ] } },
{ "type": "Feature", "properties": { "osm_id": 11918183955, "@id": "node/11918183955", "name": "Polder de Dijken-Bakkerom" }, "geometry": { "type": "Point", "coordinates": [ 6.3349638, 53.202674099096726 ] } },
{ "type": "Feature", "properties": { "osm_id": 11939928422, "@id": "node/11939928422", "name": "Vogelkijkwand" }, "geometry": { "type": "Point", "coordinates": [ 5.3413953, 52.253150199099167 ] } },
{ "type": "Feature", "properties": { "osm_id": 11946021876, "@id": "node/11946021876", "name": "Fotohut Diependal" }, "geometry": { "type": "Point", "coordinates": [ 6.4566794, 52.922822799085878 ] } },
{ "type": "Feature", "properties": { "osm_id": 11968191280, "@id": "node/11968191280", "name": "birdwatching" }, "geometry": { "type": "Point", "coordinates": [ 4.8981278, 53.098280799091484 ] } },
{ "type": "Feature", "properties": { "osm_id": 12006491928, "@id": "node/12006491928", "name": "Strabrechtse Heide" }, "geometry": { "type": "Point", "coordinates": [ 5.59291, 51.403154899185836 ] } },
{ "type": "Feature", "properties": { "osm_id": 12075625168, "@id": "node/12075625168", "name": "birdwatching" }, "geometry": { "type": "Point", "coordinates": [ 4.9959638, 52.423386999090809 ] } },
{ "type": "Feature", "properties": { "osm_id": 12177802723, "@id": "node/12177802723", "name": "Vogelkijkhut Hof van Scheerens" }, "geometry": { "type": "Point", "coordinates": [ 3.4950035, 51.356977399192466 ] } },
{ "type": "Feature", "properties": { "osm_id": 12304310784, "@id": "node/12304310784", "name": "birdwatching" }, "geometry": { "type": "Point", "coordinates": [ 6.8256383, 52.244444999099656 ] } },
{ "type": "Feature", "properties": { "osm_id": 12451062629, "@id": "node/12451062629", "name": "birdwatching" }, "geometry": { "type": "Point", "coordinates": [ 6.0194932, 53.259877199100174 ] } },
{ "type": "Feature", "properties": { "osm_id": 12600148148, "@id": "node/12600148148", "name": "birdwatching" }, "geometry": { "type": "Point", "coordinates": [ 4.6444099, 51.611894999158153 ] } },
{ "type": "Feature", "properties": { "osm_id": 12635356287, "@id": "node/12635356287", "name": "Natuurobservatiepost De Elsberg" }, "geometry": { "type": "Point", "coordinates": [ 6.0189743, 52.053980499113003 ] } },
{ "type": "Feature", "properties": { "osm_id": 12647815143, "@id": "node/12647815143", "name": "birdwatching" }, "geometry": { "type": "Point", "coordinates": [ 3.8247148, 51.242120899209702 ] } },
{ "type": "Feature", "properties": { "osm_id": 12682384145, "@id": "node/12682384145", "name": "De Nol" }, "geometry": { "type": "Point", "coordinates": [ 4.8056971, 53.093909099091306 ] } },
{ "type": "Feature", "properties": { "osm_id": 12749562741, "@id": "node/12749562741", "name": "birdwatching" }, "geometry": { "type": "Point", "coordinates": [ 5.1755161, 52.402149699091659 ] } },
{ "type": "Feature", "properties": { "osm_id": 12880583963, "@id": "node/12880583963", "name": "birdwatching" }, "geometry": { "type": "Point", "coordinates": [ 3.8744533, 51.341564599194726 ] } },
{ "type": "Feature", "properties": { "osm_id": 12900210994, "@id": "node/12900210994", "name": "birdwatching" }, "geometry": { "type": "Point", "coordinates": [ 4.7388691, 52.029771699114946 ] } },
{ "type": "Feature", "properties": { "osm_id": 12922136244, "@id": "node/12922136244", "name": "birdwatching" }, "geometry": { "type": "Point", "coordinates": [ 6.8059574, 52.217774799101306 ] } },
{ "type": "Feature", "properties": { "osm_id": 12956674314, "@id": "node/12956674314", "name": "270 degrees" }, "geometry": { "type": "Point", "coordinates": [ 4.7907097, 52.375455999092821 ] } },
{ "type": "Feature", "properties": { "osm_id": 12956674316, "@id": "node/12956674316", "name": "birdwatching" }, "geometry": { "type": "Point", "coordinates": [ 4.7905168, 52.375550599092811 ] } },
{ "type": "Feature", "properties": { "osm_id": 12956674317, "@id": "node/12956674317", "name": "birdwatching" }, "geometry": { "type": "Point", "coordinates": [ 4.7909841, 52.37536979909283 ] } },
{ "type": "Feature", "properties": { "osm_id": 13022454109, "@id": "node/13022454109", "name": "birdwatching" }, "geometry": { "type": "Point", "coordinates": [ 5.6280993, 51.355711899192656 ] } },
{ "type": "Feature", "properties": { "osm_id": 13043244431, "@id": "node/13043244431", "name": "birdwatching" }, "geometry": { "type": "Point", "coordinates": [ 6.0686652, 51.979699099119209 ] } },
{ "type": "Feature", "properties": { "osm_id": 13050948041, "@id": "node/13050948041", "name": "birdwatching" }, "geometry": { "type": "Point", "coordinates": [ 4.6765712, 51.941747299122632 ] } },
{ "type": "Feature", "properties": { "osm_id": 13092048781, "@id": "node/13092048781", "name": "Den Deyler" }, "geometry": { "type": "Point", "coordinates": [ 5.7842246, 51.058114799239512 ] } },
{ "type": "Feature", "properties": { "osm_id": 13110543030, "@id": "node/13110543030", "name": "birdwatching" }, "geometry": { "type": "Point", "coordinates": [ 3.7781305, 51.591664299160662 ] } },
{ "type": "Feature", "properties": { "osm_id": 13142432761, "@id": "node/13142432761", "name": "birdwatching" }, "geometry": { "type": "Point", "coordinates": [ 6.5410444, 52.500590899088095 ] } },
{ "type": "Feature", "properties": { "osm_id": 13159406464, "@id": "node/13159406464", "name": "birdwatching" }, "geometry": { "type": "Point", "coordinates": [ 6.2129335, 53.386761899109445 ] } },
{ "type": "Feature", "properties": { "osm_id": 13263788626, "@id": "node/13263788626", "name": "Renvogelveld - Kijkscherm" }, "geometry": { "type": "Point", "coordinates": [ 4.8595034, 53.180407199095463 ] } },
{ "type": "Feature", "properties": { "osm_id": 13343171859, "@id": "node/13343171859", "name": "birdwatching" }, "geometry": { "type": "Point", "coordinates": [ 5.2724451, 51.441082699180519 ] } },
{ "type": "Feature", "properties": { "osm_id": 13390391198, "@id": "node/13390391198", "name": "Vogelkijkhut De Visarend" }, "geometry": { "type": "Point", "coordinates": [ 6.110104, 52.443743299090002 ] } },
{ "type": "Feature", "properties": { "osm_id": 13390411594, "@id": "node/13390411594", "name": "Vreugderijkerwaard" }, "geometry": { "type": "Point", "coordinates": [ 6.0271551, 52.516308899087626 ] } },
{ "type": "Feature", "properties": { "osm_id": 13432964203, "@id": "node/13432964203", "name": "Twisk - Waterberging - Vogelkijkscherm" }, "geometry": { "type": "Point", "coordinates": [ 5.0604326, 52.757444499084137 ] } },
{ "type": "Feature", "properties": { "osm_id": 13435269939, "@id": "node/13435269939", "name": "birdwatching" }, "geometry": { "type": "Point", "coordinates": [ 5.4007895, 52.145327399106115 ] } },
{ "type": "Feature", "properties": { "osm_id": 13458156050, "@id": "node/13458156050", "name": "birdwatching" }, "geometry": { "type": "Point", "coordinates": [ 5.0013696, 52.317909499095606 ] } },
{ "type": "Feature", "properties": { "osm_id": 13620400682, "@id": "node/13620400682", "name": "birdwatching" }, "geometry": { "type": "Point", "coordinates": [ 4.9121396, 51.624838199156564 ] } },
{ "type": "Feature", "properties": { "osm_id": 13624999800, "@id": "node/13624999800", "name": "birdwatching" }, "geometry": { "type": "Point", "coordinates": [ 4.9076878, 52.131944599107072 ] } },
{ "type": "Feature", "properties": { "osm_id": 13656829256, "@id": "node/13656829256", "name": "birdwatching" }, "geometry": { "type": "Point", "coordinates": [ 4.0159643, 51.514055699170662 ] } },
{ "type": "Feature", "properties": { "osm_id": 13711334869, "@id": "node/13711334869", "name": "birdwatching" }, "geometry": { "type": "Point", "coordinates": [ 5.1991715, 51.823120499134191 ] } },
{ "type": "Feature", "properties": { "osm_id": 13764221435, "@id": "node/13764221435", "name": "birdwatching" }, "geometry": { "type": "Point", "coordinates": [ 4.2746405, 51.637180299155055 ] } },
{ "type": "Feature", "properties": { "osm_id": 13821634896, "@id": "node/13821634896", "name": "birdwatching" }, "geometry": { "type": "Point", "coordinates": [ 5.2792485, 52.249449399099404 ] } },
{ "type": "Feature", "properties": { "osm_id": 13957900627, "@id": "node/13957900627", "name": "Uitkijktoren Oudega" }, "geometry": { "type": "Point", "coordinates": [ 5.9941291, 53.106288899091837 ] } },
{ "type": "Feature", "properties": { "osm_id": 14091541331, "@id": "node/14091541331", "name": "birdwatching" }, "geometry": { "type": "Point", "coordinates": [ 5.1958367, 52.337253799094611 ] } },
{ "type": "Feature", "properties": { "osm_id": 14099811172, "@id": "node/14099811172", "name": "birdwatching" }, "geometry": { "type": "Point", "coordinates": [ 5.637597, 51.230896899211466 ] } }
]
}
