{
"type": "FeatureCollection",
"name": "vogel_gebieden_osm_nl",
"crs": { "type": "name", "properties": { "name": "urn:ogc:def:crs:OGC:1.3:CRS84" } },
"features": [
{ "type": "Feature", "properties": { "@id": "way/41184243", "name": "Ackerdijkse Plassen" }, "geometry": { "type": "MultiPolygon", "coordinates": [ [ [ [ 4.4012754, 51.978186199119364 ], [ 4.4012913, 51.978131099119359 ], [ 4.4013453, 51.978021299119362 ], [ 4.4013796, 51.977981799119348 ], [ 4.4014179, 51.977972099119377 ], [ 4.4014999, 51.977984899119384 ], [ 4.4015086, 51.977969499119368 ], [ 4.4014473, 51.977956899119377 ], [ 4.4014205, 51.977948499119378 ], [ 4.4014075, 51.97793379911937 ], [ 4.4014066, 51.977917099119388 ], [ 4.4014255, 51.977862499119389 ], [ 4.4014279, 51.977806799119392 ], [ 4.401455, 51.977735599119391 ], [ 4.4015313, 51.977620099119413 ], [ 4.401532, 51.97757309911939 ], [ 4.4015965, 51.977473599119406 ], [ 4.4016927, 51.977274799119435 ], [ 4.4019335, 51.976789499119469 ], [ 4.4021734, 51.97625819911952 ], [ 4.402227, 51.976172799119517 ], [ 4.4024067, 51.975741499119557 ], [ 4.4025341, 51.975461899119594 ], [ 4.4025338, 51.975448499119601 ], [ 4.4025834, 51.975187699119594 ], [ 4.4026145, 51.975076899119635 ], [ 4.4028744, 51.974435499119672 ], [ 4.4029211, 51.974280299119684 ], [ 4.4029931, 51.97409189911972 ], [ 4.4030931, 51.97386979911974 ], [ 4.4031351, 51.973752399119725 ], [ 4.4031702, 51.973679699119742 ], [ 4.4031762, 51.97365479911975 ], [ 4.4031881, 51.97363139911976 ], [ 4.4031981, 51.973597899119774 ], [ 4.4032242, 51.973529899119768 ], [ 4.4034065, 51.973138099119794 ], [ 4.4034247, 51.973096499119798 ], [ 4.4034427, 51.973085999119803 ], [ 4.4034636, 51.973075399119814 ], [ 4.4034868, 51.973069799119784 ], [ 4.4035226, 51.97307199911981 ], [ 4.403563, 51.973078499119815 ], [ 4.4036069, 51.973093399119811 ], [ 4.4036955, 51.972964199119808 ], [ 4.4037403, 51.972875099119804 ], [ 4.4038152, 51.972783399119827 ], [ 4.4039257, 51.97259569911985 ], [ 4.4039842, 51.972509099119847 ], [ 4.4040049, 51.972479599119865 ], [ 4.4040056, 51.972456099119846 ], [ 4.4040233, 51.972410299119858 ], [ 4.4041097, 51.972272299119886 ], [ 4.4041281, 51.972209799119881 ], [ 4.4041457, 51.972170699119893 ], [ 4.4041712, 51.972140499119895 ], [ 4.4042408, 51.97207369911991 ], [ 4.4044226, 51.9719104991199 ], [ 4.404469, 51.971878399119916 ], [ 4.4044997, 51.971861199119921 ], [ 4.4045209, 51.971851899119898 ], [ 4.4045528, 51.971845899119891 ], [ 4.4045845, 51.971803699119924 ], [ 4.4045798, 51.971784499119913 ], [ 4.4045587, 51.971770299119925 ], [ 4.4045816, 51.971735799119934 ], [ 4.4046065, 51.971729599119925 ], [ 4.4046501, 51.971667699119926 ], [ 4.4046899, 51.971599299119937 ], [ 4.4047512, 51.971530499119922 ], [ 4.404901, 51.971443799119953 ], [ 4.4050848, 51.971356899119947 ], [ 4.405282, 51.971275899119959 ], [ 4.4053777, 51.971223899119963 ], [ 4.405732, 51.971050499119976 ], [ 4.4058079, 51.970957899119981 ], [ 4.405948, 51.970778199120012 ], [ 4.4059215, 51.970752199119985 ], [ 4.4059134, 51.970734499120006 ], [ 4.4059166, 51.970712299120009 ], [ 4.4059264, 51.97069869912 ], [ 4.4059463, 51.970678999120011 ], [ 4.405949, 51.970676399120023 ], [ 4.405967, 51.970672599120014 ], [ 4.4060501, 51.970615499120022 ], [ 4.4061185, 51.970555699120005 ], [ 4.4062975, 51.970342299120034 ], [ 4.406378, 51.970232199120041 ], [ 4.4065754, 51.969980599120071 ], [ 4.4066405, 51.969912899120082 ], [ 4.4067572, 51.96975489912009 ], [ 4.4068246, 51.969677599120118 ], [ 4.4068431, 51.969616399120113 ], [ 4.4068931, 51.96955559912012 ], [ 4.4070088, 51.969411699120137 ], [ 4.4071911, 51.969132599120151 ], [ 4.4072104, 51.969097499120153 ], [ 4.4072369, 51.969060599120148 ], [ 4.40726, 51.969045199120153 ], [ 4.4073108, 51.969049099120163 ], [ 4.4081629, 51.969414799120116 ], [ 4.4084653, 51.969539899120115 ], [ 4.4090457, 51.969065599120164 ], [ 4.4090987, 51.969086499120152 ], [ 4.4092273, 51.969137299120156 ], [ 4.4098405, 51.969384299120122 ], [ 4.4112607, 51.969980799120087 ], [ 4.4119995, 51.97028489912006 ], [ 4.4121907, 51.97035499912004 ], [ 4.4127666, 51.970601399120007 ], [ 4.4129463, 51.970685999120022 ], [ 4.4130149, 51.970709199120016 ], [ 4.4131701, 51.970782199120016 ], [ 4.4133084, 51.970850799120008 ], [ 4.4133778, 51.970880199119996 ], [ 4.413468, 51.970914999119991 ], [ 4.4135872, 51.970956999119977 ], [ 4.4137859, 51.971039699119963 ], [ 4.4142146, 51.971215599119965 ], [ 4.4143623, 51.971276299119964 ], [ 4.4145369, 51.971344699119953 ], [ 4.4148572, 51.971459899119942 ], [ 4.4151456, 51.971584599119929 ], [ 4.4152814, 51.971653899119929 ], [ 4.4153613, 51.971687199119913 ], [ 4.4156634, 51.971826599119915 ], [ 4.4158552, 51.9719201991199 ], [ 4.4165059, 51.972184599119885 ], [ 4.4168826, 51.972319399119861 ], [ 4.4170969, 51.972397299119841 ], [ 4.4177061, 51.972617499119828 ], [ 4.4181331, 51.97277549911982 ], [ 4.4184648, 51.972895399119821 ], [ 4.4190741, 51.973150599119805 ], [ 4.4196484, 51.973364699119784 ], [ 4.4201594, 51.973536599119761 ], [ 4.4205043, 51.973665199119736 ], [ 4.4210961, 51.97390809911974 ], [ 4.4215355, 51.974086799119704 ], [ 4.42222, 51.974362299119676 ], [ 4.4223339, 51.97441069911968 ], [ 4.4225416, 51.974494599119666 ], [ 4.4224017, 51.974620699119683 ], [ 4.4223914, 51.974635499119664 ], [ 4.4223929, 51.974641499119656 ], [ 4.4224014, 51.974644599119657 ], [ 4.4224105, 51.97464339911965 ], [ 4.4224274, 51.974627399119676 ], [ 4.4224497, 51.974649599119672 ], [ 4.4224923, 51.974661299119646 ], [ 4.4226105, 51.974587599119651 ], [ 4.4225885, 51.974654599119667 ], [ 4.4227031, 51.974702099119654 ], [ 4.4227669, 51.974722299119669 ], [ 4.422728, 51.974758699119661 ], [ 4.4227866, 51.974829299119648 ], [ 4.423031, 51.974951099119636 ], [ 4.4230588, 51.974964899119641 ], [ 4.4232254, 51.974810299119646 ], [ 4.4249698, 51.975517899119595 ], [ 4.4262197, 51.976031399119535 ], [ 4.4265685, 51.976174599119538 ], [ 4.4268477, 51.976314599119533 ], [ 4.427185, 51.976495199119498 ], [ 4.4272973, 51.976585699119489 ], [ 4.4274612, 51.976725899119479 ], [ 4.4274847, 51.976756199119478 ], [ 4.4274849, 51.976764099119471 ], [ 4.4274803, 51.976772699119479 ], [ 4.4272687, 51.976939999119473 ], [ 4.4272549, 51.976950899119451 ], [ 4.4272191, 51.976979299119449 ], [ 4.4271991, 51.976993299119449 ], [ 4.4270359, 51.97710009911944 ], [ 4.4269468, 51.977165299119441 ], [ 4.426764, 51.977299099119428 ], [ 4.4267018, 51.977352599119442 ], [ 4.4265263, 51.977521499119398 ], [ 4.4263588, 51.977664699119387 ], [ 4.4262242, 51.977764899119371 ], [ 4.4261668, 51.97780329911938 ], [ 4.4261484, 51.977805099119387 ], [ 4.4260684, 51.977782399119391 ], [ 4.4260222, 51.977783599119398 ], [ 4.4255202, 51.978155499119353 ], [ 4.4252831, 51.978325799119339 ], [ 4.4245918, 51.978828499119281 ], [ 4.4241021, 51.979176299119267 ], [ 4.4238446, 51.979354999119245 ], [ 4.4232573, 51.979782399119202 ], [ 4.4228684, 51.980055099119177 ], [ 4.4226772, 51.980179499119167 ], [ 4.4225773, 51.980224599119161 ], [ 4.4224642, 51.980261199119177 ], [ 4.4223603, 51.980291699119185 ], [ 4.4222711, 51.98030839911916 ], [ 4.4221595, 51.980320899119164 ], [ 4.4219022, 51.980337399119172 ], [ 4.4216785, 51.980349899119162 ], [ 4.4214491, 51.980367499119161 ], [ 4.4212193, 51.980375299119153 ], [ 4.4208336, 51.980387099119156 ], [ 4.4205058, 51.980395599119163 ], [ 4.4201389, 51.980408199119154 ], [ 4.4199022, 51.980419799119161 ], [ 4.4196948, 51.980437899119146 ], [ 4.4194956, 51.980460699119149 ], [ 4.4193515, 51.980480599119161 ], [ 4.4190009, 51.980557899119141 ], [ 4.41876, 51.980627799119141 ], [ 4.4187078, 51.980648999119133 ], [ 4.4184097, 51.980745599119125 ], [ 4.4183027, 51.980787299119122 ], [ 4.4182154, 51.980820499119112 ], [ 4.418107, 51.980852899119107 ], [ 4.4180209, 51.980874299119122 ], [ 4.4178488, 51.980932499119106 ], [ 4.4176918, 51.980984699119112 ], [ 4.4175958, 51.981023999119095 ], [ 4.4172476, 51.981134899119112 ], [ 4.4171675, 51.981153499119095 ], [ 4.417066, 51.981171399119098 ], [ 4.4169693, 51.981169199119094 ], [ 4.4165353, 51.981098199119103 ], [ 4.4156843, 51.980949499119106 ], [ 4.4154774, 51.980920499119115 ], [ 4.4153923, 51.9809264991191 ], [ 4.4152888, 51.980946799119117 ], [ 4.4151384, 51.981004399119101 ], [ 4.4150835, 51.981019499119107 ], [ 4.4150477, 51.981026499119103 ], [ 4.4149564, 51.981023199119115 ], [ 4.4149157, 51.981025999119105 ], [ 4.4148862, 51.981034399119096 ], [ 4.4148635, 51.981054999119088 ], [ 4.4148076, 51.981139699119097 ], [ 4.4146206, 51.981426999119066 ], [ 4.4143031, 51.981914799119025 ], [ 4.414063, 51.982310499118981 ], [ 4.4140477, 51.982329399118989 ], [ 4.4137608, 51.98232899911897 ], [ 4.4131242, 51.982252999118991 ], [ 4.4130178, 51.982238699118994 ], [ 4.412826, 51.982200699118984 ], [ 4.4125872, 51.982141599118997 ], [ 4.4124721, 51.982089699119001 ], [ 4.4123037, 51.981998699119011 ], [ 4.4104371, 51.980882499119126 ], [ 4.4104214, 51.980847799119097 ], [ 4.4104248, 51.980797199119117 ], [ 4.4104409, 51.980755599119142 ], [ 4.4105655, 51.98046139911915 ], [ 4.4105923, 51.980422799119161 ], [ 4.4106212, 51.98039749911915 ], [ 4.4106733, 51.980432099119149 ], [ 4.4107924, 51.980462499119156 ], [ 4.4108957, 51.980508299119151 ], [ 4.4109544, 51.980398499119168 ], [ 4.410852, 51.980360899119148 ], [ 4.410855, 51.980350199119158 ], [ 4.4108923, 51.980308599119176 ], [ 4.4108798, 51.980299599119171 ], [ 4.4107948, 51.980285799119187 ], [ 4.410687, 51.980291099119185 ], [ 4.410642, 51.980228099119159 ], [ 4.4105549, 51.980210699119176 ], [ 4.41044, 51.980182599119168 ], [ 4.4098918, 51.980077299119174 ], [ 4.4096504, 51.980041599119176 ], [ 4.4095695, 51.98004099911919 ], [ 4.4092357, 51.979985599119189 ], [ 4.4088564, 51.979945299119194 ], [ 4.4085798, 51.979903999119195 ], [ 4.4079813, 51.97978799911921 ], [ 4.4077226, 51.979722799119209 ], [ 4.4075733, 51.979710499119228 ], [ 4.407286, 51.979674199119202 ], [ 4.4068299, 51.979597199119226 ], [ 4.4067304, 51.979600399119242 ], [ 4.4046891, 51.979222099119248 ], [ 4.404599, 51.97919579911926 ], [ 4.4045301, 51.979160599119254 ], [ 4.4043979, 51.979022599119268 ], [ 4.4042723, 51.978928499119291 ], [ 4.4041245, 51.978881999119281 ], [ 4.4039606, 51.978847199119294 ], [ 4.4036358, 51.978755199119313 ], [ 4.4036184, 51.978766299119293 ], [ 4.4035672, 51.978759599119286 ], [ 4.4035592, 51.978747699119317 ], [ 4.4034745, 51.978723199119301 ], [ 4.4033422, 51.978692399119318 ], [ 4.4028083, 51.978539199119318 ], [ 4.4025339, 51.978463799119325 ], [ 4.4024796, 51.978446699119317 ], [ 4.4022836, 51.978424099119337 ], [ 4.4022009, 51.978401199119347 ], [ 4.4020229, 51.978370899119327 ], [ 4.4019288, 51.978365699119323 ], [ 4.4017706, 51.978345099119338 ], [ 4.4014886, 51.978280099119331 ], [ 4.4014643, 51.978291399119357 ], [ 4.4014136, 51.978278999119354 ], [ 4.4014063, 51.978261399119354 ], [ 4.4012968, 51.978229799119333 ], [ 4.4012754, 51.978186199119364 ] ] ] ] } },
{ "type": "Feature", "properties": { "@id": "relation/10323085", "name": "Arkemheen" }, "geometry": { "type": "MultiPolygon", "coordinates": [ [ [ [ 5.3967626, 52.229952499100555 ], [ 5.3967998, 52.229948099100561 ], [ 5.3967987, 52.229945699100547 ], [ 5.3969744, 52.229925999100544 ], [ 5.3971029, 52.229925699100548 ], [ 5.3971399, 52.229955999100554 ], [ 5.3971614, 52.229965299100563 ], [ 5.3972271, 52.22997459910053 ], [ 5.399963, 52.22972429910056 ], [ 5.406082, 52.229173599100598 ], [ 5.4110983, 52.228700599100605 ], [ 5.4111084, 52.228726899100621 ], [ 5.4126272, 52.228585599100647 ], [ 5.4132142, 52.228524399100628 ], [ 5.4133956, 52.228513899100641 ], [ 5.4146253, 52.228393799100637 ], [ 5.4147819, 52.228380799100627 ], [ 5.4147944, 52.228382599100655 ], [ 5.414956, 52.228363999100665 ], [ 5.4154533, 52.228317299100638 ], [ 5.4161107, 52.228260599100651 ], [ 5.4164826, 52.228224299100653 ], [ 5.4165854, 52.228211099100655 ], [ 5.4170804, 52.228172599100667 ], [ 5.4181362, 52.228077399100677 ], [ 5.4182634, 52.22807039910068 ], [ 5.4198595, 52.227932699100691 ], [ 5.420457, 52.227875299100667 ], [ 5.4220573, 52.227737799100673 ], [ 5.4222355, 52.22771859910069 ], [ 5.4224878, 52.227698599100691 ], [ 5.4231545, 52.227637299100692 ], [ 5.4231858, 52.227782699100672 ], [ 5.4232254, 52.227790799100696 ], [ 5.4237142, 52.22775819910067 ], [ 5.4237407, 52.227766299100679 ], [ 5.4238134, 52.227863599100672 ], [ 5.4238531, 52.227867699100663 ], [ 5.4240116, 52.227855499100684 ], [ 5.4242403, 52.227789199100677 ], [ 5.4243581, 52.228053899100658 ], [ 5.4251456, 52.229487399100577 ], [ 5.4265418, 52.232004999100432 ], [ 5.4275853, 52.233917099100275 ], [ 5.4276658, 52.234036899100296 ], [ 5.4278905, 52.234028999100296 ], [ 5.430839, 52.234219199100288 ], [ 5.438757, 52.23478199910025 ], [ 5.438788, 52.234780699100263 ], [ 5.4388384, 52.234785899100267 ], [ 5.4388629, 52.234783199100256 ], [ 5.4388874, 52.234776699100237 ], [ 5.4389304, 52.234774899100273 ], [ 5.4391931, 52.234693899100257 ], [ 5.4468432, 52.23185859910042 ], [ 5.4469507, 52.23188559910043 ], [ 5.4470454, 52.231929199100435 ], [ 5.4482912, 52.233278699100339 ], [ 5.4485654, 52.233614799100323 ], [ 5.4490813, 52.234347599100289 ], [ 5.4493811, 52.234808599100262 ], [ 5.4504502, 52.23639969910014 ], [ 5.4517895, 52.238338099100048 ], [ 5.4518891, 52.238548399100026 ], [ 5.4519318, 52.23866159910002 ], [ 5.4519603, 52.238674299100033 ], [ 5.4519486, 52.238694599100036 ], [ 5.4519272, 52.23870839910002 ], [ 5.4519804, 52.238770499100021 ], [ 5.4521616, 52.238763799100028 ], [ 5.452254, 52.238786799100012 ], [ 5.452288, 52.238771199100007 ], [ 5.4524012, 52.238756499100035 ], [ 5.4528831, 52.238753599100015 ], [ 5.4531005, 52.238736899100033 ], [ 5.4532292, 52.238713799100026 ], [ 5.4533415, 52.238693599100003 ], [ 5.4541695, 52.238538999100051 ], [ 5.4542919, 52.238519899100019 ], [ 5.4544411, 52.238504499100031 ], [ 5.4546021, 52.238503699100036 ], [ 5.4556494, 52.238571199100022 ], [ 5.4559004, 52.238574499100032 ], [ 5.4559983, 52.238570199100025 ], [ 5.4561052, 52.238553899100019 ], [ 5.4562054, 52.238517899100017 ], [ 5.4562919, 52.238472199100009 ], [ 5.4565233, 52.238316699100046 ], [ 5.4565977, 52.238269299100047 ], [ 5.4567165, 52.238176599100029 ], [ 5.4570024, 52.237987599100052 ], [ 5.457095, 52.237940299100053 ], [ 5.4571875, 52.237898699100072 ], [ 5.4573823, 52.237780699100071 ], [ 5.4575445, 52.237730799100085 ], [ 5.4577175, 52.237690799100093 ], [ 5.4578687, 52.237660199100084 ], [ 5.4584814, 52.237537399100084 ], [ 5.4587219, 52.237478599100108 ], [ 5.4587839, 52.237459199100094 ], [ 5.4594225, 52.237182799100111 ], [ 5.4595788, 52.23711299910012 ], [ 5.4597773, 52.237005799100139 ], [ 5.4600193, 52.236861199100112 ], [ 5.4600636, 52.23683329910012 ], [ 5.4601461, 52.236809899100137 ], [ 5.4602507, 52.236798799100143 ], [ 5.4603352, 52.236793899100142 ], [ 5.4604022, 52.236768799100119 ], [ 5.4607442, 52.236614399100155 ], [ 5.4613899, 52.236327399100155 ], [ 5.4615086, 52.236345499100167 ], [ 5.461636, 52.236430999100151 ], [ 5.4617728, 52.236523299100149 ], [ 5.4619297, 52.236646499100132 ], [ 5.4619505, 52.236700699100147 ], [ 5.4619177, 52.236754099100146 ], [ 5.4618841, 52.236796299100142 ], [ 5.4619822, 52.236833099100146 ], [ 5.461998, 52.236814999100133 ], [ 5.462046, 52.236778999100117 ], [ 5.4620549, 52.236785399100128 ], [ 5.4624383, 52.237064799100132 ], [ 5.4628401, 52.236845099100137 ], [ 5.462879, 52.236876199100116 ], [ 5.4629598, 52.236909999100114 ], [ 5.4630573, 52.236916499100126 ], [ 5.463119, 52.236890199100145 ], [ 5.4631141, 52.236844199100126 ], [ 5.4631328, 52.236780199100139 ], [ 5.4631805, 52.236736999100138 ], [ 5.4632311, 52.236710699100144 ], [ 5.4638481, 52.237194999100105 ], [ 5.4638911, 52.23716409910012 ], [ 5.4642081, 52.237410699100096 ], [ 5.4646504, 52.237741599100076 ], [ 5.4650578, 52.238038599100051 ], [ 5.4653571, 52.238241699100044 ], [ 5.4654324, 52.238283199100039 ], [ 5.4661556, 52.238754299100016 ], [ 5.4662779, 52.238840199100018 ], [ 5.4667102, 52.239107099099989 ], [ 5.4673595, 52.239480499099962 ], [ 5.4677106, 52.239674099099965 ], [ 5.468045, 52.239848999099948 ], [ 5.4691239, 52.240389799099908 ], [ 5.4697472, 52.24067659909992 ], [ 5.4701072, 52.240837799099886 ], [ 5.4703342, 52.240935499099898 ], [ 5.4706492, 52.241060299099878 ], [ 5.4706638, 52.241088199099892 ], [ 5.4707228, 52.241121199099879 ], [ 5.471535, 52.241486599099851 ], [ 5.4716794, 52.24153799909984 ], [ 5.4717504, 52.241558299099829 ], [ 5.4718149, 52.241582099099851 ], [ 5.4718448, 52.241587699099831 ], [ 5.4719974, 52.241641999099834 ], [ 5.4723556, 52.241757999099811 ], [ 5.4723992, 52.241776599099843 ], [ 5.4733074, 52.242074999099813 ], [ 5.4734527, 52.24213179909983 ], [ 5.4738519, 52.242258999099803 ], [ 5.4739593, 52.242296599099809 ], [ 5.474023, 52.242312499099789 ], [ 5.4741, 52.242341899099799 ], [ 5.4743463, 52.242412199099803 ], [ 5.4751025, 52.242668599099787 ], [ 5.4757493, 52.242885499099764 ], [ 5.4760007, 52.242970499099762 ], [ 5.476124, 52.24301799909977 ], [ 5.4761941, 52.243055099099763 ], [ 5.4763437, 52.243130799099767 ], [ 5.4763772, 52.243136999099754 ], [ 5.4770803, 52.243480699099727 ], [ 5.4778711, 52.243859999099683 ], [ 5.4781038, 52.243973599099697 ], [ 5.4785572, 52.244227999099692 ], [ 5.4787982, 52.24434149909969 ], [ 5.478915, 52.244389999099681 ], [ 5.4789357, 52.244437499099654 ], [ 5.4789446, 52.244498799099674 ], [ 5.4789779, 52.244564199099663 ], [ 5.4790176, 52.244622699099658 ], [ 5.4790951, 52.24462899909966 ], [ 5.4793449, 52.244629099099662 ], [ 5.4792293, 52.244816299099661 ], [ 5.4792167, 52.244858399099655 ], [ 5.4791568, 52.244976799099632 ], [ 5.4803065, 52.245250899099617 ], [ 5.4803884, 52.245114399099627 ], [ 5.4825777, 52.245507999099594 ], [ 5.4834941, 52.24569129909959 ], [ 5.4839546, 52.245805499099596 ], [ 5.4847348, 52.245992299099591 ], [ 5.4848702, 52.246031699099582 ], [ 5.4856517, 52.246288699099559 ], [ 5.4866047, 52.24661699909953 ], [ 5.4865874, 52.246641199099535 ], [ 5.4867859, 52.246694999099546 ], [ 5.4868816, 52.24662089909954 ], [ 5.487525, 52.246841699099512 ], [ 5.487692, 52.246892899099556 ], [ 5.4883132, 52.247120299099507 ], [ 5.4889087, 52.247320999099507 ], [ 5.4894906, 52.247522299099508 ], [ 5.4904832, 52.247855099099475 ], [ 5.4905852, 52.247896199099465 ], [ 5.4911263, 52.248082099099463 ], [ 5.4911738, 52.248180299099445 ], [ 5.4912357, 52.248237199099464 ], [ 5.4913197, 52.248301499099433 ], [ 5.4913844, 52.248363699099443 ], [ 5.4915024, 52.248485899099414 ], [ 5.4915962, 52.24860949909943 ], [ 5.4917647, 52.248736599099416 ], [ 5.4919008, 52.248797799099414 ], [ 5.4919756, 52.248847399099404 ], [ 5.4920806, 52.248963499099396 ], [ 5.4921391, 52.248982899099403 ], [ 5.4922948, 52.248993199099388 ], [ 5.4927077, 52.249016999099403 ], [ 5.492853, 52.249006699099397 ], [ 5.4928791, 52.249010399099419 ], [ 5.4929067, 52.249020699099432 ], [ 5.4930226, 52.249143199099407 ], [ 5.4930552, 52.24916029909938 ], [ 5.4930844, 52.249168699099407 ], [ 5.4931132, 52.249171799099379 ], [ 5.4934225, 52.249187999099377 ], [ 5.4936807, 52.249223699099396 ], [ 5.4937066, 52.249243599099394 ], [ 5.4936977, 52.249296699099389 ], [ 5.4938132, 52.249315499099389 ], [ 5.4938307, 52.249284599099383 ], [ 5.4938722, 52.249285799099404 ], [ 5.4949917, 52.249478899099387 ], [ 5.4951408, 52.249479599099374 ], [ 5.4951845, 52.24947379909937 ], [ 5.4956728, 52.249647799099364 ], [ 5.4977989, 52.250363499099315 ], [ 5.4978809, 52.250409999099318 ], [ 5.4979764, 52.25043359909931 ], [ 5.4980685, 52.250478699099325 ], [ 5.4981927, 52.250506399099315 ], [ 5.4982366, 52.250641399099301 ], [ 5.4986369, 52.25060569909931 ], [ 5.4987615, 52.250633499099301 ], [ 5.4992988, 52.2508096990993 ], [ 5.5016863, 52.251623699099234 ], [ 5.5020428, 52.251757199099252 ], [ 5.5026984, 52.251976799099232 ], [ 5.5033751, 52.252210299099204 ], [ 5.5047394, 52.252672599099206 ], [ 5.5054409, 52.252920899099166 ], [ 5.5064205, 52.253258499099154 ], [ 5.5071356, 52.25351269909914 ], [ 5.507825, 52.253772299099126 ], [ 5.5087566, 52.254096799099116 ], [ 5.5128406, 52.255502399099001 ], [ 5.5144957, 52.256058199098987 ], [ 5.5145086, 52.256065799098998 ], [ 5.5145132, 52.256077599098987 ], [ 5.5148202, 52.256199999098989 ], [ 5.5148383, 52.256202699098971 ], [ 5.5160216, 52.256612699098966 ], [ 5.5185192, 52.257462599098886 ], [ 5.5208882, 52.258275599098845 ], [ 5.5215113, 52.258483299098856 ], [ 5.5217422, 52.258564199098863 ], [ 5.5218171, 52.258593299098834 ], [ 5.5217789, 52.259293399098802 ], [ 5.5217229, 52.259311899098812 ], [ 5.5210557, 52.259423299098785 ], [ 5.5210667, 52.259549299098786 ], [ 5.5211282, 52.259922099098766 ], [ 5.5216016, 52.260304399098736 ], [ 5.5217036, 52.260393199098722 ], [ 5.5221895, 52.260191699098748 ], [ 5.5223161, 52.26012929909875 ], [ 5.5224046, 52.260076699098754 ], [ 5.5225405, 52.259952099098768 ], [ 5.522613, 52.259845099098769 ], [ 5.5226539, 52.25974979909877 ], [ 5.5226759, 52.259671999098757 ], [ 5.5226852, 52.259598099098788 ], [ 5.5226811, 52.259473799098792 ], [ 5.5230428, 52.259455799098795 ], [ 5.5231821, 52.259438099098787 ], [ 5.5237427, 52.259353799098797 ], [ 5.5239011, 52.259334199098795 ], [ 5.5239644, 52.259334099098794 ], [ 5.5240215, 52.259341899098807 ], [ 5.5241198, 52.259374799098801 ], [ 5.5255507, 52.259979799098758 ], [ 5.525868, 52.260117399098753 ], [ 5.5258735, 52.260134199098744 ], [ 5.5259112, 52.260108499098756 ], [ 5.5271596, 52.260719999098711 ], [ 5.5273856, 52.260998199098708 ], [ 5.5275953, 52.261220499098677 ], [ 5.5278396, 52.26137849909869 ], [ 5.5280898, 52.261499299098666 ], [ 5.5283319, 52.261566699098665 ], [ 5.528642, 52.261707599098656 ], [ 5.5287717, 52.261761399098667 ], [ 5.5289009, 52.261792999098653 ], [ 5.5291307, 52.261827699098639 ], [ 5.5293705, 52.261986799098644 ], [ 5.5294875, 52.262071199098642 ], [ 5.5295, 52.262071099098641 ], [ 5.5303184, 52.262617599098618 ], [ 5.5306922, 52.262885099098582 ], [ 5.5309801, 52.263106199098594 ], [ 5.5313601, 52.263459799098548 ], [ 5.530924, 52.263487199098563 ], [ 5.5307895, 52.263472899098545 ], [ 5.5306274, 52.263470599098554 ], [ 5.5304565, 52.263473299098571 ], [ 5.5296309, 52.263540899098537 ], [ 5.5293632, 52.263556099098544 ], [ 5.5271837, 52.26360619909854 ], [ 5.5244495, 52.26366019909856 ], [ 5.5244533, 52.263857099098551 ], [ 5.5244112, 52.263866399098525 ], [ 5.523609, 52.263887899098521 ], [ 5.5223638, 52.263927799098525 ], [ 5.5214529, 52.263944599098544 ], [ 5.5211281, 52.263943199098534 ], [ 5.5204543, 52.263922399098519 ], [ 5.5199541, 52.263919299098532 ], [ 5.5187931, 52.263930699098538 ], [ 5.5141495, 52.263999499098524 ], [ 5.5130794, 52.264031299098527 ], [ 5.5120063, 52.26408019909853 ], [ 5.5109202, 52.264136399098525 ], [ 5.5101264, 52.264201799098508 ], [ 5.5093584, 52.264272799098499 ], [ 5.5089292, 52.264330599098514 ], [ 5.5084622, 52.264386899098511 ], [ 5.5068418, 52.264650599098502 ], [ 5.5064675, 52.264704099098509 ], [ 5.506213, 52.264733599098484 ], [ 5.5060349, 52.264727299098489 ], [ 5.505031, 52.264616499098501 ], [ 5.5036918, 52.264528499098496 ], [ 5.5029888, 52.264486799098492 ], [ 5.5026026, 52.264453799098497 ], [ 5.5021536, 52.264408999098507 ], [ 5.5018901, 52.264393499098489 ], [ 5.5016864, 52.264390899098515 ], [ 5.5013859, 52.264396499098503 ], [ 5.5010415, 52.26441679909852 ], [ 5.50075, 52.264440999098511 ], [ 5.5006021, 52.264449199098486 ], [ 5.5004865, 52.264449399098517 ], [ 5.5003846, 52.264433399098515 ], [ 5.5002598, 52.264401499098511 ], [ 5.5001764, 52.264367099098507 ], [ 5.4998847, 52.264218499098511 ], [ 5.4997225, 52.26415209909851 ], [ 5.4994797, 52.264089699098513 ], [ 5.498929, 52.263983799098519 ], [ 5.4977236, 52.263784099098551 ], [ 5.4969694, 52.26367299909856 ], [ 5.4965299, 52.263633499098539 ], [ 5.4962479, 52.263615199098552 ], [ 5.4959542, 52.263624799098551 ], [ 5.4953513, 52.263659799098527 ], [ 5.4950227, 52.263680699098558 ], [ 5.4949089, 52.26368159909854 ], [ 5.4948212, 52.263673599098539 ], [ 5.4947198, 52.263671699098538 ], [ 5.4946632, 52.263664399098559 ], [ 5.4945574, 52.263633899098551 ], [ 5.4944509, 52.263594099098562 ], [ 5.4940458, 52.263404399098548 ], [ 5.4937727, 52.263295599098576 ], [ 5.4935274, 52.263226499098579 ], [ 5.4932867, 52.263165499098569 ], [ 5.4929721, 52.263109799098586 ], [ 5.4917114, 52.262980099098598 ], [ 5.4904644, 52.262829499098594 ], [ 5.4898772, 52.262777199098601 ], [ 5.4892813, 52.262713999098601 ], [ 5.4890395, 52.262666399098606 ], [ 5.4889098, 52.262592399098601 ], [ 5.4887886, 52.262539699098603 ], [ 5.4886676, 52.262470999098625 ], [ 5.4875264, 52.261867799098653 ], [ 5.4824359, 52.259298199098808 ], [ 5.4801497, 52.258135499098863 ], [ 5.4797817, 52.258013399098871 ], [ 5.4795135, 52.257932099098866 ], [ 5.4785347, 52.257700899098893 ], [ 5.4742415, 52.256849999098939 ], [ 5.4739621, 52.256815499098941 ], [ 5.4741554, 52.256570099098965 ], [ 5.4733776, 52.256414299098971 ], [ 5.4733629, 52.256432399098976 ], [ 5.4732971, 52.256418999098955 ], [ 5.4732022, 52.256418499098977 ], [ 5.4705585, 52.255890999098995 ], [ 5.4669013, 52.255168299099054 ], [ 5.4667573, 52.255132199099052 ], [ 5.4667202, 52.255107999099053 ], [ 5.4667064, 52.255079699099042 ], [ 5.4667119, 52.254981099099034 ], [ 5.4666784, 52.254895999099062 ], [ 5.4666497, 52.254860099099048 ], [ 5.4665129, 52.254845199099059 ], [ 5.4663917, 52.255155299099044 ], [ 5.4663318, 52.255247199099045 ], [ 5.4662615, 52.255259399099025 ], [ 5.4660244, 52.255240299099029 ], [ 5.4656444, 52.255187099099039 ], [ 5.465416, 52.255128699099046 ], [ 5.4654014, 52.255108899099064 ], [ 5.4653995, 52.255082899099051 ], [ 5.465424, 52.255011899099053 ], [ 5.4654391, 52.254949599099056 ], [ 5.4654382, 52.254906799099068 ], [ 5.4654344, 52.254863499099073 ], [ 5.465424, 52.254824799099055 ], [ 5.4653769, 52.254758599099077 ], [ 5.4653665, 52.25474399909907 ], [ 5.4652844, 52.254623899099066 ], [ 5.4652222, 52.254548799099076 ], [ 5.4651911, 52.254508399099095 ], [ 5.4651437, 52.254426399099088 ], [ 5.4651062, 52.254296499099098 ], [ 5.4651043, 52.254262399099105 ], [ 5.4651005, 52.254191399099099 ], [ 5.4649435, 52.254189399099104 ], [ 5.464942, 52.254390099099076 ], [ 5.4646572, 52.254398399099081 ], [ 5.4645968, 52.254394999099098 ], [ 5.4645369, 52.254385699099075 ], [ 5.4644968, 52.254370999099081 ], [ 5.4643671, 52.254303399099086 ], [ 5.4643157, 52.254288399099082 ], [ 5.4642686, 52.254286399099094 ], [ 5.4642186, 52.254288699099085 ], [ 5.4641096, 52.254304299099104 ], [ 5.4640318, 52.254319599099084 ], [ 5.4640158, 52.254327399099118 ], [ 5.4638927, 52.254547999099074 ], [ 5.4639785, 52.254560099099066 ], [ 5.4638714, 52.254685299099066 ], [ 5.4643134, 52.254830499099057 ], [ 5.4645387, 52.254924499099054 ], [ 5.4646882, 52.254980499099062 ], [ 5.4646406, 52.255020699099042 ], [ 5.4614085, 52.25427869909911 ], [ 5.4600073, 52.253997099099116 ], [ 5.456547, 52.253255699099142 ], [ 5.4563618, 52.253221499099148 ], [ 5.4562032, 52.253201399099147 ], [ 5.4560712, 52.253198399099176 ], [ 5.4557502, 52.253225299099164 ], [ 5.452906, 52.253634999099134 ], [ 5.4526727, 52.253673599099123 ], [ 5.4525285, 52.253690799099132 ], [ 5.4524125, 52.253698399099136 ], [ 5.4521373, 52.253699199099131 ], [ 5.45132, 52.253647899099136 ], [ 5.4498835, 52.253536099099144 ], [ 5.4400279, 52.252721599099196 ], [ 5.4383684, 52.252574899099187 ], [ 5.4382944, 52.252571799099201 ], [ 5.4382947, 52.252598199099189 ], [ 5.4383456, 52.252650199099172 ], [ 5.4381802, 52.252678299099173 ], [ 5.437827, 52.252638599099178 ], [ 5.4378048, 52.252572299099185 ], [ 5.4353524, 52.252284899099209 ], [ 5.4352295, 52.252255499099213 ], [ 5.4351137, 52.25220829909923 ], [ 5.4349653, 52.252135099099227 ], [ 5.4347982, 52.252022499099219 ], [ 5.4342104, 52.251681199099259 ], [ 5.4334267, 52.251249599099289 ], [ 5.4330204, 52.251051099099286 ], [ 5.4329245, 52.251011599099279 ], [ 5.4324456, 52.250791799099296 ], [ 5.4320976, 52.250641399099301 ], [ 5.4316263, 52.250465499099313 ], [ 5.4308033, 52.250199299099329 ], [ 5.4299354, 52.249989199099339 ], [ 5.4298125, 52.249963999099343 ], [ 5.4297187, 52.24995609909935 ], [ 5.4296393, 52.249956999099339 ], [ 5.4294158, 52.249972499099343 ], [ 5.4291563, 52.249983899099348 ], [ 5.4285937, 52.249984899099346 ], [ 5.4283408, 52.249974299099343 ], [ 5.4279651, 52.249933999099355 ], [ 5.4275168, 52.249876899099355 ], [ 5.4254659, 52.249545899099367 ], [ 5.4251472, 52.24947829909938 ], [ 5.4249295, 52.249414299099399 ], [ 5.4248588, 52.249385699099378 ], [ 5.42461, 52.249302899099391 ], [ 5.4240364, 52.249069099099408 ], [ 5.4204947, 52.247479899099496 ], [ 5.419254, 52.246929999099521 ], [ 5.4188366, 52.246751499099538 ], [ 5.418143, 52.246561499099542 ], [ 5.4175178, 52.24635689909956 ], [ 5.4169381, 52.246137499099589 ], [ 5.4164205, 52.245931099099579 ], [ 5.4151959, 52.245465799099598 ], [ 5.4146964, 52.245280499099628 ], [ 5.4144099, 52.245214899099629 ], [ 5.4142115, 52.245201699099624 ], [ 5.4140262, 52.245226199099626 ], [ 5.4138911, 52.245265499099638 ], [ 5.413634, 52.245381899099613 ], [ 5.4128026, 52.245799699099592 ], [ 5.4122033, 52.246078499099589 ], [ 5.4119092, 52.246187499099555 ], [ 5.4117866, 52.246226599099565 ], [ 5.4116388, 52.24625829909958 ], [ 5.4111076, 52.246293799099554 ], [ 5.4106003, 52.246298999099558 ], [ 5.4099931, 52.246267099099569 ], [ 5.4085421, 52.246160099099576 ], [ 5.4082948, 52.24616989909957 ], [ 5.4079985, 52.246195599099572 ], [ 5.4058766, 52.24641359909954 ], [ 5.4057226, 52.246445899099548 ], [ 5.4055725, 52.246501499099544 ], [ 5.4051608, 52.246691499099541 ], [ 5.404897, 52.246756099099535 ], [ 5.4046078, 52.246813199099527 ], [ 5.404603, 52.246757899099535 ], [ 5.4044782, 52.246713799099538 ], [ 5.4042749, 52.24668479909954 ], [ 5.4042197, 52.246517599099548 ], [ 5.4041329, 52.24641019909955 ], [ 5.4040951, 52.246388199099549 ], [ 5.4039669, 52.246317799099558 ], [ 5.4035669, 52.246082099099574 ], [ 5.403399, 52.2459608990996 ], [ 5.4033047, 52.245858099099593 ], [ 5.4032387, 52.245751799099594 ], [ 5.4029444, 52.245056499099633 ], [ 5.4023058, 52.243416799099727 ], [ 5.4018427, 52.242265799099805 ], [ 5.4013843, 52.241047099099866 ], [ 5.4012089, 52.240663599099904 ], [ 5.4010004, 52.240244799099919 ], [ 5.4008316, 52.239813399099951 ], [ 5.4005788, 52.239127799099975 ], [ 5.4003486, 52.238528199100024 ], [ 5.4007485, 52.238450099100021 ], [ 5.4008401, 52.238441199100031 ], [ 5.4008427, 52.238445499100038 ], [ 5.4009692, 52.23849159910003 ], [ 5.4011821, 52.238443299100048 ], [ 5.4012585, 52.238552499100038 ], [ 5.4013548, 52.23871999910002 ], [ 5.4014038, 52.238709099100021 ], [ 5.4014067, 52.238713199100019 ], [ 5.4021807, 52.238563599100019 ], [ 5.4021651, 52.238539799100018 ], [ 5.4021789, 52.238536699100031 ], [ 5.4021142, 52.238439099100049 ], [ 5.4028375, 52.238238599100058 ], [ 5.4027592, 52.238129899100059 ], [ 5.4028964, 52.238095299100053 ], [ 5.402756, 52.237900999100077 ], [ 5.4031504, 52.237799899100068 ], [ 5.4028883, 52.23745329910011 ], [ 5.4028188, 52.237361399100088 ], [ 5.4026128, 52.237371799100103 ], [ 5.4021206, 52.237416199100089 ], [ 5.401501, 52.237451599100098 ], [ 5.4011815, 52.237460499100088 ], [ 5.4006053, 52.237460599100082 ], [ 5.4002306, 52.236590799100128 ], [ 5.3996207, 52.236707299100125 ], [ 5.3989079, 52.234948199100245 ], [ 5.3988718, 52.234951799100244 ], [ 5.397511, 52.231640499100436 ], [ 5.3967626, 52.229952499100555 ] ], [ [ 5.4036737, 52.243230099099755 ], [ 5.403679, 52.243277299099738 ], [ 5.4037475, 52.243461199099734 ], [ 5.4038858, 52.2438510990997 ], [ 5.4039031, 52.243907699099722 ], [ 5.4040565, 52.243891699099706 ], [ 5.4040486, 52.243859299099725 ], [ 5.4041521, 52.243845199099709 ], [ 5.4041923, 52.243850199099711 ], [ 5.4043733, 52.243966799099709 ], [ 5.4044262, 52.243992999099703 ], [ 5.4046694, 52.244012999099688 ], [ 5.4046783, 52.244033599099701 ], [ 5.4046553, 52.244326299099676 ], [ 5.404703, 52.244297899099678 ], [ 5.4047535, 52.244283599099681 ], [ 5.4051164, 52.244240499099682 ], [ 5.4053195, 52.24421079909969 ], [ 5.4055308, 52.244171999099684 ], [ 5.405559, 52.244081799099689 ], [ 5.4055853, 52.244017299099703 ], [ 5.4054855, 52.243799399099721 ], [ 5.4054662, 52.243776199099713 ], [ 5.4054303, 52.24376459909972 ], [ 5.4051591, 52.243720899099714 ], [ 5.4051089, 52.243703299099685 ], [ 5.4050834, 52.243681699099731 ], [ 5.4050659, 52.243658399099722 ], [ 5.404937, 52.243462199099724 ], [ 5.4048122, 52.243256199099761 ], [ 5.4046932, 52.243032499099762 ], [ 5.4046553, 52.243016399099758 ], [ 5.4046208, 52.24301289909976 ], [ 5.4045684, 52.243019599099746 ], [ 5.4044669, 52.24303899909976 ], [ 5.4042255, 52.243077299099753 ], [ 5.4041644, 52.243081899099764 ], [ 5.4040595, 52.243112499099759 ], [ 5.4040169, 52.243131499099746 ], [ 5.4036981, 52.243203999099748 ], [ 5.403675, 52.243218999099746 ], [ 5.4036737, 52.243230099099755 ] ], [ [ 5.4105564, 52.244537899099676 ], [ 5.410757, 52.244832099099654 ], [ 5.4107843, 52.244848299099644 ], [ 5.410806, 52.244865499099653 ], [ 5.4108197, 52.244883599099651 ], [ 5.4108286, 52.244901799099651 ], [ 5.4108331, 52.244919999099643 ], [ 5.4108371, 52.244947899099643 ], [ 5.4108468, 52.244970299099627 ], [ 5.4108591, 52.244987899099648 ], [ 5.4109279, 52.245069999099641 ], [ 5.4109642, 52.245098299099631 ], [ 5.4110109, 52.245125799099633 ], [ 5.411057, 52.245144099099626 ], [ 5.4111104, 52.245154399099633 ], [ 5.4111656, 52.245166799099628 ], [ 5.4112175, 52.245181199099626 ], [ 5.4113849, 52.245238299099626 ], [ 5.4119475, 52.245090399099645 ], [ 5.4116787, 52.244640599099654 ], [ 5.4115278, 52.244580599099663 ], [ 5.4113068, 52.244517699099674 ], [ 5.4111711, 52.24449629909968 ], [ 5.4108862, 52.244498899099682 ], [ 5.4105564, 52.244537899099676 ] ], [ [ 5.411885, 52.244716899099643 ], [ 5.4121241, 52.245010799099639 ], [ 5.4123637, 52.245327599099618 ], [ 5.4131762, 52.244899299099636 ], [ 5.4131879, 52.244885499099652 ], [ 5.413063, 52.244721399099667 ], [ 5.4130412, 52.244718299099667 ], [ 5.4128635, 52.24475019909967 ], [ 5.4128505, 52.244752499099661 ], [ 5.4125412, 52.244786099099649 ], [ 5.4122934, 52.244781299099643 ], [ 5.4120945, 52.244753099099647 ], [ 5.4118877, 52.244698099099665 ], [ 5.4119064, 52.244722899099671 ], [ 5.411885, 52.244716899099643 ] ], [ [ 5.4124401, 52.243984599099704 ], [ 5.4129586, 52.244637599099661 ], [ 5.4143579, 52.244249699099683 ], [ 5.4133177, 52.243697299099729 ], [ 5.412717, 52.243893999099704 ], [ 5.4125904, 52.243935399099691 ], [ 5.4124401, 52.243984599099704 ] ], [ [ 5.4366028, 52.250508599099334 ], [ 5.436614, 52.250517799099327 ], [ 5.4366145, 52.250526999099307 ], [ 5.4366086, 52.250564399099304 ], [ 5.4366077, 52.250587399099309 ], [ 5.4366386, 52.250728599099325 ], [ 5.4366649, 52.250786899099303 ], [ 5.4367012, 52.250837399099304 ], [ 5.4367116, 52.25085729909928 ], [ 5.4367144, 52.250882999099282 ], [ 5.436713, 52.250907299099282 ], [ 5.436721, 52.250923999099285 ], [ 5.4367272, 52.250934699099297 ], [ 5.4367404, 52.250945099099276 ], [ 5.4370239, 52.251096899099302 ], [ 5.4372547, 52.251040499099282 ], [ 5.4370608, 52.250712199099304 ], [ 5.4370815, 52.250666199099292 ], [ 5.4371285, 52.250655499099317 ], [ 5.4371792, 52.250643899099302 ], [ 5.4372173, 52.250635199099314 ], [ 5.4372403, 52.250652699099298 ], [ 5.4372717, 52.250703599099296 ], [ 5.4376399, 52.250614499099306 ], [ 5.4374748, 52.250398999099325 ], [ 5.4372942, 52.250207499099346 ], [ 5.4369587, 52.249916999099355 ], [ 5.4369356, 52.249904299099349 ], [ 5.4369006, 52.249898899099357 ], [ 5.4368705, 52.249902799099345 ], [ 5.4368417, 52.249914799099351 ], [ 5.4368177, 52.249937499099367 ], [ 5.4368191, 52.249957399099351 ], [ 5.4368295, 52.249976899099373 ], [ 5.4369857, 52.250187399099339 ], [ 5.4370592, 52.250358999099312 ], [ 5.4371632, 52.250474499099319 ], [ 5.4370903, 52.250494399099317 ], [ 5.4371091, 52.250525099099328 ], [ 5.437058, 52.250536599099306 ], [ 5.4370088, 52.250546999099328 ], [ 5.4369962, 52.250526199099319 ], [ 5.4369856, 52.250526699099304 ], [ 5.4369749, 52.250513199099302 ], [ 5.4369268, 52.250522999099317 ], [ 5.4367623, 52.250414099099324 ], [ 5.4367566, 52.250412699099314 ], [ 5.4367489, 52.25041559909932 ], [ 5.4366718, 52.25047609909933 ], [ 5.4366581, 52.250478699099325 ], [ 5.4366444, 52.25047609909933 ], [ 5.4366376, 52.250470599099323 ], [ 5.4366028, 52.250508599099334 ] ], [ [ 5.4376709, 52.238372999100044 ], [ 5.4376921, 52.23844809910004 ], [ 5.4379762, 52.23875559910001 ], [ 5.4380024, 52.238749399100016 ], [ 5.4384193, 52.238651199100019 ], [ 5.4387702, 52.238564599100037 ], [ 5.4383834, 52.23849159910003 ], [ 5.4381487, 52.238443399100042 ], [ 5.438105, 52.238296499100045 ], [ 5.4376709, 52.238372999100044 ] ], [ [ 5.4542728, 52.252522099099203 ], [ 5.4543034, 52.252669599099171 ], [ 5.4543484, 52.252756599099186 ], [ 5.4543613, 52.252792299099191 ], [ 5.4544093, 52.252839799099178 ], [ 5.4544596, 52.252874999099163 ], [ 5.454513, 52.252920899099166 ], [ 5.4545347, 52.252945699099158 ], [ 5.4545462, 52.253083699099157 ], [ 5.4545065, 52.253113799099154 ], [ 5.4548181, 52.253101499099166 ], [ 5.4555725, 52.25297869909916 ], [ 5.4557171, 52.252949999099179 ], [ 5.4557637, 52.25293119909918 ], [ 5.4557727, 52.252920599099177 ], [ 5.4557927, 52.252917699099179 ], [ 5.4558149, 52.252905699099173 ], [ 5.4558193, 52.252888999099184 ], [ 5.4554752, 52.252499499099187 ], [ 5.4553743, 52.252368499099212 ], [ 5.4552212, 52.252194299099209 ], [ 5.4550987, 52.252069699099216 ], [ 5.4548173, 52.252080899099234 ], [ 5.4546127, 52.252152399099231 ], [ 5.4543823, 52.252271799099212 ], [ 5.454293, 52.252395499099201 ], [ 5.4542728, 52.252522099099203 ] ], [ [ 5.4553639, 52.250991399099291 ], [ 5.4559346, 52.251099599099263 ], [ 5.4560372, 52.251013399099286 ], [ 5.4563445, 52.250869099099283 ], [ 5.4563932, 52.250820899099288 ], [ 5.456362, 52.250789999099304 ], [ 5.4562402, 52.250759699099291 ], [ 5.4554563, 52.250597699099295 ], [ 5.4554354, 52.2507385990993 ], [ 5.4553639, 52.250991399099291 ] ], [ [ 5.4910928, 52.261524999098683 ], [ 5.4910929, 52.261570099098677 ], [ 5.4911146, 52.26161509909867 ], [ 5.4911667, 52.261646999098659 ], [ 5.4920533, 52.261297999098687 ], [ 5.4920117, 52.261272599098689 ], [ 5.4919987, 52.26124349909869 ], [ 5.49199, 52.261187799098714 ], [ 5.4920042, 52.261045899098683 ], [ 5.4915841, 52.261169699098687 ], [ 5.4915329, 52.261101899098684 ], [ 5.4911325, 52.26121869909867 ], [ 5.4910928, 52.261524999098683 ] ], [ [ 5.4926328, 52.261819999098648 ], [ 5.4926404, 52.261861499098657 ], [ 5.49336, 52.261872899098648 ], [ 5.4935876, 52.260946299098698 ], [ 5.4935901, 52.260904399098706 ], [ 5.4936003, 52.260864199098712 ], [ 5.4926511, 52.261212399098696 ], [ 5.4926497, 52.261257099098678 ], [ 5.4926446, 52.261258999098679 ], [ 5.4926328, 52.261819999098648 ] ], [ [ 5.4926419, 52.262969199098585 ], [ 5.4927759, 52.262997799098578 ], [ 5.4929315, 52.263060199098582 ], [ 5.4929843, 52.263076999098594 ], [ 5.4932972, 52.263125599098586 ], [ 5.4935423, 52.263155399098586 ], [ 5.4936885, 52.263166499098581 ], [ 5.4942993, 52.263379699098564 ], [ 5.4944367, 52.263210099098572 ], [ 5.4942375, 52.263132299098601 ], [ 5.4940811, 52.263068199098583 ], [ 5.494066, 52.262934699098587 ], [ 5.4940331, 52.262866099098595 ], [ 5.4939728, 52.262776199098589 ], [ 5.4939008, 52.262710799098613 ], [ 5.4937942, 52.262681199098608 ], [ 5.4936157, 52.262656099098614 ], [ 5.4934987, 52.262643099098604 ], [ 5.4933801, 52.262599099098608 ], [ 5.4931813, 52.262546299098616 ], [ 5.4927628, 52.262523899098603 ], [ 5.4926419, 52.262969199098585 ] ], [ [ 5.4966911, 52.260754899098714 ], [ 5.4970092, 52.260825799098711 ], [ 5.4972634, 52.260860999098718 ], [ 5.4973496, 52.260882999098698 ], [ 5.4974555, 52.260904199098725 ], [ 5.4975368, 52.260726999098715 ], [ 5.4976502, 52.260477099098743 ], [ 5.4975087, 52.260447799098749 ], [ 5.4975543, 52.260324599098738 ], [ 5.4973765, 52.260290999098736 ], [ 5.4972315, 52.260353299098746 ], [ 5.4968841, 52.260294499098741 ], [ 5.4968513, 52.260436999098744 ], [ 5.4969063, 52.260531499098725 ], [ 5.4968794, 52.260598099098722 ], [ 5.4968361, 52.260653199098719 ], [ 5.4966911, 52.260754899098714 ] ], [ [ 5.5171381, 52.260656799098733 ], [ 5.5172493, 52.26062709909872 ], [ 5.5172911, 52.260623099098702 ], [ 5.5173168, 52.260624999098724 ], [ 5.5173457, 52.260640799098717 ], [ 5.5173651, 52.26066639909871 ], [ 5.5173845, 52.260713699098716 ], [ 5.5174008, 52.260778699098736 ], [ 5.5174074, 52.260835899098723 ], [ 5.5176881, 52.260827299098729 ], [ 5.5177802, 52.260974399098693 ], [ 5.5188581, 52.260767499098705 ], [ 5.5189431, 52.260537199098728 ], [ 5.5188753, 52.260232399098754 ], [ 5.5188528, 52.260083199098737 ], [ 5.5185582, 52.260151099098763 ], [ 5.5172242, 52.260432099098729 ], [ 5.5171381, 52.260656799098733 ] ] ] ] } },
{ "type": "Feature", "properties": { "@id": "relation/2762488", "name": "Bargerveen" }, "geometry": { "type": "MultiPolygon", "coordinates": [ [ [ [ 6.9656778, 52.660662499084715 ], [ 6.9657877, 52.660586499084701 ], [ 6.9661459, 52.660515199084692 ], [ 6.9679305, 52.660397799084706 ], [ 6.969706, 52.66031609908471 ], [ 6.978605, 52.660135199084728 ], [ 6.9790144, 52.660759999084711 ], [ 6.9789431, 52.660776699084707 ], [ 6.9789172, 52.660865699084702 ], [ 6.9788021, 52.660923199084706 ], [ 6.9786201, 52.660986799084689 ], [ 6.9786138, 52.661042899084727 ], [ 6.9786994, 52.661097799084693 ], [ 6.9787778, 52.661178299084717 ], [ 6.9788719, 52.661232999084703 ], [ 6.9789817, 52.661387199084707 ], [ 6.9791691, 52.661335099084717 ], [ 6.9794163, 52.6612770990847 ], [ 6.979538, 52.661266399084717 ], [ 6.9788168, 52.660176199084724 ], [ 6.9787919, 52.660132199084721 ], [ 6.9800341, 52.660112899084723 ], [ 6.982989, 52.660047199084737 ], [ 6.9841091, 52.659992899084713 ], [ 6.9847194, 52.659956199084711 ], [ 6.9859435, 52.659861599084721 ], [ 6.9919846, 52.659320999084706 ], [ 6.9921706, 52.659597099084749 ], [ 6.9922732, 52.659800499084717 ], [ 6.9923031, 52.659859299084708 ], [ 6.9928497, 52.659738299084715 ], [ 6.9932579, 52.659638599084722 ], [ 6.9934573, 52.659583799084722 ], [ 6.993262, 52.659232999084743 ], [ 6.993301, 52.659223299084715 ], [ 6.9934543, 52.659154599084722 ], [ 6.9979593, 52.658535699084737 ], [ 7.0008811, 52.658130999084726 ], [ 7.0125145, 52.656520999084776 ], [ 7.0174651, 52.655833699084774 ], [ 7.0182708, 52.655717099084768 ], [ 7.0188874, 52.655625699084759 ], [ 7.020126, 52.655456999084777 ], [ 7.0203487, 52.655426899084773 ], [ 7.021042, 52.655352299084775 ], [ 7.0217803, 52.655285399084768 ], [ 7.0219338, 52.655274199084765 ], [ 7.0230295, 52.655204499084789 ], [ 7.0233896, 52.655188099084761 ], [ 7.0247422, 52.655158299084761 ], [ 7.025492, 52.655174099084789 ], [ 7.0258698, 52.655181699084757 ], [ 7.0262024, 52.655187899084744 ], [ 7.0276611, 52.655282299084782 ], [ 7.0277884, 52.65529099908477 ], [ 7.0292282, 52.65544269908478 ], [ 7.0294901, 52.655470399084756 ], [ 7.0322788, 52.655837099084756 ], [ 7.0337792, 52.655943999084769 ], [ 7.0352465, 52.655963299084753 ], [ 7.035957, 52.655943599084758 ], [ 7.0365413, 52.655928199084762 ], [ 7.037137, 52.655894399084758 ], [ 7.0380518, 52.655832099084741 ], [ 7.0392009, 52.655747899084773 ], [ 7.0392671, 52.655757199084753 ], [ 7.0393155, 52.655791899084782 ], [ 7.0393412, 52.655911599084753 ], [ 7.0393559, 52.655881099084745 ], [ 7.0393848, 52.655866999084772 ], [ 7.0393955, 52.655867099084759 ], [ 7.0394565, 52.655867699084766 ], [ 7.0396119, 52.655877599084768 ], [ 7.0396732, 52.656235399084757 ], [ 7.0414545, 52.656149099084764 ], [ 7.0417768, 52.656051899084765 ], [ 7.0421185, 52.656034699084763 ], [ 7.042125, 52.656068499084775 ], [ 7.0421311, 52.656112899084754 ], [ 7.0445609, 52.655980099084758 ], [ 7.0445502, 52.655917399084771 ], [ 7.0549197, 52.655441699084768 ], [ 7.056029, 52.655393099084776 ], [ 7.0560891, 52.655880299084778 ], [ 7.0560896, 52.655884099084751 ], [ 7.0562627, 52.657281099084727 ], [ 7.0564193, 52.65854519908472 ], [ 7.0566595, 52.66050759908471 ], [ 7.0566683, 52.660602199084721 ], [ 7.0566532, 52.660665199084718 ], [ 7.0566893, 52.660776799084708 ], [ 7.0568484, 52.662107499084712 ], [ 7.0569832, 52.663238799084674 ], [ 7.0570883, 52.664150199084652 ], [ 7.057208, 52.665168199084654 ], [ 7.0573009, 52.666199799084644 ], [ 7.0575795, 52.668288499084639 ], [ 7.0577055, 52.669324599084597 ], [ 7.0578257, 52.670375299084604 ], [ 7.0579558, 52.671443799084592 ], [ 7.0581833, 52.673305699084572 ], [ 7.0582411, 52.673867799084569 ], [ 7.0583086, 52.674458999084564 ], [ 7.0584261, 52.675454099084554 ], [ 7.0586661, 52.677369599084521 ], [ 7.0587456, 52.678026699084519 ], [ 7.0588276, 52.678574999084525 ], [ 7.0589226, 52.67954539908451 ], [ 7.0590283, 52.680408899084497 ], [ 7.0591142, 52.681203199084507 ], [ 7.0593336, 52.682887599084474 ], [ 7.0593881, 52.683396699084476 ], [ 7.059425, 52.683975899084487 ], [ 7.0595522, 52.685034799084434 ], [ 7.0596896, 52.686120199084449 ], [ 7.0597485, 52.686440299084438 ], [ 7.0597927, 52.686804099084441 ], [ 7.0598932, 52.687657999084436 ], [ 7.0599982, 52.688542499084406 ], [ 7.060111, 52.689476899084447 ], [ 7.0603452, 52.691435299084389 ], [ 7.0604223, 52.692077499084412 ], [ 7.0606183, 52.693678899084404 ], [ 7.0606425, 52.693911699084396 ], [ 7.0606543, 52.694114399084377 ], [ 7.0606582, 52.694217999084401 ], [ 7.0606497, 52.694304699084398 ], [ 7.0607597, 52.69505709908438 ], [ 7.060828, 52.695637199084373 ], [ 7.061056, 52.697471599084359 ], [ 7.0611878, 52.698599999084344 ], [ 7.0612884, 52.699342599084353 ], [ 7.0455341, 52.700021899084355 ], [ 7.0455073, 52.699796899084348 ], [ 7.0452122, 52.699809499084353 ], [ 7.0452377, 52.700026099084347 ], [ 7.0445838, 52.700025799084344 ], [ 7.0442315, 52.700040999084329 ], [ 7.034819, 52.700450199084351 ], [ 7.0308424, 52.700620399084357 ], [ 7.0307473, 52.700601399084348 ], [ 7.0297681, 52.70064409908435 ], [ 7.0273137, 52.70073929908434 ], [ 7.0273207, 52.700803799084333 ], [ 7.0273132, 52.70103419908434 ], [ 7.0272835, 52.701045899084342 ], [ 7.0272514, 52.701063699084337 ], [ 7.027219, 52.701089399084331 ], [ 7.0271815, 52.701174199084328 ], [ 7.0272447, 52.701330099084323 ], [ 7.027312, 52.701596599084333 ], [ 7.027286, 52.701595299084325 ], [ 7.0272452, 52.701614899084333 ], [ 7.0272437, 52.701651499084342 ], [ 7.0272705, 52.701674699084322 ], [ 7.027284, 52.701678399084336 ], [ 7.0272815, 52.701758199084331 ], [ 7.0273351, 52.702351299084313 ], [ 7.0272848, 52.702478399084335 ], [ 7.0273775, 52.703140999084347 ], [ 7.0274279, 52.703376599084322 ], [ 7.0275711, 52.704262699084325 ], [ 7.0274645, 52.704250499084317 ], [ 7.0274561, 52.704276599084324 ], [ 7.0271999, 52.704254199084325 ], [ 7.0266324, 52.704176699084329 ], [ 7.0259097, 52.704053499084317 ], [ 7.0253119, 52.703931899084317 ], [ 7.0248241, 52.703835799084317 ], [ 7.0244524, 52.703776399084319 ], [ 7.0241568, 52.703735999084323 ], [ 7.023778, 52.703695199084315 ], [ 7.0234279, 52.703670199084328 ], [ 7.0232042, 52.703660399084306 ], [ 7.0228757, 52.703655899084296 ], [ 7.0224757, 52.703667599084341 ], [ 7.0216253, 52.703703699084322 ], [ 7.0216216, 52.703677599084322 ], [ 7.0142301, 52.703990999084311 ], [ 7.0137154, 52.69962079908435 ], [ 7.0135273, 52.69782249908436 ], [ 7.013357, 52.696552099084371 ], [ 7.0132037, 52.695245099084381 ], [ 7.0132372, 52.695234299084383 ], [ 7.013219, 52.695145499084383 ], [ 7.0133056, 52.695142399084375 ], [ 7.0133645, 52.695115999084379 ], [ 7.0133741, 52.695082499084364 ], [ 7.0133557, 52.695045999084371 ], [ 7.013329, 52.695030899084372 ], [ 7.0131794, 52.695037699084381 ], [ 7.0131741, 52.69499109908439 ], [ 7.0118434, 52.695059799084383 ], [ 7.0118346, 52.695053899084371 ], [ 7.0116798, 52.6936396990844 ], [ 7.0114631, 52.691782499084397 ], [ 7.0114584, 52.691657699084409 ], [ 7.0111732, 52.689304399084428 ], [ 7.0110714, 52.688335299084429 ], [ 7.010911, 52.686997199084445 ], [ 7.010016, 52.687037399084453 ], [ 7.0086715, 52.687103099084446 ], [ 7.007677, 52.687146699084451 ], [ 7.0062154, 52.68721059908443 ], [ 7.003518, 52.68732279908442 ], [ 7.0031998, 52.687341299084437 ], [ 7.0013706, 52.687423499084446 ], [ 6.9990969, 52.687513799084442 ], [ 6.9990862, 52.687433399084455 ], [ 6.9989725, 52.687436499084448 ], [ 6.9988857, 52.687449399084436 ], [ 6.9988263, 52.687471799084427 ], [ 6.9986931, 52.687484799084451 ], [ 6.9979817, 52.687509699084437 ], [ 6.9974894, 52.687531699084445 ], [ 6.9974676, 52.687340199084439 ], [ 6.996851, 52.681836699084485 ], [ 6.9968246, 52.681837899084485 ], [ 6.996823, 52.681824299084504 ], [ 6.9929089, 52.682014399084487 ], [ 6.991953, 52.682057399084471 ], [ 6.9919603, 52.682015999084477 ], [ 6.9919166, 52.681508299084477 ], [ 6.9918604, 52.681007599084516 ], [ 6.9917786, 52.680149599084515 ], [ 6.9917111, 52.679929799084505 ], [ 6.9917055, 52.67987939908452 ], [ 6.9957521, 52.679719499084506 ], [ 6.9957502, 52.679582199084514 ], [ 6.9963997, 52.679552699084518 ], [ 6.9960876, 52.676568099084527 ], [ 6.9974732, 52.676506299084558 ], [ 6.997547, 52.676498499084545 ], [ 6.9975416, 52.676435399084546 ], [ 6.9975538, 52.676434799084547 ], [ 6.9974937, 52.675872199084544 ], [ 6.9974703, 52.675599899084553 ], [ 6.9983515, 52.67556339908456 ], [ 6.9983753, 52.675688999084535 ], [ 6.9986501, 52.678220699084527 ], [ 6.9987259, 52.678782099084508 ], [ 6.9987487, 52.678996299084517 ], [ 6.9987553, 52.678998399084513 ], [ 7.0032833, 52.678805999084517 ], [ 7.004239, 52.678756199084525 ], [ 7.0078045, 52.678604599084522 ], [ 7.0079664, 52.678570999084506 ], [ 7.0081123, 52.678523899084517 ], [ 7.0082782, 52.678413899084532 ], [ 7.0083505, 52.678352499084525 ], [ 7.0083391, 52.678308799084505 ], [ 7.0082394, 52.677245399084512 ], [ 7.0082569, 52.677038299084529 ], [ 7.0082021, 52.676494299084546 ], [ 7.0075516, 52.670592999084583 ], [ 7.0075065, 52.670595099084608 ], [ 7.0075057, 52.670588299084606 ], [ 7.0070227, 52.670609499084613 ], [ 7.0067872, 52.670129699084619 ], [ 7.0067296, 52.670131999084624 ], [ 7.0067023, 52.670078199084593 ], [ 7.0066357, 52.670051799084611 ], [ 7.0066078, 52.67002189908461 ], [ 7.0056415, 52.670079599084609 ], [ 7.0053142, 52.669427199084616 ], [ 7.0053001, 52.669427799084609 ], [ 7.0052373, 52.669305099084625 ], [ 7.0042849, 52.669378199084612 ], [ 7.0035709, 52.669487599084604 ], [ 7.0039044, 52.670136999084605 ], [ 7.003168, 52.670166999084593 ], [ 7.0031427, 52.670103899084602 ], [ 7.0024155, 52.670112799084599 ], [ 7.0024284, 52.670158199084611 ], [ 7.0021655, 52.670209199084596 ], [ 7.0022228, 52.670283999084603 ], [ 7.0018351, 52.67032239908459 ], [ 7.0018684, 52.670373899084609 ], [ 7.0013505, 52.670475599084604 ], [ 7.0012742, 52.670296899084597 ], [ 7.00081, 52.670378999084583 ], [ 7.0007426, 52.670228499084601 ], [ 7.0005251, 52.670245499084579 ], [ 7.0005972, 52.670334699084592 ], [ 7.000306, 52.670418999084603 ], [ 7.0002885, 52.670371799084599 ], [ 7.0000497, 52.670436499084616 ], [ 6.9999961, 52.6704113990846 ], [ 6.9997871, 52.669992799084618 ], [ 7.0000026, 52.669947399084606 ], [ 6.9998789, 52.669703699084607 ], [ 6.9999326, 52.66968399908459 ], [ 7.0001345, 52.669671799084611 ], [ 7.000157, 52.669647799084622 ], [ 6.9997596, 52.668891599084624 ], [ 6.9992188, 52.667862499084627 ], [ 6.9991865, 52.667800899084618 ], [ 6.9989148, 52.667853499084615 ], [ 6.9989043, 52.667855499084631 ], [ 6.998874, 52.667796399084629 ], [ 6.9988028, 52.667809999084625 ], [ 6.998772, 52.667749999084613 ], [ 6.998711, 52.66776179908463 ], [ 6.9986791, 52.667699899084631 ], [ 6.9986493, 52.667667999084628 ], [ 6.9985435, 52.667692099084633 ], [ 6.9984223, 52.667462899084633 ], [ 6.9986544, 52.667420199084631 ], [ 6.9987287, 52.667406499084649 ], [ 6.9987551, 52.667401599084641 ], [ 6.9989101, 52.667373099084642 ], [ 6.9987704, 52.667126499084659 ], [ 6.9985634, 52.66676119908464 ], [ 6.9984888, 52.666629399084641 ], [ 6.998267, 52.666237799084641 ], [ 6.9977413, 52.666326099084642 ], [ 6.9976513, 52.666190499084649 ], [ 6.9971941, 52.66629279908463 ], [ 6.9970364, 52.666004499084636 ], [ 6.9969052, 52.665769499084661 ], [ 6.9966, 52.665834999084652 ], [ 6.9957165, 52.666033599084642 ], [ 6.9960986, 52.666700799084651 ], [ 6.9963598, 52.667159699084614 ], [ 6.9963984, 52.667230999084637 ], [ 6.9964242, 52.667279599084644 ], [ 6.9965159, 52.667450099084647 ], [ 6.9967669, 52.667917599084625 ], [ 6.9969945, 52.668318199084624 ], [ 6.9971111, 52.668523899084612 ], [ 6.9973077, 52.668869199084632 ], [ 6.9975222, 52.669240499084623 ], [ 6.9974276, 52.669258699084622 ], [ 6.9964306, 52.669450799084622 ], [ 6.996539, 52.669642799084599 ], [ 6.9967092, 52.669944199084611 ], [ 6.9969919, 52.670381499084606 ], [ 6.9971379, 52.670607399084602 ], [ 6.9971598, 52.670642799084604 ], [ 6.9961219, 52.670782399084587 ], [ 6.9957427, 52.670129999084615 ], [ 6.9946392, 52.670347199084596 ], [ 6.994353, 52.669870499084617 ], [ 6.9938225, 52.669988699084598 ], [ 6.9933425, 52.670095699084591 ], [ 6.9933562, 52.670118399084593 ], [ 6.9932993, 52.670133199084589 ], [ 6.9935036, 52.670477899084588 ], [ 6.9936895, 52.670791699084603 ], [ 6.9929405, 52.670908899084594 ], [ 6.99313, 52.671250999084585 ], [ 6.9928056, 52.671264099084588 ], [ 6.9924243, 52.67065319908459 ], [ 6.9916565, 52.670796699084597 ], [ 6.9910725, 52.669925399084619 ], [ 6.9902277, 52.670099099084602 ], [ 6.9910689, 52.671332999084591 ], [ 6.9904672, 52.671356599084589 ], [ 6.9900254, 52.670644299084593 ], [ 6.9900653, 52.670585899084593 ], [ 6.9898053, 52.670185999084602 ], [ 6.9886904, 52.670415099084607 ], [ 6.9889605, 52.6708394990846 ], [ 6.9888367, 52.670841199084599 ], [ 6.9887485, 52.670867699084596 ], [ 6.9883996, 52.6709798990846 ], [ 6.9884459, 52.67105989908459 ], [ 6.9884758, 52.671106199084583 ], [ 6.9886492, 52.671376299084585 ], [ 6.9886815, 52.671426399084609 ], [ 6.9881347, 52.671447799084589 ], [ 6.9873508, 52.67147859908458 ], [ 6.987252, 52.671329599084579 ], [ 6.9869699, 52.670903099084597 ], [ 6.9860338, 52.670968799084584 ], [ 6.9863685, 52.671469099084604 ], [ 6.9863363, 52.671509699084595 ], [ 6.9861987, 52.671513999084596 ], [ 6.9861323, 52.671515999084576 ], [ 6.9859225, 52.671528999084579 ], [ 6.9857027, 52.671558899084594 ], [ 6.9852222, 52.671585299084583 ], [ 6.9841397, 52.671626799084592 ], [ 6.9839053, 52.671637799084579 ], [ 6.9836585, 52.671649299084585 ], [ 6.9830395, 52.671678099084573 ], [ 6.9827378, 52.671248199084602 ], [ 6.9822242, 52.671317999084586 ], [ 6.982497, 52.671703599084601 ], [ 6.9812898, 52.671759699084589 ], [ 6.9807806, 52.671758999084595 ], [ 6.9804881, 52.671354399084585 ], [ 6.9801715, 52.67142779908459 ], [ 6.9799066, 52.671475199084583 ], [ 6.9801356, 52.671787599084574 ], [ 6.9778784, 52.671886599084594 ], [ 6.9774899, 52.671374799084603 ], [ 6.9771152, 52.67144969908459 ], [ 6.9769104, 52.671178499084576 ], [ 6.9760104, 52.671446699084598 ], [ 6.9757672, 52.671515599084593 ], [ 6.9757701, 52.671519199084585 ], [ 6.9755532, 52.671584499084595 ], [ 6.9754185, 52.671413899084584 ], [ 6.9753969, 52.671419499084578 ], [ 6.9746866, 52.670502599084614 ], [ 6.9741987, 52.670639599084595 ], [ 6.9733694, 52.669573599084607 ], [ 6.9734749, 52.669541799084605 ], [ 6.9731492, 52.669132099084614 ], [ 6.9730708, 52.669124199084592 ], [ 6.9729767, 52.669024299084612 ], [ 6.9728145, 52.669074999084614 ], [ 6.9722981, 52.669224499084606 ], [ 6.9696382, 52.665810699084652 ], [ 6.9678806, 52.663573399084669 ], [ 6.9687227, 52.663327199084677 ], [ 6.9692452, 52.663987099084665 ], [ 6.9698541, 52.663803699084681 ], [ 6.9689617, 52.662626599084689 ], [ 6.9689218, 52.662609999084687 ], [ 6.9686734, 52.66227339908469 ], [ 6.9686771, 52.662233799084696 ], [ 6.9685174, 52.662031699084686 ], [ 6.9679327, 52.662198699084684 ], [ 6.9680952, 52.662398899084671 ], [ 6.9672591, 52.662646099084689 ], [ 6.9671611, 52.66265529908469 ], [ 6.9656981, 52.660792599084708 ], [ 6.9656778, 52.660662499084715 ] ], [ [ 6.9692146, 52.662106099084696 ], [ 6.9695312, 52.662502099084691 ], [ 6.9702, 52.662313699084677 ], [ 6.9698966, 52.661913799084694 ], [ 6.9692146, 52.662106099084696 ] ], [ [ 6.9742935, 52.668794699084621 ], [ 6.9749157, 52.669608399084609 ], [ 6.9755913, 52.669418599084601 ], [ 6.9749731, 52.668603599084598 ], [ 6.9742935, 52.668794699084621 ] ], [ [ 6.9783385, 52.660952799084704 ], [ 6.9783461, 52.661007599084698 ], [ 6.9785146, 52.660977899084699 ], [ 6.9784955, 52.660919699084694 ], [ 6.9783385, 52.660952799084704 ] ], [ [ 6.9805698, 52.668815099084625 ], [ 6.9806418, 52.668923399084598 ], [ 6.9807962, 52.668888899084607 ], [ 6.9807141, 52.668771699084616 ], [ 6.9805698, 52.668815099084625 ] ], [ [ 6.9928922, 52.661213699084691 ], [ 6.9936439, 52.662558699084691 ], [ 6.9946836, 52.662361399084681 ], [ 6.9939432, 52.660993199084707 ], [ 6.9928922, 52.661213699084691 ] ], [ [ 6.9950442, 52.662434999084688 ], [ 6.9952644, 52.662829599084695 ], [ 6.9959073, 52.662720199084688 ], [ 6.9963235, 52.662685899084664 ], [ 6.9958879, 52.661892799084683 ], [ 6.9952876, 52.662015899084693 ], [ 6.9954715, 52.662358099084685 ], [ 6.9951169, 52.662428699084678 ], [ 6.9950442, 52.662434999084688 ] ], [ [ 6.9963156, 52.664713199084652 ], [ 6.9965005, 52.665044599084666 ], [ 6.9969981, 52.664938599084643 ], [ 6.9970786, 52.665082599084641 ], [ 6.9972707, 52.665049599084661 ], [ 6.9973744, 52.665239699084658 ], [ 6.9976802, 52.665174599084672 ], [ 6.9974438, 52.664739999084659 ], [ 6.9971909, 52.66479209908465 ], [ 6.9969445, 52.664842799084653 ], [ 6.9968377, 52.664663599084662 ], [ 6.9964225, 52.664749199084667 ], [ 6.9963915, 52.664728599084654 ], [ 6.9963156, 52.664713199084652 ] ], [ [ 7.0089444, 52.661338599084708 ], [ 7.00922, 52.66197159908468 ], [ 7.0094582, 52.661919699084685 ], [ 7.009266, 52.66145869908469 ], [ 7.0099725, 52.661320199084685 ], [ 7.0099039, 52.661162699084706 ], [ 7.0089444, 52.661338599084708 ] ], [ [ 7.0090825, 52.657332599084739 ], [ 7.0090992, 52.657381899084747 ], [ 7.0091987, 52.657369299084735 ], [ 7.009182, 52.657317799084744 ], [ 7.0090825, 52.657332599084739 ] ], [ [ 7.0094501, 52.669833099084613 ], [ 7.0094937, 52.669926299084622 ], [ 7.0094575, 52.669948999084603 ], [ 7.0097112, 52.670487999084585 ], [ 7.0108311, 52.670435899084616 ], [ 7.0105237, 52.669795099084602 ], [ 7.0102647, 52.669823399084599 ], [ 7.0100843, 52.669853299084593 ], [ 7.0098349, 52.66988629908461 ], [ 7.0098133, 52.669849499084627 ], [ 7.0097782, 52.669855499084598 ], [ 7.0097587, 52.66979209908461 ], [ 7.0094501, 52.669833099084613 ] ], [ [ 7.0116257, 52.669818899084618 ], [ 7.0118652, 52.670397499084594 ], [ 7.0137768, 52.670323999084616 ], [ 7.0135456, 52.669775299084613 ], [ 7.0131421, 52.669827299084616 ], [ 7.0131622, 52.669920899084609 ], [ 7.0127451, 52.669974599084597 ], [ 7.0126765, 52.669808999084601 ], [ 7.0120716, 52.669893099084611 ], [ 7.0120045, 52.669766199084606 ], [ 7.0116257, 52.669818899084618 ] ], [ [ 7.0145772, 52.669707499084609 ], [ 7.0148097, 52.670265299084598 ], [ 7.0157178, 52.670225599084624 ], [ 7.0154854, 52.669681499084618 ], [ 7.015209, 52.669633399084617 ], [ 7.0152937, 52.669822799084599 ], [ 7.0152709, 52.669913199084604 ], [ 7.0154185, 52.670133599084586 ], [ 7.0154115, 52.670181399084605 ], [ 7.0153165, 52.670203899084612 ], [ 7.0152436, 52.670114799084608 ], [ 7.015182, 52.670099799084603 ], [ 7.0151359, 52.670009799084596 ], [ 7.0151141, 52.6699346990846 ], [ 7.0149653, 52.669657799084611 ], [ 7.0145772, 52.669707499084609 ] ], [ [ 7.0149392, 52.66690629908463 ], [ 7.0150444, 52.667171999084651 ], [ 7.0153883, 52.667119699084644 ], [ 7.0154353, 52.66721359908464 ], [ 7.015628, 52.667191999084636 ], [ 7.0154581, 52.666750499084621 ], [ 7.0152536, 52.666841799084629 ], [ 7.0149392, 52.66690629908463 ] ], [ [ 7.0156767, 52.670359599084591 ], [ 7.0156786, 52.670490099084596 ], [ 7.0157827, 52.671396399084585 ], [ 7.0171528, 52.671336899084601 ], [ 7.0175994, 52.671265299084595 ], [ 7.018019, 52.671260799084578 ], [ 7.0179733, 52.670553099084593 ], [ 7.0181504, 52.670542599084598 ], [ 7.0182626, 52.670474199084595 ], [ 7.0183011, 52.670391299084585 ], [ 7.0182001, 52.670262599084595 ], [ 7.0187556, 52.670241799084614 ], [ 7.0190681, 52.670230099084606 ], [ 7.0190986, 52.670529699084597 ], [ 7.0194674, 52.670510499084607 ], [ 7.0194543, 52.670215699084579 ], [ 7.0201289, 52.670190499084597 ], [ 7.0201029, 52.670071499084607 ], [ 7.0196121, 52.668822599084606 ], [ 7.0185458, 52.668959699084624 ], [ 7.0187308, 52.669455499084606 ], [ 7.0177137, 52.6695899990846 ], [ 7.0177525, 52.6696896990846 ], [ 7.017272, 52.669753299084618 ], [ 7.0172617, 52.669724799084591 ], [ 7.0167649, 52.669784999084598 ], [ 7.0169809, 52.670309499084595 ], [ 7.0156767, 52.670359599084591 ] ], [ [ 7.0159068, 52.670217099084617 ], [ 7.0168015, 52.670177699084597 ], [ 7.0165647, 52.669582299084603 ], [ 7.0160378, 52.669650399084617 ], [ 7.0161201, 52.6698440990846 ], [ 7.0161209, 52.669865499084608 ], [ 7.0160168, 52.669923299084608 ], [ 7.0159517, 52.669974399084602 ], [ 7.0159199, 52.670019099084605 ], [ 7.0159079, 52.670068399084627 ], [ 7.0159068, 52.670217099084617 ] ], [ [ 7.0202259, 52.668876699084599 ], [ 7.0202817, 52.669023099084598 ], [ 7.0203439, 52.669012899084606 ], [ 7.0204102, 52.669178699084618 ], [ 7.020696, 52.669145899084604 ], [ 7.020838, 52.669125599084602 ], [ 7.0206964, 52.66874469908462 ], [ 7.0206111, 52.668759899084606 ], [ 7.0205835, 52.668685699084634 ], [ 7.0202332, 52.668736499084616 ], [ 7.0202854, 52.668866999084628 ], [ 7.0202259, 52.668876699084599 ] ], [ [ 7.0205344, 52.686885899084437 ], [ 7.0205795, 52.687306899084447 ], [ 7.0214071, 52.687266999084443 ], [ 7.0218733, 52.687239699084429 ], [ 7.0218475, 52.687010299084442 ], [ 7.0226106, 52.686973099084433 ], [ 7.0225936, 52.686812499084432 ], [ 7.0225818, 52.68679259908447 ], [ 7.0225463, 52.686786699084422 ], [ 7.0220111, 52.686807899084442 ], [ 7.02199, 52.686789499084448 ], [ 7.0219803, 52.686727099084436 ], [ 7.0219863, 52.68668909908444 ], [ 7.0220076, 52.686669399084444 ], [ 7.0217068, 52.686681799084461 ], [ 7.0217373, 52.686714799084427 ], [ 7.0217571, 52.686754799084461 ], [ 7.021741, 52.686815299084458 ], [ 7.0217068, 52.686839499084456 ], [ 7.0205344, 52.686885899084437 ] ], [ [ 7.0208637, 52.670242599084602 ], [ 7.0208848, 52.670421199084608 ], [ 7.0209632, 52.670417799084618 ], [ 7.0209805, 52.670524899084597 ], [ 7.021517, 52.670501599084602 ], [ 7.0214727, 52.670125699084593 ], [ 7.0211922, 52.670137599084612 ], [ 7.0208973, 52.670150399084591 ], [ 7.020908, 52.670240699084594 ], [ 7.0208637, 52.670242599084602 ] ], [ [ 7.0211071, 52.669865499084608 ], [ 7.0211367, 52.669957699084605 ], [ 7.0212306, 52.670023799084596 ], [ 7.0230059, 52.669944599084587 ], [ 7.0239005, 52.669908699084608 ], [ 7.023841, 52.669376299084625 ], [ 7.0236131, 52.669387099084624 ], [ 7.0235585, 52.669011399084603 ], [ 7.0229407, 52.669037299084614 ], [ 7.022994, 52.6694871990846 ], [ 7.0228902, 52.669512099084599 ], [ 7.0226119, 52.669526799084586 ], [ 7.0225041, 52.669231199084606 ], [ 7.0224677, 52.669239299084602 ], [ 7.021521, 52.669371399084618 ], [ 7.0216005, 52.669402099084614 ], [ 7.0216108, 52.669444299084631 ], [ 7.0215772, 52.669476599084604 ], [ 7.0214911, 52.669504199084614 ], [ 7.0215673, 52.669646099084609 ], [ 7.021213, 52.669688899084605 ], [ 7.0212291, 52.6697194990846 ], [ 7.0212309, 52.669767999084613 ], [ 7.0211418, 52.669810799084615 ], [ 7.0211071, 52.669865499084608 ] ], [ [ 7.0244278, 52.669605299084601 ], [ 7.0244347, 52.669666799084609 ], [ 7.0244696, 52.669666599084621 ], [ 7.0244877, 52.669801499084592 ], [ 7.0246591, 52.66979209908461 ], [ 7.0246541, 52.669658599084606 ], [ 7.0246032, 52.669658499084612 ], [ 7.0246031, 52.669596699084607 ], [ 7.0244385, 52.669602799084608 ], [ 7.0244278, 52.669605299084601 ] ], [ [ 7.027538, 52.693796499084385 ], [ 7.0275551, 52.693894599084373 ], [ 7.0277481, 52.693883399084392 ], [ 7.0277373, 52.693790899084377 ], [ 7.027538, 52.693796499084385 ] ], [ [ 7.0286769, 52.697452299084354 ], [ 7.0286853, 52.69749439908437 ], [ 7.0288133, 52.697488499084351 ], [ 7.0288091, 52.697447999084361 ], [ 7.0286769, 52.697452299084354 ] ] ] ] } },
{ "type": "Feature", "properties": { "@id": "way/974767096", "name": "Binnenveldse Hooilanden" }, "geometry": { "type": "MultiPolygon", "coordinates": [ [ [ [ 5.5866723, 52.012046799116433 ], [ 5.5869363, 52.011904499116469 ], [ 5.5877863, 52.011441799116483 ], [ 5.5882561, 52.011193199116505 ], [ 5.5873766, 52.010905899116516 ], [ 5.5879168, 52.010580199116561 ], [ 5.5882527, 52.010375199116567 ], [ 5.5885553, 52.010190699116592 ], [ 5.5888321, 52.010011599116609 ], [ 5.5890404, 52.009864599116597 ], [ 5.5891556, 52.009774199116627 ], [ 5.5892442, 52.009696799116632 ], [ 5.5893151, 52.009619799116635 ], [ 5.5894712, 52.009408599116661 ], [ 5.5895316, 52.009327299116649 ], [ 5.5900827, 52.008575599116725 ], [ 5.5904479, 52.008081399116783 ], [ 5.5905902, 52.007892999116791 ], [ 5.5907527, 52.007658699116817 ], [ 5.5909122, 52.007450899116819 ], [ 5.5909992, 52.00727939911684 ], [ 5.5910795, 52.007063499116846 ], [ 5.5911087, 52.006984799116871 ], [ 5.5911677, 52.006791199116883 ], [ 5.5912195, 52.006569199116903 ], [ 5.5912466, 52.006317899116922 ], [ 5.5912282, 52.006130199116946 ], [ 5.5911993, 52.005977399116944 ], [ 5.5911635, 52.005873599116974 ], [ 5.5911143, 52.005751399116974 ], [ 5.5910463, 52.005597899116992 ], [ 5.5908402, 52.005178699117032 ], [ 5.5907687, 52.004964799117033 ], [ 5.5907558, 52.004886699117044 ], [ 5.5907361, 52.004769299117051 ], [ 5.5907445, 52.004387899117084 ], [ 5.5907587, 52.004254299117086 ], [ 5.5907751, 52.004118799117101 ], [ 5.5907636, 52.003982599117123 ], [ 5.5907286, 52.003867999117126 ], [ 5.5907028, 52.003644199117161 ], [ 5.5907229, 52.003398599117162 ], [ 5.5907568, 52.003109299117199 ], [ 5.590812, 52.002895399117207 ], [ 5.5908436, 52.002834099117209 ], [ 5.5909171, 52.002790199117221 ], [ 5.5908992, 52.002700599117226 ], [ 5.5909235, 52.002629199117237 ], [ 5.5912384, 52.002227599117283 ], [ 5.5913356, 52.002104999117286 ], [ 5.5914225, 52.001995499117285 ], [ 5.5916759, 52.001675799117329 ], [ 5.5918971, 52.001464299117352 ], [ 5.591936, 52.001448899117328 ], [ 5.5919977, 52.001392299117335 ], [ 5.5921693, 52.001252899117354 ], [ 5.5922477, 52.001187199117361 ], [ 5.59235, 52.001126999117368 ], [ 5.5924851, 52.001043099117368 ], [ 5.5926713, 52.000943299117381 ], [ 5.5928613, 52.000838899117376 ], [ 5.5929672, 52.000782199117381 ], [ 5.593042, 52.000745899117391 ], [ 5.5932502, 52.000658899117411 ], [ 5.59338, 52.000605699117393 ], [ 5.5936328, 52.000540799117417 ], [ 5.5938267, 52.000476199117422 ], [ 5.5941868, 52.000302099117405 ], [ 5.594414, 52.000196299117434 ], [ 5.5945674, 52.000127099117435 ], [ 5.5947117, 52.000065199117458 ], [ 5.5955913, 51.999672399117472 ], [ 5.59596, 51.999518999117491 ], [ 5.5963427, 51.999307099117523 ], [ 5.5964815, 51.999237899117503 ], [ 5.5965028, 51.999227499117531 ], [ 5.5965564, 51.999201499117511 ], [ 5.5966057, 51.999169799117524 ], [ 5.5966385, 51.999130099117529 ], [ 5.5969594, 51.998804999117546 ], [ 5.5969736, 51.998783499117586 ], [ 5.5970194, 51.998714399117574 ], [ 5.5970486, 51.998673599117573 ], [ 5.5971781, 51.998564299117582 ], [ 5.5972435, 51.998516199117589 ], [ 5.5977883, 51.998250299117615 ], [ 5.5978427, 51.998216499117603 ], [ 5.5980836, 51.998033999117638 ], [ 5.5983189, 51.99784529911765 ], [ 5.5983645, 51.99779429911765 ], [ 5.5983855, 51.997770599117644 ], [ 5.598519, 51.997693199117656 ], [ 5.5987376, 51.997618699117645 ], [ 5.5988461, 51.997499499117673 ], [ 5.5989303, 51.997358199117691 ], [ 5.5989453, 51.997282599117689 ], [ 5.599, 51.997218499117672 ], [ 5.5990923, 51.997133399117715 ], [ 5.599299, 51.996966199117722 ], [ 5.599409, 51.996902799117727 ], [ 5.5996993, 51.996792199117735 ], [ 5.5999486, 51.996690099117743 ], [ 5.600572, 51.996412799117763 ], [ 5.6007967, 51.996298399117777 ], [ 5.6010469, 51.996154399117792 ], [ 5.6013768, 51.995904899117804 ], [ 5.6015773, 51.995731599117825 ], [ 5.6016699, 51.995652899117843 ], [ 5.6019708, 51.995430599117846 ], [ 5.6021472, 51.995304799117868 ], [ 5.6022493, 51.995186599117865 ], [ 5.6023428, 51.995086299117879 ], [ 5.6024669, 51.994979099117892 ], [ 5.6026421, 51.994886699117885 ], [ 5.6028612, 51.994818499117905 ], [ 5.6030532, 51.994768999117902 ], [ 5.6032436, 51.994712499117902 ], [ 5.6034051, 51.99465109911791 ], [ 5.6035929, 51.994563899117935 ], [ 5.604027, 51.994330499117936 ], [ 5.6044028, 51.994140799117964 ], [ 5.6045699, 51.994077299117968 ], [ 5.6047288, 51.994043299117962 ], [ 5.6049464, 51.994020999117971 ], [ 5.60521, 51.994013199117973 ], [ 5.6054403, 51.994022599117962 ], [ 5.6055466, 51.99403609911797 ], [ 5.6056038, 51.994048399117958 ], [ 5.6058785, 51.99411159911795 ], [ 5.6064257, 51.994236599117968 ], [ 5.6066171, 51.994287599117968 ], [ 5.6067317, 51.994307799117948 ], [ 5.6068598, 51.994308999117941 ], [ 5.6069645, 51.994298699117941 ], [ 5.6070842, 51.994282899117941 ], [ 5.6073236, 51.99422139911794 ], [ 5.6077813, 51.994033099117992 ], [ 5.6079469, 51.993970999117977 ], [ 5.6080434, 51.99394269911798 ], [ 5.6081838, 51.993906199117987 ], [ 5.6082086, 51.993899399117986 ], [ 5.6083604, 51.993871099117975 ], [ 5.6085883, 51.993844499117991 ], [ 5.6088801, 51.993825999117995 ], [ 5.6091564, 51.993803599117982 ], [ 5.6093496, 51.993777299117994 ], [ 5.6095948, 51.993730799117991 ], [ 5.6098087, 51.993676499118003 ], [ 5.6099329, 51.993628199118007 ], [ 5.6100844, 51.99354699911801 ], [ 5.6101946, 51.993468699118026 ], [ 5.6103459, 51.993344599118025 ], [ 5.6105601, 51.993120799118046 ], [ 5.6106378, 51.993124999118045 ], [ 5.6106627, 51.99311979911807 ], [ 5.6106758, 51.993100799118054 ], [ 5.6106938, 51.993071399118044 ], [ 5.6106727, 51.993044699118037 ], [ 5.6106656, 51.993020899118051 ], [ 5.6109303, 51.992781699118069 ], [ 5.6112155, 51.992500299118099 ], [ 5.6113366, 51.992333499118111 ], [ 5.6113802, 51.992269899118106 ], [ 5.6114833, 51.992133799118122 ], [ 5.6116828, 51.991997799118138 ], [ 5.6118621, 51.991909199118176 ], [ 5.6120996, 51.991785999118164 ], [ 5.6128837, 51.991131499118204 ], [ 5.6130456, 51.990991599118239 ], [ 5.6136992, 51.990447399118274 ], [ 5.613792, 51.99036119911829 ], [ 5.6138469, 51.990289199118294 ], [ 5.6139117, 51.990091899118312 ], [ 5.6140884, 51.98955279911835 ], [ 5.6143161, 51.98882209911843 ], [ 5.6143293, 51.988704099118443 ], [ 5.6143271, 51.988665899118438 ], [ 5.6143218, 51.988570099118427 ], [ 5.6142646, 51.988188499118465 ], [ 5.6141648, 51.987557899118528 ], [ 5.6141642, 51.987443799118545 ], [ 5.6141747, 51.987357599118553 ], [ 5.6142372, 51.986850999118602 ], [ 5.6142493, 51.986786099118611 ], [ 5.6143313, 51.986354299118652 ], [ 5.6143844, 51.98619969911865 ], [ 5.6144095, 51.986127199118656 ], [ 5.6144712, 51.986030999118647 ], [ 5.6145467, 51.985956999118677 ], [ 5.6147285, 51.985822299118688 ], [ 5.614939, 51.985666299118698 ], [ 5.6150284, 51.985573199118697 ], [ 5.6151072, 51.98546289911873 ], [ 5.6151552, 51.985368999118705 ], [ 5.6151925, 51.985248999118724 ], [ 5.6152159, 51.985100899118756 ], [ 5.6152224, 51.984987999118736 ], [ 5.6152013, 51.984904099118765 ], [ 5.6150899, 51.98470229911878 ], [ 5.6150787, 51.984682099118785 ], [ 5.6150633, 51.984653699118788 ], [ 5.6149292, 51.984406899118795 ], [ 5.6148872, 51.984283099118819 ], [ 5.6148728, 51.984178099118829 ], [ 5.6148824, 51.984013999118844 ], [ 5.6149524, 51.983519199118888 ], [ 5.6149623, 51.983397299118892 ], [ 5.6149751, 51.983242299118906 ], [ 5.6150281, 51.982794399118958 ], [ 5.6150793, 51.982668499118951 ], [ 5.615165, 51.982564399118978 ], [ 5.615361, 51.982372999119001 ], [ 5.6154744, 51.982257499119008 ], [ 5.6155276, 51.982203299118993 ], [ 5.6156049, 51.98212449911901 ], [ 5.6157709, 51.981930699119033 ], [ 5.6159244, 51.981763399119025 ], [ 5.6160204, 51.98165889911904 ], [ 5.616138, 51.981565099119045 ], [ 5.6162818, 51.981385299119061 ], [ 5.6163668, 51.981272499119072 ], [ 5.6166297, 51.980954299119098 ], [ 5.6169256, 51.980652999119137 ], [ 5.6171165, 51.980456599119158 ], [ 5.6173646, 51.980272499119167 ], [ 5.6175616, 51.980120599119168 ], [ 5.6181236, 51.97967179911921 ], [ 5.6181475, 51.979652299119223 ], [ 5.6182702, 51.979550999119233 ], [ 5.6185281, 51.979323899119237 ], [ 5.6187695, 51.979102399119277 ], [ 5.6189399, 51.978869899119275 ], [ 5.618984, 51.978821999119297 ], [ 5.619406, 51.97826929911934 ], [ 5.6198398, 51.977687299119403 ], [ 5.619898, 51.977598699119405 ], [ 5.6199853, 51.977465699119406 ], [ 5.6200416, 51.977385199119432 ], [ 5.6201206, 51.977314299119428 ], [ 5.6202689, 51.97724059911944 ], [ 5.6203848, 51.977204599119425 ], [ 5.6205356, 51.977140399119449 ], [ 5.6206573, 51.977100899119442 ], [ 5.6210625, 51.977001799119435 ], [ 5.621292, 51.976924799119466 ], [ 5.6215007, 51.976832099119484 ], [ 5.6219227, 51.97666539911949 ], [ 5.6221382, 51.976568299119499 ], [ 5.6225844, 51.976303999119516 ], [ 5.6228649, 51.976114199119522 ], [ 5.6241852, 51.976479199119488 ], [ 5.6294796, 51.977942799119361 ], [ 5.6291553, 51.978405199119329 ], [ 5.628836, 51.978860599119294 ], [ 5.6284898, 51.979355999119235 ], [ 5.6281945, 51.979769499119222 ], [ 5.62816, 51.97981899911921 ], [ 5.6277441, 51.980415599119169 ], [ 5.6273197, 51.981020299119095 ], [ 5.6272746, 51.981085899119101 ], [ 5.6269582, 51.981546099119058 ], [ 5.6267353, 51.981879899119029 ], [ 5.6267153, 51.981968399119019 ], [ 5.6263986, 51.982418799118982 ], [ 5.6263248, 51.982524099118983 ], [ 5.6259658, 51.983036199118914 ], [ 5.6255192, 51.983681699118854 ], [ 5.6254988, 51.983711199118886 ], [ 5.6252393, 51.984086699118841 ], [ 5.6248379, 51.984666999118772 ], [ 5.624766, 51.984770899118779 ], [ 5.6241023, 51.985729699118693 ], [ 5.623863, 51.986075899118667 ], [ 5.6235619, 51.986506799118615 ], [ 5.622625, 51.987852199118507 ], [ 5.6222069, 51.988443499118446 ], [ 5.6220565, 51.988666999118436 ], [ 5.6216622, 51.988563299118461 ], [ 5.6215788, 51.988676999118439 ], [ 5.6219779, 51.988779199118433 ], [ 5.6216126, 51.989306299118383 ], [ 5.6214189, 51.989586499118374 ], [ 5.621217, 51.989874099118332 ], [ 5.6210093, 51.990170099118302 ], [ 5.6203703, 51.99109579911822 ], [ 5.6196518, 51.992128899118136 ], [ 5.619227, 51.992734699118081 ], [ 5.6188183, 51.993318099118035 ], [ 5.6182641, 51.994115199117964 ], [ 5.6177115, 51.994903899117887 ], [ 5.6167738, 51.996251699117771 ], [ 5.6167229, 51.996324699117771 ], [ 5.6164525, 51.996724999117752 ], [ 5.6160525, 51.997301599117684 ], [ 5.6158882, 51.997487699117691 ], [ 5.6152947, 51.998391199117613 ], [ 5.6144153, 51.999645699117515 ], [ 5.614339, 51.999638499117495 ], [ 5.6141869, 51.999598899117508 ], [ 5.613395, 51.999367899117523 ], [ 5.6120245, 51.998972199117553 ], [ 5.6113523, 51.998774899117549 ], [ 5.6109517, 51.998657399117576 ], [ 5.6103798, 51.998492799117592 ], [ 5.6101969, 51.998439899117592 ], [ 5.609285, 51.99817629911761 ], [ 5.6081824, 51.997857399117642 ], [ 5.6072731, 51.997595299117663 ], [ 5.6070339, 51.997521299117686 ], [ 5.6068497, 51.997470899117666 ], [ 5.6059332, 51.997209899117699 ], [ 5.6056187, 51.997119499117716 ], [ 5.6053181, 51.997014999117702 ], [ 5.6051044, 51.996939599117731 ], [ 5.6050619, 51.996993599117729 ], [ 5.605047, 51.997064999117711 ], [ 5.6039794, 51.998363999117601 ], [ 5.6036758, 51.998733399117562 ], [ 5.6033888, 51.999085599117549 ], [ 5.6030814, 51.99946309911752 ], [ 5.6028161, 51.999789099117478 ], [ 5.6025802, 52.000078899117462 ], [ 5.602185, 52.000565799117425 ], [ 5.6013338, 52.001617299117321 ], [ 5.6006613, 52.002410299117237 ], [ 5.5999642, 52.003288199117172 ], [ 5.5999267, 52.003335399117184 ], [ 5.5999088, 52.003366099117173 ], [ 5.6007255, 52.003560699117145 ], [ 5.6015261, 52.003753299117129 ], [ 5.6023268, 52.003945599117124 ], [ 5.6056632, 52.004716099117047 ], [ 5.6057318, 52.004731099117045 ], [ 5.6058767, 52.004774299117059 ], [ 5.6059204, 52.004806899117035 ], [ 5.6059528, 52.004853199117029 ], [ 5.6059179, 52.004957899117031 ], [ 5.6059041, 52.005020599117024 ], [ 5.6058118, 52.005254899117006 ], [ 5.6057046, 52.005946899116957 ], [ 5.6056626, 52.006119999116926 ], [ 5.6056381, 52.006223899116932 ], [ 5.6056179, 52.006467199116905 ], [ 5.6055881, 52.006552699116881 ], [ 5.6055476, 52.006600499116892 ], [ 5.6055322, 52.006607899116887 ], [ 5.605491, 52.006629599116884 ], [ 5.6054674, 52.006642799116889 ], [ 5.6050441, 52.006766299116897 ], [ 5.603441, 52.007220399116839 ], [ 5.6025361, 52.007480999116822 ], [ 5.6024398, 52.007511399116808 ], [ 5.6011407, 52.007878699116787 ], [ 5.6008422, 52.007975599116783 ], [ 5.6006607, 52.008052599116773 ], [ 5.6005665, 52.008105899116742 ], [ 5.6005286, 52.008127299116758 ], [ 5.6004003, 52.008230599116757 ], [ 5.6002226, 52.008382299116732 ], [ 5.6001818, 52.008417199116742 ], [ 5.6000273, 52.008569699116727 ], [ 5.5999674, 52.008613399116719 ], [ 5.5998951, 52.008666299116719 ], [ 5.5998828, 52.008673399116716 ], [ 5.5997101, 52.008771699116714 ], [ 5.5993968, 52.008921399116701 ], [ 5.5987506, 52.00918319911667 ], [ 5.5986838, 52.009211699116676 ], [ 5.5978359, 52.009572499116651 ], [ 5.597701, 52.009629999116626 ], [ 5.5974301, 52.009745399116625 ], [ 5.5968043, 52.010006099116616 ], [ 5.5963287, 52.010204099116585 ], [ 5.5961774, 52.010278799116591 ], [ 5.5960536, 52.010382099116569 ], [ 5.5959464, 52.010470199116554 ], [ 5.5958604, 52.010552699116566 ], [ 5.594843, 52.010199199116585 ], [ 5.5940621, 52.010994499116528 ], [ 5.5939776, 52.010965799116519 ], [ 5.5931842, 52.010696799116538 ], [ 5.5924953, 52.011460199116485 ], [ 5.5924289, 52.011517399116478 ], [ 5.5935172, 52.011850199116459 ], [ 5.5935305, 52.011868499116439 ], [ 5.5935375, 52.01190689911644 ], [ 5.592331, 52.012549199116407 ], [ 5.5906665, 52.013433699116312 ], [ 5.5905959, 52.013474299116318 ], [ 5.5888884, 52.012863499116371 ], [ 5.58879, 52.012846599116365 ], [ 5.5884627, 52.012744599116374 ], [ 5.5877085, 52.012486099116394 ], [ 5.5876495, 52.012486199116402 ], [ 5.5875453, 52.012532999116381 ], [ 5.5870357, 52.012343699116414 ], [ 5.5868528, 52.012210199116417 ], [ 5.5867138, 52.012084799116423 ], [ 5.5866723, 52.012046799116433 ] ] ] ] } },
{ "type": "Feature", "properties": { "@id": "relation/10363295", "name": "Boswachterij Leersum" }, "geometry": { "type": "MultiPolygon", "coordinates": [ [ [ [ 5.3960466, 52.024471699115395 ], [ 5.3961807, 52.024821599115342 ], [ 5.3976989, 52.026841599115201 ], [ 5.3999739, 52.02972759911497 ], [ 5.4012579, 52.031387099114824 ], [ 5.4027671, 52.033271899114666 ], [ 5.4032877, 52.033095499114673 ], [ 5.4055515, 52.034339599114581 ], [ 5.4085698, 52.033109399114686 ], [ 5.4132784, 52.036335699114424 ], [ 5.4147725, 52.032649899114723 ], [ 5.4141538, 52.032538399114735 ], [ 5.4141915, 52.032454899114732 ], [ 5.4145537, 52.03251059911473 ], [ 5.4146216, 52.032431699114717 ], [ 5.4145084, 52.032352699114746 ], [ 5.4144254, 52.032060299114761 ], [ 5.4145235, 52.032050999114759 ], [ 5.4132219, 52.02928169911501 ], [ 5.4116785, 52.029773099114976 ], [ 5.4089279, 52.030605899114882 ], [ 5.404822, 52.031969899114777 ], [ 5.4048131, 52.031958699114767 ], [ 5.4041362, 52.031105099114846 ], [ 5.4033858, 52.030166199114923 ], [ 5.4029255, 52.029581199114965 ], [ 5.4015899, 52.028731599115041 ], [ 5.4034537, 52.028146599115082 ], [ 5.4032679, 52.027919099115103 ], [ 5.4032293, 52.027854799115111 ], [ 5.4036897, 52.02773699911512 ], [ 5.4040772, 52.027612299115134 ], [ 5.4037, 52.027380499115154 ], [ 5.4032962, 52.02665749911521 ], [ 5.4026398, 52.026364999115223 ], [ 5.4019172, 52.025309199115327 ], [ 5.4025502, 52.024999899115357 ], [ 5.4025351, 52.024662099115382 ], [ 5.4027841, 52.02391919911544 ], [ 5.4029113, 52.023707999115466 ], [ 5.4029077, 52.023556499115465 ], [ 5.4029077, 52.023433999115461 ], [ 5.4030275, 52.023204199115504 ], [ 5.4029948, 52.023030499115514 ], [ 5.4030015, 52.022900499115529 ], [ 5.4030039, 52.022867499115527 ], [ 5.4029388, 52.022828599115535 ], [ 5.4028746, 52.022823999115545 ], [ 5.4028331, 52.022833299115518 ], [ 5.4028058, 52.022818799115527 ], [ 5.4026963, 52.022224099115583 ], [ 5.4026884, 52.021602399115636 ], [ 5.3987074, 52.022802499115542 ], [ 5.3985263, 52.022765299115534 ], [ 5.3983075, 52.022820999115531 ], [ 5.3982622, 52.022923199115532 ], [ 5.3959916, 52.023587499115465 ], [ 5.3960466, 52.024471699115395 ] ] ], [ [ [ 5.4157422, 52.032652199114715 ], [ 5.4156705, 52.032826299114717 ], [ 5.416044, 52.032935399114685 ], [ 5.4165533, 52.033299799114658 ], [ 5.4152932, 52.033724499114619 ], [ 5.4156516, 52.034437099114577 ], [ 5.4157044, 52.034550799114562 ], [ 5.4162855, 52.035005799114529 ], [ 5.4207111, 52.037783899114295 ], [ 5.4243482, 52.040035099114107 ], [ 5.4204244, 52.043483699113835 ], [ 5.4205375, 52.043520799113828 ], [ 5.4211035, 52.043005599113876 ], [ 5.4223863, 52.043530099113823 ], [ 5.4242124, 52.043465099113845 ], [ 5.4241369, 52.043571799113828 ], [ 5.4255782, 52.044059199113782 ], [ 5.424899, 52.044643899113744 ], [ 5.4242048, 52.045066299113707 ], [ 5.4253367, 52.045525699113661 ], [ 5.4253065, 52.046124399113616 ], [ 5.4252009, 52.048699999113417 ], [ 5.4262878, 52.048230999113443 ], [ 5.4279551, 52.047511999113496 ], [ 5.4283626, 52.04758629911349 ], [ 5.4278193, 52.049108399113393 ], [ 5.4277363, 52.049744199113327 ], [ 5.4270421, 52.049688499113337 ], [ 5.4269742, 52.050811499113252 ], [ 5.4250801, 52.050922799113252 ], [ 5.4250726, 52.051943699113153 ], [ 5.4272307, 52.051860199113172 ], [ 5.4274118, 52.051707099113166 ], [ 5.4282645, 52.051628199113161 ], [ 5.4284758, 52.051558599113164 ], [ 5.4289134, 52.051345099113199 ], [ 5.4296907, 52.051191999113215 ], [ 5.4307622, 52.051071299113218 ], [ 5.4318714, 52.051038899113237 ], [ 5.4329429, 52.051196599113197 ], [ 5.433456, 52.051289399113188 ], [ 5.4342106, 52.051577099113182 ], [ 5.4373044, 52.051470399113192 ], [ 5.4372969, 52.051405399113193 ], [ 5.4382476, 52.051363699113182 ], [ 5.4382326, 52.051451899113196 ], [ 5.4387985, 52.051428599113201 ], [ 5.4388362, 52.051377599113216 ], [ 5.4399304, 52.051349799113183 ], [ 5.4400285, 52.051066699113235 ], [ 5.440451, 52.050848599113237 ], [ 5.4404435, 52.050788299113243 ], [ 5.4416696, 52.050706399113253 ], [ 5.4464877, 52.050384599113265 ], [ 5.4472423, 52.050347399113285 ], [ 5.4481025, 52.050259299113279 ], [ 5.4482914, 52.04972799911333 ], [ 5.44851, 52.049113099113377 ], [ 5.4485025, 52.048843899113393 ], [ 5.4483591, 52.048769699113407 ], [ 5.4479592, 52.048625799113402 ], [ 5.4473253, 52.048245299113454 ], [ 5.4462312, 52.047382099113499 ], [ 5.4455369, 52.046597799113577 ], [ 5.4455369, 52.046449299113569 ], [ 5.4462882, 52.046149199113628 ], [ 5.4465057, 52.046062299113622 ], [ 5.4470008, 52.045864499113648 ], [ 5.4466386, 52.04568349911365 ], [ 5.4478281, 52.045398499113666 ], [ 5.4498154, 52.04492239911373 ], [ 5.448588, 52.043212799113853 ], [ 5.4485326, 52.043135599113882 ], [ 5.4485251, 52.043047399113874 ], [ 5.4483515, 52.04274569911388 ], [ 5.4481931, 52.042230499113948 ], [ 5.4476271, 52.042193399113934 ], [ 5.4476753, 52.041765899113983 ], [ 5.4477705, 52.040921699114037 ], [ 5.4477804, 52.040835199114028 ], [ 5.4477902, 52.040749999114055 ], [ 5.447996, 52.038957999114189 ], [ 5.4481478, 52.037635399114293 ], [ 5.4482384, 52.036767399114382 ], [ 5.4482534, 52.036642099114374 ], [ 5.4482841, 52.036594899114384 ], [ 5.4483138, 52.03654919911439 ], [ 5.4483256, 52.036498699114397 ], [ 5.44851, 52.035708999114455 ], [ 5.4486292, 52.035262199114499 ], [ 5.4487515, 52.034803799114542 ], [ 5.4488007, 52.034632599114552 ], [ 5.4490156, 52.033884699114637 ], [ 5.4492382, 52.033174599114666 ], [ 5.4494813, 52.032398799114738 ], [ 5.4497649, 52.031493999114801 ], [ 5.4497853, 52.031428899114822 ], [ 5.4500569, 52.030630399114884 ], [ 5.4507058, 52.028736199115038 ], [ 5.451883, 52.026405499115228 ], [ 5.4521622, 52.025839099115267 ], [ 5.4524037, 52.025490899115312 ], [ 5.4530149, 52.024678299115394 ], [ 5.4530677, 52.024617999115378 ], [ 5.4457105, 52.021205099115669 ], [ 5.4459091, 52.023206599115511 ], [ 5.4459182, 52.023298999115497 ], [ 5.4459293, 52.023410699115487 ], [ 5.4441636, 52.023317899115497 ], [ 5.443741, 52.023322499115487 ], [ 5.4432204, 52.023364299115485 ], [ 5.4424431, 52.023364299115485 ], [ 5.4418621, 52.023392199115492 ], [ 5.4419412, 52.02406269911544 ], [ 5.4419634, 52.024251099115411 ], [ 5.442428, 52.028188399115081 ], [ 5.4429638, 52.032793799114707 ], [ 5.4379156, 52.032765899114715 ], [ 5.4373874, 52.032761299114696 ], [ 5.4368545, 52.028153199115096 ], [ 5.4364167, 52.024366799115406 ], [ 5.436248, 52.022927799115521 ], [ 5.4362329, 52.022890699115521 ], [ 5.4359839, 52.022874399115523 ], [ 5.4355085, 52.022823299115508 ], [ 5.4353463, 52.02280939911553 ], [ 5.4348369, 52.022774599115536 ], [ 5.4343842, 52.022762999115528 ], [ 5.4337994, 52.022767599115518 ], [ 5.433075, 52.022781599115547 ], [ 5.4327241, 52.022790799115533 ], [ 5.432094, 52.022769899115538 ], [ 5.4314677, 52.022774599115536 ], [ 5.4312036, 52.022795499115524 ], [ 5.4309885, 52.022779199115533 ], [ 5.4307056, 52.02275829911553 ], [ 5.4306996, 52.022700899115534 ], [ 5.4304474, 52.02027109911576 ], [ 5.430387, 52.01968909911578 ], [ 5.430234, 52.018214599115908 ], [ 5.4301434, 52.018212299115923 ], [ 5.4301095, 52.018151899115942 ], [ 5.4300491, 52.018117099115933 ], [ 5.4299623, 52.018114799115914 ], [ 5.4295586, 52.018140299115913 ], [ 5.4288983, 52.018249399115916 ], [ 5.4288757, 52.018312099115903 ], [ 5.4289625, 52.018321399115898 ], [ 5.4289097, 52.018402699115903 ], [ 5.4287474, 52.018453799115896 ], [ 5.428672, 52.018463099115891 ], [ 5.4286682, 52.018411999115891 ], [ 5.4285626, 52.018397999115912 ], [ 5.428472, 52.018365499115895 ], [ 5.4284305, 52.018293599115914 ], [ 5.4284305, 52.018237799115916 ], [ 5.4284418, 52.018212299115923 ], [ 5.4279476, 52.017425199115962 ], [ 5.4266723, 52.017601599115977 ], [ 5.4259781, 52.017564499115977 ], [ 5.4251782, 52.017531999115988 ], [ 5.4226881, 52.017908099115942 ], [ 5.4218732, 52.017165099116021 ], [ 5.4217675, 52.017216199116014 ], [ 5.4217565, 52.017245099115996 ], [ 5.4217222, 52.017295099115991 ], [ 5.4215864, 52.017322999115969 ], [ 5.421443, 52.017281199115992 ], [ 5.421277, 52.017327599115973 ], [ 5.4216091, 52.017643399115961 ], [ 5.4213457, 52.017755699115952 ], [ 5.4216967, 52.018086799115927 ], [ 5.4214601, 52.018199899115906 ], [ 5.421302, 52.018037599115935 ], [ 5.4210839, 52.017836999115929 ], [ 5.4207036, 52.017987099115935 ], [ 5.4200923, 52.017392699115987 ], [ 5.4196396, 52.017332299115978 ], [ 5.4191793, 52.017202299116001 ], [ 5.4187869, 52.017025799116013 ], [ 5.4185002, 52.016816799116029 ], [ 5.4180927, 52.016338499116095 ], [ 5.4177833, 52.016059799116093 ], [ 5.4171947, 52.015697599116123 ], [ 5.4163873, 52.015920499116099 ], [ 5.4168627, 52.016440699116075 ], [ 5.4166439, 52.016500999116055 ], [ 5.4163873, 52.016658899116045 ], [ 5.4157082, 52.016812199116032 ], [ 5.4161911, 52.017271899115983 ], [ 5.4159799, 52.017341599115994 ], [ 5.4172853, 52.018112499115915 ], [ 5.4191265, 52.01922699911583 ], [ 5.4198056, 52.019649499115786 ], [ 5.4214808, 52.020624699115707 ], [ 5.4223787, 52.020940399115688 ], [ 5.4231484, 52.021195799115674 ], [ 5.4240676, 52.021308399115668 ], [ 5.4247708, 52.021344399115641 ], [ 5.4257668, 52.021395499115648 ], [ 5.4271138, 52.033989099114613 ], [ 5.4248462, 52.033754699114603 ], [ 5.423156, 52.033752399114618 ], [ 5.4152894, 52.032134599114769 ], [ 5.4152177, 52.032366699114739 ], [ 5.415146, 52.032531499114732 ], [ 5.4157422, 52.032652199114715 ] ] ] ] } },
{ "type": "Feature", "properties": { "@id": "relation/2750441", "name": "De Hoge Veluwe" }, "geometry": { "type": "MultiPolygon", "coordinates": [ [ [ [ 5.7774476, 52.086632999110421 ], [ 5.777505, 52.08640199911045 ], [ 5.777805, 52.085923999110491 ], [ 5.778342, 52.08531099911054 ], [ 5.778546, 52.084977999110556 ], [ 5.7801843, 52.081869999110808 ], [ 5.7805508, 52.081389499110841 ], [ 5.7814621, 52.080447599110911 ], [ 5.7849228, 52.076817999111192 ], [ 5.7861391, 52.076856899111192 ], [ 5.7869861, 52.076752999111186 ], [ 5.7873203, 52.076713399111192 ], [ 5.7872557, 52.076575599111202 ], [ 5.7871185, 52.076183899111228 ], [ 5.7860888, 52.07629869911122 ], [ 5.7859981, 52.076275399111246 ], [ 5.7857637, 52.076104999111237 ], [ 5.7860233, 52.07575249911126 ], [ 5.7870028, 52.074885099111334 ], [ 5.7872717, 52.074790799111355 ], [ 5.7878606, 52.074713299111359 ], [ 5.7873115, 52.074522899111351 ], [ 5.7883153, 52.073534999111438 ], [ 5.7894757, 52.072304399111538 ], [ 5.790499, 52.071019799111632 ], [ 5.792959, 52.067565799111918 ], [ 5.7936129, 52.066575499111977 ], [ 5.7941333, 52.065892099112062 ], [ 5.7943977, 52.065475499112054 ], [ 5.796254, 52.062801499112275 ], [ 5.7980623, 52.060143799112495 ], [ 5.7987083, 52.05929709911257 ], [ 5.7994299, 52.058257999112648 ], [ 5.8001404, 52.057241099112737 ], [ 5.8001473, 52.057054899112742 ], [ 5.8009355, 52.055954899112827 ], [ 5.8018241, 52.054683299112938 ], [ 5.8024055, 52.053840299112998 ], [ 5.8030318, 52.053093999113059 ], [ 5.8029707, 52.053078799113045 ], [ 5.8032363, 52.052775899113087 ], [ 5.8040781, 52.051453999113185 ], [ 5.8056394, 52.049245899113373 ], [ 5.8057912, 52.04928859911336 ], [ 5.8058579, 52.049193599113373 ], [ 5.8059308, 52.049089099113374 ], [ 5.8057905, 52.04905619911338 ], [ 5.8063286, 52.048301199113432 ], [ 5.8069988, 52.04719059911352 ], [ 5.8076835, 52.046040399113629 ], [ 5.8091963, 52.044101999113792 ], [ 5.8095406, 52.044179899113772 ], [ 5.8100259, 52.043666799113822 ], [ 5.8105775, 52.043185299113858 ], [ 5.8098881, 52.042989999113864 ], [ 5.8104672, 52.04214529911394 ], [ 5.8105146, 52.042084999113946 ], [ 5.8112481, 52.041112299114033 ], [ 5.8121287, 52.039792599114136 ], [ 5.8141657, 52.036765099114376 ], [ 5.8144628, 52.03638479911443 ], [ 5.8149095, 52.036066699114436 ], [ 5.8150128, 52.036012199114438 ], [ 5.8152344, 52.035903999114446 ], [ 5.8154382, 52.035816399114474 ], [ 5.8156556, 52.035733999114463 ], [ 5.8157792, 52.03569049911448 ], [ 5.8159122, 52.035646099114473 ], [ 5.8160433, 52.035605199114478 ], [ 5.8161772, 52.03556859911447 ], [ 5.816471, 52.035496599114488 ], [ 5.8166295, 52.035465599114488 ], [ 5.8167941, 52.035442399114487 ], [ 5.8169645, 52.03542199911449 ], [ 5.8172473, 52.035392799114483 ], [ 5.8175331, 52.035365599114492 ], [ 5.8178595, 52.035335899114507 ], [ 5.818141, 52.035315899114501 ], [ 5.8184207, 52.035299099114496 ], [ 5.8193104, 52.035248899114499 ], [ 5.8207585, 52.035168499114498 ], [ 5.8218899, 52.035109899114516 ], [ 5.822213, 52.035086999114512 ], [ 5.8229397, 52.035043499114508 ], [ 5.8233093, 52.035019199114529 ], [ 5.8236672, 52.034993099114523 ], [ 5.8239766, 52.034964299114542 ], [ 5.8242867, 52.034932599114526 ], [ 5.82458, 52.034895199114551 ], [ 5.8248804, 52.034852799114539 ], [ 5.825111, 52.034816899114546 ], [ 5.8259885, 52.034658899114561 ], [ 5.8265146, 52.034562699114559 ], [ 5.8279127, 52.034301999114582 ], [ 5.8293061, 52.034040299114594 ], [ 5.8307025, 52.03377559911462 ], [ 5.8320919, 52.033511599114632 ], [ 5.8329022, 52.033356399114666 ], [ 5.8332025, 52.033309299114663 ], [ 5.8335039, 52.033264099114675 ], [ 5.8335864, 52.03325469911465 ], [ 5.8337543, 52.033234499114684 ], [ 5.8338938, 52.033218699114656 ], [ 5.8344236, 52.033197999114655 ], [ 5.8349261, 52.033180499114678 ], [ 5.8354824, 52.033158599114678 ], [ 5.8363809, 52.033124899114696 ], [ 5.837834, 52.033071399114675 ], [ 5.8392887, 52.033017599114693 ], [ 5.8407452, 52.032962799114706 ], [ 5.8421997, 52.032908699114707 ], [ 5.8432369, 52.032869699114705 ], [ 5.8451054, 52.032800999114691 ], [ 5.8465636, 52.032746099114711 ], [ 5.8480351, 52.032691899114724 ], [ 5.8494734, 52.032639499114715 ], [ 5.8503409, 52.03260709911472 ], [ 5.8504404, 52.033020599114693 ], [ 5.8517137, 52.032936999114682 ], [ 5.8515822, 52.032559799114729 ], [ 5.8516728, 52.032556899114724 ], [ 5.858843, 52.032338599114745 ], [ 5.8614933, 52.03223509911475 ], [ 5.8633449, 52.032169399114771 ], [ 5.8641595, 52.032140899114765 ], [ 5.8643402, 52.034163699114579 ], [ 5.8674297, 52.03404179911459 ], [ 5.8699122, 52.033944499114611 ], [ 5.8688668, 52.038511999114228 ], [ 5.8687836, 52.038878799114208 ], [ 5.8686647, 52.039220899114177 ], [ 5.8653447, 52.039883999114146 ], [ 5.8621318, 52.040571099114054 ], [ 5.8577876, 52.041447199113989 ], [ 5.8555236, 52.041882699113962 ], [ 5.8529034, 52.043204399113854 ], [ 5.8529131, 52.04332689911385 ], [ 5.85506, 52.047691599113492 ], [ 5.8566361, 52.050872699113249 ], [ 5.8570144, 52.051822799113161 ], [ 5.857047, 52.051893299113154 ], [ 5.8571007, 52.051895599113159 ], [ 5.8574799, 52.051908899113158 ], [ 5.8596759, 52.052013799113148 ], [ 5.8608154, 52.051969299113139 ], [ 5.861925, 52.051921399113155 ], [ 5.8631622, 52.052615599113096 ], [ 5.86133, 52.054000299112978 ], [ 5.860663, 52.05454179911294 ], [ 5.8610979, 52.054762299112923 ], [ 5.8611546, 52.054791199112913 ], [ 5.8648017, 52.056577699112786 ], [ 5.8655644, 52.059364299112566 ], [ 5.8615353, 52.063099899112252 ], [ 5.8608639, 52.063621799112219 ], [ 5.8629378, 52.064815999112135 ], [ 5.8702988, 52.064983199112106 ], [ 5.8719498, 52.065980199112033 ], [ 5.8727492, 52.07151349911161 ], [ 5.8728933, 52.072448499111523 ], [ 5.8729087, 52.07254789911152 ], [ 5.8729846, 52.073035599111485 ], [ 5.8729987, 52.073126199111485 ], [ 5.8731818, 52.074319799111379 ], [ 5.8736298, 52.074328599111382 ], [ 5.8736861, 52.074330299111374 ], [ 5.8755998, 52.074389399111375 ], [ 5.8780549, 52.074465199111373 ], [ 5.8793863, 52.077138599111173 ], [ 5.8803372, 52.077180299111141 ], [ 5.880276, 52.077546799111133 ], [ 5.8802686, 52.077600499111135 ], [ 5.8802165, 52.077978499111097 ], [ 5.8794706, 52.078207299111092 ], [ 5.8794786, 52.07855569911105 ], [ 5.8800994, 52.078964099111012 ], [ 5.8796279, 52.082026199110786 ], [ 5.87945, 52.082986199110707 ], [ 5.8792781, 52.084588499110602 ], [ 5.8791811, 52.086282299110465 ], [ 5.8790762, 52.088114199110308 ], [ 5.8789593, 52.089749599110185 ], [ 5.8789344, 52.090508099110131 ], [ 5.8788671, 52.091317499110062 ], [ 5.8788183, 52.092171899110021 ], [ 5.8787108, 52.094057199109848 ], [ 5.878633, 52.095234199109768 ], [ 5.8786631, 52.096995199109649 ], [ 5.8787819, 52.101523099109301 ], [ 5.8787899, 52.103711599109118 ], [ 5.8776182, 52.103694399109138 ], [ 5.8769823, 52.10389349910912 ], [ 5.8764743, 52.104111699109112 ], [ 5.8756194, 52.104704599109084 ], [ 5.875657, 52.105234899109035 ], [ 5.8757219, 52.105332799109021 ], [ 5.8758181, 52.105371699109007 ], [ 5.8781525, 52.10587279910898 ], [ 5.8774918, 52.107301099108859 ], [ 5.8765618, 52.109308699108716 ], [ 5.8762078, 52.110051699108666 ], [ 5.8759277, 52.110331399108652 ], [ 5.8751594, 52.111969399108524 ], [ 5.8748468, 52.113136199108418 ], [ 5.8748222, 52.113238399108432 ], [ 5.8745283, 52.114246299108352 ], [ 5.8738677, 52.115612799108249 ], [ 5.8723404, 52.115386299108273 ], [ 5.8717839, 52.116641599108178 ], [ 5.8708069, 52.117449699108114 ], [ 5.8726636, 52.118172099108058 ], [ 5.8725922, 52.118251799108059 ], [ 5.8724496, 52.118361799108058 ], [ 5.870292, 52.120449399107898 ], [ 5.8668911, 52.123773499107642 ], [ 5.8680259, 52.124381699107623 ], [ 5.8679129, 52.124480799107616 ], [ 5.8678329, 52.124545999107603 ], [ 5.8674468, 52.124387899107603 ], [ 5.8671346, 52.124634399107599 ], [ 5.8665411, 52.124900799107586 ], [ 5.8662881, 52.125019099107583 ], [ 5.8658191, 52.125157999107564 ], [ 5.8653078, 52.125250999107543 ], [ 5.861724, 52.125613199107512 ], [ 5.8587007, 52.125868199107508 ], [ 5.8543322, 52.126210799107469 ], [ 5.8529668, 52.126309999107477 ], [ 5.8515943, 52.126430699107459 ], [ 5.8502239, 52.126587599107459 ], [ 5.847941, 52.126775299107429 ], [ 5.8466203, 52.126797199107436 ], [ 5.8452966, 52.126773699107446 ], [ 5.8447355, 52.12672359910745 ], [ 5.8438537, 52.126558899107458 ], [ 5.8349814, 52.124828399107585 ], [ 5.8345827, 52.124729599107596 ], [ 5.8341879, 52.1245468991076 ], [ 5.8328211, 52.124269299107624 ], [ 5.8329685, 52.123961299107634 ], [ 5.8324534, 52.12385439910765 ], [ 5.832225, 52.123855099107644 ], [ 5.8320477, 52.123851499107644 ], [ 5.8319353, 52.124048299107642 ], [ 5.8268387, 52.122959099107717 ], [ 5.8249452, 52.122558599107748 ], [ 5.822884, 52.122138199107788 ], [ 5.8190383, 52.121577999107814 ], [ 5.8156203, 52.12114089910785 ], [ 5.8139741, 52.121024999107867 ], [ 5.8098734, 52.121100899107851 ], [ 5.8068983, 52.12120409910785 ], [ 5.7999833, 52.121132499107844 ], [ 5.797642, 52.120965699107863 ], [ 5.7961722, 52.120627599107877 ], [ 5.7959647, 52.120537999107896 ], [ 5.7947483, 52.119890099107927 ], [ 5.7911997, 52.118014599108093 ], [ 5.7881372, 52.1163643991082 ], [ 5.7863193, 52.115318599108278 ], [ 5.7834842, 52.113673599108402 ], [ 5.7816174, 52.112501699108492 ], [ 5.7815012, 52.112429099108489 ], [ 5.7797775, 52.111373899108564 ], [ 5.7791546, 52.110893599108593 ], [ 5.7780056, 52.109029099108746 ], [ 5.7785843, 52.108814799108771 ], [ 5.7793533, 52.108610999108777 ], [ 5.7788236, 52.10780139910883 ], [ 5.7792429, 52.107735299108839 ], [ 5.7800962, 52.108066499108816 ], [ 5.7801416, 52.108066299108813 ], [ 5.7801716, 52.108028899108824 ], [ 5.780186, 52.107958899108837 ], [ 5.7801103, 52.107694499108845 ], [ 5.7806169, 52.107495299108848 ], [ 5.7822562, 52.107476099108851 ], [ 5.7826016, 52.107347699108864 ], [ 5.7839622, 52.107238099108869 ], [ 5.7850554, 52.107132699108881 ], [ 5.7856234, 52.107029199108901 ], [ 5.7871739, 52.106525199108944 ], [ 5.7872871, 52.103264899109149 ], [ 5.7874131, 52.103167399109182 ], [ 5.7873772, 52.103095599109196 ], [ 5.7873874, 52.103022999109186 ], [ 5.7873528, 52.102951499109189 ], [ 5.7873426, 52.10286029910921 ], [ 5.7867019, 52.101421299109319 ], [ 5.7877685, 52.099983599109414 ], [ 5.7904371, 52.096640999109667 ], [ 5.7909377, 52.095968099109704 ], [ 5.7911133, 52.095767399109725 ], [ 5.7918688, 52.094878899109794 ], [ 5.7939751, 52.092217699110009 ], [ 5.7937961, 52.092165699110019 ], [ 5.793711, 52.092140999110001 ], [ 5.793309, 52.092005999110008 ], [ 5.791769, 52.091698999110044 ], [ 5.7906361, 52.091285299110076 ], [ 5.790489, 52.091130399110092 ], [ 5.7885126, 52.090310899110143 ], [ 5.7882616, 52.090146699110164 ], [ 5.787537, 52.089928999110185 ], [ 5.786684, 52.089684999110197 ], [ 5.7862836, 52.089088299110244 ], [ 5.786002, 52.088715999110271 ], [ 5.785385, 52.088343999110293 ], [ 5.784752, 52.088073999110328 ], [ 5.784173, 52.087871999110334 ], [ 5.783561, 52.087799999110352 ], [ 5.7833307, 52.087781599110343 ], [ 5.783009, 52.087697999110368 ], [ 5.782692, 52.087637999110335 ], [ 5.782033, 52.087548999110375 ], [ 5.781614, 52.087591999110359 ], [ 5.781217, 52.087591999110359 ], [ 5.780686, 52.087440999110378 ], [ 5.777897, 52.086767999110421 ], [ 5.7774476, 52.086632999110421 ] ] ] ] } },
{ "type": "Feature", "properties": { "@id": "relation/2746127", "name": "Dwingelderveld" }, "geometry": { "type": "MultiPolygon", "coordinates": [ [ [ [ 6.3377654, 52.812995799084348 ], [ 6.3382177, 52.812704499084369 ], [ 6.3383503, 52.812641099084345 ], [ 6.3386217, 52.812551299084355 ], [ 6.3404489, 52.811968299084349 ], [ 6.3407352, 52.811853599084344 ], [ 6.3415083, 52.811271699084337 ], [ 6.3426157, 52.810409499084336 ], [ 6.3427542, 52.810467899084337 ], [ 6.3428153, 52.810421399084348 ], [ 6.342692, 52.810358899084335 ], [ 6.3431933, 52.809952099084335 ], [ 6.3431933, 52.80993129908434 ], [ 6.343054, 52.809855499084314 ], [ 6.3430649, 52.809791899084331 ], [ 6.3418994, 52.809083799084327 ], [ 6.3419039, 52.809022599084315 ], [ 6.3408423, 52.808366499084308 ], [ 6.3406459, 52.808257399084319 ], [ 6.3406454, 52.808233199084327 ], [ 6.3407089, 52.80819339908431 ], [ 6.340808, 52.808123499084317 ], [ 6.3407169, 52.808006799084325 ], [ 6.3403422, 52.807600299084321 ], [ 6.3400694, 52.807439599084319 ], [ 6.3400838, 52.807368699084329 ], [ 6.3397199, 52.807129999084303 ], [ 6.3405059, 52.806572099084292 ], [ 6.3410767, 52.8069326990843 ], [ 6.3445235, 52.809085899084316 ], [ 6.3446052, 52.809143599084322 ], [ 6.3446055, 52.809170599084339 ], [ 6.3446702, 52.80922229908434 ], [ 6.3447106, 52.809225899084332 ], [ 6.3447727, 52.809234999084318 ], [ 6.3459064, 52.809942699084324 ], [ 6.3459792, 52.809892699084351 ], [ 6.3460043, 52.809863299084334 ], [ 6.346055, 52.809839299084331 ], [ 6.347126, 52.809202099084317 ], [ 6.3472361, 52.809267999084327 ], [ 6.3472285, 52.809246699084341 ], [ 6.3473099, 52.809206799084329 ], [ 6.3475003, 52.809097899084307 ], [ 6.3478676, 52.808896099084322 ], [ 6.3480982, 52.808766199084346 ], [ 6.3481243, 52.808751899084328 ], [ 6.3480714, 52.808613599084325 ], [ 6.3479312, 52.808263099084314 ], [ 6.3477386, 52.807816899084301 ], [ 6.3474437, 52.807082199084306 ], [ 6.3471741, 52.806455799084304 ], [ 6.3470966, 52.806261999084292 ], [ 6.3466572, 52.805604899084315 ], [ 6.3464824, 52.805135599084309 ], [ 6.346349, 52.804830499084318 ], [ 6.3461744, 52.804368999084303 ], [ 6.3459556, 52.803772499084296 ], [ 6.3458658, 52.803629399084279 ], [ 6.3458864, 52.803531999084292 ], [ 6.3460129, 52.803467499084277 ], [ 6.346754, 52.803078999084285 ], [ 6.346795, 52.803075899084305 ], [ 6.3469438, 52.802984799084292 ], [ 6.3466891, 52.802831799084295 ], [ 6.3462773, 52.802599199084298 ], [ 6.3460049, 52.802465999084276 ], [ 6.3456641, 52.802352399084278 ], [ 6.3453927, 52.802268699084287 ], [ 6.3451623, 52.802190199084279 ], [ 6.3451299, 52.802170799084287 ], [ 6.345417, 52.801913399084299 ], [ 6.3462475, 52.801233799084279 ], [ 6.3462968, 52.801188999084289 ], [ 6.3468581, 52.800949099084285 ], [ 6.3474659, 52.800768399084276 ], [ 6.3473357, 52.800601499084266 ], [ 6.3471253, 52.800314399084264 ], [ 6.3469196, 52.800072799084269 ], [ 6.3467399, 52.799878799084283 ], [ 6.3465563, 52.799671799084265 ], [ 6.3463951, 52.799508499084268 ], [ 6.3460594, 52.799224199084271 ], [ 6.3458513, 52.799043799084259 ], [ 6.3458268, 52.798993999084267 ], [ 6.3459925, 52.798990999084268 ], [ 6.3460346, 52.798987899084267 ], [ 6.3481792, 52.798975099084259 ], [ 6.3487898, 52.798974699084269 ], [ 6.3492981, 52.798970599084264 ], [ 6.3503902, 52.798961799084267 ], [ 6.3509662, 52.798949299084271 ], [ 6.3510718, 52.798947299084261 ], [ 6.3513232, 52.798949799084276 ], [ 6.3536425, 52.798973099084279 ], [ 6.3540195, 52.797488799084263 ], [ 6.3545666, 52.795297399084248 ], [ 6.3545905, 52.79524489908426 ], [ 6.3536552, 52.794975599084268 ], [ 6.3531216, 52.794814199084236 ], [ 6.3525903, 52.794631899084237 ], [ 6.3524785, 52.794577199084245 ], [ 6.352417, 52.794541199084236 ], [ 6.3523422, 52.79446769908423 ], [ 6.3521123, 52.794148799084248 ], [ 6.3519666, 52.793950499084247 ], [ 6.3518866, 52.793841599084253 ], [ 6.3513956, 52.793173699084257 ], [ 6.3508217, 52.792368299084245 ], [ 6.350777, 52.792316899084241 ], [ 6.3506113, 52.79211599908421 ], [ 6.3505057, 52.791956799084254 ], [ 6.3504784, 52.791941299084229 ], [ 6.3504348, 52.791915199084222 ], [ 6.3495198, 52.791645099084221 ], [ 6.3493576, 52.791604299084234 ], [ 6.3492165, 52.791549799084223 ], [ 6.3491028, 52.791521499084247 ], [ 6.3481176, 52.791240699084227 ], [ 6.3479122, 52.791182199084247 ], [ 6.3463174, 52.790713599084235 ], [ 6.3459688, 52.790610799084234 ], [ 6.3449511, 52.790315599084224 ], [ 6.343374, 52.789881099084248 ], [ 6.3431499, 52.789815999084219 ], [ 6.3429361, 52.789753699084223 ], [ 6.342654, 52.789671699084224 ], [ 6.3434402, 52.789463199084217 ], [ 6.3435893, 52.789396799084223 ], [ 6.343875, 52.789188899084223 ], [ 6.3440397, 52.789093599084211 ], [ 6.3442382, 52.788980899084201 ], [ 6.3444293, 52.78891709908423 ], [ 6.345699, 52.788481599084228 ], [ 6.3458758, 52.788444199084211 ], [ 6.3461011, 52.788415999084201 ], [ 6.3464447, 52.788387399084208 ], [ 6.3467933, 52.788341899084209 ], [ 6.3471093, 52.788290499084233 ], [ 6.3474469, 52.788232799084213 ], [ 6.3477898, 52.788170999084223 ], [ 6.3480044, 52.78814339908422 ], [ 6.3482086, 52.788135099084208 ], [ 6.3484937, 52.7881428990842 ], [ 6.3488924, 52.788178399084217 ], [ 6.3491272, 52.788215899084221 ], [ 6.3493973, 52.78826589908423 ], [ 6.3497656, 52.788380399084218 ], [ 6.3502976, 52.788607499084208 ], [ 6.3504486, 52.788629399084215 ], [ 6.350583, 52.788618199084226 ], [ 6.3507381, 52.788562399084213 ], [ 6.350892, 52.788388099084216 ], [ 6.3510095, 52.788471499084217 ], [ 6.3511914, 52.788622799084223 ], [ 6.3512938, 52.788728699084231 ], [ 6.3513483, 52.788785599084228 ], [ 6.3514408, 52.78891289908421 ], [ 6.3514487, 52.788925199084204 ], [ 6.3516785, 52.789114899084232 ], [ 6.3517965, 52.789213899084224 ], [ 6.3519461, 52.789327299084199 ], [ 6.3521674, 52.789466599084221 ], [ 6.3523912, 52.789583299084235 ], [ 6.3525956, 52.789673199084227 ], [ 6.35294, 52.78980239908423 ], [ 6.3534388, 52.789963599084224 ], [ 6.3534909, 52.789918799084234 ], [ 6.3536307, 52.78980979908421 ], [ 6.353752, 52.789711599084214 ], [ 6.3537053, 52.789671499084221 ], [ 6.3538633, 52.789544999084207 ], [ 6.3540096, 52.789529699084213 ], [ 6.3541196, 52.789445199084199 ], [ 6.3541018, 52.789414399084215 ], [ 6.353927, 52.789305699084231 ], [ 6.3539349, 52.789274199084218 ], [ 6.3542264, 52.789078599084235 ], [ 6.3543116, 52.789020599084218 ], [ 6.3551189, 52.789166799084228 ], [ 6.3552085, 52.788946499084219 ], [ 6.3553614, 52.788724999084209 ], [ 6.3554482, 52.788733899084235 ], [ 6.3556159, 52.788469599084216 ], [ 6.3555525, 52.788450999084219 ], [ 6.3558544, 52.787846399084223 ], [ 6.3559731, 52.787707499084206 ], [ 6.3562835, 52.787398499084219 ], [ 6.3561348, 52.787366599084201 ], [ 6.3560849, 52.787353499084226 ], [ 6.3551106, 52.787101299084199 ], [ 6.3550114, 52.787088099084194 ], [ 6.3549304, 52.787070699084218 ], [ 6.3549397, 52.786401599084201 ], [ 6.3549621, 52.7851149990842 ], [ 6.3549465, 52.78505949908422 ], [ 6.354894, 52.785018299084186 ], [ 6.3548363, 52.785009799084207 ], [ 6.3547819, 52.785019199084211 ], [ 6.3547229, 52.785076999084204 ], [ 6.3546859, 52.785225599084185 ], [ 6.3516961, 52.784548199084213 ], [ 6.3507577, 52.784301499084194 ], [ 6.3506439, 52.784270199084204 ], [ 6.3506001, 52.784246899084188 ], [ 6.3503665, 52.7840885990842 ], [ 6.3502571, 52.784018199084194 ], [ 6.3499245, 52.783745599084192 ], [ 6.349572, 52.783490099084212 ], [ 6.3494911, 52.783426699084195 ], [ 6.3497351, 52.783185999084189 ], [ 6.3500872, 52.782830899084196 ], [ 6.3506012, 52.782325699084204 ], [ 6.3506946, 52.782358599084198 ], [ 6.3519504, 52.781132199084183 ], [ 6.3521384, 52.781244799084206 ], [ 6.3522417, 52.7813062990842 ], [ 6.3532359, 52.781900999084215 ], [ 6.3533572, 52.781973599084196 ], [ 6.353434, 52.782019599084173 ], [ 6.3535065, 52.782062899084202 ], [ 6.3542823, 52.782527899084187 ], [ 6.3545163, 52.782668199084192 ], [ 6.3560702, 52.783597599084203 ], [ 6.356249, 52.783705199084203 ], [ 6.3569186, 52.784108699084193 ], [ 6.3570099, 52.784164099084187 ], [ 6.3574532, 52.784433099084211 ], [ 6.3576518, 52.784083099084192 ], [ 6.3576829, 52.784003599084201 ], [ 6.3577907, 52.783815699084208 ], [ 6.3578005, 52.783724599084216 ], [ 6.3577471, 52.783573399084197 ], [ 6.3577481, 52.78349129908419 ], [ 6.3578187, 52.783292399084189 ], [ 6.3578829, 52.783124499084188 ], [ 6.3578874, 52.783067199084201 ], [ 6.3578656, 52.783012299084206 ], [ 6.3577515, 52.782913199084199 ], [ 6.357439, 52.782682099084198 ], [ 6.3573157, 52.782563399084182 ], [ 6.3572699, 52.782483499084186 ], [ 6.3572592, 52.782397599084192 ], [ 6.3572719, 52.782310999084196 ], [ 6.3572782, 52.782269399084178 ], [ 6.3572887, 52.782199599084194 ], [ 6.3574998, 52.781574899084198 ], [ 6.3575503, 52.781462099084187 ], [ 6.3576258, 52.78141709908418 ], [ 6.357775, 52.781376599084183 ], [ 6.3579227, 52.781278799084198 ], [ 6.3581799, 52.781388999084186 ], [ 6.3583272, 52.781451899084189 ], [ 6.3584372, 52.781501599084187 ], [ 6.3585916, 52.781571099084189 ], [ 6.3588182, 52.781702899084159 ], [ 6.3589024, 52.781793299084192 ], [ 6.3589546, 52.781891099084191 ], [ 6.3589612, 52.781926499084193 ], [ 6.3589591, 52.782116099084206 ], [ 6.3589521, 52.782376699084196 ], [ 6.3589611, 52.782519399084187 ], [ 6.3589762, 52.782593699084202 ], [ 6.3590311, 52.782685999084201 ], [ 6.3591229, 52.782774599084199 ], [ 6.3591581, 52.782797299084216 ], [ 6.3593086, 52.782895499084212 ], [ 6.3593845, 52.782926399084197 ], [ 6.3594503, 52.7829418990842 ], [ 6.3597045, 52.783001799084197 ], [ 6.3600724, 52.783081399084217 ], [ 6.3603854, 52.783149199084185 ], [ 6.3606168, 52.783199499084205 ], [ 6.3607376, 52.783225399084202 ], [ 6.3609055, 52.783255499084191 ], [ 6.3610136, 52.783274899084212 ], [ 6.3610802, 52.783286699084208 ], [ 6.3611101, 52.783280799084196 ], [ 6.3611971, 52.783263299084204 ], [ 6.3613292, 52.783236899084216 ], [ 6.3614956, 52.783176599084207 ], [ 6.3617446, 52.783063899084198 ], [ 6.3620606, 52.782898399084196 ], [ 6.3621346, 52.782861199084202 ], [ 6.3621763, 52.782840699084197 ], [ 6.3622253, 52.782816099084208 ], [ 6.3622739, 52.782791599084199 ], [ 6.3623781, 52.782717699084195 ], [ 6.3625379, 52.782562999084206 ], [ 6.36264, 52.782455499084207 ], [ 6.3627104, 52.7823812990842 ], [ 6.3629297, 52.782181799084192 ], [ 6.3630978, 52.782074799084185 ], [ 6.36328, 52.781996899084206 ], [ 6.3633582, 52.781974899084197 ], [ 6.3634425, 52.781951699084189 ], [ 6.3636865, 52.781884599084194 ], [ 6.3638801, 52.78184819908418 ], [ 6.3640994, 52.781806499084205 ], [ 6.3643424, 52.781774899084184 ], [ 6.364723, 52.781729599084208 ], [ 6.3648021, 52.781720399084186 ], [ 6.364896, 52.781702799084194 ], [ 6.3650745, 52.781669899084193 ], [ 6.3654072, 52.781585299084206 ], [ 6.3664827, 52.781295999084186 ], [ 6.3665164, 52.781286699084205 ], [ 6.3669372, 52.781161899084204 ], [ 6.3670173, 52.781096699084202 ], [ 6.3675929, 52.781264399084186 ], [ 6.3679603, 52.781361399084197 ], [ 6.3680306, 52.781367499084205 ], [ 6.3688199, 52.780899299084197 ], [ 6.3688833, 52.780936999084183 ], [ 6.3690441, 52.780971599084189 ], [ 6.3700717, 52.781236699084175 ], [ 6.3706991, 52.780847899084186 ], [ 6.3717933, 52.781524799084195 ], [ 6.3724541, 52.78194569908419 ], [ 6.3725068, 52.781911599084204 ], [ 6.3724844, 52.781849999084201 ], [ 6.372657, 52.781957499084186 ], [ 6.3741903, 52.782912799084215 ], [ 6.3744105, 52.783064299084202 ], [ 6.3744752, 52.783108699084202 ], [ 6.3745154, 52.783136499084179 ], [ 6.3745842, 52.783177499084189 ], [ 6.3748542, 52.783338699084204 ], [ 6.3750829, 52.783474999084184 ], [ 6.3752182, 52.783555899084192 ], [ 6.3761401, 52.784122999084211 ], [ 6.3762028, 52.78416119908421 ], [ 6.3758411, 52.784396599084211 ], [ 6.3755191, 52.784606199084209 ], [ 6.3761864, 52.784987699084191 ], [ 6.3768559, 52.784558599084214 ], [ 6.3779221, 52.785203699084192 ], [ 6.3779994, 52.785158099084214 ], [ 6.380881, 52.783470199084178 ], [ 6.3819166, 52.782875599084193 ], [ 6.3819795, 52.782853199084201 ], [ 6.3820889, 52.782843299084199 ], [ 6.3826119, 52.782537299084197 ], [ 6.3844783, 52.781463299084201 ], [ 6.3863152, 52.780392399084185 ], [ 6.3868931, 52.78004719908418 ], [ 6.3868929, 52.779906099084172 ], [ 6.3869014, 52.779852099084174 ], [ 6.3869445, 52.779762499084192 ], [ 6.3869422, 52.779660799084184 ], [ 6.3869518, 52.779605699084172 ], [ 6.3869819, 52.779562699084202 ], [ 6.3870831, 52.779473099084193 ], [ 6.3872923, 52.779309599084179 ], [ 6.3873707, 52.779204999084172 ], [ 6.3874225, 52.779087699084187 ], [ 6.387681, 52.779232699084176 ], [ 6.38796, 52.77938319908418 ], [ 6.3884906, 52.779002899084169 ], [ 6.388694, 52.779087699084187 ], [ 6.3888834, 52.779136099084191 ], [ 6.3891094, 52.779174099084187 ], [ 6.3895656, 52.779162999084186 ], [ 6.3896212, 52.779133899084187 ], [ 6.3896662, 52.778901999084184 ], [ 6.3901161, 52.779070199084195 ], [ 6.3914945, 52.77957989908419 ], [ 6.3915356, 52.779564999084187 ], [ 6.392117, 52.779010099084203 ], [ 6.3927245, 52.778422999084185 ], [ 6.3930581, 52.778114599084198 ], [ 6.3931171, 52.778040499084192 ], [ 6.393444, 52.777823699084195 ], [ 6.3937005, 52.777634499084179 ], [ 6.3939084, 52.777532199084192 ], [ 6.3940877, 52.777462099084183 ], [ 6.3941372, 52.777488699084181 ], [ 6.394176, 52.777506299084187 ], [ 6.39425, 52.777539399084183 ], [ 6.3943766, 52.777478799084172 ], [ 6.3944977, 52.777456399084166 ], [ 6.394679, 52.777443099084174 ], [ 6.3949701, 52.777431599084174 ], [ 6.3951363, 52.777427999084182 ], [ 6.3951809, 52.777504599084168 ], [ 6.3952918, 52.777634499084179 ], [ 6.3953461, 52.777669999084189 ], [ 6.3954985, 52.777768699084184 ], [ 6.3957473, 52.777882899084183 ], [ 6.3960463, 52.778016899084186 ], [ 6.3961562, 52.778070499084194 ], [ 6.3963692, 52.778197299084177 ], [ 6.3966456, 52.778361899084182 ], [ 6.396834, 52.778472799084184 ], [ 6.3970344, 52.778592799084173 ], [ 6.3970805, 52.778645199084174 ], [ 6.3971319, 52.778761799084172 ], [ 6.3971609, 52.778827699084189 ], [ 6.3971885, 52.77887799908418 ], [ 6.3972272, 52.778948999084179 ], [ 6.3973043, 52.778888199084179 ], [ 6.3973711, 52.778924199084173 ], [ 6.3986005, 52.779640199084184 ], [ 6.3997208, 52.780290799084192 ], [ 6.4004058, 52.780696199084204 ], [ 6.4010711, 52.781143899084185 ], [ 6.4021739, 52.781987799084192 ], [ 6.402554, 52.782266599084188 ], [ 6.4030328, 52.782609699084198 ], [ 6.4034668, 52.782917199084203 ], [ 6.4038069, 52.783151399084204 ], [ 6.4041306, 52.783364399084192 ], [ 6.4045852, 52.783669499084205 ], [ 6.4051432, 52.784031599084194 ], [ 6.4058775, 52.784519099084193 ], [ 6.4059575, 52.78457289908421 ], [ 6.4065887, 52.785012999084202 ], [ 6.4070247, 52.785285699084206 ], [ 6.4071585, 52.78536939908421 ], [ 6.4072995, 52.785438399084192 ], [ 6.4077408, 52.785558799084207 ], [ 6.4081866, 52.785683599084201 ], [ 6.4082771, 52.785709199084195 ], [ 6.4083053, 52.785716799084213 ], [ 6.4085949, 52.785799199084209 ], [ 6.4086752, 52.785822699084207 ], [ 6.4092506, 52.785991299084181 ], [ 6.4097314, 52.786138299084215 ], [ 6.4098133, 52.786163499084211 ], [ 6.4100748, 52.786243299084227 ], [ 6.4101593, 52.786268899084206 ], [ 6.4103326, 52.7863218990842 ], [ 6.4102524, 52.786628199084227 ], [ 6.4102427, 52.786716499084207 ], [ 6.4102873, 52.786981799084217 ], [ 6.4103066, 52.78704289908422 ], [ 6.410435, 52.787144599084201 ], [ 6.410525, 52.78719949908421 ], [ 6.410648, 52.787261299084207 ], [ 6.4108218, 52.787340699084211 ], [ 6.41102, 52.787406399084226 ], [ 6.4111201, 52.787439299084213 ], [ 6.4111923, 52.78746339908421 ], [ 6.4115894, 52.787526299084213 ], [ 6.411872, 52.78757609908422 ], [ 6.4120039, 52.787637899084224 ], [ 6.4128855, 52.788261199084211 ], [ 6.4129722, 52.788294699084204 ], [ 6.4135147, 52.788092299084212 ], [ 6.4144043, 52.78775769908421 ], [ 6.4144252, 52.787750199084208 ], [ 6.4144751, 52.787723399084207 ], [ 6.4145181, 52.787699999084204 ], [ 6.414554, 52.787680599084212 ], [ 6.4151442, 52.787223299084204 ], [ 6.4153938, 52.787030099084227 ], [ 6.4157606, 52.786757299084201 ], [ 6.4162546, 52.786389599084195 ], [ 6.4162726, 52.786333799084204 ], [ 6.4163304, 52.785323299084197 ], [ 6.4163845, 52.78446889908421 ], [ 6.4163987, 52.784409799084209 ], [ 6.4164685, 52.783306399084211 ], [ 6.4164716, 52.783251399084193 ], [ 6.4164973, 52.78280729908419 ], [ 6.4165236, 52.782350899084207 ], [ 6.4165393, 52.781999699084217 ], [ 6.4165425, 52.781880599084189 ], [ 6.416544, 52.781825499084185 ], [ 6.4165458, 52.78175529908421 ], [ 6.4166664, 52.781750899084187 ], [ 6.4169986, 52.781782799084198 ], [ 6.4173017, 52.781780799084196 ], [ 6.4177555, 52.78177179908419 ], [ 6.417839, 52.781767199084186 ], [ 6.4179331, 52.781739899084187 ], [ 6.4182078, 52.781730299084202 ], [ 6.4182878, 52.781723999084193 ], [ 6.4185417, 52.781703799084205 ], [ 6.4187649, 52.781672599084203 ], [ 6.4189545, 52.781609799084194 ], [ 6.4193085, 52.781484299084184 ], [ 6.419472, 52.781455299084193 ], [ 6.4196623, 52.781410399084194 ], [ 6.4199111, 52.781325099084185 ], [ 6.4200538, 52.781292999084194 ], [ 6.4202476, 52.781282299084204 ], [ 6.4204053, 52.781258999084194 ], [ 6.4204825, 52.78123309908419 ], [ 6.4204992, 52.781185799084192 ], [ 6.4204733, 52.780991099084183 ], [ 6.4205265, 52.780947899084197 ], [ 6.420553, 52.780911699084207 ], [ 6.4207252, 52.780945599084191 ], [ 6.4212732, 52.781024599084191 ], [ 6.4213879, 52.781038199084193 ], [ 6.4213752, 52.781096699084202 ], [ 6.4213507, 52.781121099084189 ], [ 6.4214062, 52.781186299084197 ], [ 6.4216069, 52.781359299084194 ], [ 6.4216942, 52.781456899084191 ], [ 6.4219725, 52.781910099084186 ], [ 6.4220594, 52.782039599084214 ], [ 6.4222077, 52.782232199084213 ], [ 6.4223343, 52.782375999084202 ], [ 6.4226409, 52.782656499084197 ], [ 6.4227706, 52.782751999084198 ], [ 6.4229767, 52.782897399084206 ], [ 6.4230683, 52.782971299084174 ], [ 6.4235128, 52.783198299084198 ], [ 6.4236755, 52.7832507990842 ], [ 6.4240547, 52.783299199084183 ], [ 6.4243866, 52.783330099084203 ], [ 6.4247456, 52.783356699084202 ], [ 6.4254585, 52.783479499084208 ], [ 6.4256487, 52.783512299084215 ], [ 6.425985, 52.783570399084205 ], [ 6.4271102, 52.783764199084203 ], [ 6.4276975, 52.783865799084211 ], [ 6.4281136, 52.784007899084216 ], [ 6.428443, 52.784054799084203 ], [ 6.4283281, 52.783935599084195 ], [ 6.428184, 52.783798099084194 ], [ 6.4281418, 52.783729999084201 ], [ 6.4280823, 52.783633899084194 ], [ 6.4279006, 52.7832786990842 ], [ 6.4278171, 52.783115399084195 ], [ 6.427535, 52.782617299084194 ], [ 6.4282903, 52.782537699084209 ], [ 6.4291426, 52.782448299084194 ], [ 6.4294299, 52.782998499084201 ], [ 6.429786, 52.783711099084194 ], [ 6.4298151, 52.783846799084202 ], [ 6.429821, 52.783966399084193 ], [ 6.4298316, 52.784180399084214 ], [ 6.4297161, 52.784241999084195 ], [ 6.4294239, 52.784459799084203 ], [ 6.4289154, 52.784896799084208 ], [ 6.4289013, 52.784908699084212 ], [ 6.4289277, 52.784979199084219 ], [ 6.4289637, 52.785087899084232 ], [ 6.4290342, 52.785259699084214 ], [ 6.4291108, 52.785381499084195 ], [ 6.4292507, 52.785536499084209 ], [ 6.4294684, 52.785761599084182 ], [ 6.429841, 52.786156599084222 ], [ 6.4302389, 52.7865626990842 ], [ 6.4303717, 52.7867097990842 ], [ 6.4304018, 52.786766799084205 ], [ 6.4304109, 52.786830199084193 ], [ 6.4303936, 52.786871399084205 ], [ 6.4302985, 52.786944099084209 ], [ 6.4301027, 52.787059299084206 ], [ 6.430002, 52.787121999084221 ], [ 6.4299565, 52.78716569908422 ], [ 6.4299415, 52.78722699908419 ], [ 6.4299786, 52.787306499084217 ], [ 6.4300321, 52.787421699084227 ], [ 6.4301301, 52.787559099084206 ], [ 6.4301223, 52.787954099084224 ], [ 6.4300973, 52.78799079908422 ], [ 6.4300064, 52.788038799084219 ], [ 6.4297334, 52.788159699084204 ], [ 6.4295657, 52.788246599084225 ], [ 6.4294837, 52.788305699084233 ], [ 6.4294532, 52.788349199084202 ], [ 6.4294556, 52.788450299084225 ], [ 6.4295044, 52.78857569908422 ], [ 6.4295786, 52.788663799084226 ], [ 6.4296874, 52.788767399084215 ], [ 6.4299334, 52.788961299084221 ], [ 6.4302727, 52.78920439908422 ], [ 6.4304162, 52.789316599084209 ], [ 6.4305309, 52.789424599084207 ], [ 6.4306543, 52.789534699084193 ], [ 6.4308057, 52.789612099084231 ], [ 6.4309857, 52.789686899084224 ], [ 6.4313471, 52.789893299084227 ], [ 6.4316828, 52.790105499084241 ], [ 6.4323999, 52.790518299084219 ], [ 6.4326527, 52.790627899084221 ], [ 6.432841, 52.790694199084236 ], [ 6.4330002, 52.790734999084222 ], [ 6.4331907, 52.790765899084221 ], [ 6.4333951, 52.790782099084225 ], [ 6.4337487, 52.790781799084222 ], [ 6.4338051, 52.790982399084214 ], [ 6.4338195, 52.791098499084214 ], [ 6.4339892, 52.791097099084247 ], [ 6.4341529, 52.791166999084233 ], [ 6.4343277, 52.791232899084235 ], [ 6.4344081, 52.791262999084232 ], [ 6.434622, 52.791317999084228 ], [ 6.4346638, 52.791328799084233 ], [ 6.434843, 52.791361999084245 ], [ 6.4349296, 52.79137809908422 ], [ 6.4349829, 52.791387799084234 ], [ 6.4352831, 52.791433499084221 ], [ 6.4353545, 52.791454199084221 ], [ 6.4354494, 52.791481999084226 ], [ 6.4355841, 52.791505499084231 ], [ 6.4359537, 52.791525899084235 ], [ 6.4366122, 52.791504099084214 ], [ 6.4367981, 52.791497099084218 ], [ 6.4367795, 52.791601199084241 ], [ 6.4368162, 52.791691299084214 ], [ 6.4369107, 52.791794999084246 ], [ 6.4370042, 52.79186049908423 ], [ 6.4371156, 52.791929099084243 ], [ 6.4371768, 52.791968499084234 ], [ 6.437326, 52.791881199084237 ], [ 6.4374023, 52.791836699084236 ], [ 6.4376117, 52.791706199084231 ], [ 6.4387247, 52.79101449908422 ], [ 6.4388944, 52.790908999084223 ], [ 6.439011, 52.790836699084231 ], [ 6.4393772, 52.790609299084217 ], [ 6.4404957, 52.789924699084224 ], [ 6.4405586, 52.789883199084215 ], [ 6.4406707, 52.789815299084225 ], [ 6.4407486, 52.789873599084217 ], [ 6.4410917, 52.790152599084209 ], [ 6.4423249, 52.79113939908423 ], [ 6.4427899, 52.791513399084224 ], [ 6.4436918, 52.791130699084221 ], [ 6.4458613, 52.792912599084225 ], [ 6.4473472, 52.792052799084203 ], [ 6.4477535, 52.79237609908423 ], [ 6.4480931, 52.792136799084226 ], [ 6.4482492, 52.792026799084233 ], [ 6.4484038, 52.791934199084238 ], [ 6.4487502, 52.791726899084217 ], [ 6.4490726, 52.791539199084241 ], [ 6.449197, 52.791741399084223 ], [ 6.4495255, 52.792274399084242 ], [ 6.4501566, 52.793242899084248 ], [ 6.450493, 52.793720299084242 ], [ 6.4507092, 52.794027299084249 ], [ 6.4515002, 52.795107299084243 ], [ 6.4520059, 52.795793799084237 ], [ 6.4520424, 52.795843499084249 ], [ 6.4526529, 52.796673399084256 ], [ 6.453158, 52.797362099084253 ], [ 6.4531945, 52.797411799084273 ], [ 6.4545935, 52.799325599084284 ], [ 6.4546294, 52.799375299084268 ], [ 6.4550677, 52.79997859908427 ], [ 6.4558484, 52.801120499084284 ], [ 6.4564515, 52.802146499084259 ], [ 6.4570092, 52.803255999084286 ], [ 6.4574631, 52.804229499084286 ], [ 6.4575578, 52.8044920990843 ], [ 6.4575782, 52.804548599084285 ], [ 6.4576055, 52.80462479908428 ], [ 6.4577253, 52.804956899084303 ], [ 6.4580208, 52.80588559908432 ], [ 6.4581434, 52.806285099084306 ], [ 6.4581402, 52.806363699084301 ], [ 6.4581378, 52.806427199084318 ], [ 6.458237, 52.806826899084328 ], [ 6.4586917, 52.80870309908434 ], [ 6.4587633, 52.808896199084316 ], [ 6.4587994, 52.808987999084316 ], [ 6.4593329, 52.811195499084356 ], [ 6.459544, 52.811866099084348 ], [ 6.4599221, 52.812759199084347 ], [ 6.4599893, 52.81288449908434 ], [ 6.4600756, 52.813026399084336 ], [ 6.4600788, 52.813033699084357 ], [ 6.4602834, 52.813289099084351 ], [ 6.4609542, 52.814327999084377 ], [ 6.4613548, 52.814948499084366 ], [ 6.4614283, 52.81506249908437 ], [ 6.461587, 52.815448099084378 ], [ 6.4616598, 52.81553229908436 ], [ 6.4616851, 52.815561199084364 ], [ 6.4618966, 52.815841399084363 ], [ 6.4626051, 52.816637699084374 ], [ 6.463237, 52.817308399084375 ], [ 6.464088, 52.818161399084381 ], [ 6.4651269, 52.819202499084405 ], [ 6.465281, 52.819236499084411 ], [ 6.4655269, 52.819489399084418 ], [ 6.4658806, 52.819863699084394 ], [ 6.4663835, 52.820395599084392 ], [ 6.4668419, 52.820857799084408 ], [ 6.4674619, 52.821521199084415 ], [ 6.4680624, 52.822171399084425 ], [ 6.4685308, 52.822684499084424 ], [ 6.4687893, 52.82300179908443 ], [ 6.4693405, 52.823723199084455 ], [ 6.4708289, 52.825697799084459 ], [ 6.471404, 52.826453799084462 ], [ 6.4718107, 52.826980999084469 ], [ 6.4722135, 52.827513799084464 ], [ 6.4727929, 52.828280999084477 ], [ 6.4732873, 52.828930399084477 ], [ 6.4736205, 52.829380199084483 ], [ 6.4740836, 52.829987699084498 ], [ 6.4752466, 52.831432099084509 ], [ 6.4759401, 52.832250999084508 ], [ 6.476352, 52.832730999084511 ], [ 6.4766699, 52.833102799084514 ], [ 6.4775747, 52.834126999084539 ], [ 6.4792539, 52.835978999084546 ], [ 6.4801759, 52.837074499084558 ], [ 6.480236, 52.837146999084574 ], [ 6.4808146, 52.837871399084541 ], [ 6.4807102, 52.837879699084581 ], [ 6.4792978, 52.837971799084542 ], [ 6.4769819, 52.838134499084575 ], [ 6.4769339, 52.838134899084572 ], [ 6.4768888, 52.838120699084563 ], [ 6.4768628, 52.838109199084577 ], [ 6.4767595, 52.838049399084568 ], [ 6.4765908, 52.838085799084588 ], [ 6.4765682, 52.838091099084572 ], [ 6.4764813, 52.838109799084577 ], [ 6.4762556, 52.83815569908456 ], [ 6.476057, 52.838182799084571 ], [ 6.4759827, 52.838187399084561 ], [ 6.4758632, 52.838195199084581 ], [ 6.4709944, 52.838519799084558 ], [ 6.4707932, 52.838536199084601 ], [ 6.4706601, 52.838546999084556 ], [ 6.470374, 52.83856699908457 ], [ 6.4699831, 52.838591299084584 ], [ 6.469739, 52.838578899084567 ], [ 6.4694204, 52.838544199084588 ], [ 6.4692823, 52.838518499084572 ], [ 6.4686575, 52.838389299084575 ], [ 6.4683985, 52.83833319908458 ], [ 6.4683103, 52.838321599084558 ], [ 6.4682416, 52.838312199084562 ], [ 6.4681725, 52.838303199084564 ], [ 6.4681348, 52.838297999084567 ], [ 6.4680531, 52.838294799084579 ], [ 6.4679733, 52.838290999084556 ], [ 6.4677536, 52.838288999084575 ], [ 6.4675269, 52.838293299084562 ], [ 6.4672697, 52.838304099084574 ], [ 6.4668326, 52.838336699084564 ], [ 6.4657491, 52.838431899084561 ], [ 6.4656868, 52.838436899084577 ], [ 6.4653709, 52.838462199084574 ], [ 6.4643684, 52.838550499084583 ], [ 6.4636734, 52.838613999084579 ], [ 6.4632942, 52.838649499084575 ], [ 6.4629722, 52.838683799084578 ], [ 6.4627491, 52.838713699084572 ], [ 6.462671, 52.838724199084574 ], [ 6.4621053, 52.838837099084571 ], [ 6.4619295, 52.838873499084585 ], [ 6.4617289, 52.838914699084569 ], [ 6.4608438, 52.83909049908457 ], [ 6.4585375, 52.839564099084576 ], [ 6.4540846, 52.840483599084585 ], [ 6.4539204, 52.840512599084597 ], [ 6.4537835, 52.840530099084603 ], [ 6.4536462, 52.840539799084596 ], [ 6.452761, 52.840506599084577 ], [ 6.4520834, 52.840476599084596 ], [ 6.4488003, 52.840333499084615 ], [ 6.4485555, 52.840321599084604 ], [ 6.4482432, 52.840306999084589 ], [ 6.4467114, 52.840243599084602 ], [ 6.4447174, 52.840153899084576 ], [ 6.4440142, 52.840125899084576 ], [ 6.4438403, 52.840120099084579 ], [ 6.4436091, 52.840131699084573 ], [ 6.4433895, 52.840139799084582 ], [ 6.4432969, 52.840146799084579 ], [ 6.44316, 52.840164899084606 ], [ 6.4409915, 52.840543599084612 ], [ 6.44008, 52.8406976990846 ], [ 6.4388914, 52.840903599084598 ], [ 6.43521, 52.841560099084617 ], [ 6.4353802, 52.840772699084603 ], [ 6.4352616, 52.840760799084599 ], [ 6.4352345, 52.840858199084586 ], [ 6.4329196, 52.840636399084595 ], [ 6.4328663, 52.840638499084591 ], [ 6.4326281, 52.841105199084609 ], [ 6.4324544, 52.841078199084606 ], [ 6.4323772, 52.841069199084572 ], [ 6.4312545, 52.840760999084615 ], [ 6.4295943, 52.840292899084595 ], [ 6.4295451, 52.840260199084597 ], [ 6.4294552, 52.840157099084593 ], [ 6.4293849, 52.840057699084589 ], [ 6.4292589, 52.83994079908458 ], [ 6.4291045, 52.839844399084591 ], [ 6.4283755, 52.839413199084582 ], [ 6.4282833, 52.83934939908459 ], [ 6.4282698, 52.839328099084582 ], [ 6.4282658, 52.839296699084585 ], [ 6.4283007, 52.839260999084587 ], [ 6.4283034, 52.839237399084581 ], [ 6.4282965, 52.839221699084597 ], [ 6.428267, 52.839208499084585 ], [ 6.4281565, 52.839187599084582 ], [ 6.4279611, 52.839142599084575 ], [ 6.4278112, 52.83910069908459 ], [ 6.4276348, 52.839037599084605 ], [ 6.4275431, 52.83899289908458 ], [ 6.4274478, 52.838936999084567 ], [ 6.4273918, 52.838890299084575 ], [ 6.4273616, 52.838849599084575 ], [ 6.4273279, 52.838790899084565 ], [ 6.4273015, 52.838769799084588 ], [ 6.4271545, 52.838715999084577 ], [ 6.4266975, 52.838560999084564 ], [ 6.4263324, 52.838452399084566 ], [ 6.4260476, 52.838374499084573 ], [ 6.4257327, 52.838290699084588 ], [ 6.4233327, 52.837747499084564 ], [ 6.4233012, 52.837738299084542 ], [ 6.4231947, 52.837706099084549 ], [ 6.423242, 52.837628099084561 ], [ 6.4232749, 52.837586799084541 ], [ 6.4233823, 52.837575799084561 ], [ 6.4235246, 52.837555399084557 ], [ 6.4235605, 52.837550599084558 ], [ 6.4237422, 52.837516499084551 ], [ 6.4238593, 52.837487399084559 ], [ 6.4240616, 52.837422699084556 ], [ 6.4242924, 52.837344899084542 ], [ 6.4245476, 52.837251599084567 ], [ 6.424817, 52.837147599084567 ], [ 6.4252174, 52.836985699084558 ], [ 6.4253344, 52.83694149908456 ], [ 6.4255224, 52.836879199084557 ], [ 6.4257174, 52.836810599084544 ], [ 6.4259495, 52.836722699084561 ], [ 6.4260078, 52.836693499084561 ], [ 6.4260516, 52.83666279908455 ], [ 6.4261106, 52.836620699084555 ], [ 6.4261038, 52.836604999084535 ], [ 6.4261353, 52.836577199084537 ], [ 6.426449, 52.836427299084555 ], [ 6.4268208, 52.836263399084551 ], [ 6.427058, 52.836161399084553 ], [ 6.4271185, 52.836121499084555 ], [ 6.4274813, 52.835863299084536 ], [ 6.427946, 52.835564299084552 ], [ 6.4280212, 52.835511399084531 ], [ 6.4281348, 52.835432399084539 ], [ 6.4282976, 52.835332599084538 ], [ 6.4283302, 52.835317799084542 ], [ 6.4282573, 52.835266699084521 ], [ 6.4288659, 52.834858599084519 ], [ 6.4281426, 52.834773399084554 ], [ 6.4275413, 52.833270299084525 ], [ 6.42763, 52.833214399084532 ], [ 6.4276545, 52.833191699084516 ], [ 6.4289436, 52.832370499084512 ], [ 6.4290425, 52.832320199084506 ], [ 6.4283739, 52.831973199084523 ], [ 6.4273109, 52.831426899084519 ], [ 6.4258651, 52.830672599084494 ], [ 6.4254161, 52.830442299084496 ], [ 6.423547, 52.829457999084475 ], [ 6.4227618, 52.829031999084485 ], [ 6.4223048, 52.828797999084465 ], [ 6.4218129, 52.828539299084476 ], [ 6.4212451, 52.828275899084481 ], [ 6.4210777, 52.828197399084488 ], [ 6.4208892, 52.828128799084475 ], [ 6.420779, 52.828096599084489 ], [ 6.4206812, 52.828067699084471 ], [ 6.4206292, 52.828054699084475 ], [ 6.4200399, 52.827929999084475 ], [ 6.4154971, 52.826888899084459 ], [ 6.4140363, 52.826552599084472 ], [ 6.4137528, 52.826475299084457 ], [ 6.4134689, 52.826419899084463 ], [ 6.4126839, 52.826289799084464 ], [ 6.4118316, 52.826115899084442 ], [ 6.4110011, 52.825975899084462 ], [ 6.4095071, 52.825724099084461 ], [ 6.4094458, 52.825689199084444 ], [ 6.4093714, 52.82565899908446 ], [ 6.4093438, 52.825688399084441 ], [ 6.4092047, 52.825649699084451 ], [ 6.4091588, 52.825651799084447 ], [ 6.4078804, 52.825432899084461 ], [ 6.4077476, 52.825417799084455 ], [ 6.4076878, 52.825416599084463 ], [ 6.4077048, 52.82539849908445 ], [ 6.4079996, 52.825204999084441 ], [ 6.4081036, 52.825133299084456 ], [ 6.4081711, 52.82506479908443 ], [ 6.4082051, 52.825008899084438 ], [ 6.408288, 52.82468069908446 ], [ 6.4083103, 52.824350699084455 ], [ 6.4083091, 52.824300099084454 ], [ 6.4082889, 52.824257599084454 ], [ 6.4082456, 52.82421019908444 ], [ 6.4081602, 52.824148599084438 ], [ 6.4080926, 52.824101999084441 ], [ 6.4080406, 52.824058599084452 ], [ 6.408015, 52.824005499084436 ], [ 6.4079921, 52.823927599084442 ], [ 6.4079784, 52.823866999084458 ], [ 6.4079102, 52.823604699084434 ], [ 6.4078658, 52.823451699084444 ], [ 6.407835, 52.823383499084436 ], [ 6.4077942, 52.823342799084429 ], [ 6.4077437, 52.823305599084435 ], [ 6.4076726, 52.823278699084447 ], [ 6.4074859, 52.823234799084432 ], [ 6.4072804, 52.823192099084444 ], [ 6.4070909, 52.823160599084439 ], [ 6.406976, 52.823144699084438 ], [ 6.4068739, 52.823138299084455 ], [ 6.406722, 52.823137899084429 ], [ 6.40646, 52.823146299084435 ], [ 6.4061735, 52.823158299084426 ], [ 6.406001, 52.823173799084408 ], [ 6.4058813, 52.823206299084447 ], [ 6.4057511, 52.82326079908443 ], [ 6.4056242, 52.823333199084431 ], [ 6.4055376, 52.823379499084425 ], [ 6.405266, 52.823443599084435 ], [ 6.4051566, 52.823446199084422 ], [ 6.4050714, 52.82344189908445 ], [ 6.4049434, 52.823421599084412 ], [ 6.4047556, 52.823369799084439 ], [ 6.4044182, 52.823287299084427 ], [ 6.4038142, 52.823134599084433 ], [ 6.4033321, 52.823011199084441 ], [ 6.403187, 52.822980999084436 ], [ 6.4030801, 52.822971199084449 ], [ 6.402962, 52.822968799084435 ], [ 6.4027246, 52.822977599084439 ], [ 6.402416, 52.822994799084427 ], [ 6.4021704, 52.823011499084444 ], [ 6.4016832, 52.823039799084427 ], [ 6.4015694, 52.823058199084429 ], [ 6.4014665, 52.823083199084451 ], [ 6.4013755, 52.823117099084421 ], [ 6.4013067, 52.823145799084429 ], [ 6.4012784, 52.823168499084446 ], [ 6.4012335, 52.823203699084424 ], [ 6.4011754, 52.823265999084427 ], [ 6.4011136, 52.823349099084439 ], [ 6.4010552, 52.823452999084431 ], [ 6.4010008, 52.823577599084445 ], [ 6.4009167, 52.82382039908444 ], [ 6.4008167, 52.824087499084435 ], [ 6.4007831, 52.824157999084434 ], [ 6.4007155, 52.824265199084444 ], [ 6.3988266, 52.825536599084458 ], [ 6.3984853, 52.825575199084454 ], [ 6.3979288, 52.82564499908446 ], [ 6.3979251, 52.825482699084453 ], [ 6.397312, 52.825391799084443 ], [ 6.3972582, 52.825531099084444 ], [ 6.3969112, 52.825472199084452 ], [ 6.3973037, 52.824585199084417 ], [ 6.3971628, 52.82454819908444 ], [ 6.3970503, 52.824528399084436 ], [ 6.3969801, 52.824520499084421 ], [ 6.3969025, 52.824503799084454 ], [ 6.3966416, 52.824417199084422 ], [ 6.3965574, 52.824404999084443 ], [ 6.3964219, 52.824410699084439 ], [ 6.3963901, 52.824458699084438 ], [ 6.3962661, 52.824433299084454 ], [ 6.39614, 52.824280499084438 ], [ 6.3957951, 52.82386209908443 ], [ 6.3952476, 52.823193699084442 ], [ 6.3950638, 52.822959899084417 ], [ 6.39484, 52.82267469908443 ], [ 6.3942104, 52.821903099084423 ], [ 6.3937746, 52.821360699084423 ], [ 6.3936258, 52.821189499084404 ], [ 6.3935085, 52.821169099084415 ], [ 6.3935024, 52.8211848990844 ], [ 6.3934716, 52.821257099084427 ], [ 6.39345, 52.821307799084423 ], [ 6.3933907, 52.821420699084435 ], [ 6.393314, 52.821544299084422 ], [ 6.3932739, 52.82159239908443 ], [ 6.3932278, 52.821647299084411 ], [ 6.3931555, 52.821728799084426 ], [ 6.3930505, 52.821830299084418 ], [ 6.3929452, 52.821917699084409 ], [ 6.3928334, 52.821997799084414 ], [ 6.3926955, 52.822087699084435 ], [ 6.3924947, 52.822190499084428 ], [ 6.3924332, 52.822217999084415 ], [ 6.3923991, 52.822208199084422 ], [ 6.3923528, 52.82216699908443 ], [ 6.3922692, 52.822071599084424 ], [ 6.3921588, 52.821938299084422 ], [ 6.3921127, 52.82189039908441 ], [ 6.3920555, 52.821830799084417 ], [ 6.3919425, 52.821725499084415 ], [ 6.3918301, 52.821647299084411 ], [ 6.3917182, 52.821589199084428 ], [ 6.3915772, 52.821535399084425 ], [ 6.3913367, 52.821473299084417 ], [ 6.3909504, 52.821348299084413 ], [ 6.3908189, 52.82131489908442 ], [ 6.3906431, 52.82129209908441 ], [ 6.3878276, 52.821132599084393 ], [ 6.3869334, 52.821081099084424 ], [ 6.3867826, 52.821073899084418 ], [ 6.386563, 52.821062299084417 ], [ 6.3847804, 52.820956399084409 ], [ 6.3832173, 52.820869999084408 ], [ 6.3830237, 52.82085919908441 ], [ 6.3811711, 52.820745999084409 ], [ 6.380987, 52.820734599084403 ], [ 6.3808758, 52.820728199084407 ], [ 6.3796019, 52.820632699084435 ], [ 6.379497, 52.820628499084393 ], [ 6.3792336, 52.820625599084408 ], [ 6.3787746, 52.820636199084426 ], [ 6.3780643, 52.820647099084418 ], [ 6.3777274, 52.820656099084424 ], [ 6.3775409, 52.82066099908441 ], [ 6.3771448, 52.820665399084412 ], [ 6.3770743, 52.820665999084412 ], [ 6.3768659, 52.820655899084407 ], [ 6.3766329, 52.820635899084422 ], [ 6.3762314, 52.820582499084409 ], [ 6.3749828, 52.820409699084394 ], [ 6.3745435, 52.820339799084401 ], [ 6.374424, 52.820310999084413 ], [ 6.3742417, 52.820257299084417 ], [ 6.3732908, 52.819952799084412 ], [ 6.3729491, 52.819889799084393 ], [ 6.3728082, 52.819885999084384 ], [ 6.3726048, 52.819884399084408 ], [ 6.3720272, 52.819933599084408 ], [ 6.3719631, 52.819938599084416 ], [ 6.3714783, 52.81999759908441 ], [ 6.3712581, 52.820039299084421 ], [ 6.3711408, 52.820068999084413 ], [ 6.3710451, 52.820093299084412 ], [ 6.3709377, 52.820120099084392 ], [ 6.3706032, 52.820217199084418 ], [ 6.3703873, 52.820284999084414 ], [ 6.3701428, 52.820390099084413 ], [ 6.3698298, 52.820534799084392 ], [ 6.3695063, 52.82069469908442 ], [ 6.3693095, 52.820832899084408 ], [ 6.3691149, 52.820980499084406 ], [ 6.3688075, 52.821259999084432 ], [ 6.3685404, 52.821589699084406 ], [ 6.3683496, 52.821460299084414 ], [ 6.3682451, 52.821387099084433 ], [ 6.3681622, 52.821316999084381 ], [ 6.3679548, 52.821156899084414 ], [ 6.3677513, 52.821118099084401 ], [ 6.3675586, 52.821084299084411 ], [ 6.3654346, 52.820681499084408 ], [ 6.364766, 52.820552099084416 ], [ 6.3644006, 52.820481499084416 ], [ 6.3639287, 52.820389899084397 ], [ 6.3634614, 52.820299299084418 ], [ 6.3619934, 52.820011899084406 ], [ 6.3616155, 52.819939699084394 ], [ 6.3615639, 52.819942899084396 ], [ 6.361421, 52.819950899084425 ], [ 6.3598584, 52.820059599084402 ], [ 6.3590979, 52.820116399084419 ], [ 6.3588946, 52.820128699084414 ], [ 6.3586606, 52.820142399084396 ], [ 6.3569117, 52.820176799084386 ], [ 6.3551431, 52.820183899084405 ], [ 6.3550138, 52.820166899084406 ], [ 6.3546597, 52.81999339908441 ], [ 6.352593, 52.818868099084398 ], [ 6.3517126, 52.818383099084379 ], [ 6.3516049, 52.81832329908439 ], [ 6.3514126, 52.818169199084409 ], [ 6.3514243, 52.818154499084386 ], [ 6.3514816, 52.81809559908438 ], [ 6.351388, 52.818150299084394 ], [ 6.3512725, 52.818082199084387 ], [ 6.3509255, 52.81789339908439 ], [ 6.3507043, 52.817776099084377 ], [ 6.3502617, 52.817528499084403 ], [ 6.3499644, 52.817375899084396 ], [ 6.3494842, 52.81711119908438 ], [ 6.3488198, 52.816736299084383 ], [ 6.3483699, 52.816490999084365 ], [ 6.3474723, 52.816004499084379 ], [ 6.3469548, 52.815721599084377 ], [ 6.3467849, 52.815625699084372 ], [ 6.3466431, 52.815564499084381 ], [ 6.3465542, 52.815685999084366 ], [ 6.3455327, 52.81638799908437 ], [ 6.3445996, 52.817024599084377 ], [ 6.3445143, 52.817075299084387 ], [ 6.3438807, 52.817529199084397 ], [ 6.3434607, 52.817799399084379 ], [ 6.342523, 52.8184335990844 ], [ 6.3424681, 52.8184505990844 ], [ 6.3424277, 52.818474499084395 ], [ 6.342382, 52.818454699084398 ], [ 6.341768, 52.818285999084381 ], [ 6.3414796, 52.818201199084385 ], [ 6.3411953, 52.818121499084391 ], [ 6.3410457, 52.818083899084378 ], [ 6.3408179, 52.818014899084396 ], [ 6.3403431, 52.817840599084377 ], [ 6.3401457, 52.817773699084384 ], [ 6.3400321, 52.81774929908439 ], [ 6.3398421, 52.817677799084372 ], [ 6.3393822, 52.817498899084377 ], [ 6.339139, 52.817409299084368 ], [ 6.3389182, 52.817340799084363 ], [ 6.3388001, 52.817314199084379 ], [ 6.3381542, 52.814521199084368 ], [ 6.3378673, 52.813357299084338 ], [ 6.3378575, 52.813245599084361 ], [ 6.3378216, 52.81308739908436 ], [ 6.3377654, 52.812995799084348 ] ] ] ] } },
{ "type": "Feature", "properties": { "@id": "relation/7167178", "name": "Fochteloërveen" }, "geometry": { "type": "MultiPolygon", "coordinates": [ [ [ [ 6.3465452, 53.003455699087972 ], [ 6.3479525, 53.001904899087911 ], [ 6.3480298, 53.00192419908791 ], [ 6.3495547, 53.000359499087885 ], [ 6.3488995, 53.000152099087863 ], [ 6.3496757, 52.998874299087817 ], [ 6.349706, 52.998837899087832 ], [ 6.3497616, 52.998818599087834 ], [ 6.3498107, 52.998820399087805 ], [ 6.3513802, 52.999280199087842 ], [ 6.3517311, 52.999379499087851 ], [ 6.3517914, 52.999387999087823 ], [ 6.3532421, 52.999817199087843 ], [ 6.354308, 53.000152099087863 ], [ 6.3561017, 53.000721399087901 ], [ 6.3567047, 53.000921199087884 ], [ 6.356908, 53.0010015990879 ], [ 6.3574956, 53.001250199087913 ], [ 6.3577216, 53.00133509908791 ], [ 6.3581903, 53.001470099087904 ], [ 6.3586799, 53.001602999087915 ], [ 6.366692, 53.004545699087998 ], [ 6.3695641, 53.005586499088025 ], [ 6.3696399, 53.005458199088025 ], [ 6.3700977, 53.004951199088026 ], [ 6.3716342, 53.003178999087957 ], [ 6.3753954, 52.998875999087844 ], [ 6.3761914, 52.997971199087793 ], [ 6.3786124, 52.995126599087719 ], [ 6.3793524, 52.994336899087692 ], [ 6.3794652, 52.99411769908766 ], [ 6.379502, 52.994060399087672 ], [ 6.3795278, 52.99402829908766 ], [ 6.3795784, 52.99382999908768 ], [ 6.3795678, 52.993653499087685 ], [ 6.3794678, 52.993370199087657 ], [ 6.3794085, 52.993261799087648 ], [ 6.3793674, 52.993197799087653 ], [ 6.378985, 52.992758699087631 ], [ 6.3785347, 52.992314199087645 ], [ 6.3786295, 52.992276999087629 ], [ 6.3762622, 52.989899299087554 ], [ 6.3765221, 52.989804499087555 ], [ 6.3766073, 52.989766999087557 ], [ 6.3772309, 52.989537999087538 ], [ 6.3776232, 52.989397499087552 ], [ 6.3780543, 52.98923509908753 ], [ 6.3781854, 52.989186499087538 ], [ 6.3783165, 52.98913719908753 ], [ 6.3786297, 52.989018799087525 ], [ 6.3792876, 52.988744499087531 ], [ 6.3797314, 52.988584999087514 ], [ 6.3799392, 52.988536399087515 ], [ 6.3895682, 52.985042299087404 ], [ 6.3990367, 52.981606199087331 ], [ 6.4000179, 52.981244699087306 ], [ 6.4001547, 52.981206599087308 ], [ 6.4007055, 52.981010699087278 ], [ 6.4016714, 52.980663099087295 ], [ 6.4021754, 52.980460999087278 ], [ 6.4044987, 52.979620199087279 ], [ 6.4079316, 52.978353399087233 ], [ 6.4198956, 52.973980099087107 ], [ 6.420553, 52.973737599087094 ], [ 6.4225225, 52.973029299087067 ], [ 6.4231922, 52.973694999087108 ], [ 6.4237638, 52.973475099087075 ], [ 6.4242882, 52.973282599087092 ], [ 6.4251675, 52.974144199087114 ], [ 6.4244301, 52.974863699087123 ], [ 6.4244178, 52.97487549908714 ], [ 6.422623, 52.976593099087189 ], [ 6.4164333, 52.982515799087345 ], [ 6.4156374, 52.983277099087353 ], [ 6.4142179, 52.984628199087403 ], [ 6.4132799, 52.985522899087442 ], [ 6.4181249, 52.986808499087488 ], [ 6.4306565, 52.990127999087569 ], [ 6.4307976, 52.990165399087566 ], [ 6.438992, 52.992334999087618 ], [ 6.4390224, 52.992343099087648 ], [ 6.4391851, 52.992386099087632 ], [ 6.4391991, 52.992389799087611 ], [ 6.4392076, 52.992392099087631 ], [ 6.4506118, 52.995410199087722 ], [ 6.4659909, 52.999500599087845 ], [ 6.4675909, 52.999925999087843 ], [ 6.468716, 53.000225099087878 ], [ 6.469885, 53.000535799087878 ], [ 6.4710511, 53.000845799087877 ], [ 6.4715826, 53.000987099087887 ], [ 6.4721856, 53.001147399087898 ], [ 6.4721899, 53.001148499087883 ], [ 6.476253, 53.002228399087933 ], [ 6.4748633, 53.006092099088043 ], [ 6.4741795, 53.008014399088097 ], [ 6.4738455, 53.008975799088148 ], [ 6.4737757, 53.009182399088154 ], [ 6.4738078, 53.009677899088182 ], [ 6.473754, 53.010010399088173 ], [ 6.4706235, 53.018663699088457 ], [ 6.4662459, 53.01787949908843 ], [ 6.466767, 53.016427499088401 ], [ 6.465632, 53.016279599088357 ], [ 6.4651332, 53.017682299088406 ], [ 6.4640348, 53.017482299088414 ], [ 6.4629364, 53.017281399088411 ], [ 6.4629437, 53.017174199088394 ], [ 6.4633078, 53.016091499088368 ], [ 6.4620071, 53.015888399088368 ], [ 6.4618693, 53.016278199088376 ], [ 6.4617437, 53.016648499088383 ], [ 6.4616095, 53.017028099088385 ], [ 6.4591198, 53.016560199088389 ], [ 6.4566122, 53.01610879908835 ], [ 6.4540981, 53.01566739908835 ], [ 6.4528407, 53.015445499088337 ], [ 6.4522003, 53.015333999088362 ], [ 6.4515873, 53.015217499088337 ], [ 6.4507845, 53.015072399088339 ], [ 6.4502916, 53.014993899088324 ], [ 6.4500934, 53.014986899088314 ], [ 6.447719, 53.014910999088329 ], [ 6.4476671, 53.01485479908834 ], [ 6.4436106, 53.014718999088309 ], [ 6.4413887, 53.014644499088334 ], [ 6.4401581, 53.014603299088314 ], [ 6.4396525, 53.014585699088308 ], [ 6.4391481, 53.014566899088322 ], [ 6.4383268, 53.014527399088315 ], [ 6.4371362, 53.014491499088329 ], [ 6.4351243, 53.014422799088329 ], [ 6.4350738, 53.014475299088339 ], [ 6.4348477, 53.014479699088334 ], [ 6.4337375, 53.014440999088308 ], [ 6.4326299, 53.014391199088301 ], [ 6.4304126, 53.014316599088332 ], [ 6.4272523, 53.014208999088297 ], [ 6.4271964, 53.014206499088303 ], [ 6.4269177, 53.014178099088312 ], [ 6.4267333, 53.014150399088308 ], [ 6.4265383, 53.014084199088295 ], [ 6.4265925, 53.014020299088294 ], [ 6.4263378, 53.013934699088288 ], [ 6.4262756, 53.013998199088299 ], [ 6.4261701, 53.013965499088307 ], [ 6.4259596, 53.014166199088301 ], [ 6.4258606, 53.014236499088305 ], [ 6.4257559, 53.014264899088317 ], [ 6.4252137, 53.014244099088309 ], [ 6.4249367, 53.014235399088307 ], [ 6.4246947, 53.014247899088303 ], [ 6.4246362, 53.01426549908831 ], [ 6.4245287, 53.014300099088317 ], [ 6.4244649, 53.014339999088307 ], [ 6.4243938, 53.014418099088289 ], [ 6.4242297, 53.01468429908833 ], [ 6.4239052, 53.015218799088359 ], [ 6.4235411, 53.015831099088345 ], [ 6.423627, 53.01586969908837 ], [ 6.423334, 53.016289399088386 ], [ 6.4216934, 53.018579099088456 ], [ 6.4208086, 53.019836499088477 ], [ 6.4206445, 53.020070799088494 ], [ 6.4205756, 53.020139499088508 ], [ 6.4204134, 53.0202920990885 ], [ 6.4202304, 53.020443599088509 ], [ 6.4200512, 53.02057749908851 ], [ 6.4198522, 53.020706799088515 ], [ 6.4196494, 53.020833899088515 ], [ 6.419423, 53.020953699088523 ], [ 6.4192664, 53.021035899088517 ], [ 6.4190985, 53.021109099088534 ], [ 6.4186873, 53.021286099088542 ], [ 6.4183877, 53.021401099088543 ], [ 6.4174073, 53.021747999088554 ], [ 6.4174054, 53.021698599088552 ], [ 6.4174328, 53.021574899088542 ], [ 6.4173592, 53.021461999088558 ], [ 6.4172913, 53.021410999088538 ], [ 6.4170734, 53.021325899088552 ], [ 6.416914, 53.021246999088525 ], [ 6.4167876, 53.021144899088533 ], [ 6.416653, 53.020997599088531 ], [ 6.4162113, 53.020525899088518 ], [ 6.4157868, 53.020053199088487 ], [ 6.4150549, 53.019264499088479 ], [ 6.4150398, 53.019229899088458 ], [ 6.4149026, 53.019150299088459 ], [ 6.4094758, 53.013369699088265 ], [ 6.4086933, 53.012546899088242 ], [ 6.4084249, 53.012257499088228 ], [ 6.4084009, 53.012194499088245 ], [ 6.4083797, 53.012095499088232 ], [ 6.4083947, 53.011989899088242 ], [ 6.4084287, 53.011944499088223 ], [ 6.4088418, 53.012145999088254 ], [ 6.4088749, 53.012116999088228 ], [ 6.4088937, 53.012123799088236 ], [ 6.4092852, 53.011816199088216 ], [ 6.4092682, 53.011807199088217 ], [ 6.4094692, 53.011659899088215 ], [ 6.4098643, 53.011845199088228 ], [ 6.4103434, 53.011567899088234 ], [ 6.4124257, 53.013216099088282 ], [ 6.4144281, 53.012326299088244 ], [ 6.4145682, 53.012274799088253 ], [ 6.4145188, 53.01225089908823 ], [ 6.4129534, 53.01055719908819 ], [ 6.4117923, 53.009319799088146 ], [ 6.4117036, 53.009193799088131 ], [ 6.4115565, 53.009119399088156 ], [ 6.4114819, 53.009179299088146 ], [ 6.4114258, 53.009165999088147 ], [ 6.4112411, 53.009203499088144 ], [ 6.4078962, 53.011841799088216 ], [ 6.407693, 53.011729399088239 ], [ 6.4077345, 53.011656199088222 ], [ 6.4074223, 53.011322499088223 ], [ 6.4072421, 53.011114799088212 ], [ 6.4071855, 53.011030799088203 ], [ 6.4070903, 53.010968999088206 ], [ 6.4069507, 53.010942299088207 ], [ 6.4067688, 53.010942599088203 ], [ 6.4068846, 53.011068799088207 ], [ 6.4067066, 53.011079299088202 ], [ 6.4076232, 53.012058599088235 ], [ 6.4085174, 53.013023899088275 ], [ 6.4088984, 53.013442099088273 ], [ 6.4089286, 53.013504499088285 ], [ 6.4089899, 53.013567499088282 ], [ 6.4090701, 53.013615199088278 ], [ 6.4104708, 53.015104799088334 ], [ 6.4143906, 53.01927029908849 ], [ 6.4144861, 53.019384299088472 ], [ 6.4147087, 53.019539199088463 ], [ 6.41598, 53.020898299088529 ], [ 6.4114357, 53.02244919908857 ], [ 6.4112056, 53.022594499088598 ], [ 6.4104647, 53.022861299088603 ], [ 6.4106415, 53.023050599088599 ], [ 6.4105962, 53.023064199088623 ], [ 6.4109999, 53.023425099088598 ], [ 6.4109547, 53.023452299088632 ], [ 6.4112428, 53.023770199088624 ], [ 6.3995548, 53.027813799088747 ], [ 6.3892623, 53.031367099088882 ], [ 6.3866731, 53.032259999088915 ], [ 6.3835293, 53.033355799088945 ], [ 6.3834359, 53.033369999088947 ], [ 6.3829747, 53.033376799088956 ], [ 6.3827917, 53.033591799088953 ], [ 6.3740937, 53.036583999089061 ], [ 6.3739428, 53.03660159908906 ], [ 6.3737683, 53.036602699089066 ], [ 6.3737117, 53.036705699089083 ], [ 6.3733471, 53.036673299089067 ], [ 6.3728896, 53.036549099089072 ], [ 6.3726236, 53.03645379908906 ], [ 6.372435, 53.036348299089056 ], [ 6.372278, 53.036245399089047 ], [ 6.3716233, 53.035530399089019 ], [ 6.3748702, 53.032507199088926 ], [ 6.3760363, 53.029902499088827 ], [ 6.3772342, 53.027237199088745 ], [ 6.3773467, 53.027167499088726 ], [ 6.3834597, 53.023644299088616 ], [ 6.3762202, 53.020896899088513 ], [ 6.3754189, 53.02165889908855 ], [ 6.3737404, 53.02102739908851 ], [ 6.371854, 53.020334099088508 ], [ 6.3681593, 53.018921799088467 ], [ 6.360801, 53.016144099088372 ], [ 6.3605616, 53.016056899088369 ], [ 6.3604758, 53.016005299088356 ], [ 6.3604814, 53.015944599088357 ], [ 6.3604928, 53.015933799088366 ], [ 6.3604662, 53.015897799088364 ], [ 6.3625395, 53.013546199088296 ], [ 6.3624105, 53.013504799088267 ], [ 6.3617086, 53.013246899088273 ], [ 6.3610422, 53.01300469908827 ], [ 6.3596707, 53.012504299088249 ], [ 6.3572695, 53.011617199088214 ], [ 6.3520848, 53.009715899088157 ], [ 6.3531818, 53.008601299088134 ], [ 6.350772, 53.007805199088082 ], [ 6.3501031, 53.007585899088092 ], [ 6.3520008, 53.005466099088025 ], [ 6.3465452, 53.003455699087972 ] ] ] ] } },
{ "type": "Feature", "properties": { "@id": "way/1123921478", "name": "Groene Jonker" }, "geometry": { "type": "MultiPolygon", "coordinates": [ [ [ [ 4.8164249, 52.184335299103452 ], [ 4.8174662, 52.182887599103552 ], [ 4.8187308, 52.181100299103669 ], [ 4.8225756, 52.175814899104019 ], [ 4.8240319, 52.17385919910415 ], [ 4.8246004, 52.173045099104208 ], [ 4.8246049, 52.1729975991042 ], [ 4.8247936, 52.172989599104206 ], [ 4.8279267, 52.174333899104106 ], [ 4.8280126, 52.174399799104123 ], [ 4.8280406, 52.174476999104115 ], [ 4.828047, 52.174589699104111 ], [ 4.8278622, 52.176015799104007 ], [ 4.8280001, 52.17617239910399 ], [ 4.8281003, 52.176283999103987 ], [ 4.8285842, 52.176537799103961 ], [ 4.8289872, 52.176671299103973 ], [ 4.8292435, 52.176776999103964 ], [ 4.8295629, 52.176924399103939 ], [ 4.8336378, 52.178720499103825 ], [ 4.8337921, 52.178772799103839 ], [ 4.8338738, 52.178887099103804 ], [ 4.8338264, 52.178924499103829 ], [ 4.8342214, 52.179105499103805 ], [ 4.8343473, 52.179185399103815 ], [ 4.8343287, 52.179190199103793 ], [ 4.8341906, 52.179359999103781 ], [ 4.8341597, 52.179401499103783 ], [ 4.834128, 52.179445899103797 ], [ 4.8337904, 52.179864099103753 ], [ 4.8337033, 52.179970199103757 ], [ 4.8336732, 52.179986699103736 ], [ 4.8335864, 52.179992799103751 ], [ 4.833402, 52.180273599103735 ], [ 4.8334015, 52.180299799103722 ], [ 4.8334211, 52.180338799103723 ], [ 4.8330321, 52.180946899103681 ], [ 4.8330113, 52.180956699103696 ], [ 4.8329744, 52.180957499103677 ], [ 4.8316406, 52.180632199103705 ], [ 4.8316197, 52.180634199103686 ], [ 4.8306793, 52.18203539910359 ], [ 4.8306836, 52.182052299103603 ], [ 4.8321293, 52.182395999103576 ], [ 4.8321528, 52.182380899103585 ], [ 4.8322422, 52.18240459910357 ], [ 4.83231, 52.182424299103573 ], [ 4.8322961, 52.182440699103587 ], [ 4.8323427, 52.182460599103564 ], [ 4.8323305, 52.182481099103562 ], [ 4.8312259, 52.183306299103506 ], [ 4.8311704, 52.183324799103517 ], [ 4.82983, 52.182983599103537 ], [ 4.8297998, 52.182992599103549 ], [ 4.8295933, 52.183283699103512 ], [ 4.8295598, 52.18328859910352 ], [ 4.8284695, 52.183019099103561 ], [ 4.8284198, 52.183051799103531 ], [ 4.8282053, 52.183396499103516 ], [ 4.8282408, 52.18342059910352 ], [ 4.8284859, 52.183487499103506 ], [ 4.828503, 52.183505499103511 ], [ 4.827699, 52.184618599103445 ], [ 4.827715, 52.184635199103425 ], [ 4.82765, 52.184725399103435 ], [ 4.8276276, 52.184726199103437 ], [ 4.8273643, 52.185089799103395 ], [ 4.827262, 52.185198599103408 ], [ 4.82679, 52.185835999103375 ], [ 4.8267661, 52.185875399103367 ], [ 4.8267294, 52.185987099103329 ], [ 4.8267424, 52.185997099103361 ], [ 4.8266842, 52.186089999103338 ], [ 4.8266549, 52.186080999103346 ], [ 4.826046, 52.18693139910328 ], [ 4.8256673, 52.187115299103276 ], [ 4.8253126, 52.187274599103262 ], [ 4.8252661, 52.187272199103262 ], [ 4.8227311, 52.186203199103325 ], [ 4.8218439, 52.185829199103352 ], [ 4.8210918, 52.185526499103389 ], [ 4.8201173, 52.185276999103394 ], [ 4.8183168, 52.184831999103423 ], [ 4.8164401, 52.184360799103466 ], [ 4.8164249, 52.184335299103452 ] ] ] ] } },
{ "type": "Feature", "properties": { "@id": "relation/7237955", "name": "Horsterwold" }, "geometry": { "type": "MultiPolygon", "coordinates": [ [ [ [ 5.518702, 52.279457999097644 ], [ 5.5182997, 52.280275199097616 ], [ 5.5175057, 52.281889899097514 ], [ 5.5174306, 52.282736599097461 ], [ 5.5175755, 52.283514399097413 ], [ 5.5178973, 52.284105099097395 ], [ 5.5183909, 52.285082999097341 ], [ 5.5210784, 52.290060899097071 ], [ 5.5194772, 52.290426699097047 ], [ 5.5192733, 52.29071549909704 ], [ 5.5187101, 52.290892699097036 ], [ 5.5180288, 52.290705599097024 ], [ 5.5154834, 52.291425899096993 ], [ 5.5129621, 52.292259299096962 ], [ 5.5100707, 52.292892499096908 ], [ 5.5095879, 52.293063099096891 ], [ 5.5207512, 52.313979499095794 ], [ 5.5210624, 52.316084799095698 ], [ 5.5209551, 52.316937399095636 ], [ 5.5184767, 52.322708499095334 ], [ 5.5177793, 52.324144599095277 ], [ 5.5182836, 52.324478999095255 ], [ 5.528406, 52.326327699095167 ], [ 5.5290285, 52.326082299095184 ], [ 5.5299054, 52.32425159909527 ], [ 5.5314371, 52.32107559909543 ], [ 5.5320004, 52.320593599095453 ], [ 5.5332128, 52.319786999095484 ], [ 5.5334917, 52.319465599095523 ], [ 5.5343017, 52.316753799095636 ], [ 5.5339906, 52.316163499095708 ], [ 5.5313084, 52.31294309909584 ], [ 5.5314961, 52.312874299095853 ], [ 5.5337277, 52.3124216990959 ], [ 5.5339316, 52.311450899095924 ], [ 5.5337546, 52.309643799096023 ], [ 5.5348006, 52.308709099096077 ], [ 5.535144, 52.308492599096098 ], [ 5.5359593, 52.308217099096098 ], [ 5.5353478, 52.306491799096214 ], [ 5.5415169, 52.305242099096233 ], [ 5.5411011, 52.304457099096304 ], [ 5.5304617, 52.284291999097377 ], [ 5.5278973, 52.279524599097641 ], [ 5.5274555, 52.2787950990977 ], [ 5.5268207, 52.27807029909772 ], [ 5.5262962, 52.277533999097784 ], [ 5.5256703, 52.277009599097781 ], [ 5.5245707, 52.276228399097825 ], [ 5.5232618, 52.275493099097858 ], [ 5.5215827, 52.274813699097898 ], [ 5.5205313, 52.274452599097948 ], [ 5.510355, 52.27263089909804 ], [ 5.5101082, 52.273228299098001 ], [ 5.50984, 52.273057599098017 ], [ 5.5088959, 52.272571799098031 ], [ 5.5073831, 52.272190999098072 ], [ 5.5049315, 52.276993099097801 ], [ 5.518702, 52.279457999097644 ] ] ], [ [ [ 5.4486628, 52.32442649909526 ], [ 5.4490318, 52.324608999095261 ], [ 5.455622, 52.325758099095189 ], [ 5.4625421, 52.327351499095101 ], [ 5.4702883, 52.329803699094995 ], [ 5.475583, 52.331954199094874 ], [ 5.4789572, 52.333750599094799 ], [ 5.4845791, 52.336871099094644 ], [ 5.5017882, 52.347417699094116 ], [ 5.5042612, 52.345933199094183 ], [ 5.5053555, 52.345192599094247 ], [ 5.5063265, 52.344337199094248 ], [ 5.5070855, 52.343408099094319 ], [ 5.507394, 52.342945999094333 ], [ 5.5076756, 52.342483899094354 ], [ 5.5109452, 52.335048699094742 ], [ 5.5145877, 52.327662999095089 ], [ 5.5063694, 52.326174499095181 ], [ 5.5060207, 52.325977799095185 ], [ 5.5051356, 52.325797499095181 ], [ 5.5040976, 52.327903899095098 ], [ 5.4988914, 52.326990899095122 ], [ 5.5036711, 52.316337799095649 ], [ 5.5056291, 52.31670509909565 ], [ 5.5060931, 52.315717999095703 ], [ 5.506415, 52.315398299095712 ], [ 5.5066752, 52.315185099095721 ], [ 5.5070078, 52.315003099095733 ], [ 5.5075764, 52.314739099095753 ], [ 5.508204, 52.314537399095748 ], [ 5.5085581, 52.314493199095764 ], [ 5.5090409, 52.314475099095752 ], [ 5.5096417, 52.31449149909578 ], [ 5.5102479, 52.314553799095762 ], [ 5.5170821, 52.315780299095721 ], [ 5.5170178, 52.316052499095697 ], [ 5.5157786, 52.318538099095562 ], [ 5.5174593, 52.318839899095529 ], [ 5.5191528, 52.319131599095527 ], [ 5.5197107, 52.317892099095602 ], [ 5.5199306, 52.317124799095645 ], [ 5.5199521, 52.316547699095665 ], [ 5.5199092, 52.315734399095724 ], [ 5.5197161, 52.314717799095767 ], [ 5.5193513, 52.313845499095812 ], [ 5.5140298, 52.303900999096342 ], [ 5.5105107, 52.297090799096694 ], [ 5.5081289, 52.292504099096938 ], [ 5.5072706, 52.29142139909699 ], [ 5.5065947, 52.29081769909704 ], [ 5.506069, 52.290430499097042 ], [ 5.5048674, 52.289734899097084 ], [ 5.5047171, 52.289652899097085 ], [ 5.5052922, 52.289379799097098 ], [ 5.5064348, 52.288460999097147 ], [ 5.5064847, 52.288327699097188 ], [ 5.5072954, 52.288392499097185 ], [ 5.5124255, 52.287347799097212 ], [ 5.5107702, 52.284314399097404 ], [ 5.5102905, 52.283911999097413 ], [ 5.5089514, 52.284135199097378 ], [ 5.5072388, 52.28381679909743 ], [ 5.5077615, 52.282810599097466 ], [ 5.5018783, 52.281721499097536 ], [ 5.4961881, 52.280667999097602 ], [ 5.495202, 52.282425799097503 ], [ 5.482836, 52.280210099097616 ], [ 5.4838848, 52.27791269909774 ], [ 5.4823727, 52.277636199097756 ], [ 5.4831123, 52.276176399097828 ], [ 5.4787949, 52.275384599097869 ], [ 5.4746533, 52.283669199097417 ], [ 5.4630464, 52.281649099097514 ], [ 5.4591196, 52.29001699909707 ], [ 5.4560082, 52.296346099096723 ], [ 5.4542541, 52.299597199096539 ], [ 5.4523712, 52.302536399096397 ], [ 5.4493617, 52.306597299096182 ], [ 5.4465615, 52.309900099096005 ], [ 5.4446786, 52.311894099095923 ], [ 5.437383, 52.31869549909554 ], [ 5.435838, 52.320571099095467 ], [ 5.4351889, 52.322003999095401 ], [ 5.4483881, 52.324218799095263 ], [ 5.4486628, 52.32442649909526 ] ] ], [ [ [ 5.4294932, 52.330976699094947 ], [ 5.4369246, 52.33387019909479 ], [ 5.4448927, 52.33701859909462 ], [ 5.4503482, 52.339159999094512 ], [ 5.463444, 52.344805299094254 ], [ 5.4646888, 52.343784499094298 ], [ 5.4635818, 52.34330339909431 ], [ 5.4660798, 52.341173699094433 ], [ 5.4701944, 52.342955099094326 ], [ 5.4707584, 52.34260539909436 ], [ 5.4709275, 52.342445899094358 ], [ 5.4716043, 52.342725399094341 ], [ 5.4712742, 52.343077599094329 ], [ 5.4712659, 52.343433599094311 ], [ 5.4719196, 52.343712999094308 ], [ 5.4720617, 52.345341199094207 ], [ 5.4719656, 52.345550399094208 ], [ 5.4700482, 52.346803399094128 ], [ 5.4681225, 52.345947199094205 ], [ 5.4680055, 52.346051799094191 ], [ 5.4665518, 52.345404899094227 ], [ 5.4660527, 52.3458591990942 ], [ 5.4704137, 52.347826599094084 ], [ 5.4731185, 52.34901319909406 ], [ 5.473319, 52.349070599094041 ], [ 5.4736323, 52.34909989909405 ], [ 5.4745179, 52.349467399094031 ], [ 5.4745137, 52.349582199094002 ], [ 5.4796476, 52.351795699093906 ], [ 5.48748, 52.35515209909375 ], [ 5.488023, 52.354947999093767 ], [ 5.4891425, 52.354057599093814 ], [ 5.4895769, 52.353781999093826 ], [ 5.4876638, 52.352539499093858 ], [ 5.4885076, 52.352095499093899 ], [ 5.488541, 52.352016399093905 ], [ 5.4864732, 52.350773799093957 ], [ 5.4957802, 52.345200799094243 ], [ 5.495705, 52.345088499094246 ], [ 5.4851866, 52.338743999094547 ], [ 5.4823962, 52.336998199094623 ], [ 5.4776842, 52.334506999094756 ], [ 5.4723206, 52.331964699094875 ], [ 5.4684441, 52.330473899094947 ], [ 5.4640079, 52.32908509909501 ], [ 5.459204, 52.327752499095077 ], [ 5.4531219, 52.326481199095163 ], [ 5.4504276, 52.325988399095202 ], [ 5.4471777, 52.325329799095215 ], [ 5.4304059, 52.322730699095352 ], [ 5.4298337, 52.322631099095346 ], [ 5.4293282, 52.323779999095301 ], [ 5.4283633, 52.325531499095185 ], [ 5.4271602, 52.326813099095133 ], [ 5.4265002, 52.327372199095109 ], [ 5.4268594, 52.327629999095102 ], [ 5.4250549, 52.329201299095025 ], [ 5.4262725, 52.329665899095005 ], [ 5.4294932, 52.330976699094947 ] ] ] ] } },
{ "type": "Feature", "properties": { "@id": "relation/7290016", "name": "Korenburgerveen" }, "geometry": { "type": "MultiPolygon", "coordinates": [ [ [ [ 6.6358095, 51.985210199118718 ], [ 6.6371558, 51.985192599118733 ], [ 6.6390881, 51.985165799118739 ], [ 6.6392583, 51.985163399118747 ], [ 6.6391775, 51.984741299118774 ], [ 6.6376565, 51.984780999118776 ], [ 6.6375472, 51.984312199118811 ], [ 6.6376131, 51.984262099118808 ], [ 6.6390591, 51.984217799118817 ], [ 6.6391985, 51.984212099118821 ], [ 6.6407258, 51.984157999118821 ], [ 6.6408656, 51.984151199118834 ], [ 6.6418648, 51.984102699118829 ], [ 6.6419899, 51.984096699118844 ], [ 6.6429671, 51.984080699118827 ], [ 6.6431431, 51.983380899118892 ], [ 6.6437518, 51.983386699118888 ], [ 6.6444159, 51.982932199118927 ], [ 6.6444656, 51.98289629911892 ], [ 6.644534, 51.982849299118932 ], [ 6.6445529, 51.982836299118951 ], [ 6.6445719, 51.982823299118927 ], [ 6.6445674, 51.982776799118952 ], [ 6.6422685, 51.982615599118965 ], [ 6.6425776, 51.981442599119063 ], [ 6.6427201, 51.980848599119113 ], [ 6.6427649, 51.98066179911914 ], [ 6.644048, 51.980920799119119 ], [ 6.6443792, 51.980299299119174 ], [ 6.6444138, 51.98023869911917 ], [ 6.6447634, 51.979578099119216 ], [ 6.6454, 51.978399999119318 ], [ 6.6452, 51.978299999119336 ], [ 6.6444266, 51.977698499119391 ], [ 6.6434, 51.976899999119453 ], [ 6.6429594, 51.976586199119488 ], [ 6.6430241, 51.976515899119498 ], [ 6.6437523, 51.976320399119501 ], [ 6.6447569, 51.975192499119622 ], [ 6.6449664, 51.974904599119625 ], [ 6.6453165, 51.974557599119656 ], [ 6.645879, 51.974186599119705 ], [ 6.6460242, 51.974360899119695 ], [ 6.6465819, 51.974866199119639 ], [ 6.6466761, 51.974835399119648 ], [ 6.6469206, 51.974755399119665 ], [ 6.6481545, 51.972905199119815 ], [ 6.6507568, 51.973430699119774 ], [ 6.6507797, 51.973445699119765 ], [ 6.6509939, 51.973585299119755 ], [ 6.6513763, 51.973843999119744 ], [ 6.6525814, 51.974542199119661 ], [ 6.6518355, 51.975352299119592 ], [ 6.6522, 51.975599999119588 ], [ 6.6524, 51.97569999911957 ], [ 6.6530002, 51.976139699119543 ], [ 6.6528, 51.976299999119512 ], [ 6.6538112, 51.976786099119479 ], [ 6.6545844, 51.977132999119455 ], [ 6.6551262, 51.977371099119416 ], [ 6.6558574, 51.977691599119396 ], [ 6.6565264, 51.977984699119361 ], [ 6.656115, 51.978468399119315 ], [ 6.6568297, 51.978669399119312 ], [ 6.6584774, 51.979142099119279 ], [ 6.6592825, 51.979358899119248 ], [ 6.6595711, 51.979440099119252 ], [ 6.6619251, 51.980058699119191 ], [ 6.6625162, 51.980210199119185 ], [ 6.6629848, 51.980329799119176 ], [ 6.6630902, 51.980181699119186 ], [ 6.6631381, 51.979932599119195 ], [ 6.663269, 51.979159799119259 ], [ 6.663434, 51.97843139911933 ], [ 6.66794, 51.979119999119284 ], [ 6.668469, 51.979329999119251 ], [ 6.6686585, 51.979682899119219 ], [ 6.6685689, 51.97999299911919 ], [ 6.6692113, 51.980048699119195 ], [ 6.6693105, 51.979483999119239 ], [ 6.6710561, 51.979351099119256 ], [ 6.6725484, 51.979337999119238 ], [ 6.67286, 51.979329999119251 ], [ 6.67363, 51.979769999119199 ], [ 6.6738039, 51.979869599119198 ], [ 6.6741494, 51.979998999119204 ], [ 6.6744756, 51.980165299119179 ], [ 6.6745249, 51.980202199119176 ], [ 6.6746568, 51.980321999119155 ], [ 6.6746812, 51.980384999119153 ], [ 6.6736714, 51.981664599119021 ], [ 6.6725561, 51.981392999119059 ], [ 6.6720106, 51.981521899119038 ], [ 6.6719312, 51.981580199119065 ], [ 6.6718649, 51.981587099119039 ], [ 6.6717673, 51.981649699119046 ], [ 6.6717465, 51.981747399119023 ], [ 6.671797, 51.982129499119004 ], [ 6.6727992, 51.982479099118976 ], [ 6.6728873, 51.982510999118972 ], [ 6.6729848, 51.982590899118961 ], [ 6.6729467, 51.983322299118875 ], [ 6.6728436, 51.983764199118873 ], [ 6.6727036, 51.983976899118851 ], [ 6.6724736, 51.984118299118833 ], [ 6.6724835, 51.984133999118832 ], [ 6.6725079, 51.984172599118835 ], [ 6.6725567, 51.984249799118828 ], [ 6.6731956, 51.985260899118749 ], [ 6.6732157, 51.985292699118723 ], [ 6.6732363, 51.985313499118732 ], [ 6.6733624, 51.985440899118721 ], [ 6.6749018, 51.984901699118765 ], [ 6.6749178, 51.986253599118648 ], [ 6.6736599, 51.986250899118652 ], [ 6.6726855, 51.987286499118554 ], [ 6.6752144, 51.987331299118566 ], [ 6.6755191, 51.987396199118542 ], [ 6.6757631, 51.988705899118422 ], [ 6.6730739, 51.989243299118385 ], [ 6.6736183, 51.989414299118366 ], [ 6.6725088, 51.990788599118254 ], [ 6.6724379, 51.99087639911825 ], [ 6.6714916, 51.99101189911822 ], [ 6.6751227, 51.991947699118157 ], [ 6.6749663, 51.992080999118144 ], [ 6.6682172, 51.99636749911776 ], [ 6.6647206, 51.996915399117732 ], [ 6.6612719, 51.99753449911767 ], [ 6.6603059, 51.997632699117652 ], [ 6.6575162, 51.997909899117644 ], [ 6.6559888, 51.998043399117634 ], [ 6.6559081, 51.997219399117697 ], [ 6.6559063, 51.997201199117704 ], [ 6.6559028, 51.997164999117707 ], [ 6.6528195, 51.996991999117704 ], [ 6.652713, 51.997442499117668 ], [ 6.6524671, 51.997447899117681 ], [ 6.6520672, 51.997561299117685 ], [ 6.6515869, 51.997822499117625 ], [ 6.650294, 51.997516599117681 ], [ 6.6506996, 51.995541699117823 ], [ 6.647124, 51.994525499117927 ], [ 6.6469529, 51.994386299117927 ], [ 6.6471069, 51.993702199117998 ], [ 6.6417428, 51.992492799118118 ], [ 6.6420386, 51.992001499118139 ], [ 6.6421204, 51.991865699118158 ], [ 6.6420592, 51.991833499118172 ], [ 6.6420582, 51.99179839911816 ], [ 6.641952, 51.991795099118157 ], [ 6.6406865, 51.991755999118169 ], [ 6.640667, 51.991715699118188 ], [ 6.6397838, 51.989954899118324 ], [ 6.6391471, 51.990048899118321 ], [ 6.63827, 51.990179999118311 ], [ 6.6363841, 51.986340399118639 ], [ 6.6358658, 51.985324399118738 ], [ 6.6358095, 51.985210199118718 ] ], [ [ 6.6681735, 51.98958139911835 ], [ 6.6684495, 51.990085999118321 ], [ 6.6695456, 51.989828799118349 ], [ 6.6694709, 51.98960019911835 ], [ 6.669472, 51.989284899118388 ], [ 6.6681735, 51.98958139911835 ] ], [ [ 6.6695211, 51.989633499118341 ], [ 6.6695522, 51.989743599118349 ], [ 6.6695967, 51.989786099118348 ], [ 6.6696588, 51.989819099118328 ], [ 6.6697845, 51.989854599118352 ], [ 6.670641, 51.989995499118336 ], [ 6.670487, 51.989392899118386 ], [ 6.6705616, 51.989098599118392 ], [ 6.6705545, 51.989040799118385 ], [ 6.6704863, 51.98872519911842 ], [ 6.6699463, 51.988784099118426 ], [ 6.6699295, 51.988707599118428 ], [ 6.6697429, 51.988715899118439 ], [ 6.6695539, 51.989418599118359 ], [ 6.6695294, 51.989567199118376 ], [ 6.6695211, 51.989633499118341 ] ], [ [ 6.669674, 51.985823599118689 ], [ 6.6698859, 51.98621849911865 ], [ 6.6709862, 51.985982099118672 ], [ 6.6708181, 51.985570599118716 ], [ 6.6700134, 51.985741799118699 ], [ 6.669674, 51.985823599118689 ] ], [ [ 6.671922, 51.987753599118513 ], [ 6.671983, 51.988143099118474 ], [ 6.6722145, 51.988298499118464 ], [ 6.6729807, 51.988236999118477 ], [ 6.6730741, 51.988201399118481 ], [ 6.6733163, 51.988109199118476 ], [ 6.6732464, 51.988043699118485 ], [ 6.6731402, 51.987944199118488 ], [ 6.6731, 51.987717399118495 ], [ 6.6725741, 51.987711099118521 ], [ 6.671922, 51.987753599118513 ] ] ] ] } },
{ "type": "Feature", "properties": { "@id": "way/405273371", "name": "Marker Wadden" }, "geometry": { "type": "MultiPolygon", "coordinates": [ [ [ [ 5.335503, 52.596743999085703 ], [ 5.3650095, 52.578301499086066 ], [ 5.370975, 52.577396999086091 ], [ 5.3761, 52.572399999086201 ], [ 5.384933, 52.567116999086316 ], [ 5.400424, 52.561064499086456 ], [ 5.4112815, 52.570116399086253 ], [ 5.4055139, 52.581441699086014 ], [ 5.4080667, 52.582447199085955 ], [ 5.416294, 52.580755999086044 ], [ 5.416208, 52.583413999085955 ], [ 5.41625, 52.586180999085883 ], [ 5.41625, 52.588891999085845 ], [ 5.416294, 52.591577999085814 ], [ 5.416336, 52.594288999085741 ], [ 5.416294, 52.597232999085691 ], [ 5.416422, 52.599866999085634 ], [ 5.415247, 52.603171999085575 ], [ 5.413017, 52.605410999085514 ], [ 5.409628, 52.607702999085497 ], [ 5.406106, 52.609968999085432 ], [ 5.402717, 52.612288999085422 ], [ 5.399197, 52.614607999085365 ], [ 5.394919, 52.612527999085387 ], [ 5.390628, 52.610649999085439 ], [ 5.386764, 52.608827999085477 ], [ 5.354686, 52.607718999085499 ], [ 5.335503, 52.596743999085703 ] ] ] ] } },
{ "type": "Feature", "properties": { "@id": "way/1201561032", "name": "Moerputten" }, "geometry": { "type": "MultiPolygon", "coordinates": [ [ [ [ 5.4913696, 51.403633099185761 ], [ 5.4914376, 51.404339799185664 ], [ 5.4917145, 51.404335499185656 ], [ 5.4917237, 51.40443619918566 ], [ 5.492169, 51.404359899185678 ], [ 5.4932072, 51.404146899185704 ], [ 5.4940724, 51.404005199185711 ], [ 5.4944358, 51.403980699185702 ], [ 5.4948442, 51.40396919918571 ], [ 5.4955975, 51.403964899185709 ], [ 5.4964742, 51.403988599185716 ], [ 5.4966911, 51.403998699185721 ], [ 5.4971872, 51.40392529918573 ], [ 5.4976601, 51.403853299185727 ], [ 5.4983685, 51.40363019918577 ], [ 5.499259, 51.403348099185813 ], [ 5.5004219, 51.402880299185874 ], [ 5.5013194, 51.402402499185932 ], [ 5.5017127, 51.402174399185967 ], [ 5.5019677, 51.402033999186003 ], [ 5.5020461, 51.401946899185994 ], [ 5.5024337, 51.401641799186066 ], [ 5.5025168, 51.40158569918605 ], [ 5.5025676, 51.401527399186079 ], [ 5.5026437, 51.401271199186091 ], [ 5.5026668, 51.401125799186111 ], [ 5.5027868, 51.40085659918617 ], [ 5.503059, 51.400447799186225 ], [ 5.5033428, 51.400100899186263 ], [ 5.5038181, 51.399605799186354 ], [ 5.5042195, 51.399113499186399 ], [ 5.5048794, 51.398151899186544 ], [ 5.5054054, 51.397126999186682 ], [ 5.5044306, 51.396835499186736 ], [ 5.5039138, 51.397381799186647 ], [ 5.4999939, 51.397314899186654 ], [ 5.4999904, 51.398839999186436 ], [ 5.5010217, 51.39932799918639 ], [ 5.4951684, 51.40073859918617 ], [ 5.4946712, 51.400860199186148 ], [ 5.4943862, 51.40094939918616 ], [ 5.4939882, 51.401137599186107 ], [ 5.4918137, 51.402297799185938 ], [ 5.4909202, 51.402190199185959 ], [ 5.4909, 51.402270799185949 ], [ 5.4907847, 51.403637399185769 ], [ 5.4913696, 51.403633099185761 ] ] ], [ [ [ 5.2370493, 51.686083299149246 ], [ 5.2373616, 51.686291099149223 ], [ 5.2383119, 51.686865099149166 ], [ 5.239089, 51.685954399149267 ], [ 5.2395835, 51.686339399149226 ], [ 5.2397, 51.686699999149205 ], [ 5.2393068, 51.687193699149127 ], [ 5.2389184, 51.687685399149053 ], [ 5.2384, 51.68819999914902 ], [ 5.2381511, 51.688410299148977 ], [ 5.2377641, 51.688455599148988 ], [ 5.238, 51.689099999148901 ], [ 5.2399005, 51.689519699148846 ], [ 5.2403973, 51.689052899148919 ], [ 5.241, 51.689299999148901 ], [ 5.2409, 51.689499999148858 ], [ 5.2421, 51.690199999148767 ], [ 5.2408, 51.691299999148647 ], [ 5.2407, 51.691899999148582 ], [ 5.2399247, 51.692476699148521 ], [ 5.2393284, 51.692368799148525 ], [ 5.2387627, 51.692574899148497 ], [ 5.2382392, 51.692855099148481 ], [ 5.2380972, 51.692894199148476 ], [ 5.2386754, 51.693001699148446 ], [ 5.239475, 51.693129399148432 ], [ 5.2403268, 51.693287099148414 ], [ 5.2413214, 51.693472199148395 ], [ 5.2418835, 51.693571899148395 ], [ 5.2431973, 51.693791599148369 ], [ 5.244125, 51.693868199148348 ], [ 5.2442947, 51.693663899148376 ], [ 5.2471354, 51.692176599148553 ], [ 5.2465529, 51.691782399148586 ], [ 5.2457874, 51.691199999148665 ], [ 5.2465218, 51.690758599148708 ], [ 5.2478397, 51.691611099148631 ], [ 5.2483492, 51.69109489914868 ], [ 5.2506635, 51.692892399148477 ], [ 5.2528, 51.692099999148574 ], [ 5.2541, 51.691499999148625 ], [ 5.255, 51.691899999148582 ], [ 5.2560952, 51.69160249914863 ], [ 5.2557384, 51.691453299148627 ], [ 5.2564508, 51.690911899148695 ], [ 5.255507, 51.690572799148725 ], [ 5.256713, 51.689566599148833 ], [ 5.2570444, 51.689665599148839 ], [ 5.2574134, 51.68945339914886 ], [ 5.2576, 51.689399999148861 ], [ 5.257863, 51.689311099148888 ], [ 5.2580993, 51.689150699148897 ], [ 5.2582, 51.688999999148919 ], [ 5.2587, 51.689099999148901 ], [ 5.2592, 51.688799999148941 ], [ 5.26, 51.688999999148919 ], [ 5.2606, 51.688399999148992 ], [ 5.2589, 51.687999999149035 ], [ 5.2589, 51.687899999149046 ], [ 5.259, 51.687699999149082 ], [ 5.2599218, 51.686766299149191 ], [ 5.2589, 51.686299999149242 ], [ 5.2597652, 51.685747399149278 ], [ 5.2590843, 51.685213699149365 ], [ 5.2587, 51.684999999149376 ], [ 5.2577726, 51.684746499149433 ], [ 5.2574349, 51.685013399149376 ], [ 5.2571, 51.685299999149365 ], [ 5.257, 51.685299999149365 ], [ 5.2567, 51.685199999149376 ], [ 5.2562, 51.685199999149376 ], [ 5.2560536, 51.685308299149355 ], [ 5.2559599, 51.685404999149327 ], [ 5.2558509, 51.685518399149316 ], [ 5.2557481, 51.685630599149313 ], [ 5.2557, 51.685699999149314 ], [ 5.2555, 51.685899999149278 ], [ 5.2553, 51.685999999149267 ], [ 5.2552, 51.685899999149278 ], [ 5.2546518, 51.686001899149261 ], [ 5.2546365, 51.685964399149256 ], [ 5.2546181, 51.685900399149276 ], [ 5.2545934, 51.685874499149293 ], [ 5.2546083, 51.685845599149289 ], [ 5.2546761, 51.685733899149305 ], [ 5.254, 51.685599999149311 ], [ 5.253357, 51.686181499149249 ], [ 5.2533541, 51.686128699149251 ], [ 5.2536237, 51.685875599149284 ], [ 5.2538094, 51.685673899149315 ], [ 5.2540377, 51.685480299149319 ], [ 5.2543718, 51.68522969914936 ], [ 5.254719, 51.684996199149381 ], [ 5.2544483, 51.684867299149396 ], [ 5.2541, 51.684999999149376 ], [ 5.2539, 51.684999999149376 ], [ 5.2539962, 51.6848214991494 ], [ 5.2541093, 51.684604299149427 ], [ 5.2537483, 51.684558899149437 ], [ 5.2532, 51.684499999149438 ], [ 5.2528, 51.684799999149412 ], [ 5.2511653, 51.684658099149424 ], [ 5.2515863, 51.68436119914945 ], [ 5.251604, 51.68425009914948 ], [ 5.2503459, 51.684053299149497 ], [ 5.2487138, 51.683758099149522 ], [ 5.2485, 51.684099999149502 ], [ 5.2483, 51.684299999149481 ], [ 5.2478079, 51.684175799149479 ], [ 5.2476, 51.684199999149463 ], [ 5.2472, 51.684099999149502 ], [ 5.2470761, 51.684090399149504 ], [ 5.2469933, 51.684080199149498 ], [ 5.2468001, 51.684080699149519 ], [ 5.2466, 51.684099999149502 ], [ 5.2461, 51.684299999149481 ], [ 5.246, 51.684499999149438 ], [ 5.2460036, 51.684637499149424 ], [ 5.2471842, 51.685182199149359 ], [ 5.2471, 51.685199999149376 ], [ 5.2468922, 51.685114499149371 ], [ 5.2466233, 51.685014499149396 ], [ 5.2464649, 51.685131399149377 ], [ 5.2468, 51.685299999149365 ], [ 5.2469, 51.68539999914934 ], [ 5.2462, 51.685899999149278 ], [ 5.246, 51.685899999149278 ], [ 5.2453, 51.685499999149322 ], [ 5.2447, 51.685799999149296 ], [ 5.244336, 51.685650899149294 ], [ 5.2441328, 51.685781299149305 ], [ 5.244, 51.685799999149296 ], [ 5.2438, 51.685799999149296 ], [ 5.2433653, 51.685503199149331 ], [ 5.242497, 51.684879899149394 ], [ 5.2423, 51.684899999149401 ], [ 5.2421232, 51.684850799149402 ], [ 5.2414, 51.684999999149376 ], [ 5.2408, 51.685199999149376 ], [ 5.2403, 51.685299999149365 ], [ 5.24, 51.685199999149376 ], [ 5.2394, 51.68539999914934 ], [ 5.239, 51.685199999149376 ], [ 5.2386, 51.685099999149379 ], [ 5.238258, 51.685296799149356 ], [ 5.2375417, 51.684791499149405 ], [ 5.2367089, 51.684965399149391 ], [ 5.2357233, 51.685226599149352 ], [ 5.2370493, 51.686083299149246 ] ] ] ] } },
{ "type": "Feature", "properties": { "@id": "way/1315154130", "name": "Oostvaardersplassen" }, "geometry": { "type": "MultiPolygon", "coordinates": [ [ [ [ 5.2566017, 52.433808299090387 ], [ 5.2583335, 52.432118699090438 ], [ 5.2602708, 52.432747399090431 ], [ 5.2616081, 52.432625999090433 ], [ 5.2632991, 52.431163999090508 ], [ 5.2634473, 52.431035899090496 ], [ 5.265671, 52.429113199090551 ], [ 5.2661017, 52.428748999090601 ], [ 5.2665448, 52.428390499090597 ], [ 5.266947, 52.428078899090622 ], [ 5.2674677, 52.427690899090642 ], [ 5.2679471, 52.427350299090648 ], [ 5.2684381, 52.427015799090647 ], [ 5.2689406, 52.426687799090665 ], [ 5.2694542, 52.426366399090668 ], [ 5.2699789, 52.426051599090691 ], [ 5.2705143, 52.425743699090702 ], [ 5.2711257, 52.425408199090711 ], [ 5.2716163, 52.425148899090729 ], [ 5.2721825, 52.424862399090749 ], [ 5.2727584, 52.424583099090768 ], [ 5.2733439, 52.424311399090762 ], [ 5.2739386, 52.424047299090766 ], [ 5.2745422, 52.423790899090768 ], [ 5.2751567, 52.423542899090791 ], [ 5.2757754, 52.423301799090787 ], [ 5.2764044, 52.42306929909082 ], [ 5.2770413, 52.422844999090827 ], [ 5.2776858, 52.422628899090824 ], [ 5.2783375, 52.422421199090827 ], [ 5.2789964, 52.422221899090829 ], [ 5.2792938, 52.422135399090855 ], [ 5.2809828, 52.421650099090861 ], [ 5.281348, 52.421544999090877 ], [ 5.281617, 52.421467699090854 ], [ 5.2822436, 52.421287599090874 ], [ 5.2988384, 52.416516499091081 ], [ 5.2991681, 52.416421699091067 ], [ 5.2992474, 52.416398799091084 ], [ 5.3066494, 52.414269499091162 ], [ 5.3099709, 52.413308699091196 ], [ 5.3132857, 52.412339299091251 ], [ 5.3165937, 52.411361399091277 ], [ 5.3175947, 52.411062299091306 ], [ 5.3181793, 52.410887599091296 ], [ 5.3183473, 52.410994799091277 ], [ 5.3185207, 52.410899599091287 ], [ 5.3204816, 52.411575699091287 ], [ 5.3216415, 52.411976099091262 ], [ 5.3235231, 52.412590399091236 ], [ 5.325702, 52.413172399091209 ], [ 5.3270063, 52.413479499091196 ], [ 5.3291643, 52.413909099091178 ], [ 5.3316915, 52.41433859909116 ], [ 5.3335599, 52.414552199091162 ], [ 5.3350686, 52.414694199091137 ], [ 5.3362764, 52.414766999091128 ], [ 5.3371737, 52.41480849909113 ], [ 5.3386218, 52.414846599091142 ], [ 5.3398561, 52.414867399091122 ], [ 5.340636, 52.41485819909115 ], [ 5.3424116, 52.41480159909112 ], [ 5.343767, 52.414734599091133 ], [ 5.3465744, 52.414494499091155 ], [ 5.349253, 52.414278599091169 ], [ 5.3505213, 52.414231199091155 ], [ 5.3519997, 52.414240499091143 ], [ 5.3533324, 52.414257799091175 ], [ 5.3536732, 52.414217399091164 ], [ 5.3540101, 52.414216199091157 ], [ 5.3541672, 52.41423929909115 ], [ 5.3566547, 52.414370899091161 ], [ 5.3600204, 52.414687299091142 ], [ 5.3618074, 52.414957499091109 ], [ 5.3640298, 52.415382399091087 ], [ 5.366203, 52.415901899091097 ], [ 5.3684898, 52.416506999091062 ], [ 5.3698906, 52.417010299091054 ], [ 5.3716587, 52.417631499091016 ], [ 5.3729043, 52.418127999091013 ], [ 5.376024, 52.419471799090942 ], [ 5.3874417, 52.424307199090755 ], [ 5.3927544, 52.426597999090667 ], [ 5.3948746, 52.427592999090621 ], [ 5.3958855, 52.428126899090614 ], [ 5.3981107, 52.429431199090551 ], [ 5.3987108, 52.429795299090543 ], [ 5.3996204, 52.430465899090528 ], [ 5.400476, 52.431112299090501 ], [ 5.4013298, 52.431804799090457 ], [ 5.4020113, 52.432401499090432 ], [ 5.403007, 52.433345599090394 ], [ 5.4041087, 52.434558599090359 ], [ 5.4051196, 52.435873099090315 ], [ 5.405945, 52.437095299090267 ], [ 5.4064125, 52.437950399090219 ], [ 5.4069312, 52.438994799090182 ], [ 5.4074083, 52.440191399090146 ], [ 5.40805, 52.442566199090052 ], [ 5.4085138, 52.444472399089996 ], [ 5.4090722, 52.446001299089929 ], [ 5.4099809, 52.447798899089854 ], [ 5.4108554, 52.44918569908981 ], [ 5.4119875, 52.450669299089739 ], [ 5.4128791, 52.451687999089714 ], [ 5.4137669, 52.452578599089691 ], [ 5.4147002, 52.45347499908965 ], [ 5.4147664, 52.453450799089644 ], [ 5.4154271, 52.453989499089637 ], [ 5.4153419, 52.454039099089641 ], [ 5.4164266, 52.45489279908962 ], [ 5.417835, 52.455891699089584 ], [ 5.4196409, 52.456993399089541 ], [ 5.4192197, 52.457328499089527 ], [ 5.4192169, 52.457372899089528 ], [ 5.418596, 52.457853299089507 ], [ 5.418489, 52.457955999089478 ], [ 5.4185247, 52.458064399089501 ], [ 5.4184045, 52.458227399089481 ], [ 5.4180364, 52.458736199089465 ], [ 5.4178988, 52.458977099089473 ], [ 5.417678, 52.45953079908945 ], [ 5.4175908, 52.459974699089429 ], [ 5.4174493, 52.460429199089404 ], [ 5.4174319, 52.460697199089395 ], [ 5.4175036, 52.461311099089379 ], [ 5.4176663, 52.464550399089276 ], [ 5.4177361, 52.471679899089018 ], [ 5.4176935, 52.472331399088993 ], [ 5.4176276, 52.472723199088989 ], [ 5.4174803, 52.473058399088977 ], [ 5.4172478, 52.473414899088951 ], [ 5.4169688, 52.47383739908895 ], [ 5.4155776, 52.475553399088902 ], [ 5.4136129, 52.478072999088823 ], [ 5.4094026, 52.48351769908863 ], [ 5.4078583, 52.485482299088567 ], [ 5.4070794, 52.486440299088542 ], [ 5.4064168, 52.487254399088506 ], [ 5.4060777, 52.487581299088497 ], [ 5.4012725, 52.492059799088366 ], [ 5.4002999, 52.492872599088322 ], [ 5.3969971, 52.490935299088378 ], [ 5.3965636, 52.490715099088398 ], [ 5.3958491, 52.490452399088397 ], [ 5.3953394, 52.490286699088394 ], [ 5.3946859, 52.490120899088403 ], [ 5.3936882, 52.48995639908842 ], [ 5.3933331, 52.489919199088412 ], [ 5.3927101, 52.489870199088422 ], [ 5.392074, 52.489850299088417 ], [ 5.3909892, 52.489908599088423 ], [ 5.389338, 52.489944399088415 ], [ 5.3888631, 52.489935199088421 ], [ 5.3883447, 52.489909999088425 ], [ 5.3876585, 52.489819799088423 ], [ 5.3867675, 52.48964599908841 ], [ 5.3861946, 52.489526599088428 ], [ 5.3853342, 52.489257399088444 ], [ 5.384086, 52.488818299088479 ], [ 5.3832778, 52.488503899088464 ], [ 5.3790735, 52.486693299088515 ], [ 5.36799, 52.481952099088673 ], [ 5.3564883, 52.476990199088839 ], [ 5.3415828, 52.470591899089072 ], [ 5.3337462, 52.4672543990892 ], [ 5.3336656, 52.467199999089175 ], [ 5.3336286, 52.467157499089176 ], [ 5.3335501, 52.466816399089168 ], [ 5.3335044, 52.466743499089176 ], [ 5.3333933, 52.466663799089204 ], [ 5.3317007, 52.465947199089214 ], [ 5.3315526, 52.465904699089215 ], [ 5.3314132, 52.465878199089225 ], [ 5.3312127, 52.465871499089218 ], [ 5.3307248, 52.465892799089218 ], [ 5.3306289, 52.46588079908922 ], [ 5.3234752, 52.462784499089338 ], [ 5.3029006, 52.453949599089647 ], [ 5.2810037, 52.444516799089975 ], [ 5.2804765, 52.444284399089973 ], [ 5.2803436, 52.444204799089981 ], [ 5.2802325, 52.444058699089993 ], [ 5.2801519, 52.443913999089993 ], [ 5.2799363, 52.44377319909001 ], [ 5.2794984, 52.44356339909001 ], [ 5.2790388, 52.443380199090015 ], [ 5.2788406, 52.443329699090022 ], [ 5.2784092, 52.443332399090025 ], [ 5.2782088, 52.443316499090038 ], [ 5.2719657, 52.440634199090127 ], [ 5.2609214, 52.435834899090288 ], [ 5.2592789, 52.435128399090345 ], [ 5.2580481, 52.434623699090359 ], [ 5.2577649, 52.434323599090376 ], [ 5.256667, 52.433945099090394 ], [ 5.2566017, 52.433808299090387 ] ] ] ] } },
{ "type": "Feature", "properties": { "@id": "relation/1917859", "name": "Quackjeswater" }, "geometry": { "type": "MultiPolygon", "coordinates": [ [ [ [ 4.0730637, 51.849770399131465 ], [ 4.0730684, 51.849715699131458 ], [ 4.0730975, 51.849659299131453 ], [ 4.0731506, 51.84961689913149 ], [ 4.0731704, 51.849565999131492 ], [ 4.0731663, 51.849545099131497 ], [ 4.0731598, 51.849512699131488 ], [ 4.0731039, 51.849440199131514 ], [ 4.0731295, 51.849398899131501 ], [ 4.0731828, 51.849350399131524 ], [ 4.0732814, 51.849321099131501 ], [ 4.0733487, 51.849297999131529 ], [ 4.0733833, 51.849264399131535 ], [ 4.073409, 51.849219199131532 ], [ 4.0735611, 51.849135799131524 ], [ 4.0735836, 51.849096099131529 ], [ 4.0736181, 51.849068099131536 ], [ 4.0736591, 51.849060199131536 ], [ 4.0736733, 51.84905749913154 ], [ 4.073705, 51.849017999131547 ], [ 4.0737459, 51.848978799131558 ], [ 4.0738853, 51.848890499131549 ], [ 4.0739358, 51.848834299131553 ], [ 4.0739817, 51.848726999131578 ], [ 4.0740202, 51.848663099131592 ], [ 4.0740852, 51.848633399131572 ], [ 4.0741555, 51.848632499131568 ], [ 4.0742204, 51.848604899131573 ], [ 4.0742705, 51.848559899131587 ], [ 4.074369, 51.848536299131609 ], [ 4.0744618, 51.848493799131603 ], [ 4.074507, 51.848411199131604 ], [ 4.0745693, 51.848368299131586 ], [ 4.0745915, 51.848338199131618 ], [ 4.0746345, 51.848290699131617 ], [ 4.0746964, 51.848260999131618 ], [ 4.0747486, 51.848252099131635 ], [ 4.0747772, 51.848212799131616 ], [ 4.0748424, 51.848175599131622 ], [ 4.0749467, 51.848161599131622 ], [ 4.0749996, 51.848126199131634 ], [ 4.0750652, 51.848074099131651 ], [ 4.0751126, 51.848019599131646 ], [ 4.0751262, 51.847972599131644 ], [ 4.0751489, 51.847927299131662 ], [ 4.0751899, 51.847884199131649 ], [ 4.0752076, 51.847868699131659 ], [ 4.0752369, 51.847843199131667 ], [ 4.0752722, 51.847784899131661 ], [ 4.0753345, 51.847739999131697 ], [ 4.0754232, 51.847735399131672 ], [ 4.0755208, 51.847740399131666 ], [ 4.0755822, 51.847715299131671 ], [ 4.0757004, 51.847642699131697 ], [ 4.0757476, 51.847594099131705 ], [ 4.0757455, 51.847560099131677 ], [ 4.075579, 51.847512699131698 ], [ 4.0755492, 51.847487699131705 ], [ 4.075541, 51.847453599131697 ], [ 4.075584, 51.847446499131706 ], [ 4.0756565, 51.847473699131697 ], [ 4.0757262, 51.8474915991317 ], [ 4.0758058, 51.847484899131693 ], [ 4.0758707, 51.847459199131713 ], [ 4.0759152, 51.847397399131701 ], [ 4.0759445, 51.847360599131704 ], [ 4.0759688, 51.847330299131727 ], [ 4.0760507, 51.847244099131721 ], [ 4.0761319, 51.847182299131731 ], [ 4.0761606, 51.84714109913174 ], [ 4.0761494, 51.847104999131737 ], [ 4.0760891, 51.847077899131747 ], [ 4.0759391, 51.847091399131727 ], [ 4.075888, 51.847064199131729 ], [ 4.0758953, 51.847022699131735 ], [ 4.0759699, 51.846976299131754 ], [ 4.0761018, 51.846958699131747 ], [ 4.0763153, 51.846964999131743 ], [ 4.0764981, 51.846982199131745 ], [ 4.0766219, 51.847027099131751 ], [ 4.0767552, 51.847064599131755 ], [ 4.0768577, 51.847110999131743 ], [ 4.0769509, 51.847159499131735 ], [ 4.0771089, 51.847185699131721 ], [ 4.077225, 51.847186999131715 ], [ 4.0773168, 51.847180699131755 ], [ 4.0773554, 51.847192399131721 ], [ 4.0774031, 51.847232799131724 ], [ 4.0774561, 51.847297699131708 ], [ 4.0775347, 51.8473249991317 ], [ 4.0776593, 51.847345499131706 ], [ 4.0777696, 51.847333199131718 ], [ 4.0778548, 51.847317899131738 ], [ 4.0778687, 51.847324799131712 ], [ 4.0778962, 51.847358199131712 ], [ 4.0779204, 51.847395299131712 ], [ 4.0779254, 51.847445099131711 ], [ 4.0779204, 51.847507399131686 ], [ 4.077903, 51.847558899131698 ], [ 4.0778883, 51.847628699131668 ], [ 4.0778998, 51.847670899131678 ], [ 4.0779211, 51.847698999131666 ], [ 4.0779613, 51.847736199131674 ], [ 4.0780365, 51.847743199131649 ], [ 4.0780762, 51.847757499131667 ], [ 4.0780431, 51.847777299131664 ], [ 4.0780263, 51.847800399131671 ], [ 4.0780306, 51.847837599131658 ], [ 4.078083, 51.84789489913166 ], [ 4.0781203, 51.847928499131662 ], [ 4.0781357, 51.847942399131639 ], [ 4.0781507, 51.847977399131651 ], [ 4.0781519, 51.847983899131656 ], [ 4.0781617, 51.848034599131644 ], [ 4.0781633, 51.848089899131629 ], [ 4.0781931, 51.848154599131632 ], [ 4.0783015, 51.848348799131607 ], [ 4.0783213, 51.848431899131604 ], [ 4.0783142, 51.848564399131597 ], [ 4.0782849, 51.848699999131583 ], [ 4.0782861, 51.848768299131571 ], [ 4.078319, 51.848835799131564 ], [ 4.0784106, 51.848956199131543 ], [ 4.0784375, 51.849009899131531 ], [ 4.0784578, 51.849074699131528 ], [ 4.0784565, 51.84912049913153 ], [ 4.0784423, 51.849170099131534 ], [ 4.0784128, 51.849204799131542 ], [ 4.0783389, 51.849242499131513 ], [ 4.0782715, 51.849269299131507 ], [ 4.0780738, 51.849315099131502 ], [ 4.0779683, 51.849347099131528 ], [ 4.0778819, 51.849375299131502 ], [ 4.0778364, 51.849413599131495 ], [ 4.0778223, 51.849464799131496 ], [ 4.0778365, 51.849518399131476 ], [ 4.0778792, 51.84957949913148 ], [ 4.0779347, 51.849628999131482 ], [ 4.0780031, 51.84967389913146 ], [ 4.0780849, 51.849694999131458 ], [ 4.0781259, 51.84969909913147 ], [ 4.0781861, 51.849699799131486 ], [ 4.0782371, 51.849689399131471 ], [ 4.0783016, 51.849651399131481 ], [ 4.0784526, 51.84957949913148 ], [ 4.0784986, 51.849522999131494 ], [ 4.0785304, 51.849519699131498 ], [ 4.0785492, 51.849527199131501 ], [ 4.0785857, 51.849579299131484 ], [ 4.0786056, 51.84966039913148 ], [ 4.0786457, 51.849695699131459 ], [ 4.0786795, 51.849732799131473 ], [ 4.0787065, 51.84978479913147 ], [ 4.0787074, 51.849863799131455 ], [ 4.0786349, 51.850065499131425 ], [ 4.0785957, 51.850105499131423 ], [ 4.0784991, 51.850159499131408 ], [ 4.0784629, 51.850207199131425 ], [ 4.078439, 51.850267599131399 ], [ 4.0783761, 51.850356999131421 ], [ 4.0783151, 51.850385899131403 ], [ 4.0782668, 51.850412799131398 ], [ 4.078209, 51.85043889913139 ], [ 4.0781794, 51.850476999131395 ], [ 4.0781626, 51.85050999913139 ], [ 4.0781679, 51.850545199131389 ], [ 4.0782047, 51.850585999131383 ], [ 4.078223, 51.850613799131388 ], [ 4.0782314, 51.850648699131369 ], [ 4.0782308, 51.850668899131378 ], [ 4.0782416, 51.850735299131372 ], [ 4.0781413, 51.850699399131379 ], [ 4.0780561, 51.850685499131366 ], [ 4.0779996, 51.850668299131357 ], [ 4.077956, 51.850640299131399 ], [ 4.0779349, 51.850604899131376 ], [ 4.0779483, 51.850577599131377 ], [ 4.0779777, 51.850548399131391 ], [ 4.0780232, 51.850508399131407 ], [ 4.0780143, 51.850488099131411 ], [ 4.077988, 51.850469299131397 ], [ 4.0779392, 51.850457799131384 ], [ 4.0778474, 51.850453099131421 ], [ 4.0777712, 51.850457899131399 ], [ 4.0777105, 51.850473799131393 ], [ 4.0776592, 51.850497099131381 ], [ 4.0776043, 51.850531299131404 ], [ 4.0774799, 51.850669799131367 ], [ 4.0773913, 51.850771899131374 ], [ 4.0773395, 51.850809799131348 ], [ 4.0772692, 51.850833199131344 ], [ 4.0769694, 51.851009899131348 ], [ 4.0769437, 51.851019799131336 ], [ 4.076859, 51.850991299131344 ], [ 4.076821, 51.85099079913136 ], [ 4.0767633, 51.851012399131356 ], [ 4.0767426, 51.851029299131334 ], [ 4.0767082, 51.85105789913132 ], [ 4.0766817, 51.851094399131334 ], [ 4.0766809, 51.851119899131334 ], [ 4.0767328, 51.851190399131319 ], [ 4.0767352, 51.851214299131328 ], [ 4.0767301, 51.851280599131314 ], [ 4.0767415, 51.851324799131305 ], [ 4.0767548, 51.851354699131306 ], [ 4.0766504, 51.851353899131304 ], [ 4.0765723, 51.851394799131313 ], [ 4.0764748, 51.851441499131305 ], [ 4.0763965, 51.851488099131288 ], [ 4.0763193, 51.851499299131284 ], [ 4.0762606, 51.851534299131295 ], [ 4.0761729, 51.851574899131279 ], [ 4.0761547, 51.851574699131291 ], [ 4.0760961, 51.851574099131277 ], [ 4.0760591, 51.851519999131284 ], [ 4.0760515, 51.8514544991313 ], [ 4.075956, 51.851429499131314 ], [ 4.0758883, 51.851446799131288 ], [ 4.0758869, 51.851494499131284 ], [ 4.0758378, 51.851529599131297 ], [ 4.075762, 51.851493099131297 ], [ 4.0757833, 51.851421699131315 ], [ 4.0758423, 51.851374599131297 ], [ 4.0758054, 51.851320799131294 ], [ 4.0757294, 51.851290199131299 ], [ 4.0755957, 51.851258899131309 ], [ 4.0753653, 51.851250199131314 ], [ 4.0752302, 51.851266599131307 ], [ 4.0751617, 51.851307399131322 ], [ 4.0751315, 51.851354899131294 ], [ 4.0751396, 51.851408599131297 ], [ 4.0751967, 51.851427199131287 ], [ 4.0752636, 51.851439799131313 ], [ 4.0752723, 51.851469699131307 ], [ 4.0751759, 51.851480399131283 ], [ 4.0750027, 51.851484599131282 ], [ 4.074994, 51.851454699131288 ], [ 4.0750055, 51.851389099131296 ], [ 4.0749491, 51.851346899131315 ], [ 4.0748721, 51.851351999131303 ], [ 4.0747738, 51.851422499131289 ], [ 4.0747053, 51.851463299131289 ], [ 4.0747038, 51.851516999131292 ], [ 4.0747206, 51.851600599131281 ], [ 4.0746526, 51.851623699131274 ], [ 4.0745667, 51.851604699131293 ], [ 4.0745109, 51.851538699131304 ], [ 4.0744847, 51.8514489991313 ], [ 4.0744263, 51.851425399131294 ], [ 4.0744087, 51.851418399131305 ], [ 4.0743033, 51.851405199131293 ], [ 4.0742853, 51.851363399131323 ], [ 4.0743536, 51.851328199131309 ], [ 4.0743837, 51.851286999131311 ], [ 4.0743657, 51.851245199131306 ], [ 4.0741942, 51.851189599131324 ], [ 4.0741742, 51.851178699131324 ], [ 4.0740807, 51.851128799131338 ], [ 4.0740059, 51.851056299131336 ], [ 4.073998, 51.850996699131343 ], [ 4.0739805, 51.850936899131348 ], [ 4.0738865, 51.850864499131347 ], [ 4.0737525, 51.850844999131368 ], [ 4.0735984, 51.850855099131358 ], [ 4.0734918, 51.850883699131344 ], [ 4.0734441, 51.850871399131343 ], [ 4.0733985, 51.850787399131349 ], [ 4.0733538, 51.850673699131377 ], [ 4.0733366, 51.850602199131373 ], [ 4.0732891, 51.850532199131386 ], [ 4.0732477, 51.850382299131411 ], [ 4.0731533, 51.850267799131416 ], [ 4.0731244, 51.850212699131447 ], [ 4.0730797, 51.85017449913142 ], [ 4.0730654, 51.850140099131423 ], [ 4.0730848, 51.850104399131439 ], [ 4.0731372, 51.850077999131429 ], [ 4.0731812, 51.850036899131432 ], [ 4.0731891, 51.849974299131439 ], [ 4.0731512, 51.849911599131453 ], [ 4.0730956, 51.849827799131454 ], [ 4.0730637, 51.849770399131465 ] ], [ [ 4.0736885, 51.84927679913153 ], [ 4.0736945, 51.849315599131536 ], [ 4.0737348, 51.849333799131493 ], [ 4.0737947, 51.849332999131526 ], [ 4.0738577, 51.849309899131505 ], [ 4.0738827, 51.849276199131531 ], [ 4.0738887, 51.8492346991315 ], [ 4.0738631, 51.849209099131528 ], [ 4.0738202, 51.849198199131521 ], [ 4.0737723, 51.849197699131523 ], [ 4.073731, 51.84921659913153 ], [ 4.07371, 51.849228999131519 ], [ 4.0736885, 51.84927679913153 ] ], [ [ 4.0740742, 51.850033999131462 ], [ 4.074096, 51.850078899131425 ], [ 4.0741624, 51.850105499131423 ], [ 4.0742373, 51.85010629913144 ], [ 4.0742923, 51.850079699131442 ], [ 4.0743572, 51.850066099131446 ], [ 4.0744316, 51.850084299131439 ], [ 4.0744873, 51.850121699131435 ], [ 4.0745414, 51.850127099131413 ], [ 4.0745934, 51.850113399131402 ], [ 4.0746524, 51.850126699131408 ], [ 4.0747108, 51.850159399131435 ], [ 4.0747592, 51.850184099131425 ], [ 4.07501, 51.850226999131429 ], [ 4.0751079, 51.850237699131412 ], [ 4.0752242, 51.850231099131427 ], [ 4.0753978, 51.850210599131408 ], [ 4.0755297, 51.850204199131412 ], [ 4.0757286, 51.850201599131424 ], [ 4.075853, 51.850186999131438 ], [ 4.0760142, 51.850147199131428 ], [ 4.0760671, 51.850104599131441 ], [ 4.0760941, 51.850063299131428 ], [ 4.0761155, 51.85003799913143 ], [ 4.0761726, 51.850028799131429 ], [ 4.0762577, 51.850031399131453 ], [ 4.0762983, 51.85001949913142 ], [ 4.0763509, 51.849986699131442 ], [ 4.0763805, 51.849946799131452 ], [ 4.0764068, 51.849929399131454 ], [ 4.0764507, 51.849929899131453 ], [ 4.0764889, 51.84994799913143 ], [ 4.076538, 51.84994689913146 ], [ 4.0765984, 51.849910799131472 ], [ 4.0766362, 51.849855299131463 ], [ 4.0766479, 51.849805699131451 ], [ 4.0766822, 51.849782199131461 ], [ 4.0767545, 51.849779899131477 ], [ 4.0768171, 51.849758099131471 ], [ 4.076849, 51.849728199131462 ], [ 4.0768496, 51.849707399131475 ], [ 4.0768138, 51.849695699131459 ], [ 4.0767492, 51.849694999131458 ], [ 4.0767318, 51.849673999131475 ], [ 4.0767506, 51.849646999131487 ], [ 4.0769413, 51.84957219913148 ], [ 4.0769757, 51.849543899131504 ], [ 4.0770274, 51.849544499131483 ], [ 4.0770684, 51.849551399131485 ], [ 4.0770972, 51.849538799131487 ], [ 4.0771008, 51.849506799131497 ], [ 4.0770705, 51.849479199131501 ], [ 4.0770774, 51.849421699131497 ], [ 4.0770984, 51.849321899131503 ], [ 4.0770901, 51.84925129913151 ], [ 4.0770663, 51.849183899131525 ], [ 4.0770261, 51.849144999131525 ], [ 4.076983, 51.849115899131526 ], [ 4.0769264, 51.849108799131528 ], [ 4.0768819, 51.849129099131538 ], [ 4.0768447, 51.849167099131535 ], [ 4.0768254, 51.849209899131509 ], [ 4.0767628, 51.849229999131524 ], [ 4.0766877, 51.849238999131515 ], [ 4.0766121, 51.849263699131512 ], [ 4.0766032, 51.849303499131508 ], [ 4.0765995, 51.849338799131495 ], [ 4.0766627, 51.849385899131512 ], [ 4.0766235, 51.84940149913151 ], [ 4.0765666, 51.849406999131517 ], [ 4.0765549, 51.849632699131469 ], [ 4.0765211, 51.849637099131478 ], [ 4.0764659, 51.849583699131486 ], [ 4.0764363, 51.849536999131494 ], [ 4.0763799, 51.849523499131486 ], [ 4.0763418, 51.8494991991315 ], [ 4.0763355, 51.8494510991315 ], [ 4.0763698, 51.849425899131504 ], [ 4.076409, 51.849408599131486 ], [ 4.0764202, 51.84937839913151 ], [ 4.0764081, 51.849350999131509 ], [ 4.0763751, 51.849332999131526 ], [ 4.0763214, 51.849313299131516 ], [ 4.0762885, 51.84929209913151 ], [ 4.0762765, 51.849261299131513 ], [ 4.0762746, 51.849237399131525 ], [ 4.0762883, 51.849208899131511 ], [ 4.0763248, 51.849198099131534 ], [ 4.0764333, 51.849195999131503 ], [ 4.0765166, 51.849174699131531 ], [ 4.0765846, 51.849143399131535 ], [ 4.0766223, 51.849089399131543 ], [ 4.0766239, 51.849034899131546 ], [ 4.0765837, 51.848995899131538 ], [ 4.076568, 51.848990699131548 ], [ 4.0765198, 51.848974399131556 ], [ 4.0764438, 51.848935699131566 ], [ 4.0763621, 51.848902699131543 ], [ 4.076316, 51.848890999131555 ], [ 4.0762768, 51.848908199131557 ], [ 4.0762445, 51.84895109913154 ], [ 4.0762004, 51.848957099131567 ], [ 4.0761676, 51.848931199131556 ], [ 4.0761767, 51.848886299131557 ], [ 4.0761979, 51.848865799131545 ], [ 4.0761728, 51.848842999131556 ], [ 4.0761239, 51.848837699131558 ], [ 4.0759278, 51.848830699131554 ], [ 4.0758475, 51.848841099131569 ], [ 4.0758105, 51.84886929913155 ], [ 4.0757734, 51.848904299131569 ], [ 4.0757138, 51.848910099131565 ], [ 4.0756597, 51.848906099131554 ], [ 4.0755731, 51.848895599131559 ], [ 4.0754723, 51.848896199131552 ], [ 4.0753919, 51.848909599131545 ], [ 4.0753704, 51.848939699131556 ], [ 4.0753667, 51.848974999131542 ], [ 4.0753429, 51.84899699913155 ], [ 4.0753065, 51.849004699131562 ], [ 4.0752553, 51.848991199131554 ], [ 4.0752059, 51.849001899131537 ], [ 4.0751382, 51.849020499131541 ], [ 4.0750959, 51.849053499131543 ], [ 4.0750767, 51.84909339913154 ], [ 4.0750296, 51.849115099131531 ], [ 4.0749463, 51.849138299131532 ], [ 4.0748599, 51.849178899131523 ], [ 4.0747994, 51.84921669913151 ], [ 4.0747676, 51.849246699131513 ], [ 4.07474, 51.849305699131506 ], [ 4.0747436, 51.849359999131522 ], [ 4.0747632, 51.849395599131505 ], [ 4.0748071, 51.849397499131499 ], [ 4.0748516, 51.849374099131509 ], [ 4.0748816, 51.849321599131514 ], [ 4.0748932, 51.849275399131521 ], [ 4.074925, 51.849250199131525 ], [ 4.0749713, 51.849255499131516 ], [ 4.0750118, 51.849284599131508 ], [ 4.0750606, 51.849289899131527 ], [ 4.0750899, 51.849261599131523 ], [ 4.0751326, 51.849212299131523 ], [ 4.0751572, 51.849166199131524 ], [ 4.0751892, 51.849132899131547 ], [ 4.0752434, 51.849130399131539 ], [ 4.075305, 51.849145399131523 ], [ 4.0753737, 51.849181299131523 ], [ 4.0754141, 51.84920899913152 ], [ 4.0754262, 51.849239799131517 ], [ 4.0754069, 51.84928109913151 ], [ 4.0753652, 51.84929329913151 ], [ 4.0753492, 51.849313899131502 ], [ 4.0753506, 51.849350699131506 ], [ 4.0753319, 51.849465399131496 ], [ 4.0752893, 51.849506499131508 ], [ 4.0752292, 51.849531399131479 ], [ 4.0751776, 51.849532499131477 ], [ 4.0751236, 51.849523799131497 ], [ 4.0750512, 51.84952599913148 ], [ 4.0750208, 51.8495301991315 ], [ 4.0749635, 51.849545599131503 ], [ 4.0748862, 51.849541299131481 ], [ 4.0748192, 51.849535799131495 ], [ 4.0747724, 51.849546499131506 ], [ 4.0747105, 51.849544099131485 ], [ 4.074649, 51.84952599913148 ], [ 4.0745775, 51.849499699131506 ], [ 4.0745183, 51.849495599131501 ], [ 4.0744558, 51.849509299131505 ], [ 4.0744085, 51.849539399131487 ], [ 4.0743605, 51.849591599131472 ], [ 4.0743032, 51.849610099131496 ], [ 4.0742547, 51.849590499131494 ], [ 4.0741677, 51.8495635991315 ], [ 4.0741163, 51.849553499131481 ], [ 4.0740822, 51.849573899131492 ], [ 4.0740786, 51.849605899131483 ], [ 4.074108, 51.849663799131477 ], [ 4.0741451, 51.849718699131479 ], [ 4.0741876, 51.84976719913147 ], [ 4.074228, 51.849799699131466 ], [ 4.0742794, 51.849808199131452 ], [ 4.0742992, 51.849833899131475 ], [ 4.0742856, 51.849857999131437 ], [ 4.0741688, 51.849911699131447 ], [ 4.0741052, 51.849941599131434 ], [ 4.074081, 51.849974799131445 ], [ 4.0740742, 51.850033999131462 ] ], [ [ 4.0742908, 51.850520999131405 ], [ 4.0743261, 51.850546899131395 ], [ 4.0743983, 51.85055109913138 ], [ 4.0744547, 51.850564399131393 ], [ 4.0745002, 51.850599999131369 ], [ 4.0745096, 51.850632099131381 ], [ 4.0745501, 51.85065819913136 ], [ 4.0746276, 51.850658999131383 ], [ 4.0747158, 51.850644299131375 ], [ 4.0747683, 51.850612799131383 ], [ 4.074787, 51.85057479913138 ], [ 4.0747903, 51.850568099131387 ], [ 4.0747916, 51.850523499131391 ], [ 4.0748285, 51.850498099131386 ], [ 4.0748809, 51.850473099131399 ], [ 4.0748971, 51.850447699131394 ], [ 4.074872, 51.850424899131397 ], [ 4.0748309, 51.850414899131401 ], [ 4.0747275, 51.850420199131406 ], [ 4.0746005, 51.850348299131412 ], [ 4.0745703, 51.850319299131414 ], [ 4.0745296, 51.85029979913142 ], [ 4.0744725, 51.850308699131418 ], [ 4.0744458, 51.850340399131397 ], [ 4.0744599, 51.850388299131403 ], [ 4.0744484, 51.85042669913139 ], [ 4.0743859, 51.850445299131387 ], [ 4.0743339, 51.8504573991314 ], [ 4.074297, 51.850485899131385 ], [ 4.0742908, 51.850520999131405 ] ], [ [ 4.074566, 51.850895399131353 ], [ 4.074582, 51.850936099131353 ], [ 4.0746074, 51.850955199131349 ], [ 4.0746186, 51.850963699131356 ], [ 4.0746838, 51.850976799131324 ], [ 4.0747638, 51.850963399131324 ], [ 4.0748266, 51.850950599131352 ], [ 4.0750231, 51.850954799131344 ], [ 4.0751374, 51.850943399131353 ], [ 4.0752789, 51.850906199131352 ], [ 4.0753672, 51.850874299131362 ], [ 4.0754592, 51.850823099131361 ], [ 4.0754881, 51.850793599131379 ], [ 4.075478, 51.850767399131385 ], [ 4.075452, 51.850746899131366 ], [ 4.075407, 51.85074049913139 ], [ 4.0753618, 51.850739999131385 ], [ 4.0753097, 51.850705699131368 ], [ 4.0752632, 51.850693399131366 ], [ 4.0752272, 51.850696099131376 ], [ 4.0752034, 51.850712099131371 ], [ 4.0751655, 51.850726299131395 ], [ 4.0751278, 51.850735399131359 ], [ 4.0750765, 51.850728099131359 ], [ 4.0749892, 51.850724299131379 ], [ 4.0749622, 51.850726799131365 ], [ 4.0749282, 51.850730399131379 ], [ 4.0748872, 51.850743399131382 ], [ 4.0748387, 51.85075069913136 ], [ 4.074803, 51.850743299131373 ], [ 4.0747645, 51.850723799131373 ], [ 4.0747084, 51.850723099131365 ], [ 4.0746643, 51.850736999131371 ], [ 4.0746387, 51.850758899131378 ], [ 4.0745921, 51.850804999131363 ], [ 4.0745722, 51.850845199131363 ], [ 4.074566, 51.850895399131353 ] ], [ [ 4.0751929, 51.848141299131626 ], [ 4.0752138, 51.848170699131636 ], [ 4.0752607, 51.848175799131631 ], [ 4.0753227, 51.848156199131644 ], [ 4.0753889, 51.848120999131623 ], [ 4.0754544, 51.848106299131636 ], [ 4.0755343, 51.848095999131637 ], [ 4.0755931, 51.848065099131638 ], [ 4.0756305, 51.848020899131647 ], [ 4.075628, 51.847982699131649 ], [ 4.075596, 51.847964299131668 ], [ 4.0755559, 51.847975099131652 ], [ 4.0755188, 51.848006199131646 ], [ 4.0753845, 51.847996799131643 ], [ 4.0753636, 51.847995399131669 ], [ 4.0752981, 51.848008199131641 ], [ 4.0752646, 51.848041299131651 ], [ 4.0752452, 51.848068599131629 ], [ 4.0752049, 51.848103499131632 ], [ 4.0751929, 51.848141299131626 ] ], [ [ 4.0757438, 51.847733099131673 ], [ 4.0757534, 51.847773399131682 ], [ 4.0757923, 51.847805299131657 ], [ 4.0758573, 51.847808299131664 ], [ 4.0759698, 51.847795999131677 ], [ 4.0761271, 51.847735099131683 ], [ 4.0762336, 51.847682399131664 ], [ 4.0762708, 51.847647099131692 ], [ 4.0762757, 51.8476021991317 ], [ 4.076309, 51.847575899131698 ], [ 4.0763816, 51.847567699131687 ], [ 4.076454, 51.847566299131678 ], [ 4.0765017, 51.847544399131699 ], [ 4.076521, 51.847502199131696 ], [ 4.0765083, 51.847439099131712 ], [ 4.0765248, 51.847369899131706 ], [ 4.0765335, 51.847318599131711 ], [ 4.0765131, 51.847275699131707 ], [ 4.0764522, 51.84725469913171 ], [ 4.0763656, 51.84724699913172 ], [ 4.0762788, 51.847248299131714 ], [ 4.0762277, 51.847263499131699 ], [ 4.0761978, 51.84729689913172 ], [ 4.0761926, 51.8473504991317 ], [ 4.0762391, 51.847368899131716 ], [ 4.076267, 51.847402999131717 ], [ 4.0762513, 51.847445199131705 ], [ 4.0761933, 51.847449099131715 ], [ 4.0761285, 51.84744159913172 ], [ 4.0760904, 51.847450999131702 ], [ 4.0760474, 51.84749009913169 ], [ 4.0760206, 51.847543499131689 ], [ 4.0759687, 51.847585599131691 ], [ 4.0759066, 51.847607099131679 ], [ 4.0758375, 51.847619799131685 ], [ 4.0757788, 51.847648399131671 ], [ 4.0757587, 51.847685799131682 ], [ 4.0757438, 51.847733099131673 ] ], [ [ 4.0758945, 51.85129909913131 ], [ 4.075915, 51.85133189913131 ], [ 4.0759661, 51.851353799131296 ], [ 4.0760189, 51.851380499131295 ], [ 4.0760882, 51.851428499131295 ], [ 4.0761697, 51.851454399131306 ], [ 4.0762538, 51.851457599131308 ], [ 4.0762886, 51.851444999131296 ], [ 4.0763103, 51.851422799131292 ], [ 4.0763094, 51.851389699131282 ], [ 4.0762872, 51.851363299131293 ], [ 4.0762421, 51.851334399131325 ], [ 4.0761775, 51.851318199131313 ], [ 4.0761203, 51.851310599131317 ], [ 4.0760769, 51.851290999131322 ], [ 4.0760681, 51.851267299131322 ], [ 4.0760822, 51.851242399131316 ], [ 4.0761343, 51.851226499131329 ], [ 4.076154, 51.851206699131353 ], [ 4.0761414, 51.851180499131317 ], [ 4.0760811, 51.851146599131326 ], [ 4.0759939, 51.851118399131344 ], [ 4.0759405, 51.851115299131337 ], [ 4.0759169, 51.851137799131337 ], [ 4.0759274, 51.851171099131328 ], [ 4.0759669, 51.851192599131316 ], [ 4.0759738, 51.851219899131316 ], [ 4.0759521, 51.851243499131328 ], [ 4.0759149, 51.851272599131306 ], [ 4.0758945, 51.85129909913131 ] ], [ [ 4.07629, 51.848699899131567 ], [ 4.0762917, 51.848728299131558 ], [ 4.0763243, 51.848750899131566 ], [ 4.0763801, 51.848765799131563 ], [ 4.0764235, 51.848771099131575 ], [ 4.0764617, 51.84877769913156 ], [ 4.0764892, 51.848798799131572 ], [ 4.0764748, 51.84885399913157 ], [ 4.0764998, 51.848873399131577 ], [ 4.0765304, 51.848875099131561 ], [ 4.0765587, 51.848870699131552 ], [ 4.0765848, 51.848852099131555 ], [ 4.0766081, 51.848841099131569 ], [ 4.0766414, 51.848838399131552 ], [ 4.0766753, 51.848818299131572 ], [ 4.0766862, 51.848796199131556 ], [ 4.0766767, 51.848770599131562 ], [ 4.0766496, 51.848732299131584 ], [ 4.0766093, 51.848714499131589 ], [ 4.076553, 51.848713799131573 ], [ 4.0765049, 51.848697599131569 ], [ 4.0764748, 51.848676399131598 ], [ 4.0764602, 51.848650999131578 ], [ 4.0764096, 51.8486315991316 ], [ 4.0763479, 51.848641899131586 ], [ 4.0763062, 51.848671499131562 ], [ 4.07629, 51.848699899131567 ] ], [ [ 4.0763627, 51.850745799131353 ], [ 4.076375, 51.850793699131366 ], [ 4.0764237, 51.850842299131358 ], [ 4.0765001, 51.850879999131351 ], [ 4.076554, 51.850908699131345 ], [ 4.0766789, 51.851000499131352 ], [ 4.0767157, 51.850989699131354 ], [ 4.0767179, 51.850913299131363 ], [ 4.0767047, 51.850896299131357 ], [ 4.0766648, 51.850858999131361 ], [ 4.0766611, 51.85083089913136 ], [ 4.0766715, 51.850785799131344 ], [ 4.0766497, 51.850751799131366 ], [ 4.0765997, 51.85074849913137 ], [ 4.0765537, 51.850761999131372 ], [ 4.0765262, 51.850764499131351 ], [ 4.0764997, 51.850735799131357 ], [ 4.0764458, 51.850709999131375 ], [ 4.0763864, 51.850717699131366 ], [ 4.0763627, 51.850745799131353 ] ] ] ] } },
{ "type": "Feature", "properties": { "@id": "relation/1545777", "name": "Texel" }, "geometry": { "type": "MultiPolygon", "coordinates": [ [ [ [ 4.7080356, 53.015677499088341 ], [ 4.7087792, 53.015713699088359 ], [ 4.7089435, 53.015721899088369 ], [ 4.7089855, 53.01568739908835 ], [ 4.7089884, 53.015665999088355 ], [ 4.7089578, 53.015637799088353 ], [ 4.7089114, 53.015623499088335 ], [ 4.7087738, 53.015615999088347 ], [ 4.7086611, 53.015609699088365 ], [ 4.7083508, 53.015595999088347 ], [ 4.7080591, 53.015584399088347 ], [ 4.7070528, 53.015538299088355 ], [ 4.7065467, 53.015516199088346 ], [ 4.7062727, 53.015505099088344 ], [ 4.7062391, 53.015512799088349 ], [ 4.7062154, 53.015539099088329 ], [ 4.7062149, 53.015572199088346 ], [ 4.7062379, 53.015590899088338 ], [ 4.7062868, 53.01560069908836 ], [ 4.7070337, 53.015632699088357 ], [ 4.7080356, 53.015677499088341 ] ] ], [ [ [ 4.7084656, 53.037056799089072 ], [ 4.7106327, 53.036867399089083 ], [ 4.7112742, 53.036812099089076 ], [ 4.7112714, 53.036776699089053 ], [ 4.7112656, 53.03670759908907 ], [ 4.7112264, 53.036710699089078 ], [ 4.7109442, 53.036736699089069 ], [ 4.7106036, 53.036765599089058 ], [ 4.7092615, 53.036872599089079 ], [ 4.7087006, 53.036918799089072 ], [ 4.7078455, 53.036993699089088 ], [ 4.7078091, 53.037010899089069 ], [ 4.7077854, 53.037033799089066 ], [ 4.7077824, 53.03706359908908 ], [ 4.7078155, 53.037090199089079 ], [ 4.7078801, 53.037103499089085 ], [ 4.7080251, 53.037093099089091 ], [ 4.7084656, 53.037056799089072 ] ] ], [ [ [ 4.7096499, 53.026189199088677 ], [ 4.7096488, 53.026562999088718 ], [ 4.7097622, 53.027182799088727 ], [ 4.7098568, 53.027796799088755 ], [ 4.7099682, 53.027934299088763 ], [ 4.7100097, 53.02800589908874 ], [ 4.7100358, 53.028151599088766 ], [ 4.7100855, 53.02830589908875 ], [ 4.7101752, 53.028620299088772 ], [ 4.7101878, 53.029031199088791 ], [ 4.7101991, 53.02982159908882 ], [ 4.7102728, 53.030258499088852 ], [ 4.7103194, 53.030606899088845 ], [ 4.7103234, 53.03096069908888 ], [ 4.7103892, 53.031292099088873 ], [ 4.7106402, 53.031892599088906 ], [ 4.7107749, 53.032358499088922 ], [ 4.7107737, 53.032740799088913 ], [ 4.710746, 53.03315709908896 ], [ 4.7107405, 53.033239599088937 ], [ 4.7107367, 53.033296899088938 ], [ 4.7108177, 53.033562699088954 ], [ 4.7110982, 53.034089299088983 ], [ 4.7113929, 53.034624499088999 ], [ 4.7115644, 53.035161899089012 ], [ 4.7116224, 53.035387599089034 ], [ 4.711715, 53.036132799089046 ], [ 4.7119155, 53.037240999089086 ], [ 4.7120836, 53.037899799089089 ], [ 4.7123103, 53.038537999089129 ], [ 4.712326, 53.038749199089125 ], [ 4.7123607, 53.038954899089127 ], [ 4.7124748, 53.039229399089159 ], [ 4.7126145, 53.039680999089171 ], [ 4.7126055, 53.039957699089193 ], [ 4.7126924, 53.040155099089183 ], [ 4.7127152, 53.040511799089195 ], [ 4.7127852, 53.040883099089221 ], [ 4.7129755, 53.041126699089247 ], [ 4.7131135, 53.041384299089231 ], [ 4.7133488, 53.041779299089242 ], [ 4.7134814, 53.042085399089267 ], [ 4.713607, 53.042536899089264 ], [ 4.7136865, 53.042905399089285 ], [ 4.7139383, 53.043457499089328 ], [ 4.7139628, 53.043705799089317 ], [ 4.7141788, 53.04474269908934 ], [ 4.7141701, 53.044999499089364 ], [ 4.7142567, 53.045213899089376 ], [ 4.7144184, 53.04547449908938 ], [ 4.7146636, 53.045843899089377 ], [ 4.7149332, 53.046775599089422 ], [ 4.7150483, 53.047295499089451 ], [ 4.7151595, 53.047761199089443 ], [ 4.7153413, 53.048250099089472 ], [ 4.7155152, 53.048636199089486 ], [ 4.7156284, 53.048970699089523 ], [ 4.7158162, 53.049382599089526 ], [ 4.7161041, 53.05005189908956 ], [ 4.7166097, 53.051352899089601 ], [ 4.7170654, 53.052505299089646 ], [ 4.7172267, 53.052741099089666 ], [ 4.7175248, 53.05336799908968 ], [ 4.7179318, 53.05435699908972 ], [ 4.7187988, 53.055973899089778 ], [ 4.7189515, 53.056307599089777 ], [ 4.7190378, 53.056598199089784 ], [ 4.7189726, 53.0567332990898 ], [ 4.7189801, 53.057011599089826 ], [ 4.7191487, 53.057342999089826 ], [ 4.7192961, 53.05751029908982 ], [ 4.719461, 53.057822599089839 ], [ 4.7197223, 53.058280599089862 ], [ 4.7200479, 53.058924399089868 ], [ 4.7202591, 53.059303599089887 ], [ 4.7205763, 53.059719099089918 ], [ 4.7207568, 53.060050599089934 ], [ 4.7209504, 53.060550899089954 ], [ 4.7211008, 53.060779999089959 ], [ 4.7212476, 53.060987699089964 ], [ 4.7215478, 53.061481499089965 ], [ 4.7218002, 53.062013099090002 ], [ 4.7221156, 53.062547499090016 ], [ 4.7223171, 53.063050299090037 ], [ 4.7225953, 53.063962399090073 ], [ 4.722805, 53.064443899090101 ], [ 4.7230128, 53.0647921990901 ], [ 4.7234474, 53.065279599090125 ], [ 4.7234459, 53.065377099090128 ], [ 4.7234165, 53.065495799090144 ], [ 4.7235359, 53.065691399090142 ], [ 4.7236637, 53.065849099090144 ], [ 4.7238671, 53.065971399090166 ], [ 4.7239964, 53.066036399090144 ], [ 4.7241867, 53.066237099090159 ], [ 4.7244609, 53.066635699090178 ], [ 4.7246509, 53.06711469909019 ], [ 4.7249439, 53.067575199090214 ], [ 4.7251736, 53.068047199090245 ], [ 4.7252269, 53.068175899090235 ], [ 4.7252222, 53.068225799090229 ], [ 4.7251905, 53.068227999090233 ], [ 4.7251552, 53.068218299090233 ], [ 4.7251318, 53.068194399090238 ], [ 4.7250894, 53.068127599090225 ], [ 4.724927, 53.067907899090237 ], [ 4.7248956, 53.067893499090239 ], [ 4.7248718, 53.067905299090249 ], [ 4.7248713, 53.067938499090218 ], [ 4.7249856, 53.068207799090267 ], [ 4.725148, 53.068429899090248 ], [ 4.7255456, 53.068757799090264 ], [ 4.725671, 53.068822699090241 ], [ 4.7257489, 53.068887299090271 ], [ 4.7258145, 53.068987499090298 ], [ 4.7258757, 53.069113899090262 ], [ 4.7260815, 53.069338499090286 ], [ 4.7262948, 53.06959409909031 ], [ 4.7265146, 53.06993769909031 ], [ 4.7268482, 53.070579099090345 ], [ 4.7269836, 53.070765299090354 ], [ 4.727233, 53.070978299090349 ], [ 4.7276765, 53.071406299090384 ], [ 4.7278974, 53.071680999090368 ], [ 4.7281808, 53.071996399090381 ], [ 4.7283895, 53.072289999090408 ], [ 4.7285098, 53.072423799090409 ], [ 4.7285051, 53.0724783990904 ], [ 4.7284732, 53.072497299090422 ], [ 4.7283985, 53.072473099090431 ], [ 4.7283204, 53.072420299090417 ], [ 4.7282356, 53.072281999090414 ], [ 4.7280845, 53.072095699090411 ], [ 4.728019, 53.071990699090392 ], [ 4.7278706, 53.071880499090383 ], [ 4.7278435, 53.071844699090413 ], [ 4.7277627, 53.071706399090367 ], [ 4.7276657, 53.07159649909039 ], [ 4.7275838, 53.071531799090366 ], [ 4.7275022, 53.071443399090356 ], [ 4.7273696, 53.071340399090367 ], [ 4.7273348, 53.071290299090379 ], [ 4.727256, 53.071280399090377 ], [ 4.727244, 53.071289799090351 ], [ 4.7272315, 53.071337299090381 ], [ 4.7272302, 53.071420499090358 ], [ 4.7273235, 53.071518499090395 ], [ 4.7274986, 53.071685899090383 ], [ 4.7276031, 53.071819599090375 ], [ 4.7278789, 53.072113599090393 ], [ 4.7281263, 53.072464499090415 ], [ 4.7282115, 53.07256949909042 ], [ 4.7283591, 53.072734399090429 ], [ 4.7284632, 53.072896699090421 ], [ 4.7285759, 53.073016199090432 ], [ 4.7288406, 53.07326009909044 ], [ 4.7289876, 53.073458299090454 ], [ 4.7291529, 53.073751599090464 ], [ 4.7293442, 53.074156899090468 ], [ 4.7295527, 53.074467099090505 ], [ 4.7296961, 53.074641499090497 ], [ 4.7297683, 53.074827299090508 ], [ 4.7299087, 53.074944599090507 ], [ 4.72996, 53.074944899090525 ], [ 4.7300322, 53.074866799090508 ], [ 4.7300839, 53.074843299090503 ], [ 4.7301388, 53.074867399090536 ], [ 4.7302718, 53.074951299090507 ], [ 4.7303106, 53.074996699090512 ], [ 4.7303296, 53.075046699090514 ], [ 4.730466, 53.075159299090522 ], [ 4.7305673, 53.075252499090517 ], [ 4.7306368, 53.07535279909051 ], [ 4.7306479, 53.075405099090524 ], [ 4.7305456, 53.07538079909051 ], [ 4.7304794, 53.075323399090536 ], [ 4.7303436, 53.075163299090498 ], [ 4.7302964, 53.07515119909052 ], [ 4.7302402, 53.075212699090528 ], [ 4.7302472, 53.07527219909052 ], [ 4.7302621, 53.075329299090534 ], [ 4.7303239, 53.075419999090528 ], [ 4.7304326, 53.075541899090531 ], [ 4.7305532, 53.075663799090535 ], [ 4.7308303, 53.075874499090553 ], [ 4.7310718, 53.07608979909056 ], [ 4.7312827, 53.076243199090555 ], [ 4.7314493, 53.076455699090566 ], [ 4.731596, 53.076675199090566 ], [ 4.7316468, 53.076970299090597 ], [ 4.7316691, 53.077065499090587 ], [ 4.7317467, 53.077151599090612 ], [ 4.7318131, 53.077199499090597 ], [ 4.7319117, 53.077207199090616 ], [ 4.7319558, 53.077162199090608 ], [ 4.7319651, 53.077069499090577 ], [ 4.7319316, 53.076936199090582 ], [ 4.7319319, 53.076912399090595 ], [ 4.7319678, 53.076888899090591 ], [ 4.732023, 53.076898699090592 ], [ 4.7320581, 53.076922599090572 ], [ 4.7322909, 53.077197299090599 ], [ 4.7323205, 53.077325899090589 ], [ 4.7324408, 53.077466799090608 ], [ 4.7325724, 53.077641099090613 ], [ 4.7327706, 53.077853799090633 ], [ 4.732898, 53.078044699090633 ], [ 4.7331886, 53.078410099090661 ], [ 4.7333388, 53.078662899090652 ], [ 4.733586, 53.079025699090678 ], [ 4.7341138, 53.079639599090704 ], [ 4.7343852, 53.079971499090718 ], [ 4.7346304, 53.080203499090736 ], [ 4.7346917, 53.080332199090726 ], [ 4.73483, 53.080584999090725 ], [ 4.7350314, 53.080847599090717 ], [ 4.7351238, 53.08100509909076 ], [ 4.735189, 53.081129099090759 ], [ 4.7354013, 53.081460699090776 ], [ 4.7356385, 53.081699799090806 ], [ 4.7360439, 53.082049099090803 ], [ 4.7363824, 53.082390899090825 ], [ 4.7366387, 53.082677599090815 ], [ 4.7368249, 53.082899799090832 ], [ 4.7370532, 53.083210099090834 ], [ 4.7373638, 53.083561299090881 ], [ 4.7375793, 53.083940499090879 ], [ 4.7377617, 53.084155499090883 ], [ 4.7379963, 53.084572799090893 ], [ 4.7381788, 53.084785399090912 ], [ 4.7385291, 53.085122499090922 ], [ 4.7388085, 53.085454499090936 ], [ 4.739308, 53.08611349909097 ], [ 4.73961, 53.086523999090993 ], [ 4.7398144, 53.08685089909099 ], [ 4.7399778, 53.087018199091005 ], [ 4.7401705, 53.087066799091019 ], [ 4.7402641, 53.087145799091019 ], [ 4.7408513, 53.087759999091048 ], [ 4.7410422, 53.087936899091034 ], [ 4.7411197, 53.088037199091062 ], [ 4.7411212, 53.088196499091076 ], [ 4.7411936, 53.088375199091075 ], [ 4.7412434, 53.088480099091086 ], [ 4.7413371, 53.088551899091073 ], [ 4.741514, 53.088605199091063 ], [ 4.741601, 53.088598499091084 ], [ 4.7416255, 53.088546399091065 ], [ 4.7415443, 53.088427099091064 ], [ 4.7415685, 53.088398699091066 ], [ 4.7416079, 53.088398899091068 ], [ 4.7416667, 53.088432499091063 ], [ 4.741728, 53.088558799091068 ], [ 4.7419218, 53.088804699091078 ], [ 4.7420527, 53.089031299091097 ], [ 4.7427098, 53.089712299091119 ], [ 4.7431621, 53.09011909909114 ], [ 4.7435562, 53.090444599091136 ], [ 4.7439612, 53.090827199091166 ], [ 4.7445185, 53.091336599091157 ], [ 4.7448927, 53.091671399091197 ], [ 4.7452584, 53.092041899091193 ], [ 4.7454483, 53.092292599091223 ], [ 4.7456863, 53.092488799091221 ], [ 4.7461173, 53.092985699091265 ], [ 4.7463973, 53.093284399091274 ], [ 4.7470905, 53.093953799091302 ], [ 4.7475455, 53.094436499091309 ], [ 4.7484473, 53.095425599091357 ], [ 4.748686, 53.095574299091368 ], [ 4.7489302, 53.095889499091392 ], [ 4.7496756, 53.096775499091422 ], [ 4.7502871, 53.097365999091451 ], [ 4.7506325, 53.09778629909146 ], [ 4.7511423, 53.098307399091489 ], [ 4.7513527, 53.098505799091505 ], [ 4.751356, 53.098550999091479 ], [ 4.7513004, 53.098572099091506 ], [ 4.7511705, 53.098535799091501 ], [ 4.7511386, 53.098561699091491 ], [ 4.751165, 53.098642699091499 ], [ 4.7514387, 53.099102999091514 ], [ 4.7515979, 53.099291699091516 ], [ 4.7517272, 53.099368499091526 ], [ 4.7517706, 53.099373499091527 ], [ 4.7517866, 53.099356899091525 ], [ 4.7517868, 53.099344999091542 ], [ 4.7515944, 53.098994499091511 ], [ 4.7515211, 53.098872899091496 ], [ 4.7514943, 53.09881329909151 ], [ 4.7515302, 53.098792099091497 ], [ 4.7515658, 53.0987874990915 ], [ 4.7516013, 53.098790099091488 ], [ 4.7516523, 53.098814099091506 ], [ 4.751761, 53.0989430990915 ], [ 4.7520441, 53.099308299091525 ], [ 4.7523046, 53.099592699091552 ], [ 4.7528148, 53.100089899091579 ], [ 4.7540414, 53.101255099091617 ], [ 4.7542304, 53.101406699091626 ], [ 4.7543143, 53.101507499091618 ], [ 4.7549893, 53.102129499091646 ], [ 4.7555296, 53.102740999091687 ], [ 4.756024, 53.103240499091704 ], [ 4.7566816, 53.103933499091738 ], [ 4.7572694, 53.104535699091755 ], [ 4.7574907, 53.104803199091755 ], [ 4.7575171, 53.104891299091776 ], [ 4.7574963, 53.10496009909177 ], [ 4.7575, 53.104981499091771 ], [ 4.75757, 53.10505319909177 ], [ 4.7583339, 53.105772899091811 ], [ 4.7587192, 53.106176699091826 ], [ 4.7587936, 53.106224699091833 ], [ 4.7588685, 53.10623459909182 ], [ 4.7589396, 53.106234899091831 ], [ 4.7590737, 53.106249899091843 ], [ 4.7591873, 53.106317099091839 ], [ 4.7592255, 53.106407599091831 ], [ 4.7592363, 53.106481399091848 ], [ 4.7592044, 53.106504999091847 ], [ 4.7591608, 53.106514299091863 ], [ 4.7591288, 53.106540299091847 ], [ 4.7591246, 53.106559299091842 ], [ 4.7591437, 53.106599799091846 ], [ 4.7596832, 53.106997299091866 ], [ 4.7601703, 53.107465799091898 ], [ 4.7605068, 53.107693499091894 ], [ 4.7607364, 53.107932399091887 ], [ 4.7609002, 53.108083099091921 ], [ 4.7610056, 53.10817399909191 ], [ 4.7610917, 53.108229099091901 ], [ 4.7611663, 53.108262799091918 ], [ 4.7612296, 53.108258299091936 ], [ 4.7612458, 53.108229899091917 ], [ 4.7612466, 53.108170499091926 ], [ 4.7611691, 53.108070199091912 ], [ 4.7611107, 53.108008099091911 ], [ 4.7610683, 53.107934199091922 ], [ 4.7610685, 53.107922299091904 ], [ 4.7611041, 53.107920099091906 ], [ 4.761155, 53.107946499091916 ], [ 4.7615513, 53.108412199091923 ], [ 4.7616326, 53.108529099091953 ], [ 4.761885, 53.108839499091957 ], [ 4.7625206, 53.109422999091954 ], [ 4.7626752, 53.109661499091985 ], [ 4.7630243, 53.110112699092021 ], [ 4.763225, 53.110441899092017 ], [ 4.7632836, 53.110489699092042 ], [ 4.7634131, 53.110549799092034 ], [ 4.7634678, 53.110592899092033 ], [ 4.7635093, 53.110735799092019 ], [ 4.7635872, 53.110809899092018 ], [ 4.7637207, 53.110869999092039 ], [ 4.7637322, 53.110896199092018 ], [ 4.7637313, 53.110953299092046 ], [ 4.7637623, 53.110996299092044 ], [ 4.7639261, 53.11115159909204 ], [ 4.7639922, 53.111225699092053 ], [ 4.7641257, 53.111281099092047 ], [ 4.7641251, 53.111323899092056 ], [ 4.7640886, 53.111387899092058 ], [ 4.7641588, 53.111454799092051 ], [ 4.7642822, 53.11166709909206 ], [ 4.7643332, 53.111688699092092 ], [ 4.7644675, 53.111691799092071 ], [ 4.764522, 53.111751499092065 ], [ 4.7645016, 53.111798999092088 ], [ 4.764493, 53.111846499092096 ], [ 4.7645589, 53.111937199092083 ], [ 4.7646723, 53.112018599092096 ], [ 4.765287, 53.112689899092132 ], [ 4.7657613, 53.113229699092152 ], [ 4.7662243, 53.113738499092172 ], [ 4.7666476, 53.114251899092189 ], [ 4.7674597, 53.114940799092217 ], [ 4.7675504, 53.114950799092227 ], [ 4.7676416, 53.114934599092216 ], [ 4.7677478, 53.114966099092207 ], [ 4.7677905, 53.115023299092222 ], [ 4.7677892, 53.115111299092227 ], [ 4.7677217, 53.115137099092223 ], [ 4.7677366, 53.11519899909225 ], [ 4.7680336, 53.115431199092228 ], [ 4.7681389, 53.115529199092222 ], [ 4.7682885, 53.11556559909225 ], [ 4.7683905, 53.115620799092255 ], [ 4.7684719, 53.115730599092252 ], [ 4.7688403, 53.11594409909226 ], [ 4.7691573, 53.116164499092264 ], [ 4.7695199, 53.116503999092288 ], [ 4.7696357, 53.116699599092286 ], [ 4.769928, 53.116988699092317 ], [ 4.7703065, 53.117323499092315 ], [ 4.7704656, 53.11753599909234 ], [ 4.7705518, 53.117586299092338 ], [ 4.7706307, 53.117591499092342 ], [ 4.7707549, 53.117473299092339 ], [ 4.7707834, 53.117416299092341 ], [ 4.770851, 53.117385799092347 ], [ 4.7709262, 53.11737669909234 ], [ 4.7710246, 53.117408099092323 ], [ 4.7710909, 53.117465499092347 ], [ 4.7711252, 53.11755839909236 ], [ 4.7715324, 53.117821999092342 ], [ 4.7716185, 53.117886599092365 ], [ 4.7716878, 53.118015399092343 ], [ 4.7718318, 53.118172999092351 ], [ 4.7720742, 53.118352599092383 ], [ 4.772382, 53.118665699092382 ], [ 4.7726677, 53.118864399092395 ], [ 4.7735363, 53.119622599092452 ], [ 4.7741571, 53.120157199092453 ], [ 4.7744732, 53.120440499092467 ], [ 4.7746127, 53.120633799092502 ], [ 4.774747, 53.120784299092499 ], [ 4.7748879, 53.120881299092495 ], [ 4.7752457, 53.121150599092502 ], [ 4.7755979, 53.121401999092534 ], [ 4.7762947, 53.122095199092541 ], [ 4.7770453, 53.122732299092597 ], [ 4.7772372, 53.122887299092582 ], [ 4.7775634, 53.123174599092586 ], [ 4.7780728, 53.123653999092625 ], [ 4.778628, 53.124098899092644 ], [ 4.7798317, 53.125118299092698 ], [ 4.7805004, 53.125720199092711 ], [ 4.7815367, 53.126612099092753 ], [ 4.7819969, 53.127066399092776 ], [ 4.783228, 53.128205099092838 ], [ 4.7836368, 53.128502799092857 ], [ 4.7841811, 53.128848199092857 ], [ 4.7845525, 53.129165499092878 ], [ 4.7855136, 53.130126499092938 ], [ 4.7859492, 53.13057819909293 ], [ 4.7863454, 53.130890599092986 ], [ 4.7877605, 53.132179199093038 ], [ 4.7880924, 53.132359699093037 ], [ 4.7893182, 53.133307099093081 ], [ 4.7901438, 53.13397479909311 ], [ 4.7901669, 53.133998199093114 ], [ 4.7904082, 53.134223899093115 ], [ 4.7908594, 53.134713099093155 ], [ 4.7914755, 53.135234099093175 ], [ 4.7922309, 53.135840999093205 ], [ 4.7929075, 53.136606699093242 ], [ 4.7931642, 53.137243699093254 ], [ 4.7936316, 53.137737999093282 ], [ 4.7939499, 53.137995699093295 ], [ 4.7943797, 53.138264799093307 ], [ 4.7947115, 53.138256999093322 ], [ 4.7950313, 53.138234499093322 ], [ 4.7956532, 53.138243499093313 ], [ 4.7961055, 53.138273799093305 ], [ 4.796447, 53.138357599093304 ], [ 4.7968365, 53.138419099093326 ], [ 4.7972728, 53.138495399093316 ], [ 4.798245, 53.138522899093338 ], [ 4.7988308, 53.138526599093332 ], [ 4.7991627, 53.138497699093321 ], [ 4.7994366, 53.138493699093338 ], [ 4.7997461, 53.138422199093341 ], [ 4.7999409, 53.138349199093334 ], [ 4.800002, 53.138240599093322 ], [ 4.799885, 53.138081699093313 ], [ 4.7999796, 53.137902599093294 ], [ 4.8006955, 53.137648599093275 ], [ 4.8009437, 53.137351999093269 ], [ 4.8007464, 53.137065599093262 ], [ 4.8005533, 53.136962599093266 ], [ 4.7995824, 53.136859599093242 ], [ 4.7984563, 53.136683999093243 ], [ 4.7984286, 53.136679699093257 ], [ 4.7984123, 53.136481499093229 ], [ 4.7986028, 53.136151999093208 ], [ 4.7986426, 53.136083299093201 ], [ 4.7988621, 53.135848399093199 ], [ 4.7991443, 53.135672399093195 ], [ 4.8001819, 53.135118399093159 ], [ 4.8007965, 53.134983199093163 ], [ 4.8019986, 53.134895299093152 ], [ 4.8024624, 53.134873999093159 ], [ 4.8023505, 53.134764099093147 ], [ 4.8021898, 53.134723899093146 ], [ 4.802019, 53.134646399093143 ], [ 4.8019163, 53.134558499093131 ], [ 4.8018156, 53.134498699093129 ], [ 4.8017922, 53.134451099093127 ], [ 4.8019478, 53.13452249909313 ], [ 4.8020159, 53.134565799093146 ], [ 4.8020546, 53.134624999093148 ], [ 4.8021085, 53.134661599093135 ], [ 4.8023434, 53.134738499093146 ], [ 4.8023088, 53.13463969909315 ], [ 4.8023302, 53.134588999093118 ], [ 4.8023821, 53.134574399093133 ], [ 4.8023861, 53.134547499093145 ], [ 4.8022539, 53.134427899093133 ], [ 4.8021715, 53.13435589909313 ], [ 4.8024309, 53.134524299093144 ], [ 4.8024309, 53.134554799093145 ], [ 4.8023943, 53.134590799093132 ], [ 4.8023872, 53.134634199093135 ], [ 4.8024095, 53.13474159909314 ], [ 4.8024716, 53.134780599093133 ], [ 4.8025529, 53.13482089909315 ], [ 4.8026394, 53.134897799093146 ], [ 4.8027696, 53.134898999093153 ], [ 4.802916, 53.134887999093152 ], [ 4.8030411, 53.134909299093145 ], [ 4.8038965, 53.135047899093173 ], [ 4.804464, 53.135162599093164 ], [ 4.8047365, 53.135230899093166 ], [ 4.8047996, 53.135257699093181 ], [ 4.8048342, 53.135304099093176 ], [ 4.8048464, 53.135352899093185 ], [ 4.8048484, 53.135416399093181 ], [ 4.8049847, 53.135448099093175 ], [ 4.8051088, 53.135449299093182 ], [ 4.8052206, 53.13540419909318 ], [ 4.8053101, 53.135350499093178 ], [ 4.8053813, 53.135368799093179 ], [ 4.8054342, 53.13540419909318 ], [ 4.8055278, 53.135429799093167 ], [ 4.8057356, 53.13545549909319 ], [ 4.8058006, 53.135405699093162 ], [ 4.8057472, 53.135292999093174 ], [ 4.8057425, 53.135175999093178 ], [ 4.8059428, 53.135047899093173 ], [ 4.8061421, 53.134933099093153 ], [ 4.8065429, 53.134837199093148 ], [ 4.8067741, 53.13474649909314 ], [ 4.8068615, 53.134709899093139 ], [ 4.8069039, 53.134692099093151 ], [ 4.8069415, 53.134678699093143 ], [ 4.8070013, 53.134623399093137 ], [ 4.8072385, 53.134443199093134 ], [ 4.8075599, 53.134280299093113 ], [ 4.8080796, 53.134061799093111 ], [ 4.8082179, 53.133965399093114 ], [ 4.8083104, 53.133914799093091 ], [ 4.8084813, 53.133879399093111 ], [ 4.8085525, 53.133881199093103 ], [ 4.8085159, 53.13384889909311 ], [ 4.8084945, 53.133778699093106 ], [ 4.8085515, 53.133688399093096 ], [ 4.8085678, 53.133615199093086 ], [ 4.8085759, 53.133574299093084 ], [ 4.8085891, 53.13352979909309 ], [ 4.8086766, 53.133486999093101 ], [ 4.808821, 53.133466899093094 ], [ 4.8088952, 53.133464499093087 ], [ 4.8089339, 53.1334473990931 ], [ 4.8089654, 53.133415699093071 ], [ 4.8089898, 53.13337659909309 ], [ 4.809057, 53.133342999093074 ], [ 4.8091424, 53.13330339909308 ], [ 4.8091912, 53.133281399093079 ], [ 4.8092004, 53.133258799093099 ], [ 4.8091129, 53.133236299093056 ], [ 4.8090732, 53.133196599093075 ], [ 4.8090834, 53.13314659909306 ], [ 4.8090915, 53.133076399093063 ], [ 4.8090824, 53.133061699093055 ], [ 4.8090447, 53.133070299093056 ], [ 4.8090275, 53.133048299093048 ], [ 4.8089804, 53.133043799093066 ], [ 4.8089631, 53.133045299093062 ], [ 4.8089409, 53.133061199093063 ], [ 4.8089028, 53.133098499093052 ], [ 4.8088869, 53.133111799093079 ], [ 4.8088667, 53.133122499093076 ], [ 4.8088084, 53.133148199093078 ], [ 4.8087963, 53.133154799093063 ], [ 4.8087809, 53.133171899093071 ], [ 4.8087983, 53.133142399093074 ], [ 4.8088301, 53.133124499093064 ], [ 4.8088498, 53.133116999093069 ], [ 4.8088681, 53.133102799093066 ], [ 4.8089009, 53.133075899093065 ], [ 4.808925, 53.133054499093056 ], [ 4.8089433, 53.133036599093046 ], [ 4.8089616, 53.133029599093071 ], [ 4.8089888, 53.133037899093075 ], [ 4.809062, 53.133036699093076 ], [ 4.8090885, 53.133023299093061 ], [ 4.809117, 53.132992199093053 ], [ 4.8091393, 53.132975099093066 ], [ 4.8091678, 53.132974499093059 ], [ 4.8091963, 53.132983599093066 ], [ 4.8092227, 53.132967199093073 ], [ 4.8092695, 53.132956199093073 ], [ 4.8093204, 53.132957999093072 ], [ 4.809359, 53.132937899093058 ], [ 4.8093712, 53.132917099093056 ], [ 4.8093692, 53.132889699093063 ], [ 4.8093712, 53.13283409909306 ], [ 4.8093499, 53.132817699093053 ], [ 4.8093092, 53.13280609909306 ], [ 4.8092675, 53.132777999093051 ], [ 4.8092543, 53.132743799093056 ], [ 4.8092573, 53.132697499093048 ], [ 4.8092817, 53.132660199093053 ], [ 4.8092817, 53.132616299093051 ], [ 4.809299, 53.132600399093029 ], [ 4.8093244, 53.132590399093033 ], [ 4.8094272, 53.132556199093024 ], [ 4.8094597, 53.132542799093059 ], [ 4.8094836, 53.13254639909303 ], [ 4.8094638, 53.132561699093053 ], [ 4.8094099, 53.132577599093047 ], [ 4.8093163, 53.132610499093033 ], [ 4.8093041, 53.132622999093037 ], [ 4.8092939, 53.132660499093049 ], [ 4.8092848, 53.132682199093047 ], [ 4.8092766, 53.132697799093052 ], [ 4.8092863, 53.132738299093063 ], [ 4.8092944, 53.132760299093071 ], [ 4.8093056, 53.132773999093054 ], [ 4.8093321, 53.132783799093055 ], [ 4.8093631, 53.132790499093048 ], [ 4.8093931, 53.132800899093063 ], [ 4.8094073, 53.132811299093063 ], [ 4.809418, 53.132833799093071 ], [ 4.8094119, 53.132850599093054 ], [ 4.8094053, 53.132870799093048 ], [ 4.8094231, 53.132889999093052 ], [ 4.809445, 53.132898499093059 ], [ 4.8094683, 53.132901599093053 ], [ 4.8094806, 53.132893599093066 ], [ 4.8094958, 53.132881999093044 ], [ 4.8095172, 53.132869799093072 ], [ 4.8095116, 53.132889399093074 ], [ 4.8094978, 53.132900299093066 ], [ 4.8094694, 53.132912599093054 ], [ 4.8094714, 53.132931799093072 ], [ 4.8094938, 53.132947599093058 ], [ 4.809506, 53.132972399093077 ], [ 4.8094953, 53.13298879909307 ], [ 4.8094231, 53.133033999093072 ], [ 4.8093951, 53.133057199093066 ], [ 4.8093727, 53.133072399093074 ], [ 4.809359, 53.133086199093064 ], [ 4.8093519, 53.133102899093082 ], [ 4.8093458, 53.133126399093079 ], [ 4.8093295, 53.13314199909307 ], [ 4.8092924, 53.13314749909307 ], [ 4.8092548, 53.133125199093072 ], [ 4.809241, 53.133110599093072 ], [ 4.8092029, 53.13305899909308 ], [ 4.8091866, 53.133054099093073 ], [ 4.8091627, 53.133071799093067 ], [ 4.809151, 53.133085799093074 ], [ 4.8091536, 53.13311149909304 ], [ 4.8091566, 53.133144099093066 ], [ 4.8091648, 53.133172199093067 ], [ 4.809179, 53.13318809909304 ], [ 4.8092075, 53.133190499093061 ], [ 4.8092502, 53.133198999093068 ], [ 4.8093031, 53.133221599093069 ], [ 4.8093183, 53.13324049909307 ], [ 4.8093193, 53.133266199093079 ], [ 4.8093071, 53.13329059909308 ], [ 4.8092746, 53.13331189909308 ], [ 4.8092197, 53.133329599093081 ], [ 4.809181, 53.133343599093109 ], [ 4.8091403, 53.133360699093075 ], [ 4.8090702, 53.133393099093091 ], [ 4.8090447, 53.133432699093078 ], [ 4.8090132, 53.133472999093087 ], [ 4.8089817, 53.133495599093095 ], [ 4.808939, 53.133516299093095 ], [ 4.8088942, 53.133535199093082 ], [ 4.8088444, 53.133549899093076 ], [ 4.8087905, 53.133557799093069 ], [ 4.80876, 53.133565099093076 ], [ 4.8087112, 53.133582199093077 ], [ 4.8086898, 53.133602999093085 ], [ 4.8086796, 53.133675599093088 ], [ 4.8086511, 53.13371039909309 ], [ 4.8086359, 53.133754899093105 ], [ 4.8086217, 53.133834799093115 ], [ 4.8088535, 53.133872699093111 ], [ 4.8090325, 53.133903799093083 ], [ 4.8091454, 53.133908099093112 ], [ 4.8091892, 53.133904999093104 ], [ 4.8092278, 53.133901999093105 ], [ 4.8092543, 53.133896499093112 ], [ 4.8092888, 53.133884899093097 ], [ 4.8092929, 53.13386169909311 ], [ 4.809299, 53.133846999093102 ], [ 4.8092736, 53.133829399093095 ], [ 4.8092197, 53.133818999093108 ], [ 4.8091566, 53.133796399093093 ], [ 4.8091281, 53.133768899093084 ], [ 4.8091241, 53.133743299093098 ], [ 4.8091403, 53.133714599093089 ], [ 4.8091597, 53.133684699093095 ], [ 4.809182, 53.133641999093115 ], [ 4.8092176, 53.133602999093085 ], [ 4.8092705, 53.133563299093119 ], [ 4.8093905, 53.133512699093082 ], [ 4.8094617, 53.133503499093088 ], [ 4.8095197, 53.133502899093095 ], [ 4.8095655, 53.133490699093073 ], [ 4.8096173, 53.1334625990931 ], [ 4.8096753, 53.133445499093092 ], [ 4.8097628, 53.133431499093085 ], [ 4.8099174, 53.133437599093078 ], [ 4.8100333, 53.133455899093093 ], [ 4.8100801, 53.133479699093094 ], [ 4.8101371, 53.133495599093095 ], [ 4.8101879, 53.133503499093088 ], [ 4.8102316, 53.133507799093074 ], [ 4.8102855, 53.133494399093074 ], [ 4.810311, 53.133472399093094 ], [ 4.8103242, 53.1334473990931 ], [ 4.8103242, 53.133426599093099 ], [ 4.8102869, 53.133359599093083 ], [ 4.8102174, 53.133282599093079 ], [ 4.8101696, 53.133183199093089 ], [ 4.8101421, 53.133058099093056 ], [ 4.8101249, 53.132932999093072 ], [ 4.8101198, 53.132854299093061 ], [ 4.8101554, 53.132823199093046 ], [ 4.8101971, 53.132791399093051 ], [ 4.8102408, 53.132767599093057 ], [ 4.81031, 53.132757299093051 ], [ 4.8104188, 53.132771899093051 ], [ 4.8104666, 53.132781699093051 ], [ 4.8105062, 53.132779199093044 ], [ 4.8105479, 53.132767599093057 ], [ 4.8105886, 53.132751199093057 ], [ 4.8106161, 53.132724299093063 ], [ 4.8106171, 53.132657799093032 ], [ 4.8105917, 53.132602899093037 ], [ 4.8105764, 53.132566299093028 ], [ 4.8105805, 53.132533299093055 ], [ 4.8105988, 53.132502799093047 ], [ 4.8106354, 53.132473499093031 ], [ 4.8106822, 53.132447899093037 ], [ 4.8107514, 53.132420999093021 ], [ 4.8108032, 53.132414299093043 ], [ 4.8108449, 53.132413099093036 ], [ 4.8108856, 53.132404599093022 ], [ 4.8108887, 53.132385699093049 ], [ 4.8108307, 53.132321599093018 ], [ 4.8108134, 53.132284999093038 ], [ 4.8108063, 53.132256899093029 ], [ 4.8108297, 53.132225199093 ], [ 4.8108592, 53.13220259909302 ], [ 4.8108775, 53.132175699093011 ], [ 4.8108866, 53.132142799093025 ], [ 4.8108887, 53.132118399093009 ], [ 4.810909, 53.132070199093008 ], [ 4.8109446, 53.13203479909302 ], [ 4.8109878, 53.132018199093018 ], [ 4.8110209, 53.132005499093026 ], [ 4.8110605, 53.131995099093018 ], [ 4.8111155, 53.131978599093017 ], [ 4.8111612, 53.131956099093017 ], [ 4.8112222, 53.131907899093001 ], [ 4.8112619, 53.131877999093 ], [ 4.8113056, 53.131858399093005 ], [ 4.8113443, 53.131837099092998 ], [ 4.8113789, 53.13180169909301 ], [ 4.8115335, 53.131693099092992 ], [ 4.8115752, 53.131636899093003 ], [ 4.8115986, 53.131610699092995 ], [ 4.8116192, 53.131594899092995 ], [ 4.8116423, 53.131577099092993 ], [ 4.8117053, 53.131545999092992 ], [ 4.8117521, 53.131525899092999 ], [ 4.8118111, 53.131497799093005 ], [ 4.8118485, 53.131474299092979 ], [ 4.811864, 53.131422799092995 ], [ 4.8118793, 53.131394699092986 ], [ 4.8119403, 53.131367199092992 ], [ 4.8120054, 53.131344599092969 ], [ 4.8120867, 53.131315999092983 ], [ 4.8121437, 53.131290899092996 ], [ 4.8121976, 53.131258599092988 ], [ 4.8122505, 53.131221399092965 ], [ 4.8122942, 53.131197599092985 ], [ 4.8124041, 53.13116589909297 ], [ 4.8124468, 53.131155499092976 ], [ 4.8124732, 53.131145099092961 ], [ 4.812521, 53.131118899092975 ], [ 4.8125709, 53.131093199092959 ], [ 4.8126156, 53.131084699092959 ], [ 4.8126909, 53.131013899092963 ], [ 4.8127163, 53.130977299092947 ], [ 4.8127224, 53.130951699092968 ], [ 4.8127966, 53.130841799092941 ], [ 4.8128516, 53.130734399092944 ], [ 4.8128892, 53.130685599092942 ], [ 4.8128902, 53.130619099092954 ], [ 4.8128536, 53.130600199092953 ], [ 4.8127275, 53.130597099092945 ], [ 4.8126644, 53.130575199092966 ], [ 4.8125902, 53.130516599092935 ], [ 4.8125678, 53.130479999092934 ], [ 4.8125505, 53.130450699092933 ], [ 4.8125597, 53.130406699092937 ], [ 4.8125963, 53.130373799092929 ], [ 4.812639, 53.130357899092942 ], [ 4.812699, 53.130349399092928 ], [ 4.8127499, 53.130335999092928 ], [ 4.8127732, 53.130317599092926 ], [ 4.8127682, 53.130279799092911 ], [ 4.8127702, 53.130254799092938 ], [ 4.8127539, 53.130218799092951 ], [ 4.8127407, 53.130185799092914 ], [ 4.8127275, 53.130158999092941 ], [ 4.8127356, 53.130136999092926 ], [ 4.8126766, 53.130089399092931 ], [ 4.8126237, 53.12998629909292 ], [ 4.8125922, 53.129939899092911 ], [ 4.812519, 53.129869099092922 ], [ 4.8125078, 53.129839199092913 ], [ 4.8124732, 53.129796499092912 ], [ 4.8124173, 53.129736699092895 ], [ 4.8123654, 53.129645199092884 ], [ 4.8123349, 53.129585999092903 ], [ 4.8123247, 53.129553599092908 ], [ 4.8123217, 53.1295066990929 ], [ 4.8123074, 53.129466399092891 ], [ 4.8122515, 53.129421799092903 ], [ 4.8122052, 53.129376399092884 ], [ 4.8121406, 53.129363199092879 ], [ 4.8121, 53.129368099092879 ], [ 4.8120481, 53.129387699092888 ], [ 4.8119433, 53.129425499092889 ], [ 4.8118721, 53.129429099092903 ], [ 4.8118386, 53.129421799092903 ], [ 4.8118162, 53.129394999092895 ], [ 4.8118142, 53.129380299092894 ], [ 4.8118172, 53.129365699092894 ], [ 4.8117999, 53.129297899092869 ], [ 4.8117938, 53.129282099092897 ], [ 4.8117267, 53.129238099092888 ], [ 4.8117013, 53.129219199092873 ], [ 4.8116921, 53.12919909909288 ], [ 4.8116931, 53.129175899092864 ], [ 4.8117196, 53.129128299092869 ], [ 4.8116992, 53.129117299092876 ], [ 4.8116464, 53.129116699092883 ], [ 4.8115213, 53.12912529909287 ], [ 4.8114592, 53.129115499092869 ], [ 4.8114175, 53.129094699092896 ], [ 4.8114073, 53.129073999092888 ], [ 4.8114304, 53.129039899092874 ], [ 4.8113758, 53.128979599092872 ], [ 4.8113414, 53.128933899092878 ], [ 4.8113301, 53.128904099092857 ], [ 4.8113335, 53.128867599092864 ], [ 4.8113514, 53.128837899092858 ], [ 4.8113799, 53.128809099092869 ], [ 4.8113758, 53.128782299092855 ], [ 4.8113412, 53.128741399092853 ], [ 4.8113168, 53.128719399092844 ], [ 4.8112141, 53.128750599092861 ], [ 4.8111643, 53.12875359909286 ], [ 4.8111277, 53.128748699092853 ], [ 4.8111083, 53.128732899092867 ], [ 4.8110961, 53.128696899092851 ], [ 4.8110453, 53.128683999092864 ], [ 4.810971, 53.128682799092864 ], [ 4.810873, 53.128672199092861 ], [ 4.8108114, 53.12863889909287 ], [ 4.8107575, 53.128624199092869 ], [ 4.8107147, 53.128622399092833 ], [ 4.8106934, 53.128656599092864 ], [ 4.8106863, 53.128707199092865 ], [ 4.8106658, 53.128726199092874 ], [ 4.8106415, 53.128748699092853 ], [ 4.8105998, 53.128770099092847 ], [ 4.8105795, 53.128768299092854 ], [ 4.8106619, 53.128699899092851 ], [ 4.8106619, 53.12867429909285 ], [ 4.8106619, 53.128652299092849 ], [ 4.8106741, 53.12863149909284 ], [ 4.8106527, 53.128610499092851 ], [ 4.8106064, 53.128611099092851 ], [ 4.8105855, 53.128592199092843 ], [ 4.8105754, 53.128583199092859 ], [ 4.8105912, 53.128570499092859 ], [ 4.8106202, 53.128582399092835 ], [ 4.810638, 53.128573299092842 ], [ 4.8107102, 53.128592499092854 ], [ 4.8107976, 53.128611099092851 ], [ 4.8108393, 53.128628799092851 ], [ 4.8108678, 53.128647699092859 ], [ 4.8108953, 53.128659299092845 ], [ 4.8109644, 53.128667899092839 ], [ 4.811, 53.128668199092843 ], [ 4.8110214, 53.128670599092857 ], [ 4.8110509, 53.128674599092854 ], [ 4.8110916, 53.128675799092875 ], [ 4.8111175, 53.128683099092846 ], [ 4.8111378, 53.128696599092855 ], [ 4.8111465, 53.128713299092851 ], [ 4.8111572, 53.128725199092862 ], [ 4.8111724, 53.128729499092856 ], [ 4.8112085, 53.12872679909286 ], [ 4.8112431, 53.128719699092848 ], [ 4.8112736, 53.128710899092866 ], [ 4.8113168, 53.128685599092833 ], [ 4.8113321, 53.128677899092843 ], [ 4.8113443, 53.128693199092865 ], [ 4.8113748, 53.128698099092858 ], [ 4.8113901, 53.128718199092866 ], [ 4.8113951, 53.128737699092852 ], [ 4.8114063, 53.128760899092882 ], [ 4.8114165, 53.128784099092854 ], [ 4.8114185, 53.128802399092848 ], [ 4.8114104, 53.12882069909287 ], [ 4.8113941, 53.128836599092864 ], [ 4.8113819, 53.128846999092865 ], [ 4.8113616, 53.128888499092859 ], [ 4.8113595, 53.128916499092874 ], [ 4.8113718, 53.12895009909289 ], [ 4.8114124, 53.12897759909287 ], [ 4.8114607, 53.129035199092883 ], [ 4.8114719, 53.129086199092875 ], [ 4.8114979, 53.129101099092885 ], [ 4.8115197, 53.129105999092879 ], [ 4.8115747, 53.129106299092889 ], [ 4.8116164, 53.129101099092885 ], [ 4.8116611, 53.129088899092878 ], [ 4.8117165, 53.129080399092878 ], [ 4.8117572, 53.129088599092889 ], [ 4.8117694, 53.129104799092893 ], [ 4.8117689, 53.129137499092877 ], [ 4.8117567, 53.129161599092882 ], [ 4.8117374, 53.129188699092886 ], [ 4.8117425, 53.129209499092887 ], [ 4.8117938, 53.129238099092888 ], [ 4.8118157, 53.129253099092885 ], [ 4.8118447, 53.129290599092883 ], [ 4.8118589, 53.129349199092879 ], [ 4.8118671, 53.129374799092886 ], [ 4.8118803, 53.129390999092891 ], [ 4.8118981, 53.129399599092906 ], [ 4.8119555, 53.129393499092878 ], [ 4.8119876, 53.129378499092901 ], [ 4.812042, 53.129349499092889 ], [ 4.8120628, 53.129333299092906 ], [ 4.8120994, 53.129320799092881 ], [ 4.8121432, 53.129322099092882 ], [ 4.8121808, 53.129336099092903 ], [ 4.8122434, 53.129362899092875 ], [ 4.8123293, 53.129422699092906 ], [ 4.8123634, 53.129461499092884 ], [ 4.8123827, 53.129480699092902 ], [ 4.8123893, 53.129556699092888 ], [ 4.812428, 53.129631699092911 ], [ 4.8124539, 53.129679999092907 ], [ 4.8125164, 53.129754399092917 ], [ 4.8125617, 53.129815099092902 ], [ 4.8126258, 53.12990299909292 ], [ 4.8127214, 53.130015299092904 ], [ 4.8127651, 53.130069899092938 ], [ 4.8127854, 53.130111399092918 ], [ 4.8127997, 53.130142199092923 ], [ 4.8128099, 53.130168399092938 ], [ 4.8128251, 53.130188899092914 ], [ 4.8128388, 53.130239199092919 ], [ 4.8128607, 53.130282599092943 ], [ 4.8128648, 53.130325299092938 ], [ 4.8128617, 53.130354599092939 ], [ 4.8128531, 53.13038019909294 ], [ 4.812846, 53.130390299092944 ], [ 4.812816, 53.130384199092944 ], [ 4.8128043, 53.13038019909294 ], [ 4.8127539, 53.130379599092947 ], [ 4.8126837, 53.13039609909292 ], [ 4.8126537, 53.130411299092934 ], [ 4.8126278, 53.130425699092953 ], [ 4.8126197, 53.130446099092943 ], [ 4.8126202, 53.130465899092947 ], [ 4.8126365, 53.130495799092934 ], [ 4.8126654, 53.130522099092921 ], [ 4.8127305, 53.13055289909294 ], [ 4.81279, 53.130559899092965 ], [ 4.8128694, 53.130564499092948 ], [ 4.8129207, 53.130576699092963 ], [ 4.8129629, 53.130614199092946 ], [ 4.8129868, 53.130645899092947 ], [ 4.8129863, 53.130664899092949 ], [ 4.8129695, 53.130680699092949 ], [ 4.8129375, 53.130703299092964 ], [ 4.8129212, 53.130717999092944 ], [ 4.8128856, 53.13077099909296 ], [ 4.8128699, 53.130810699092962 ], [ 4.8128449, 53.13084549909297 ], [ 4.812816, 53.130886399092965 ], [ 4.8127971, 53.13094369909296 ], [ 4.812756, 53.130999599092981 ], [ 4.8126395, 53.131134699092968 ], [ 4.812607, 53.13118349909297 ], [ 4.8126039, 53.131203099092978 ], [ 4.8126192, 53.131225899092954 ], [ 4.812643, 53.131247299092976 ], [ 4.8126863, 53.131254299092987 ], [ 4.8127021, 53.131248199092987 ], [ 4.8127595, 53.131222299092975 ], [ 4.8128607, 53.131220199092986 ], [ 4.8129289, 53.13123419909298 ], [ 4.8129919, 53.131250999092984 ], [ 4.8130519, 53.131257699092984 ], [ 4.8131028, 53.131263199092977 ], [ 4.8131343, 53.131273199092973 ], [ 4.8131785, 53.131286099092989 ], [ 4.8132619, 53.131294899092978 ], [ 4.8133336, 53.131297699092976 ], [ 4.8133631, 53.131302199092957 ], [ 4.813293, 53.131304699092986 ], [ 4.813177, 53.131297699092976 ], [ 4.8131282, 53.131288799092957 ], [ 4.8131048, 53.131282099092992 ], [ 4.8130194, 53.131274499092974 ], [ 4.8128277, 53.131257099092984 ], [ 4.8127926, 53.131261399092985 ], [ 4.8127554, 53.131271399092988 ], [ 4.81273, 53.131285799092971 ], [ 4.8127158, 53.131298599092972 ], [ 4.8127112, 53.131316299092987 ], [ 4.8127188, 53.131346799092988 ], [ 4.8126954, 53.131389799093 ], [ 4.8126492, 53.131415699092983 ], [ 4.8126268, 53.131427899092991 ], [ 4.8126064, 53.131431599092991 ], [ 4.8125388, 53.131426699092977 ], [ 4.8125129, 53.131425799092973 ], [ 4.8124834, 53.13143649909297 ], [ 4.8124386, 53.131476099092993 ], [ 4.8124127, 53.131500599092995 ], [ 4.8123944, 53.131512099093008 ], [ 4.8123715, 53.131522499092981 ], [ 4.8123466, 53.131523699093002 ], [ 4.8123278, 53.131517299092991 ], [ 4.8123085, 53.131502099092984 ], [ 4.8122952, 53.131479199092979 ], [ 4.8122891, 53.131466399092972 ], [ 4.8122525, 53.131454799092992 ], [ 4.81222, 53.131446199092984 ], [ 4.8121945, 53.13144559909297 ], [ 4.8121523, 53.131441699092989 ], [ 4.8121264, 53.131428499092991 ], [ 4.812105, 53.131410899092984 ], [ 4.8120547, 53.131404099092961 ], [ 4.8120308, 53.131408699092994 ], [ 4.8119972, 53.131422399093005 ], [ 4.8119733, 53.131443199092985 ], [ 4.8119657, 53.131471299092993 ], [ 4.8119393, 53.131502399092966 ], [ 4.8118284, 53.131551499092993 ], [ 4.8117801, 53.131566799092994 ], [ 4.8117435, 53.131581399093008 ], [ 4.8116992, 53.131605199093002 ], [ 4.8116601, 53.131627799092996 ], [ 4.8116235, 53.131660699092997 ], [ 4.8115797, 53.131710199093007 ], [ 4.8115396, 53.131740399092983 ], [ 4.8114755, 53.131784299093013 ], [ 4.8113768, 53.131871299093 ], [ 4.811328, 53.131898099093021 ], [ 4.811297, 53.131914599093015 ], [ 4.8112695, 53.131932299093016 ], [ 4.8112467, 53.13194999909301 ], [ 4.8111877, 53.131992099093026 ], [ 4.8111394, 53.132017999093001 ], [ 4.8110727, 53.132038099093023 ], [ 4.8110138, 53.13206259909304 ], [ 4.8109741, 53.132089999093019 ], [ 4.8109654, 53.132112899093023 ], [ 4.8109553, 53.132147999093014 ], [ 4.8109405, 53.132191299093037 ], [ 4.8109105, 53.132255699093022 ], [ 4.810912, 53.13228829909302 ], [ 4.8109334, 53.132309099093035 ], [ 4.8109741, 53.132330999093028 ], [ 4.8110051, 53.132352399093044 ], [ 4.8110326, 53.132366099093034 ], [ 4.8110458, 53.132381099093024 ], [ 4.8110473, 53.132402999093024 ], [ 4.8110453, 53.132433199093022 ], [ 4.8110336, 53.132453399093038 ], [ 4.8110107, 53.132469599093049 ], [ 4.8109843, 53.132481799093043 ], [ 4.810937, 53.132491499093028 ], [ 4.8109019, 53.132492099093049 ], [ 4.8108581, 53.132491499093028 ], [ 4.8108007, 53.132485999093042 ], [ 4.8107524, 53.132487899093043 ], [ 4.8106944, 53.13250919909305 ], [ 4.8106705, 53.132525999093026 ], [ 4.8106563, 53.132543699093041 ], [ 4.8106547, 53.132567499093049 ], [ 4.8106705, 53.132590999093047 ], [ 4.8106888, 53.132623299093048 ], [ 4.8107086, 53.132668199093025 ], [ 4.8106908, 53.132734999093053 ], [ 4.8106741, 53.132767599093057 ], [ 4.8106476, 53.132793299093059 ], [ 4.810613, 53.132817399093049 ], [ 4.8105586, 53.132835399093061 ], [ 4.8105184, 53.132845099093068 ], [ 4.8104813, 53.132849399093033 ], [ 4.8104406, 53.13284879909304 ], [ 4.8104015, 53.132840199093053 ], [ 4.8103705, 53.132830499093025 ], [ 4.8103293, 53.132823199093046 ], [ 4.8102861, 53.132821599093056 ], [ 4.8102606, 53.132823199093046 ], [ 4.8102291, 53.132835399093061 ], [ 4.8102118, 53.132847599093047 ], [ 4.8102052, 53.132903699093085 ], [ 4.8102123, 53.132992799093053 ], [ 4.8102388, 53.133148999093073 ], [ 4.810254, 53.133206999093069 ], [ 4.810314, 53.133265499093085 ], [ 4.8103893, 53.133295399093072 ], [ 4.8104279, 53.13331309909308 ], [ 4.8104508, 53.133371999093086 ], [ 4.8104737, 53.133430899093092 ], [ 4.8104544, 53.133488299093088 ], [ 4.8104106, 53.133526699093089 ], [ 4.8102866, 53.133586499093084 ], [ 4.8102398, 53.133598699093078 ], [ 4.810196, 53.133601799093107 ], [ 4.8101666, 53.133602399093107 ], [ 4.8100659, 53.133560899093091 ], [ 4.8099306, 53.133499899093081 ], [ 4.8098492, 53.133494999093088 ], [ 4.8097963, 53.133501699093074 ], [ 4.8096316, 53.13354499909309 ], [ 4.8095319, 53.133579799093098 ], [ 4.8094617, 53.133593199093077 ], [ 4.8094139, 53.133601099093099 ], [ 4.8093966, 53.133620699093107 ], [ 4.8094699, 53.133684099093117 ], [ 4.8095329, 53.133717699093097 ], [ 4.8096041, 53.133738399093097 ], [ 4.8096468, 53.133765299093099 ], [ 4.8096916, 53.133796999093121 ], [ 4.8097424, 53.133818999093108 ], [ 4.8098208, 53.133854399093096 ], [ 4.8099082, 53.133883699093083 ], [ 4.8099886, 53.133885499093111 ], [ 4.8100028, 53.133901999093105 ], [ 4.8099896, 53.133933699093106 ], [ 4.8100231, 53.133969699093107 ], [ 4.8100262, 53.134013599093116 ], [ 4.8100303, 53.134050799093096 ], [ 4.8100628, 53.134083199093098 ], [ 4.8101187, 53.134109399093106 ], [ 4.810195, 53.134120999093106 ], [ 4.8102571, 53.134111899093107 ], [ 4.810311, 53.134097199093119 ], [ 4.8104366, 53.134101499093106 ], [ 4.8105642, 53.134132299093125 ], [ 4.8106718, 53.134214999093132 ], [ 4.8106947, 53.134238199093119 ], [ 4.8106985, 53.134279699093113 ], [ 4.8106812, 53.134310799093143 ], [ 4.8106608, 53.134335799093122 ], [ 4.8106476, 53.134347999093137 ], [ 4.8105744, 53.134369399093117 ], [ 4.810549, 53.134390099093125 ], [ 4.8105471, 53.134409399093144 ], [ 4.810511, 53.134492199093131 ], [ 4.8105251, 53.134513499093131 ], [ 4.8105298, 53.134559399093142 ], [ 4.8105472, 53.134589099093134 ], [ 4.8105908, 53.134627299093125 ], [ 4.810621, 53.13463339909314 ], [ 4.8106773, 53.134632199093126 ], [ 4.8108074, 53.134633799093159 ], [ 4.8109187, 53.134666799093139 ], [ 4.8109844, 53.13472949909314 ], [ 4.8109395, 53.13473189909314 ], [ 4.8108885, 53.134714999093141 ], [ 4.8108644, 53.134743199093158 ], [ 4.8108215, 53.134759299093155 ], [ 4.8108517, 53.134711799093132 ], [ 4.8108356, 53.134703799093145 ], [ 4.8107841, 53.134697399093142 ], [ 4.8107283, 53.134690499093132 ], [ 4.8106572, 53.134673999093131 ], [ 4.8105734, 53.134662699093141 ], [ 4.8105271, 53.13465309909315 ], [ 4.8104976, 53.134632999093142 ], [ 4.8104735, 53.134596399093148 ], [ 4.810452, 53.134564599093132 ], [ 4.810423, 53.134554199093124 ], [ 4.8104004, 53.13454609909315 ], [ 4.810385, 53.134511099093132 ], [ 4.8103548, 53.134496199093114 ], [ 4.8103537, 53.134477399093136 ], [ 4.8103262, 53.134470599093135 ], [ 4.8102927, 53.134469999093149 ], [ 4.8102561, 53.134455399093135 ], [ 4.8102154, 53.134441399093113 ], [ 4.8101493, 53.134427899093133 ], [ 4.8101086, 53.134419999093126 ], [ 4.8100313, 53.134419399093126 ], [ 4.8100801, 53.134404099093125 ], [ 4.8101442, 53.134411499093133 ], [ 4.8101981, 53.134425499093133 ], [ 4.8102428, 53.134440699093147 ], [ 4.8102774, 53.13444929909312 ], [ 4.8103181, 53.134449899093113 ], [ 4.8103506, 53.134457799093141 ], [ 4.8103893, 53.134474899093142 ], [ 4.8104086, 53.134479799093128 ], [ 4.8104422, 53.134461499093135 ], [ 4.8104279, 53.134437099093127 ], [ 4.8104239, 53.13441269909314 ], [ 4.8104218, 53.134386399093138 ], [ 4.8104483, 53.134356499093123 ], [ 4.8104859, 53.134324799093129 ], [ 4.8105449, 53.134282099093134 ], [ 4.8105764, 53.13426319909312 ], [ 4.8105825, 53.134235699093118 ], [ 4.8105042, 53.13421189909311 ], [ 4.8103771, 53.134192399093124 ], [ 4.810252, 53.134188699093123 ], [ 4.8102441, 53.134194099093108 ], [ 4.8102736, 53.134199299093119 ], [ 4.8103005, 53.134216199093103 ], [ 4.8103011, 53.134236699093137 ], [ 4.8102696, 53.134241499093129 ], [ 4.8102207, 53.134248799093136 ], [ 4.8102026, 53.134268899093122 ], [ 4.8102039, 53.13430029909312 ], [ 4.8101757, 53.134316799093121 ], [ 4.8101436, 53.134309899093125 ], [ 4.8101147, 53.134291399093136 ], [ 4.8100953, 53.134270499093113 ], [ 4.8101107, 53.134241999093128 ], [ 4.8101308, 53.134220599093126 ], [ 4.8101597, 53.13420449909313 ], [ 4.8101952, 53.134195699093105 ], [ 4.8101421, 53.134188699093123 ], [ 4.8100506, 53.134173499093116 ], [ 4.809953, 53.134108799093127 ], [ 4.8098899, 53.134050799093096 ], [ 4.8098482, 53.134006299093095 ], [ 4.8098157, 53.133983099093101 ], [ 4.8097475, 53.133964199093121 ], [ 4.8096529, 53.133957499093121 ], [ 4.809594, 53.133961799093115 ], [ 4.8093895, 53.134023999093117 ], [ 4.8092156, 53.134064899093111 ], [ 4.8090631, 53.134069199093119 ], [ 4.8088718, 53.13404229909311 ], [ 4.8087813, 53.134038599093124 ], [ 4.8086959, 53.134036199093103 ], [ 4.8086278, 53.134050799093096 ], [ 4.8085596, 53.134070399093105 ], [ 4.8084835, 53.134094399093115 ], [ 4.8084216, 53.134115999093126 ], [ 4.8082741, 53.134252799093147 ], [ 4.8081265, 53.134392799093135 ], [ 4.8081011, 53.134552099093142 ], [ 4.8080323, 53.134531899093133 ], [ 4.8079012, 53.134493399093117 ], [ 4.8075566, 53.134618099093132 ], [ 4.8074828, 53.134723499093141 ], [ 4.8074573, 53.134778199093134 ], [ 4.8074158, 53.134904499093153 ], [ 4.8074989, 53.134951999093161 ], [ 4.8076652, 53.135063799093153 ], [ 4.8076934, 53.135108899093161 ], [ 4.8075727, 53.135115299093179 ], [ 4.8075405, 53.135127399093172 ], [ 4.8076531, 53.135191799093164 ], [ 4.8077175, 53.13523039909316 ], [ 4.8077872, 53.135300399093175 ], [ 4.8078436, 53.135330899093162 ], [ 4.8079026, 53.135356699093187 ], [ 4.8079294, 53.135377599093168 ], [ 4.8079535, 53.1354210990932 ], [ 4.8080152, 53.135468499093179 ], [ 4.8080581, 53.135580399093186 ], [ 4.8080836, 53.135611699093161 ], [ 4.8081346, 53.135622999093187 ], [ 4.8081909, 53.135659999093193 ], [ 4.808207, 53.135705099093215 ], [ 4.808258, 53.135733199093195 ], [ 4.8082861, 53.135787099093186 ], [ 4.8083357, 53.135842599093195 ], [ 4.8084122, 53.135908599093185 ], [ 4.8086375, 53.1360582990932 ], [ 4.8088118, 53.136149999093206 ], [ 4.8088789, 53.136164499093212 ], [ 4.8089071, 53.136175699093229 ], [ 4.8089218, 53.136179799093227 ], [ 4.8089265, 53.136200299093204 ], [ 4.8089755, 53.13623569909322 ], [ 4.8090184, 53.136277499093211 ], [ 4.8090774, 53.136308899093237 ], [ 4.8093516, 53.136417499093213 ], [ 4.8093892, 53.136433199093211 ], [ 4.8094214, 53.136435199093235 ], [ 4.809467, 53.136452499093231 ], [ 4.809536, 53.136479799093244 ], [ 4.8096292, 53.136509999093221 ], [ 4.8097064, 53.136534999093243 ], [ 4.8097754, 53.136551899093234 ], [ 4.8098566, 53.136557499093229 ], [ 4.8099082, 53.136555899093239 ], [ 4.8099605, 53.136536999093231 ], [ 4.8100168, 53.136508399093231 ], [ 4.8101174, 53.136464599093223 ], [ 4.8102676, 53.136414699093208 ], [ 4.8103025, 53.136407399093244 ], [ 4.8102609, 53.136389699093222 ], [ 4.8102361, 53.136373599093233 ], [ 4.8102153, 53.136347899093217 ], [ 4.8101811, 53.136342299093201 ], [ 4.8101556, 53.136348299093235 ], [ 4.8101073, 53.136336599093212 ], [ 4.8100732, 53.136340699093203 ], [ 4.8100463, 53.136358799093216 ], [ 4.8100101, 53.136382499093209 ], [ 4.8099826, 53.136386499093227 ], [ 4.8100269, 53.13635309909322 ], [ 4.8100678, 53.136327799093223 ], [ 4.810108, 53.136330199093223 ], [ 4.8101737, 53.136337399093222 ], [ 4.8102059, 53.136336599093212 ], [ 4.8102287, 53.136346299093212 ], [ 4.8102468, 53.136363999093227 ], [ 4.8102931, 53.136378499093219 ], [ 4.8103253, 53.136390099093227 ], [ 4.8104956, 53.136396599093217 ], [ 4.8106062, 53.13638529909322 ], [ 4.810686, 53.136370799093221 ], [ 4.8107732, 53.136350699093221 ], [ 4.8108248, 53.136335399093234 ], [ 4.8110032, 53.136250599093223 ], [ 4.8111299, 53.13612259909322 ], [ 4.8113304, 53.135876799093197 ], [ 4.8113948, 53.1357882990932 ], [ 4.8114632, 53.135696999093206 ], [ 4.8115182, 53.135645099093189 ], [ 4.8116161, 53.135566699093182 ], [ 4.8117073, 53.135528099093172 ], [ 4.8117127, 53.135493499093194 ], [ 4.8116577, 53.135393699093193 ], [ 4.8115759, 53.135295499093154 ], [ 4.8115262, 53.135256899093172 ], [ 4.8114941, 53.135252899093175 ], [ 4.8114383, 53.135235299093161 ], [ 4.8112956, 53.135153899093169 ], [ 4.8111722, 53.135068699093161 ], [ 4.8111494, 53.135041299093153 ], [ 4.8111199, 53.134968899093145 ], [ 4.8110984, 53.134938299093157 ], [ 4.8110756, 53.134935899093158 ], [ 4.8110159, 53.134955599093161 ], [ 4.8109945, 53.134963299093144 ], [ 4.8109737, 53.134981399093149 ], [ 4.8109549, 53.134984599093166 ], [ 4.8109207, 53.134976899093154 ], [ 4.8108892, 53.134978899093156 ], [ 4.8108248, 53.135004699093166 ], [ 4.8107685, 53.135029999093163 ], [ 4.8106746, 53.135100399093155 ], [ 4.810621, 53.135120999093161 ], [ 4.8105848, 53.135124599093174 ], [ 4.8106538, 53.135099599093166 ], [ 4.8107041, 53.13506619909316 ], [ 4.8107799, 53.135011099093155 ], [ 4.810849, 53.134985399093175 ], [ 4.8108838, 53.134972099093162 ], [ 4.8109147, 53.134966899093172 ], [ 4.8109462, 53.134975699093161 ], [ 4.8109697, 53.134969299093136 ], [ 4.8109905, 53.134951999093161 ], [ 4.8110394, 53.134928299093154 ], [ 4.8110696, 53.134909799093151 ], [ 4.8111071, 53.13490289909317 ], [ 4.8111132, 53.134886399093176 ], [ 4.8110508, 53.134852599093158 ], [ 4.8109683, 53.134820399093158 ], [ 4.8109321, 53.134796699093144 ], [ 4.8109925, 53.134795099093147 ], [ 4.8110501, 53.134791499093154 ], [ 4.8111105, 53.134751699093144 ], [ 4.8111138, 53.134744399093144 ], [ 4.8111762, 53.134790699093173 ], [ 4.8112178, 53.134782599093157 ], [ 4.8112728, 53.134761699093154 ], [ 4.8113418, 53.134741999093151 ], [ 4.8114552, 53.134717899093133 ], [ 4.8115517, 53.134693699093155 ], [ 4.8117341, 53.134624099093138 ], [ 4.8118186, 53.134570599093138 ], [ 4.8118468, 53.134542099093146 ], [ 4.8118508, 53.134503799093146 ], [ 4.811834, 53.13448569909314 ], [ 4.8118166, 53.134446799093134 ], [ 4.8118179, 53.134424599093137 ], [ 4.8118079, 53.134390399093128 ], [ 4.8117904, 53.134366299093138 ], [ 4.8117844, 53.134350999093137 ], [ 4.8117837, 53.134313999093123 ], [ 4.8118072, 53.134278599093115 ], [ 4.811836, 53.134255599093116 ], [ 4.8118669, 53.134245999093118 ], [ 4.8118903, 53.134241499093129 ], [ 4.8119051, 53.134230299093105 ], [ 4.8118984, 53.134218999093108 ], [ 4.8118494, 53.134205699093123 ], [ 4.8118729, 53.134198099093126 ], [ 4.8119152, 53.134193299093127 ], [ 4.8119547, 53.134150599093104 ], [ 4.8120003, 53.134121699093122 ], [ 4.8120707, 53.134089499093122 ], [ 4.8121639, 53.134021099093104 ], [ 4.8122142, 53.134007399093122 ], [ 4.8122799, 53.134006999093096 ], [ 4.812288, 53.133995299093101 ], [ 4.812288, 53.1339635990931 ], [ 4.8123074, 53.133939799093092 ], [ 4.8123242, 53.133897999093108 ], [ 4.8123363, 53.133859399093105 ], [ 4.8123336, 53.133827199093098 ], [ 4.8123175, 53.133783699093094 ], [ 4.8123202, 53.133759599093111 ], [ 4.8123309, 53.133739899093115 ], [ 4.8123369, 53.1337148990931 ], [ 4.8122907, 53.133697199093106 ], [ 4.8122612, 53.133719399093088 ], [ 4.8122518, 53.133737099093118 ], [ 4.8122437, 53.133755199093102 ], [ 4.812233, 53.133775299093109 ], [ 4.8122196, 53.133782899093092 ], [ 4.812233, 53.133759999093094 ], [ 4.8122746, 53.133687599093101 ], [ 4.8122974, 53.133686399093108 ], [ 4.8123202, 53.133693599093093 ], [ 4.8123363, 53.133704099093102 ], [ 4.8123457, 53.133716599093084 ], [ 4.8123463, 53.133735899093089 ], [ 4.8123343, 53.13378819909309 ], [ 4.812343, 53.133831599093085 ], [ 4.8123483, 53.133864999093106 ], [ 4.8123358, 53.133914699093097 ], [ 4.8123222, 53.133953099093112 ], [ 4.8123202, 53.133975199093108 ], [ 4.8123074, 53.13399609909311 ], [ 4.8123034, 53.134009799093135 ], [ 4.8123208, 53.134007799093105 ], [ 4.8123564, 53.133992499093118 ], [ 4.8123658, 53.13397479909311 ], [ 4.8123691, 53.133964399093109 ], [ 4.8124033, 53.13392859909311 ], [ 4.8124201, 53.133916499093104 ], [ 4.8124442, 53.133889899093099 ], [ 4.812469, 53.133877899093108 ], [ 4.8124925, 53.133864199093104 ], [ 4.812516, 53.133835999093108 ], [ 4.8125354, 53.133807499093116 ], [ 4.8125455, 53.133770099093091 ], [ 4.8125716, 53.133706899093099 ], [ 4.8126125, 53.133669899093086 ], [ 4.8126682, 53.133637299093095 ], [ 4.8127064, 53.133592999093089 ], [ 4.8127527, 53.133520199093063 ], [ 4.8128103, 53.133446199093093 ], [ 4.8128519, 53.133413599093075 ], [ 4.8128935, 53.133375399093062 ], [ 4.812929, 53.133316699093093 ], [ 4.8129585, 53.133290499093071 ], [ 4.8130028, 53.133271599093071 ], [ 4.8130122, 53.133249899093087 ], [ 4.8130424, 53.133230599093068 ], [ 4.8130538, 53.133213699093048 ], [ 4.8130725, 53.133178299093089 ], [ 4.813104, 53.133148499093068 ], [ 4.8131222, 53.13313799909308 ], [ 4.8131731, 53.133108299093053 ], [ 4.8132033, 53.133099399093048 ], [ 4.8132133, 53.133076099093067 ], [ 4.8132241, 53.133057599093078 ], [ 4.8132442, 53.133047899093064 ], [ 4.8132603, 53.133026599093078 ], [ 4.8132925, 53.133009299093061 ], [ 4.8132616, 53.133043099093072 ], [ 4.8132482, 53.133059999093078 ], [ 4.8132402, 53.133072499093053 ], [ 4.8132335, 53.133095399093072 ], [ 4.813218, 53.13311149909304 ], [ 4.8131879, 53.13312559909307 ], [ 4.8131597, 53.133133999093076 ], [ 4.8131228, 53.133154499093081 ], [ 4.813102, 53.133172999093055 ], [ 4.8130806, 53.133208399093078 ], [ 4.8130658, 53.133230999093072 ], [ 4.813039, 53.133255899093079 ], [ 4.8130263, 53.13327479909308 ], [ 4.8130061, 53.133291699093078 ], [ 4.8129599, 53.133321899093083 ], [ 4.8129277, 53.133349699093067 ], [ 4.8129082, 53.133387899093087 ], [ 4.8128727, 53.133425699093081 ], [ 4.812803, 53.133492899093078 ], [ 4.8127587, 53.13354559909309 ], [ 4.8127507, 53.133569699093101 ], [ 4.8127084, 53.133623199093101 ], [ 4.8126816, 53.1336485990931 ], [ 4.8126467, 53.133677899093094 ], [ 4.8126159, 53.133696399093097 ], [ 4.8125971, 53.133722599093097 ], [ 4.8125864, 53.133746699093109 ], [ 4.8125629, 53.133805099093109 ], [ 4.8125341, 53.133859399093105 ], [ 4.8125153, 53.133883099093111 ], [ 4.8124804, 53.133913299093109 ], [ 4.8124596, 53.133930999093117 ], [ 4.8124402, 53.133961099093113 ], [ 4.8124174, 53.133993299093113 ], [ 4.8123939, 53.134014299093103 ], [ 4.8123785, 53.134021899093113 ], [ 4.812296, 53.134038399093114 ], [ 4.8122565, 53.134047199093104 ], [ 4.8122149, 53.134055299093113 ], [ 4.8121847, 53.134080599093103 ], [ 4.8121371, 53.13410999909312 ], [ 4.8120204, 53.13416629909311 ], [ 4.8119923, 53.134184399093115 ], [ 4.8119601, 53.134219799093117 ], [ 4.8119172, 53.134269699093124 ], [ 4.8118957, 53.134280199093126 ], [ 4.8118535, 53.134302299093129 ], [ 4.8118394, 53.134324399093117 ], [ 4.8118427, 53.134345699093139 ], [ 4.8118548, 53.134371899093118 ], [ 4.8119272, 53.134350199093113 ], [ 4.812009, 53.134356999093143 ], [ 4.8120815, 53.134385999093119 ], [ 4.812115, 53.134429799093127 ], [ 4.8121901, 53.134470899093131 ], [ 4.8122598, 53.134511499093151 ], [ 4.812288, 53.134532799093137 ], [ 4.8123255, 53.13454609909315 ], [ 4.8123557, 53.134539599093131 ], [ 4.8123913, 53.134517499093128 ], [ 4.8124134, 53.134494199093133 ], [ 4.8124938, 53.134500599093137 ], [ 4.8125294, 53.134507899093151 ], [ 4.8125575, 53.134521499093132 ], [ 4.812575, 53.134541299093137 ], [ 4.8126434, 53.134579099093138 ], [ 4.8126608, 53.134600399093152 ], [ 4.8126622, 53.134635799093132 ], [ 4.8126192, 53.134672399093141 ], [ 4.8126293, 53.134628599093141 ], [ 4.8126253, 53.134603199093156 ], [ 4.8125777, 53.134572999093145 ], [ 4.8125368, 53.13454609909315 ], [ 4.8125066, 53.134525599093145 ], [ 4.812457, 53.134524799093143 ], [ 4.8124214, 53.134539199093126 ], [ 4.8123638, 53.134563399093139 ], [ 4.8123188, 53.134575499093124 ], [ 4.8122974, 53.134578699093133 ], [ 4.8122578, 53.134547299093128 ], [ 4.8122042, 53.134501799093123 ], [ 4.8121431, 53.134477299093128 ], [ 4.8121123, 53.134459999093146 ], [ 4.8120794, 53.134428599093113 ], [ 4.8120667, 53.134404899093134 ], [ 4.8120104, 53.134381899093135 ], [ 4.8119755, 53.134382799093139 ], [ 4.811946, 53.134386799093136 ], [ 4.8119393, 53.134404499093108 ], [ 4.81194, 53.134425399093132 ], [ 4.81195, 53.134461999093133 ], [ 4.81195, 53.134508699093125 ], [ 4.8119346, 53.134554099093137 ], [ 4.8118944, 53.134599999093126 ], [ 4.8118367, 53.134648699093134 ], [ 4.8117878, 53.13467319909315 ], [ 4.8117106, 53.134712999093146 ], [ 4.8114813, 53.134783799093128 ], [ 4.8114243, 53.134801099093153 ], [ 4.8113076, 53.134821699093159 ], [ 4.8112889, 53.134841799093138 ], [ 4.8113076, 53.13492699909316 ], [ 4.8112976, 53.134936699093153 ], [ 4.8112466, 53.134912999093153 ], [ 4.8112003, 53.134925799093168 ], [ 4.8111863, 53.134949199093164 ], [ 4.8112781, 53.135068699093161 ], [ 4.811368, 53.13512339909316 ], [ 4.8114511, 53.135156399093141 ], [ 4.8115598, 53.135184499093164 ], [ 4.8117033, 53.135330899093162 ], [ 4.8117556, 53.135383199093184 ], [ 4.8117918, 53.135433099093184 ], [ 4.8118427, 53.13549509909317 ], [ 4.8119366, 53.135507899093177 ], [ 4.8120359, 53.135519199093181 ], [ 4.812119, 53.135544999093177 ], [ 4.8121861, 53.135564299093183 ], [ 4.812292, 53.135550599093172 ], [ 4.8123805, 53.135509599093176 ], [ 4.812516, 53.13547009909319 ], [ 4.8126474, 53.135432299093189 ], [ 4.8127802, 53.135425899093192 ], [ 4.8128928, 53.135445999093179 ], [ 4.8130015, 53.135486999093196 ], [ 4.8130511, 53.135523999093159 ], [ 4.8130886, 53.135569899093177 ], [ 4.8131275, 53.135631799093183 ], [ 4.8131919, 53.135700999093189 ], [ 4.8132737, 53.135737199093199 ], [ 4.8134293, 53.135748499093182 ], [ 4.8136117, 53.135761399093184 ], [ 4.8136801, 53.135769399093192 ], [ 4.8137538, 53.135781499093184 ], [ 4.8138034, 53.135783899093205 ], [ 4.8138705, 53.135777499093194 ], [ 4.8139121, 53.135770999093189 ], [ 4.8139483, 53.135748499093182 ], [ 4.8139496, 53.135719499093192 ], [ 4.813841, 53.135577899093192 ], [ 4.8137417, 53.135482199093168 ], [ 4.8137163, 53.13540499909319 ], [ 4.8137096, 53.135313199093183 ], [ 4.8137002, 53.135234399093164 ], [ 4.8137082, 53.135146699093163 ], [ 4.813735, 53.135108099093166 ], [ 4.8137645, 53.135079099093154 ], [ 4.8138195, 53.135046099093152 ], [ 4.8138276, 53.134997899093165 ], [ 4.8138289, 53.134969699093162 ], [ 4.8138289, 53.134911799093139 ], [ 4.8138893, 53.134817599093147 ], [ 4.8139188, 53.134809599093124 ], [ 4.8139858, 53.134811199093129 ], [ 4.8140502, 53.134828899093158 ], [ 4.8140743, 53.134852199093146 ], [ 4.8140877, 53.134883599093143 ], [ 4.8141146, 53.134906099093158 ], [ 4.8141468, 53.134917399093148 ], [ 4.8141843, 53.134921399093166 ], [ 4.8142071, 53.134908499093143 ], [ 4.8142084, 53.134877199093147 ], [ 4.8141816, 53.134834499093145 ], [ 4.8141454, 53.134791099093157 ], [ 4.8141387, 53.134755699093155 ], [ 4.8141414, 53.134720299093146 ], [ 4.8141561, 53.134695299093138 ], [ 4.814191, 53.134671999093129 ], [ 4.8142487, 53.13465429909315 ], [ 4.8142782, 53.134647099093165 ], [ 4.8143077, 53.13463179909315 ], [ 4.8143238, 53.134615699093153 ], [ 4.8143265, 53.134597199093143 ], [ 4.8142889, 53.134556099093125 ], [ 4.8142413, 53.134509099093123 ], [ 4.8142071, 53.134461199093131 ], [ 4.8141823, 53.134428599093113 ], [ 4.8141742, 53.134412899093135 ], [ 4.8141856, 53.134392799093135 ], [ 4.8141964, 53.134364199093127 ], [ 4.8141803, 53.134352199093151 ], [ 4.8141515, 53.134344499093132 ], [ 4.8141179, 53.134353399093115 ], [ 4.8140918, 53.134356599093145 ], [ 4.8140656, 53.134347399093144 ], [ 4.8140334, 53.134330099093134 ], [ 4.8140012, 53.134325199093141 ], [ 4.8139697, 53.134326399093126 ], [ 4.8139449, 53.134313199093135 ], [ 4.8139127, 53.134303499093129 ], [ 4.8138604, 53.134297899093106 ], [ 4.8137706, 53.134254799093114 ], [ 4.8137277, 53.134222199093124 ], [ 4.8135225, 53.13414139909311 ], [ 4.8135144, 53.134126099093123 ], [ 4.8137035, 53.134204899093135 ], [ 4.8137625, 53.134233099093137 ], [ 4.8137813, 53.134248399093124 ], [ 4.8138725, 53.134287799093123 ], [ 4.8139194, 53.134296299093116 ], [ 4.8139463, 53.134300699093131 ], [ 4.813963, 53.13431029909313 ], [ 4.8139912, 53.13431189909312 ], [ 4.8140294, 53.134319199093135 ], [ 4.8140475, 53.134327199093129 ], [ 4.814073, 53.134340899093111 ], [ 4.8140958, 53.134346899093124 ], [ 4.8141266, 53.134339299093121 ], [ 4.8141394, 53.134332099093136 ], [ 4.8141414, 53.13431519909313 ], [ 4.8141434, 53.134301499093127 ], [ 4.8141159, 53.134292599093122 ], [ 4.8140918, 53.134282199093121 ], [ 4.8140998, 53.134267299093111 ], [ 4.814128, 53.134243599093125 ], [ 4.8141092, 53.134278999093127 ], [ 4.8141327, 53.134286599093137 ], [ 4.8141535, 53.134296299093116 ], [ 4.8141521, 53.134309499093128 ], [ 4.8141515, 53.134326399093126 ], [ 4.8141669, 53.134332099093136 ], [ 4.8142084, 53.13434249909313 ], [ 4.8142172, 53.134348199093111 ], [ 4.8142239, 53.134366699093128 ], [ 4.8142192, 53.134382799093139 ], [ 4.8142105, 53.134399599093101 ], [ 4.8142165, 53.134404899093134 ], [ 4.8142292, 53.134390799093147 ], [ 4.814254, 53.134351799093132 ], [ 4.8142721, 53.13432559909311 ], [ 4.8142983, 53.134303899093119 ], [ 4.8143405, 53.134281399093112 ], [ 4.8143835, 53.134287399093132 ], [ 4.8144009, 53.13429669909312 ], [ 4.8144076, 53.13431189909312 ], [ 4.8144076, 53.13433409909311 ], [ 4.8144009, 53.134349399093104 ], [ 4.8143727, 53.134371499093135 ], [ 4.8143627, 53.134389999093116 ], [ 4.814364, 53.134407699093131 ], [ 4.8143761, 53.134421399093121 ], [ 4.8144009, 53.134424599093137 ], [ 4.8144498, 53.134411699093121 ], [ 4.8144626, 53.134397999093103 ], [ 4.8144639, 53.134380699093136 ], [ 4.8144592, 53.134358199093121 ], [ 4.8144612, 53.134340099093123 ], [ 4.8144814, 53.134323599093129 ], [ 4.8145055, 53.134314799093133 ], [ 4.8145444, 53.134316799093121 ], [ 4.8145866, 53.13434529909312 ], [ 4.8145994, 53.134367099093133 ], [ 4.8146188, 53.134387199093119 ], [ 4.8146443, 53.134393599093137 ], [ 4.8146631, 53.134387999093136 ], [ 4.8146711, 53.134376699093146 ], [ 4.8146638, 53.134349399093104 ], [ 4.8146778, 53.134315999093133 ], [ 4.8146892, 53.134252799093147 ], [ 4.814712, 53.134227899093133 ], [ 4.8147362, 53.134221799093126 ], [ 4.8147751, 53.13422429909312 ], [ 4.8147912, 53.13424439909312 ], [ 4.8147925, 53.134273299093131 ], [ 4.8147851, 53.134304699093121 ], [ 4.8147784, 53.134330099093134 ], [ 4.8147885, 53.134349399093104 ], [ 4.8148133, 53.134354599093143 ], [ 4.8148495, 53.134348999093135 ], [ 4.814875, 53.134329699093122 ], [ 4.8148911, 53.134305899093114 ], [ 4.8149152, 53.134286199093118 ], [ 4.8149434, 53.134281799093131 ], [ 4.8149836, 53.134288599093125 ], [ 4.8150185, 53.134305499093117 ], [ 4.8150379, 53.134317199093125 ], [ 4.8150668, 53.134321999093132 ], [ 4.8150748, 53.134311099093132 ], [ 4.8150587, 53.134285799093107 ], [ 4.8150252, 53.134230299093105 ], [ 4.8150332, 53.134202499093142 ], [ 4.8150621, 53.134181199093121 ], [ 4.8150942, 53.134168699093124 ], [ 4.8151962, 53.134142599093117 ], [ 4.8152223, 53.134123699093131 ], [ 4.8152277, 53.134115199093095 ], [ 4.8152143, 53.134092699093117 ], [ 4.8151834, 53.134073399093111 ], [ 4.815166, 53.134057699093105 ], [ 4.815174, 53.134021899093113 ], [ 4.815174, 53.134001399093115 ], [ 4.8151559, 53.133984899093129 ], [ 4.8151117, 53.133955099093093 ], [ 4.8151056, 53.133938999093104 ], [ 4.8151056, 53.133907599093106 ], [ 4.8150386, 53.133897199093106 ], [ 4.8149963, 53.133859399093105 ], [ 4.8149534, 53.133837199093115 ], [ 4.8149326, 53.133827999093086 ], [ 4.8148964, 53.133837599093098 ], [ 4.814879, 53.133842899093096 ], [ 4.8148515, 53.13383319909309 ], [ 4.814828, 53.133779299093121 ], [ 4.814765, 53.133768399093114 ], [ 4.8147248, 53.133755999093118 ], [ 4.814698, 53.133756799093099 ], [ 4.8146678, 53.133745499093116 ], [ 4.8146322, 53.133735899093089 ], [ 4.8145933, 53.13373349909309 ], [ 4.8145692, 53.13372619909309 ], [ 4.8145719, 53.133705299093116 ], [ 4.8146, 53.133692799093104 ], [ 4.8146282, 53.133689199093091 ], [ 4.8146463, 53.133662599093078 ], [ 4.814647, 53.133629299093094 ], [ 4.8146168, 53.133576999093094 ], [ 4.8146121, 53.133562499093074 ], [ 4.8146309, 53.133535099093088 ], [ 4.8146342, 53.133496099093101 ], [ 4.8146584, 53.133466299093087 ], [ 4.8146765, 53.133403199093088 ], [ 4.8146886, 53.133379399093073 ], [ 4.8147087, 53.133362099093077 ], [ 4.8147221, 53.133341999093084 ], [ 4.8147154, 53.133318699093081 ], [ 4.8147127, 53.133304999093077 ], [ 4.8147328, 53.133320299093072 ], [ 4.8147348, 53.133336399093082 ], [ 4.8147308, 53.133358499093085 ], [ 4.81471, 53.133380599093059 ], [ 4.814698, 53.133395099093093 ], [ 4.8146845, 53.133420899093075 ], [ 4.8146752, 53.133450599093081 ], [ 4.8146658, 53.133474799093079 ], [ 4.8146477, 53.133499299093074 ], [ 4.814645, 53.133527899093089 ], [ 4.8146376, 53.133551999093086 ], [ 4.8146302, 53.133572099093115 ], [ 4.8146524, 53.133597099093095 ], [ 4.8146638, 53.133634899093089 ], [ 4.8146611, 53.133662199093095 ], [ 4.814649, 53.133687599093101 ], [ 4.8146363, 53.133699299093095 ], [ 4.8146007, 53.133704899093097 ], [ 4.8145826, 53.133717399093101 ], [ 4.8146195, 53.1337233990931 ], [ 4.8146745, 53.133730199093094 ], [ 4.8147187, 53.133749499093121 ], [ 4.814759, 53.133753199093086 ], [ 4.8148274, 53.133770899093115 ], [ 4.8148435, 53.133780499093106 ], [ 4.8148575, 53.133806299093116 ], [ 4.8148777, 53.133824399093108 ], [ 4.8149018, 53.133819899093098 ], [ 4.8149474, 53.133811899093097 ], [ 4.8149689, 53.133819899093098 ], [ 4.8149963, 53.133843299093115 ], [ 4.8150205, 53.133866599093096 ], [ 4.8150701, 53.133888299093101 ], [ 4.8151124, 53.133896399093111 ], [ 4.8151311, 53.133905999093116 ], [ 4.8151305, 53.133924499093105 ], [ 4.8151311, 53.133942199093106 ], [ 4.8151687, 53.133975199093108 ], [ 4.8151888, 53.133991699093094 ], [ 4.8151955, 53.134011399093104 ], [ 4.8151901, 53.134039999093126 ], [ 4.8152123, 53.134067799093117 ], [ 4.8152639, 53.13410639909312 ], [ 4.8153142, 53.134119699093134 ], [ 4.8153571, 53.134124499093105 ], [ 4.8154107, 53.134117199093126 ], [ 4.8154483, 53.134107999093125 ], [ 4.8155013, 53.134106799093125 ], [ 4.8155878, 53.134130099093127 ], [ 4.8155972, 53.134128099093111 ], [ 4.8155884, 53.134113599093112 ], [ 4.8155911, 53.13410839909313 ], [ 4.8155831, 53.134094299093114 ], [ 4.8155965, 53.134077399093108 ], [ 4.8155851, 53.134052499093116 ], [ 4.8155992, 53.134034799093108 ], [ 4.8156092, 53.134013399093121 ], [ 4.815632, 53.133991699093094 ], [ 4.8156535, 53.133968399093121 ], [ 4.8156589, 53.133930999093117 ], [ 4.8156595, 53.133973999093115 ], [ 4.815624, 53.134012599093097 ], [ 4.8156119, 53.134027899093105 ], [ 4.8156079, 53.134047199093104 ], [ 4.8156012, 53.134058099093096 ], [ 4.8156112, 53.134080999093101 ], [ 4.8156133, 53.134110399093124 ], [ 4.8156253, 53.13412729909313 ], [ 4.8156287, 53.134136999093116 ], [ 4.8156736, 53.134169899093116 ], [ 4.815689, 53.134190099093132 ], [ 4.8157199, 53.134199699093131 ], [ 4.815738, 53.134204099093118 ], [ 4.8157742, 53.134195699093105 ], [ 4.8157856, 53.134181599093097 ], [ 4.8158023, 53.13418239909312 ], [ 4.8157782, 53.134205299093132 ], [ 4.8157574, 53.13421419909313 ], [ 4.8157205, 53.13421059909313 ], [ 4.8156877, 53.134198899093107 ], [ 4.8156334, 53.134154699093123 ], [ 4.8155938, 53.134139399093115 ], [ 4.815567, 53.13413369909312 ], [ 4.8155221, 53.134122499093095 ], [ 4.8154892, 53.134118399093111 ], [ 4.8154255, 53.134123699093131 ], [ 4.8153658, 53.134129699093101 ], [ 4.8153068, 53.134135299093117 ], [ 4.8152693, 53.134135699093122 ], [ 4.8152203, 53.134156299093142 ], [ 4.815168, 53.134169099093135 ], [ 4.8151043, 53.134184799093134 ], [ 4.8150855, 53.134193699093117 ], [ 4.8150654, 53.134211799093116 ], [ 4.8150688, 53.134247999093127 ], [ 4.8150942, 53.134291799093106 ], [ 4.815101, 53.134317999093128 ], [ 4.8150969, 53.134339299093121 ], [ 4.8150849, 53.13435739909314 ], [ 4.8150567, 53.134360199093138 ], [ 4.8150232, 53.134348199093111 ], [ 4.814999, 53.134331299093112 ], [ 4.8149729, 53.134316399093137 ], [ 4.8149534, 53.13431519909313 ], [ 4.8149253, 53.134330499093089 ], [ 4.8148991, 53.134350599093132 ], [ 4.8148676, 53.134367499093138 ], [ 4.8148334, 53.134378699093133 ], [ 4.8147744, 53.134373099093118 ], [ 4.8147516, 53.134361399093137 ], [ 4.8147442, 53.134340899093111 ], [ 4.814761, 53.134270899093117 ], [ 4.8147435, 53.134264099093123 ], [ 4.8147181, 53.134270099093136 ], [ 4.814706, 53.13428819909312 ], [ 4.8147006, 53.134359399093128 ], [ 4.8146993, 53.134386799093136 ], [ 4.8146933, 53.134408499093141 ], [ 4.8146731, 53.134422199093137 ], [ 4.8146544, 53.134428599093113 ], [ 4.8146296, 53.134429399093143 ], [ 4.8146034, 53.134418999093135 ], [ 4.8145732, 53.134392399093144 ], [ 4.8145625, 53.134370699093132 ], [ 4.814537, 53.134354599093143 ], [ 4.8145095, 53.134360999093126 ], [ 4.8145008, 53.134375899093122 ], [ 4.8144948, 53.134398799093134 ], [ 4.814472, 53.134421399093121 ], [ 4.8144519, 53.134434199093128 ], [ 4.8144217, 53.134441899093119 ], [ 4.8143835, 53.134445099093135 ], [ 4.8143493, 53.134442699093128 ], [ 4.8143238, 53.134432999093136 ], [ 4.8143204, 53.134407299093127 ], [ 4.8143432, 53.134375499093132 ], [ 4.814362, 53.134352599093141 ], [ 4.8143727, 53.13433889909313 ], [ 4.8143674, 53.134324799093129 ], [ 4.8143533, 53.134319199093135 ], [ 4.8143198, 53.13432559909311 ], [ 4.8142909, 53.134348199093111 ], [ 4.8142708, 53.134377499093141 ], [ 4.8142514, 53.134402499093156 ], [ 4.8142494, 53.134425399093132 ], [ 4.8142748, 53.13447529909314 ], [ 4.8143359, 53.134540899093139 ], [ 4.8143687, 53.134572999093145 ], [ 4.8143835, 53.134601999093164 ], [ 4.8143828, 53.134630199093138 ], [ 4.814368, 53.134660299093149 ], [ 4.8143533, 53.134673999093131 ], [ 4.8143271, 53.134685699093147 ], [ 4.8142856, 53.134694099093146 ], [ 4.814246, 53.134701799093143 ], [ 4.8142152, 53.134717899093133 ], [ 4.8142038, 53.134733499093166 ], [ 4.8142017, 53.134785399093154 ], [ 4.8142333, 53.134818799093139 ], [ 4.8142802, 53.134838099093145 ], [ 4.8143218, 53.134852599093158 ], [ 4.8143593, 53.134886799093138 ], [ 4.8143747, 53.134924199093149 ], [ 4.8143928, 53.134940299093145 ], [ 4.8144384, 53.134960399093167 ], [ 4.8144619, 53.134977299093173 ], [ 4.8144639, 53.134992199093162 ], [ 4.8144465, 53.134997399093152 ], [ 4.8144183, 53.134998699093167 ], [ 4.8143747, 53.135001099093174 ], [ 4.814362, 53.135005099093156 ], [ 4.814354, 53.135017599093175 ], [ 4.8143768, 53.13504489909316 ], [ 4.8143915, 53.135052599093179 ], [ 4.8144297, 53.135052599093179 ], [ 4.8144512, 53.13505379909315 ], [ 4.8144686, 53.135060199093161 ], [ 4.8145075, 53.13505099909316 ], [ 4.8145477, 53.135048099093162 ], [ 4.8144988, 53.13506499909316 ], [ 4.8144539, 53.135071099093153 ], [ 4.8144217, 53.135067399093174 ], [ 4.8143855, 53.135060199093161 ], [ 4.81436, 53.135048899093164 ], [ 4.8143332, 53.135019199093172 ], [ 4.8143318, 53.135002299093145 ], [ 4.8143587, 53.134992199093162 ], [ 4.8143888, 53.134990999093162 ], [ 4.814417, 53.134991799093164 ], [ 4.8144297, 53.134982599093178 ], [ 4.8144103, 53.134966499093146 ], [ 4.8143928, 53.134957999093153 ], [ 4.8143734, 53.134938699093162 ], [ 4.8143573, 53.134917799093145 ], [ 4.8143265, 53.134879599093139 ], [ 4.8143245, 53.13492099909314 ], [ 4.8143063, 53.134941499093145 ], [ 4.8142715, 53.134961199093148 ], [ 4.8142279, 53.134975699093161 ], [ 4.8141742, 53.134978099093175 ], [ 4.8141146, 53.134969699093162 ], [ 4.8140489, 53.134934699093158 ], [ 4.8140126, 53.134909799093151 ], [ 4.8140006, 53.134888799093154 ], [ 4.8139758, 53.134876399093166 ], [ 4.8139543, 53.134873099093149 ], [ 4.8139248, 53.134891599093159 ], [ 4.8139147, 53.134905299093141 ], [ 4.8139033, 53.134937899093146 ], [ 4.8139027, 53.134986599093168 ], [ 4.8139007, 53.135034499093152 ], [ 4.8138839, 53.135063799093153 ], [ 4.8138557, 53.13509199909317 ], [ 4.8138068, 53.135130599093152 ], [ 4.813786, 53.135159999093169 ], [ 4.8137759, 53.135187299093182 ], [ 4.8137887, 53.135310799093162 ], [ 4.8137927, 53.135423099093181 ], [ 4.8138122, 53.1354733990932 ], [ 4.8139141, 53.135563499093173 ], [ 4.8140173, 53.135672499093175 ], [ 4.8140415, 53.135723199093185 ], [ 4.8140797, 53.135752999093199 ], [ 4.8141287, 53.135789899093197 ], [ 4.8141548, 53.135822499093209 ], [ 4.8141582, 53.135853899093213 ], [ 4.8141608, 53.135899399093212 ], [ 4.8141991, 53.135946799093183 ], [ 4.8142755, 53.1359870990932 ], [ 4.8143667, 53.136014399093206 ], [ 4.8144177, 53.1360296990932 ], [ 4.8144552, 53.136052199093228 ], [ 4.8144807, 53.136017599093215 ], [ 4.8145129, 53.135997099093203 ], [ 4.8145337, 53.135985499093202 ], [ 4.8145786, 53.135973799093193 ], [ 4.8146376, 53.135972599093208 ], [ 4.8146752, 53.135985899093214 ], [ 4.8147067, 53.136008799093197 ], [ 4.814714, 53.1360308990932 ], [ 4.814767, 53.136058699093198 ], [ 4.8147972, 53.136070299093205 ], [ 4.814828, 53.136094499093211 ], [ 4.8148475, 53.13612019909322 ], [ 4.8148703, 53.136157199093219 ], [ 4.8148944, 53.136176899093215 ], [ 4.8149273, 53.136182199093213 ], [ 4.8149849, 53.136181399093203 ], [ 4.8150359, 53.136182199093213 ], [ 4.8150674, 53.136190199093221 ], [ 4.8150969, 53.136202699093197 ], [ 4.8151083, 53.136219599093209 ], [ 4.815117, 53.136241299093214 ], [ 4.8151405, 53.136252999093216 ], [ 4.8151928, 53.136260199093222 ], [ 4.8152646, 53.136275099093226 ], [ 4.8153008, 53.136297199093221 ], [ 4.8153021, 53.136353499093239 ], [ 4.8153685, 53.136361599093227 ], [ 4.8153826, 53.136359199093199 ], [ 4.8154014, 53.136334199093234 ], [ 4.8154215, 53.136318099093224 ], [ 4.8154543, 53.136310899093225 ], [ 4.81551, 53.136327799093223 ], [ 4.8155234, 53.136345499093224 ], [ 4.8155261, 53.136369999093233 ], [ 4.8155261, 53.136388099093232 ], [ 4.8155113, 53.136413899093213 ], [ 4.8155066, 53.136429999093217 ], [ 4.8155368, 53.136444399093229 ], [ 4.8155656, 53.136451699093229 ], [ 4.8155958, 53.136452499093231 ], [ 4.815624, 53.136448099093222 ], [ 4.8156307, 53.136443999093231 ], [ 4.8156052, 53.136439199093239 ], [ 4.8155724, 53.136435199093235 ], [ 4.8155643, 53.13643199909324 ], [ 4.8155563, 53.136414699093208 ], [ 4.8155697, 53.136388099093232 ], [ 4.8155878, 53.136365599093203 ], [ 4.815622, 53.136361999093197 ], [ 4.8156535, 53.136367999093217 ], [ 4.815679, 53.136371199093226 ], [ 4.8157018, 53.136367999093217 ], [ 4.8157272, 53.136358399093218 ], [ 4.815748, 53.136348299093235 ], [ 4.8157621, 53.136337399093222 ], [ 4.8157574, 53.136326199093233 ], [ 4.8157688, 53.136315299093212 ], [ 4.8157876, 53.136313299093224 ], [ 4.8157728, 53.136321799093224 ], [ 4.8157789, 53.136334599093225 ], [ 4.8157762, 53.136346299093212 ], [ 4.8157407, 53.136358399093218 ], [ 4.8157192, 53.136373599093233 ], [ 4.8156951, 53.136379299093214 ], [ 4.8156615, 53.136377699093217 ], [ 4.8156173, 53.13637529909321 ], [ 4.8155978, 53.136381699093214 ], [ 4.8155864, 53.136394199093239 ], [ 4.8155784, 53.136417899093232 ], [ 4.8155992, 53.13642629909323 ], [ 4.8156401, 53.136433199093211 ], [ 4.8156535, 53.136439199093239 ], [ 4.8156495, 53.136451699093229 ], [ 4.81563, 53.136457299093209 ], [ 4.8155837, 53.136458899093221 ], [ 4.8155496, 53.136454499093233 ], [ 4.8155127, 53.136446499093239 ], [ 4.8154972, 53.13643839909323 ], [ 4.8154899, 53.136418299093229 ], [ 4.8154972, 53.136392999093232 ], [ 4.815508, 53.136369599093236 ], [ 4.8154993, 53.136348699093233 ], [ 4.8154731, 53.13633259909323 ], [ 4.8154295, 53.136338599093214 ], [ 4.8154235, 53.13635269909323 ], [ 4.8154027, 53.136378499093219 ], [ 4.8153745, 53.136384099093242 ], [ 4.8153269, 53.136379299093214 ], [ 4.8152726, 53.136366799093224 ], [ 4.815227, 53.136351899093228 ], [ 4.8151821, 53.136347499093233 ], [ 4.8151479, 53.136347499093233 ], [ 4.8151157, 53.136349099093231 ], [ 4.8150949, 53.13635309909322 ], [ 4.8150741, 53.136378499093219 ], [ 4.8150701, 53.13640499909323 ], [ 4.8150735, 53.136427599093217 ], [ 4.8150647, 53.13644319909325 ], [ 4.8150621, 53.136376099093205 ], [ 4.8150755, 53.13635269909323 ], [ 4.8151036, 53.136340699093203 ], [ 4.8151445, 53.136335799093224 ], [ 4.815217, 53.136337799093219 ], [ 4.8152431, 53.136340699093203 ], [ 4.8152579, 53.136323399093229 ], [ 4.8152565, 53.13630929909322 ], [ 4.8152364, 53.136295599093216 ], [ 4.8151968, 53.136281499093215 ], [ 4.8151264, 53.136269099093219 ], [ 4.8150996, 53.136262599093222 ], [ 4.8150741, 53.136245699093209 ], [ 4.8150486, 53.136221999093202 ], [ 4.8150044, 53.136213099093219 ], [ 4.8149668, 53.136214699093202 ], [ 4.8149085, 53.136210699093219 ], [ 4.8148542, 53.136197899093204 ], [ 4.8148086, 53.136153199093215 ], [ 4.8147791, 53.136104099093217 ], [ 4.8147348, 53.13607679909321 ], [ 4.814698, 53.136065899093204 ], [ 4.8146785, 53.136050999093221 ], [ 4.8146517, 53.136032499093197 ], [ 4.8146222, 53.136022099093204 ], [ 4.8145994, 53.136018799093193 ], [ 4.8145585, 53.136025299093205 ], [ 4.8145471, 53.136038099093206 ], [ 4.8145457, 53.136051399093198 ], [ 4.8145625, 53.136070299093205 ], [ 4.8145913, 53.13608159909321 ], [ 4.8146228, 53.13608159909321 ], [ 4.8146798, 53.136086799093199 ], [ 4.8147174, 53.136098499093222 ], [ 4.8147442, 53.136113399093198 ], [ 4.8147563, 53.13614389909322 ], [ 4.8147523, 53.136176499093239 ], [ 4.8146886, 53.136209099093222 ], [ 4.8146416, 53.136220799093209 ], [ 4.8145907, 53.136222799093225 ], [ 4.814539, 53.136219199093212 ], [ 4.814484, 53.136226399093218 ], [ 4.8144324, 53.136229199093215 ], [ 4.8143667, 53.136225599093223 ], [ 4.8143251, 53.136205899093227 ], [ 4.8143204, 53.136180199093197 ], [ 4.8143372, 53.136149199093218 ], [ 4.8143654, 53.136106899093207 ], [ 4.8143721, 53.136084399093207 ], [ 4.8143546, 53.136059899093212 ], [ 4.8143271, 53.136049799093207 ], [ 4.8142239, 53.136009199093202 ], [ 4.8141307, 53.135964899093203 ], [ 4.8140837, 53.135941599093222 ], [ 4.8140603, 53.135918299093198 ], [ 4.8140495, 53.135862399093206 ], [ 4.814024, 53.135859499093193 ], [ 4.8139798, 53.135873599093202 ], [ 4.8139288, 53.135876799093197 ], [ 4.8138048, 53.135869999093195 ], [ 4.8137484, 53.135850699093204 ], [ 4.8136653, 53.1358393990932 ], [ 4.8135486, 53.135838599093184 ], [ 4.8134319, 53.135837799093203 ], [ 4.8133193, 53.135826599093207 ], [ 4.8132254, 53.135803999093199 ], [ 4.8130967, 53.13575739909318 ], [ 4.8130055, 53.135713899093197 ], [ 4.812925, 53.135713099093181 ], [ 4.8128137, 53.135725199093201 ], [ 4.812744, 53.13574369909319 ], [ 4.812687, 53.135762999093181 ], [ 4.8126454, 53.135777499093194 ], [ 4.8126273, 53.135787499093205 ], [ 4.8126172, 53.135807199093179 ], [ 4.8126152, 53.135834599093194 ], [ 4.8126139, 53.135853899093213 ], [ 4.8125944, 53.135866799093201 ], [ 4.8125663, 53.1358800990932 ], [ 4.8125555, 53.135895699093197 ], [ 4.8125555, 53.135916299093203 ], [ 4.8125777, 53.135968199093213 ], [ 4.8125931, 53.136031699093202 ], [ 4.8125837, 53.136071499093212 ], [ 4.8125488, 53.136109799093234 ], [ 4.8125146, 53.136127099093223 ], [ 4.8124912, 53.136139099093214 ], [ 4.8124456, 53.136157599093217 ], [ 4.8123993, 53.136180599093215 ], [ 4.8123477, 53.13621349909323 ], [ 4.8123229, 53.136240499093212 ], [ 4.8122565, 53.136258999093215 ], [ 4.8122276, 53.136281499093215 ], [ 4.8122498, 53.136247699093211 ], [ 4.8122846, 53.136236499093208 ], [ 4.8123054, 53.136227999093222 ], [ 4.8123275, 53.13620629909321 ], [ 4.8123483, 53.136184999093217 ], [ 4.8123785, 53.136169699093223 ], [ 4.8124154, 53.136155999093205 ], [ 4.8124382, 53.13614389909322 ], [ 4.812465, 53.136125799093215 ], [ 4.8124892, 53.136111799093207 ], [ 4.812528, 53.136098099093203 ], [ 4.8125475, 53.136085199093216 ], [ 4.8125562, 53.136075199093206 ], [ 4.8125716, 53.13602289909322 ], [ 4.812571, 53.135974199093219 ], [ 4.8125502, 53.135942799093201 ], [ 4.8125341, 53.135920299093222 ], [ 4.8125314, 53.135904199093197 ], [ 4.8125327, 53.135881699093218 ], [ 4.8125502, 53.135866399093182 ], [ 4.812583, 53.135857099093201 ], [ 4.8125904, 53.135836599093196 ], [ 4.8125938, 53.135797999093192 ], [ 4.8126099, 53.135770199093201 ], [ 4.8126528, 53.13575449909321 ], [ 4.8127004, 53.135735999093185 ], [ 4.8128197, 53.135709499093196 ], [ 4.8128928, 53.135695799093206 ], [ 4.8129512, 53.135690599093188 ], [ 4.8129746, 53.135687399093193 ], [ 4.8129424, 53.135645099093189 ], [ 4.8128841, 53.13556589909318 ], [ 4.8128345, 53.135541699093181 ], [ 4.8127835, 53.135528899093174 ], [ 4.8127279, 53.135527299093177 ], [ 4.8126266, 53.135541699093181 ], [ 4.8125783, 53.135554599093176 ], [ 4.8125254, 53.135572299093177 ], [ 4.8124496, 53.135598099093194 ], [ 4.8123644, 53.135626999093184 ], [ 4.8122672, 53.135637099093188 ], [ 4.8122082, 53.135647099093198 ], [ 4.8121438, 53.135650799093192 ], [ 4.8120593, 53.135654399093205 ], [ 4.8119245, 53.135657199093174 ], [ 4.8118709, 53.135661599093197 ], [ 4.811826, 53.135671699093187 ], [ 4.8117898, 53.135687399093193 ], [ 4.8117509, 53.135706699093177 ], [ 4.8117147, 53.135726799093185 ], [ 4.8116496, 53.13577349909319 ], [ 4.811606, 53.135827799093207 ], [ 4.811596, 53.135858299093201 ], [ 4.8115886, 53.1358977990932 ], [ 4.8115611, 53.135935999093185 ], [ 4.811486, 53.136023699093201 ], [ 4.8114431, 53.13605379909319 ], [ 4.8114169, 53.136084399093207 ], [ 4.8113653, 53.136137499093202 ], [ 4.8112486, 53.136226399093218 ], [ 4.8111876, 53.136285099093222 ], [ 4.8111206, 53.136351099093211 ], [ 4.8110743, 53.136378499093219 ], [ 4.8110072, 53.136413899093213 ], [ 4.8109435, 53.136450499093222 ], [ 4.8108671, 53.136480699093241 ], [ 4.8107196, 53.136542199093235 ], [ 4.8107994, 53.136620599093241 ], [ 4.8108932, 53.136698699093252 ], [ 4.8109402, 53.136745299093235 ], [ 4.8110032, 53.136835499093237 ], [ 4.8110408, 53.136875699093245 ], [ 4.8110783, 53.136888599093247 ], [ 4.81114, 53.136882099093249 ], [ 4.81125, 53.136861199093239 ], [ 4.8113465, 53.136857999093223 ], [ 4.8114404, 53.136861999093249 ], [ 4.8114967, 53.136869199093248 ], [ 4.8115423, 53.136882099093249 ], [ 4.8116201, 53.13694969909325 ], [ 4.8116255, 53.136997999093253 ], [ 4.8116107, 53.13703099909327 ], [ 4.8115745, 53.137068799093257 ], [ 4.8115785, 53.137100099093246 ], [ 4.8116174, 53.137120299093247 ], [ 4.8116738, 53.137124299093287 ], [ 4.8117408, 53.13713629909325 ], [ 4.8117918, 53.137158899093251 ], [ 4.8118427, 53.137195899093278 ], [ 4.8118535, 53.137231299093273 ], [ 4.8118401, 53.137270699093271 ], [ 4.8118481, 53.137297299093262 ], [ 4.8118857, 53.137347099093269 ], [ 4.8119768, 53.137410699093287 ], [ 4.8120118, 53.137423199093263 ], [ 4.8121271, 53.137446899093277 ], [ 4.8123671, 53.137456599093277 ], [ 4.8124784, 53.137480699093281 ], [ 4.8125079, 53.137500799093282 ], [ 4.8125347, 53.137526499093276 ], [ 4.8125629, 53.137584499093293 ], [ 4.8126125, 53.137608599093284 ], [ 4.8127091, 53.137624699093273 ], [ 4.8127721, 53.137643999093285 ], [ 4.812858, 53.137689899093296 ], [ 4.8129666, 53.137738899093293 ], [ 4.8130243, 53.137757399093282 ], [ 4.8131691, 53.137773499093299 ], [ 4.8132187, 53.137763899093315 ], [ 4.8133045, 53.137723699093293 ], [ 4.8133716, 53.137689899093296 ], [ 4.8134306, 53.137672199093288 ], [ 4.813558, 53.137670599093298 ], [ 4.8136787, 53.13767459909328 ], [ 4.8137672, 53.137667299093273 ], [ 4.813845, 53.13766809909329 ], [ 4.8139255, 53.137673799093299 ], [ 4.8141052, 53.137723699093293 ], [ 4.8141722, 53.137758199093291 ], [ 4.8142111, 53.137791199093293 ], [ 4.8142514, 53.137842699093284 ], [ 4.8143359, 53.137903899093303 ], [ 4.8143855, 53.137947299093305 ], [ 4.8144458, 53.137966599093311 ], [ 4.8145182, 53.137975499093294 ], [ 4.8145451, 53.137989099093303 ], [ 4.8145933, 53.137997199093299 ], [ 4.8146322, 53.137981899093297 ], [ 4.8147315, 53.137936399093299 ], [ 4.8147878, 53.137918699093298 ], [ 4.8148495, 53.13791069909329 ], [ 4.8148978, 53.137912699093327 ], [ 4.8149595, 53.137917099093286 ], [ 4.8149977, 53.137913499093301 ], [ 4.815056, 53.137891399093292 ], [ 4.815115, 53.137876099093305 ], [ 4.8151579, 53.137870499093275 ], [ 4.815217, 53.137887799093299 ], [ 4.815225, 53.137921999093301 ], [ 4.8152371, 53.137962999093311 ], [ 4.8152659, 53.138005199093314 ], [ 4.8153102, 53.1380313990933 ], [ 4.8154349, 53.138059499093302 ], [ 4.8154845, 53.138068799093332 ], [ 4.8155294, 53.138059899093307 ], [ 4.815567, 53.138047099093306 ], [ 4.8156039, 53.138038999093311 ], [ 4.8156327, 53.138038199093316 ], [ 4.815679, 53.138044699093321 ], [ 4.8157313, 53.138062399093322 ], [ 4.8157601, 53.138067999093288 ], [ 4.8157715, 53.138047499093297 ], [ 4.8157722, 53.1380100990933 ], [ 4.8158124, 53.137963399093302 ], [ 4.8158392, 53.137932399093295 ], [ 4.815858, 53.137873699093291 ], [ 4.8158325, 53.137864399093282 ], [ 4.8157822, 53.137868499093294 ], [ 4.815742, 53.13787969909329 ], [ 4.8156823, 53.137890199093299 ], [ 4.8156139, 53.137899799093304 ], [ 4.8155563, 53.137897399093305 ], [ 4.8155274, 53.13788459909329 ], [ 4.8155207, 53.137855199093295 ], [ 4.8155335, 53.137824199093281 ], [ 4.8155422, 53.137791599093305 ], [ 4.8155449, 53.137761899093306 ], [ 4.8155757, 53.137742999093291 ], [ 4.815624, 53.137738499093295 ], [ 4.8156656, 53.137743799093286 ], [ 4.8156984, 53.137732899093294 ], [ 4.8157179, 53.137718799093292 ], [ 4.8157366, 53.13769789909329 ], [ 4.8157561, 53.137679799093291 ], [ 4.8157822, 53.137665699093276 ], [ 4.8157943, 53.137648399093294 ], [ 4.815793, 53.13763149909326 ], [ 4.8157796, 53.137602599093277 ], [ 4.81575, 53.137594499093282 ], [ 4.8156924, 53.137592099093276 ], [ 4.8156428, 53.137593699093287 ], [ 4.8155777, 53.137590099093273 ], [ 4.8155603, 53.137581699093282 ], [ 4.8155214, 53.137553499093286 ], [ 4.8155066, 53.137539799093297 ], [ 4.815508, 53.137521299093272 ], [ 4.8155408, 53.137512499093297 ], [ 4.815575, 53.137513299093264 ], [ 4.8156133, 53.13751889909328 ], [ 4.8156327, 53.137515699093278 ], [ 4.8156582, 53.137486699093259 ], [ 4.8156743, 53.137471399093293 ], [ 4.8156998, 53.13745699909326 ], [ 4.8157172, 53.137437199093256 ], [ 4.8157138, 53.137420699093269 ], [ 4.8156897, 53.137411899093266 ], [ 4.8156582, 53.137402999093261 ], [ 4.8156367, 53.137386199093285 ], [ 4.8156099, 53.137364399093286 ], [ 4.8155918, 53.137353999093278 ], [ 4.8155422, 53.137352799093293 ], [ 4.8155221, 53.137347499093259 ], [ 4.8155013, 53.137335099093271 ], [ 4.8154932, 53.137323799093259 ], [ 4.8154952, 53.137308899093277 ], [ 4.8155086, 53.137296399093266 ], [ 4.8155328, 53.137291199093269 ], [ 4.8155596, 53.137295999093276 ], [ 4.8155951, 53.137303299093283 ], [ 4.8156213, 53.137299699093283 ], [ 4.8156126, 53.137289599093279 ], [ 4.8155724, 53.137272699093259 ], [ 4.8155656, 53.13720069909327 ], [ 4.815565, 53.137177399093261 ], [ 4.8155536, 53.137166499093269 ], [ 4.8155288, 53.137156899093256 ], [ 4.815514, 53.137143999093261 ], [ 4.8155113, 53.137125499093266 ], [ 4.8155086, 53.13710419909328 ], [ 4.8154778, 53.137090899093238 ], [ 4.815451, 53.137087699093257 ], [ 4.8154188, 53.137099699093234 ], [ 4.8153826, 53.137109399093248 ], [ 4.8153645, 53.137109399093248 ], [ 4.8153531, 53.137092499093249 ], [ 4.8153511, 53.137059099093264 ], [ 4.8153464, 53.137034599093255 ], [ 4.8153672, 53.137006399093266 ], [ 4.8153128, 53.13698989909328 ], [ 4.8152833, 53.136987099093261 ], [ 4.8153356, 53.136984699093247 ], [ 4.8153745, 53.136997199093265 ], [ 4.8153839, 53.137003599093255 ], [ 4.8153732, 53.137016899093254 ], [ 4.8153638, 53.137034599093255 ], [ 4.8153698, 53.137051499093253 ], [ 4.8153739, 53.137081999093269 ], [ 4.8153826, 53.137096899093279 ], [ 4.815404, 53.137093699093278 ], [ 4.8154443, 53.137074399093272 ], [ 4.8154711, 53.137071599093275 ], [ 4.815504, 53.137081999093269 ], [ 4.8155301, 53.137097299093256 ], [ 4.8155368, 53.13710699909327 ], [ 4.8155335, 53.137133499093252 ], [ 4.8155958, 53.137146799093266 ], [ 4.8155998, 53.137160499093255 ], [ 4.8155878, 53.137195899093278 ], [ 4.8155858, 53.137224799093261 ], [ 4.8155884, 53.137246999093279 ], [ 4.8156072, 53.137260199093262 ], [ 4.8156347, 53.137269099093281 ], [ 4.8156501, 53.137283999093292 ], [ 4.8156407, 53.137303699093259 ], [ 4.8156293, 53.137310499093275 ], [ 4.8155965, 53.137315399093261 ], [ 4.8155563, 53.137312899093267 ], [ 4.8155147, 53.137311299093263 ], [ 4.815508, 53.137324599093283 ], [ 4.8155268, 53.137338299093265 ], [ 4.8155616, 53.137336699093275 ], [ 4.8155945, 53.137337499093277 ], [ 4.815626, 53.137347099093269 ], [ 4.8156441, 53.13735999909327 ], [ 4.8156635, 53.137381699093268 ], [ 4.815687, 53.137392999093279 ], [ 4.8157205, 53.137399799093259 ], [ 4.815744, 53.137430399093276 ], [ 4.8157353, 53.137456599093277 ], [ 4.8157098, 53.13747059909327 ], [ 4.815687, 53.137485899093292 ], [ 4.8156743, 53.137499199093277 ], [ 4.8156555, 53.137521299093272 ], [ 4.8156448, 53.137533399093293 ], [ 4.8156273, 53.137540599093285 ], [ 4.8155985, 53.137538599093283 ], [ 4.8155576, 53.137532199093272 ], [ 4.8155395, 53.1375357990933 ], [ 4.8155415, 53.137549499093268 ], [ 4.8155871, 53.137573999093291 ], [ 4.81563, 53.137579999093276 ], [ 4.8156729, 53.137577199093272 ], [ 4.8157226, 53.137576799093267 ], [ 4.8157695, 53.137583299093286 ], [ 4.8158111, 53.137596099093294 ], [ 4.8158298, 53.137606599093274 ], [ 4.8158298, 53.137631099093291 ], [ 4.8158205, 53.137656899093287 ], [ 4.815807, 53.137673799093299 ], [ 4.8157789, 53.1376902990933 ], [ 4.8157494, 53.137713199093298 ], [ 4.815738, 53.137733299093298 ], [ 4.8157078, 53.137750999093278 ], [ 4.8156971, 53.137754999093296 ], [ 4.8156622, 53.137760299093294 ], [ 4.8156179, 53.137759099093266 ], [ 4.8155884, 53.137763099093306 ], [ 4.8155757, 53.137789199093284 ], [ 4.8155576, 53.137814999093294 ], [ 4.8155542, 53.137848799093312 ], [ 4.815567, 53.137870499093275 ], [ 4.8156012, 53.137882499093308 ], [ 4.8156428, 53.137876899093293 ], [ 4.8156857, 53.137871699093289 ], [ 4.8157299, 53.137861199093287 ], [ 4.8157534, 53.137844299093288 ], [ 4.8157876, 53.137832699093288 ], [ 4.8158272, 53.137826999093313 ], [ 4.8158473, 53.137830299093281 ], [ 4.8158775, 53.137848799093312 ], [ 4.8158902, 53.13787729909329 ], [ 4.8158775, 53.137902299093305 ], [ 4.8158721, 53.137941699093304 ], [ 4.8158412, 53.137973899093303 ], [ 4.8158191, 53.137985099093299 ], [ 4.815805, 53.13799839909332 ], [ 4.815807, 53.138026199093318 ], [ 4.8158111, 53.138052699093301 ], [ 4.8158017, 53.13807359909331 ], [ 4.8157447, 53.138089699093292 ], [ 4.8157205, 53.13808449909331 ], [ 4.8156729, 53.1380671990933 ], [ 4.8156495, 53.138055099093329 ], [ 4.8156112, 53.13806149909329 ], [ 4.8155744, 53.138073999093329 ], [ 4.8155314, 53.138083299093296 ], [ 4.8154631, 53.138085699093295 ], [ 4.8153685, 53.138066399093304 ], [ 4.8152773, 53.138043399093306 ], [ 4.8152257, 53.138014499093288 ], [ 4.8152015, 53.137991599093326 ], [ 4.8151888, 53.137921999093301 ], [ 4.8151821, 53.137905499093307 ], [ 4.8151432, 53.13788819909329 ], [ 4.815107, 53.137893399093301 ], [ 4.8150681, 53.13791069909329 ], [ 4.8150279, 53.1379255990933 ], [ 4.8149816, 53.13793439909329 ], [ 4.814942, 53.137936399093299 ], [ 4.8148817, 53.137932799093292 ], [ 4.8148388, 53.137927999093328 ], [ 4.8147865, 53.137938899093307 ], [ 4.8147462, 53.137953299093297 ], [ 4.814714, 53.1379717990933 ], [ 4.8146832, 53.137991999093288 ], [ 4.814653, 53.138007199093309 ], [ 4.8146148, 53.138016499093311 ], [ 4.8145632, 53.138023699093303 ], [ 4.8145276, 53.13802209909332 ], [ 4.8145001, 53.138005999093288 ], [ 4.8144512, 53.137993599093313 ], [ 4.8144042, 53.137982699093321 ], [ 4.8143674, 53.137965799093315 ], [ 4.814309, 53.137912699093327 ], [ 4.8142105, 53.137850399093288 ], [ 4.814185, 53.137820599093295 ], [ 4.8141642, 53.137789199093284 ], [ 4.8141219, 53.137759899093297 ], [ 4.8140415, 53.13772889909329 ], [ 4.813904, 53.13769429909329 ], [ 4.8138128, 53.137689099093294 ], [ 4.8137223, 53.137697099093288 ], [ 4.8136304, 53.137695499093269 ], [ 4.813562, 53.137693899093293 ], [ 4.8134829, 53.137690699093277 ], [ 4.8134252, 53.137699499093287 ], [ 4.8133676, 53.137718799093292 ], [ 4.8133394, 53.137733299093298 ], [ 4.8132972, 53.137756999093298 ], [ 4.8132616, 53.137776799093281 ], [ 4.8131986, 53.1377899990933 ], [ 4.8131356, 53.137793999093304 ], [ 4.8129941, 53.137767099093274 ], [ 4.8129465, 53.137753399093299 ], [ 4.812874, 53.1377260990933 ], [ 4.8127735, 53.13767459909328 ], [ 4.8127212, 53.137656099093284 ], [ 4.8126031, 53.137632699093295 ], [ 4.8125495, 53.137613399093304 ], [ 4.8125099, 53.137580399093288 ], [ 4.8124831, 53.137528199093289 ], [ 4.8124523, 53.137505999093285 ], [ 4.8123691, 53.137488699093275 ], [ 4.8122826, 53.137481499093269 ], [ 4.8121431, 53.137470199093286 ], [ 4.8120794, 53.137465799093277 ], [ 4.8119876, 53.137442799093286 ], [ 4.8119272, 53.137412699093268 ], [ 4.8118213, 53.137347899093257 ], [ 4.8117817, 53.137238899093283 ], [ 4.8117623, 53.137190299093263 ], [ 4.8117247, 53.137168499093271 ], [ 4.8116523, 53.137158899093251 ], [ 4.8115772, 53.137142399093285 ], [ 4.8115343, 53.137116999093266 ], [ 4.8115182, 53.137098499093263 ], [ 4.8115182, 53.137064699093258 ], [ 4.8115303, 53.137038999093257 ], [ 4.811541, 53.137007199093247 ], [ 4.8115464, 53.136967799093263 ], [ 4.8115222, 53.13692399909327 ], [ 4.8114632, 53.136892199093261 ], [ 4.8113801, 53.136883299093235 ], [ 4.8113217, 53.136887299093246 ], [ 4.8112641, 53.136901799093231 ], [ 4.8112104, 53.136920299093248 ], [ 4.811144, 53.13692919909326 ], [ 4.8110931, 53.136929999093248 ], [ 4.8110475, 53.136919899093265 ], [ 4.8109777, 53.13689019909323 ], [ 4.8108845, 53.13679719909323 ], [ 4.8108436, 53.136746599093243 ], [ 4.8107953, 53.136708699093234 ], [ 4.8107021, 53.136623099093235 ], [ 4.8106324, 53.13655269909323 ], [ 4.8105124, 53.136558699093221 ], [ 4.8104024, 53.136570799093235 ], [ 4.810342, 53.136587699093226 ], [ 4.8102951, 53.136616599093252 ], [ 4.8102214, 53.136652199093234 ], [ 4.8102093, 53.136757399093248 ], [ 4.8102348, 53.136788799093225 ], [ 4.8102736, 53.136820199093243 ], [ 4.8103166, 53.136872499093236 ], [ 4.8103581, 53.136907899093245 ], [ 4.8104104, 53.136930399093231 ], [ 4.8104775, 53.136935199093259 ], [ 4.8105969, 53.136952899093238 ], [ 4.8107001, 53.136954499093257 ], [ 4.8108061, 53.136951299093241 ], [ 4.8108986, 53.136948099093246 ], [ 4.810963, 53.136946499093241 ], [ 4.8110381, 53.136946499093241 ], [ 4.811081, 53.136951299093241 ], [ 4.8111239, 53.136990699093246 ], [ 4.8111454, 53.137027699093238 ], [ 4.8112352, 53.13713879909325 ], [ 4.8112527, 53.137204699093253 ], [ 4.8112607, 53.13723049909327 ], [ 4.8113519, 53.137366399093267 ], [ 4.8113841, 53.137401799093254 ], [ 4.8114216, 53.137461399093297 ], [ 4.8114753, 53.137536999093285 ], [ 4.8115209, 53.137590899093283 ], [ 4.8115906, 53.13766809909329 ], [ 4.8116349, 53.137725299093276 ], [ 4.8116764, 53.137739699093288 ], [ 4.811781, 53.137747799093283 ], [ 4.8118454, 53.137748599093314 ], [ 4.8120171, 53.137730899093299 ], [ 4.8121405, 53.137725299093276 ], [ 4.8122343, 53.137716399093293 ], [ 4.8123416, 53.137707599093282 ], [ 4.8123899, 53.137710799093298 ], [ 4.812642, 53.137797699093298 ], [ 4.8127359, 53.137858799093308 ], [ 4.8128271, 53.137980299093307 ], [ 4.8127614, 53.137982699093321 ], [ 4.8127359, 53.138002799093307 ], [ 4.8127936, 53.138044699093321 ], [ 4.8128419, 53.1380671990933 ], [ 4.8128647, 53.138118699093305 ], [ 4.8128445, 53.138141199093305 ], [ 4.8127681, 53.138125899093296 ], [ 4.8128325, 53.138174199093314 ], [ 4.8129357, 53.138269099093321 ], [ 4.8130497, 53.138338299093334 ], [ 4.8131973, 53.138377699093333 ], [ 4.8132858, 53.138392999093313 ], [ 4.8133756, 53.13838089909332 ], [ 4.8134762, 53.13835679909333 ], [ 4.8137592, 53.138317399093303 ], [ 4.8138879, 53.138301299093314 ], [ 4.8139979, 53.138295699093312 ], [ 4.8141186, 53.138288399093319 ], [ 4.8142312, 53.138293199093312 ], [ 4.8143117, 53.138313399093335 ], [ 4.8144002, 53.138352799093333 ], [ 4.8145075, 53.138418799093323 ], [ 4.8145504, 53.138528999093339 ], [ 4.8146081, 53.138600599093323 ], [ 4.8147838, 53.138713199093317 ], [ 4.8149058, 53.13875989909333 ], [ 4.8150641, 53.138800899093354 ], [ 4.8154423, 53.13888699909333 ], [ 4.8156179, 53.138907899093333 ], [ 4.8157762, 53.138928799093364 ], [ 4.8159197, 53.138969799093353 ], [ 4.8160015, 53.139005999093357 ], [ 4.8160833, 53.139051099093351 ], [ 4.8161638, 53.139138799093359 ], [ 4.8161973, 53.13920719909337 ], [ 4.8162094, 53.139254599093356 ], [ 4.8161839, 53.139342299093393 ], [ 4.8162657, 53.139479899093374 ], [ 4.8162979, 53.139499999093374 ], [ 4.8163395, 53.13950479909338 ], [ 4.8163864, 53.139491999093373 ], [ 4.8165192, 53.139421999093386 ], [ 4.8166251, 53.139380899093354 ], [ 4.8167968, 53.139368099093375 ], [ 4.8169626, 53.139356599093361 ], [ 4.81701, 53.139290799093359 ], [ 4.8171052, 53.139100199093356 ], [ 4.8172005, 53.139011699093338 ], [ 4.8173721, 53.138911099093342 ], [ 4.8174398, 53.13888419909334 ], [ 4.8174211, 53.138873299093348 ], [ 4.8173828, 53.13888379909335 ], [ 4.8173165, 53.138905499093354 ], [ 4.8172541, 53.138909099093354 ], [ 4.8171146, 53.138891399093339 ], [ 4.8170456, 53.13887809909334 ], [ 4.8169832, 53.138872099093341 ], [ 4.8169356, 53.138860799093344 ], [ 4.8168712, 53.138841499093353 ], [ 4.8167961, 53.138831099093345 ], [ 4.8167244, 53.138813799093334 ], [ 4.8167177, 53.138799699093326 ], [ 4.8167498, 53.138788799093341 ], [ 4.8166674, 53.138781999093347 ], [ 4.8166439, 53.13877229909334 ], [ 4.8167297, 53.138778799093323 ], [ 4.8167733, 53.138786799093346 ], [ 4.8168129, 53.138795699093343 ], [ 4.8168283, 53.138805299093349 ], [ 4.8168598, 53.138812599093356 ], [ 4.8168759, 53.138825399093321 ], [ 4.8169121, 53.138845099093338 ], [ 4.8169792, 53.138864399093364 ], [ 4.8170248, 53.138866499093353 ], [ 4.8171106, 53.138879299093333 ], [ 4.8172031, 53.138893799093353 ], [ 4.8172762, 53.138898599093345 ], [ 4.8173218, 53.138894199093357 ], [ 4.8173708, 53.138876099093338 ], [ 4.8173909, 53.138860799093344 ], [ 4.8174325, 53.138854799093338 ], [ 4.8174874, 53.138864799093341 ], [ 4.8175284, 53.138863199093343 ], [ 4.8175652, 53.138841499093353 ], [ 4.8176149, 53.138815399093332 ], [ 4.8176873, 53.13878119909333 ], [ 4.8177597, 53.138750999093347 ], [ 4.817867, 53.138739299093345 ], [ 4.8179387, 53.138747399093347 ], [ 4.8181057, 53.13877509909333 ], [ 4.8181634, 53.138777199093354 ], [ 4.8182391, 53.138756199093343 ], [ 4.8182599, 53.138741399093348 ], [ 4.8182673, 53.138719199093337 ], [ 4.8182599, 53.138684599093345 ], [ 4.8182586, 53.138644799093335 ], [ 4.8182908, 53.138587699093343 ], [ 4.8183028, 53.138564399093319 ], [ 4.8182894, 53.138503999093345 ], [ 4.8181915, 53.138479099093331 ], [ 4.8180386, 53.138382499093353 ], [ 4.8180051, 53.138335099093325 ], [ 4.8179997, 53.138296499093336 ], [ 4.8180185, 53.13826109909332 ], [ 4.8180279, 53.138216799093321 ], [ 4.8180467, 53.138156499093306 ], [ 4.8179957, 53.138117099093307 ], [ 4.8178911, 53.1380775990933 ], [ 4.8178107, 53.138045499093295 ], [ 4.8177516, 53.137991599093326 ], [ 4.8177329, 53.137963399093302 ], [ 4.8177463, 53.137944099093289 ], [ 4.8177007, 53.137927199093298 ], [ 4.8176953, 53.137898999093281 ], [ 4.8177087, 53.137876499093288 ], [ 4.8177423, 53.137868499093294 ], [ 4.8177825, 53.137889399093282 ], [ 4.8177436, 53.137841099093308 ], [ 4.8176819, 53.137787999093284 ], [ 4.8176336, 53.137763099093306 ], [ 4.8174901, 53.137743799093286 ], [ 4.8174338, 53.137728499093292 ], [ 4.8173916, 53.137702899093291 ], [ 4.8173714, 53.137681599093277 ], [ 4.8173657, 53.137665299093285 ], [ 4.8173822, 53.137649399093299 ], [ 4.8174117, 53.13763149909326 ], [ 4.81747, 53.137608999093281 ], [ 4.8175263, 53.137595699093289 ], [ 4.8175619, 53.137587699093267 ], [ 4.8175793, 53.137578799093291 ], [ 4.8175974, 53.13756149909328 ], [ 4.8176055, 53.137534999093276 ], [ 4.8176041, 53.13750759909329 ], [ 4.8174767, 53.137480299093276 ], [ 4.8174566, 53.137477499093279 ], [ 4.8173909, 53.137456599093277 ], [ 4.8173332, 53.137394999093281 ], [ 4.8173292, 53.137372899093272 ], [ 4.8173084, 53.137351199093274 ], [ 4.8172789, 53.137335099093271 ], [ 4.8172668, 53.13731739909327 ], [ 4.8172447, 53.137302899093292 ], [ 4.8171803, 53.137290799093272 ], [ 4.8170838, 53.13727789909327 ], [ 4.8170697, 53.13729039909326 ], [ 4.8170536, 53.137275499093263 ], [ 4.8170435, 53.137261099093266 ], [ 4.8168833, 53.137186199093271 ], [ 4.816837, 53.137156899093256 ], [ 4.816829, 53.137127499093246 ], [ 4.8168263, 53.137071999093273 ], [ 4.8168249, 53.137041799093261 ], [ 4.8168042, 53.13700439909325 ], [ 4.8168028, 53.136990299093256 ], [ 4.8166881, 53.136943699093251 ], [ 4.8166372, 53.136919899093265 ], [ 4.8166037, 53.136899399093252 ], [ 4.8165695, 53.136877299093236 ], [ 4.8165487, 53.136882099093249 ], [ 4.8165232, 53.136878899093233 ], [ 4.81655, 53.136872499093236 ], [ 4.8165594, 53.136860399093251 ], [ 4.8165587, 53.136842699093265 ], [ 4.8165902, 53.136817799093237 ], [ 4.8166198, 53.136803699093242 ], [ 4.8167076, 53.136768299093227 ], [ 4.816772, 53.136758599093234 ], [ 4.8168216, 53.136753799093242 ], [ 4.8168893, 53.136746999093241 ], [ 4.8169363, 53.136740499093243 ], [ 4.8169785, 53.136731299093249 ], [ 4.8170026, 53.136717599093238 ], [ 4.817008, 53.136694699093233 ], [ 4.8170047, 53.136683399093251 ], [ 4.8169409, 53.136659699093236 ], [ 4.8168779, 53.136653599093236 ], [ 4.816841, 53.136649199093242 ], [ 4.8168142, 53.136639099093237 ], [ 4.8168176, 53.136623099093235 ], [ 4.8168471, 53.136595299093216 ], [ 4.8168799, 53.13658159909324 ], [ 4.8169061, 53.136560299093226 ], [ 4.8169135, 53.13654139909324 ], [ 4.8168974, 53.136516899093216 ], [ 4.81689, 53.136493499093241 ], [ 4.8169067, 53.136473399093241 ], [ 4.8169322, 53.136454899093231 ], [ 4.8169483, 53.13643599909323 ], [ 4.8169396, 53.136419899093234 ], [ 4.8169007, 53.136413899093213 ], [ 4.8168363, 53.136409399093239 ], [ 4.8168068, 53.13639499909322 ], [ 4.81678, 53.136363199093232 ], [ 4.816774, 53.136343099093217 ], [ 4.8167606, 53.136318899093219 ], [ 4.8167706, 53.136291199093229 ], [ 4.8168082, 53.136283099093212 ], [ 4.8168437, 53.136293599093221 ], [ 4.8168571, 53.13626059909322 ], [ 4.8168658, 53.136247699093211 ], [ 4.816888, 53.13623569909322 ], [ 4.8169114, 53.136226799093215 ], [ 4.8169074, 53.136209899093231 ], [ 4.8168752, 53.136193399093237 ], [ 4.8168243, 53.136179299093229 ], [ 4.8167827, 53.13617129909322 ], [ 4.8167331, 53.136168499093209 ], [ 4.8166902, 53.136173699093234 ], [ 4.816654, 53.136182599093225 ], [ 4.8166218, 53.136184999093217 ], [ 4.8166037, 53.136170099093192 ], [ 4.8165755, 53.136115799093204 ], [ 4.8165574, 53.136065499093213 ], [ 4.8165306, 53.136017599093215 ], [ 4.8164796, 53.135982999093201 ], [ 4.8164407, 53.135977399093214 ], [ 4.8164099, 53.135971399093208 ], [ 4.8164005, 53.135943999093215 ], [ 4.8163616, 53.135877199093201 ], [ 4.8163294, 53.135859499093193 ], [ 4.8162422, 53.135849099093207 ], [ 4.8161993, 53.135837799093203 ], [ 4.8161919, 53.135825699093196 ], [ 4.8162295, 53.135803999093199 ], [ 4.8162382, 53.13577259909318 ], [ 4.8162389, 53.135752499093215 ], [ 4.816265, 53.135732799093184 ], [ 4.8163053, 53.135710699093195 ], [ 4.8163442, 53.135689799093207 ], [ 4.8163368, 53.135635899093202 ], [ 4.8163408, 53.135580399093186 ], [ 4.8163509, 53.135536499093185 ], [ 4.8163522, 53.135509599093176 ], [ 4.8164079, 53.135461299093187 ], [ 4.8163623, 53.135517599093177 ], [ 4.8163636, 53.135562699093192 ], [ 4.8163495, 53.135610499093183 ], [ 4.8163569, 53.13564149909319 ], [ 4.8163596, 53.135675699093191 ], [ 4.8163515, 53.13569779909318 ], [ 4.8162872, 53.135736799093181 ], [ 4.8162577, 53.135756599093206 ], [ 4.8162483, 53.13577709909319 ], [ 4.8162456, 53.135800799093204 ], [ 4.8162261, 53.135822899093206 ], [ 4.8162429, 53.135838199093222 ], [ 4.8162858, 53.135846299093188 ], [ 4.8163462, 53.135851099093195 ], [ 4.816377, 53.135860299093196 ], [ 4.8163985, 53.1358977990932 ], [ 4.8164112, 53.135941599093222 ], [ 4.8164367, 53.13596249909321 ], [ 4.8164756, 53.13597099909321 ], [ 4.8165198, 53.135988299093214 ], [ 4.8165527, 53.136013999093201 ], [ 4.8165661, 53.1360308990932 ], [ 4.8166057, 53.136125799093215 ], [ 4.8166198, 53.136158399093226 ], [ 4.8166499, 53.136168099093211 ], [ 4.8166949, 53.136156799093222 ], [ 4.8167398, 53.136154799093212 ], [ 4.8167867, 53.136147199093223 ], [ 4.8168135, 53.136138699093195 ], [ 4.8168189, 53.136123799093212 ], [ 4.8168672, 53.136111399093217 ], [ 4.8169067, 53.136111399093217 ], [ 4.8169778, 53.1360795990932 ], [ 4.8170355, 53.136063899093223 ], [ 4.8170663, 53.13605379909319 ], [ 4.8171146, 53.136036099093189 ], [ 4.8171522, 53.136029299093217 ], [ 4.8172031, 53.136019599093196 ], [ 4.8172581, 53.136007599093183 ], [ 4.8172876, 53.136006799093195 ], [ 4.8173111, 53.136018399093196 ], [ 4.8173372, 53.136023299093218 ], [ 4.8173533, 53.136029299093217 ], [ 4.8173258, 53.136036899093227 ], [ 4.8173486, 53.136060699093214 ], [ 4.8173533, 53.136083599093212 ], [ 4.8173399, 53.136104499093214 ], [ 4.8173124, 53.136112199093226 ], [ 4.8172809, 53.136092899093207 ], [ 4.8172561, 53.1360722990932 ], [ 4.8172635, 53.136060299093224 ], [ 4.8172849, 53.136043399093182 ], [ 4.8172655, 53.136024499093203 ], [ 4.8172206, 53.136030099093219 ], [ 4.817187, 53.136048599093201 ], [ 4.8171388, 53.136045799093203 ], [ 4.8171186, 53.136042599093201 ], [ 4.8170315, 53.13607879909322 ], [ 4.8169812, 53.136087199093197 ], [ 4.8169577, 53.136094899093223 ], [ 4.8169389, 53.136108499093204 ], [ 4.8169222, 53.136114999093216 ], [ 4.816888, 53.136118199093204 ], [ 4.8168477, 53.136123799093212 ], [ 4.816837, 53.136127099093223 ], [ 4.8168236, 53.136145999093209 ], [ 4.8168129, 53.136158399093226 ], [ 4.8168518, 53.136166499093221 ], [ 4.816892, 53.136175699093229 ], [ 4.8169054, 53.136180199093197 ], [ 4.816947, 53.136208299093227 ], [ 4.816949, 53.136221599093211 ], [ 4.8169014, 53.136244899093221 ], [ 4.8168833, 53.136252999093216 ], [ 4.8168893, 53.136270699093224 ], [ 4.8169067, 53.136286799093234 ], [ 4.8168974, 53.136310099093215 ], [ 4.8168739, 53.136316499093219 ], [ 4.8168343, 53.136312899093205 ], [ 4.8167995, 53.136311299093222 ], [ 4.8167827, 53.136326199093233 ], [ 4.8167954, 53.136347899093217 ], [ 4.8168196, 53.136375699093229 ], [ 4.8168571, 53.136388499093208 ], [ 4.8169161, 53.136393399093258 ], [ 4.8169751, 53.136404199093242 ], [ 4.817002, 53.136419899093234 ], [ 4.817002, 53.136434799093237 ], [ 4.8169664, 53.136456899093233 ], [ 4.8169275, 53.136480199093214 ], [ 4.8169262, 53.136490299093225 ], [ 4.8169423, 53.136514799093241 ], [ 4.816945, 53.136542599093232 ], [ 4.8169409, 53.136558299093245 ], [ 4.8169181, 53.136581999093238 ], [ 4.8168779, 53.136606999093232 ], [ 4.8168591, 53.13662469909324 ], [ 4.8168652, 53.136631899093224 ], [ 4.8169919, 53.136650799093232 ], [ 4.8170268, 53.136671299093258 ], [ 4.8170449, 53.136691399093252 ], [ 4.8170348, 53.136713199093229 ], [ 4.8170268, 53.136726799093253 ], [ 4.817004, 53.136741299093231 ], [ 4.8169798, 53.136751799093233 ], [ 4.8169329, 53.136762999093229 ], [ 4.8168437, 53.13677269909325 ], [ 4.8167834, 53.136775499093247 ], [ 4.8167384, 53.136782399093249 ], [ 4.8166949, 53.136797599093242 ], [ 4.8166459, 53.136819799093232 ], [ 4.8166204, 53.136836299093254 ], [ 4.8166151, 53.136859199093259 ], [ 4.8166291, 53.136876899093252 ], [ 4.8166848, 53.136917899093262 ], [ 4.8167203, 53.136935599093235 ], [ 4.8167539, 53.136948099093246 ], [ 4.816772, 53.136943699093251 ], [ 4.8167793, 53.136940399093241 ], [ 4.8168109, 53.136956499093245 ], [ 4.816835, 53.136974199093267 ], [ 4.8168585, 53.136995199093249 ], [ 4.8168819, 53.137026099093262 ], [ 4.8168786, 53.137049899093263 ], [ 4.8168712, 53.137096099093242 ], [ 4.8168752, 53.137128299093263 ], [ 4.8169007, 53.137149199093265 ], [ 4.8169376, 53.137167699093261 ], [ 4.8170429, 53.137223999093273 ], [ 4.8171066, 53.137250599093271 ], [ 4.8171394, 53.137249799093269 ], [ 4.8171589, 53.137238899093283 ], [ 4.8171978, 53.137240099093262 ], [ 4.8172756, 53.137270699093271 ], [ 4.8173218, 53.137298499093262 ], [ 4.817354, 53.137326599093271 ], [ 4.8173869, 53.137387399093249 ], [ 4.8174063, 53.137420299093286 ], [ 4.8174338, 53.137426399093279 ], [ 4.8174626, 53.137429199093283 ], [ 4.8175129, 53.13745699909326 ], [ 4.8175558, 53.137464999093275 ], [ 4.8176048, 53.137471799093269 ], [ 4.8176497, 53.13749069909327 ], [ 4.8176846, 53.137481099093286 ], [ 4.8177228, 53.137459799093278 ], [ 4.8177872, 53.137427199093267 ], [ 4.8177356, 53.137464199093273 ], [ 4.8177101, 53.137479099093269 ], [ 4.817694, 53.13749069909327 ], [ 4.8176832, 53.137503199093281 ], [ 4.8176846, 53.137534599093286 ], [ 4.8176799, 53.137545899093283 ], [ 4.8176511, 53.137559499093292 ], [ 4.8176444, 53.137571199093294 ], [ 4.8176377, 53.137592099093276 ], [ 4.8176142, 53.1376081990933 ], [ 4.8175807, 53.137618699093274 ], [ 4.817527, 53.1376306990933 ], [ 4.8174794, 53.137644799093266 ], [ 4.8174486, 53.13765409909329 ], [ 4.8174378, 53.137668899093285 ], [ 4.8174579, 53.137689099093294 ], [ 4.8174828, 53.137697499093292 ], [ 4.8175498, 53.137707199093285 ], [ 4.8176122, 53.137726499093276 ], [ 4.8176799, 53.137751799093294 ], [ 4.8177288, 53.137779199093288 ], [ 4.8177691, 53.137804899093297 ], [ 4.8178073, 53.137853199093279 ], [ 4.8178133, 53.137884199093314 ], [ 4.8178187, 53.137913499093301 ], [ 4.8178234, 53.137968599093313 ], [ 4.8178308, 53.138007199093309 ], [ 4.8179079, 53.138042999093308 ], [ 4.8179495, 53.138065599093302 ], [ 4.8179642, 53.138065599093302 ], [ 4.8179729, 53.138051499093308 ], [ 4.8180111, 53.138064399093309 ], [ 4.8180447, 53.138094499093313 ], [ 4.8180943, 53.1381395990933 ], [ 4.8181124, 53.138168499093325 ], [ 4.8181198, 53.138183799093319 ], [ 4.8181104, 53.138217599093323 ], [ 4.8180903, 53.138250599093318 ], [ 4.8180769, 53.138279199093304 ], [ 4.8180594, 53.138307699093303 ], [ 4.8180728, 53.138339899093317 ], [ 4.818107, 53.138366899093334 ], [ 4.8181493, 53.138398999093312 ], [ 4.8181788, 53.138413499093332 ], [ 4.8182237, 53.138434799093318 ], [ 4.8182465, 53.138447299093329 ], [ 4.8183049, 53.138469399093324 ], [ 4.8183323, 53.138486299093337 ], [ 4.8183813, 53.138550299093339 ], [ 4.818384, 53.138575599093322 ], [ 4.8183853, 53.138595299093332 ], [ 4.8183598, 53.138617499093336 ], [ 4.8183236, 53.138642399093342 ], [ 4.8183136, 53.138666099093328 ], [ 4.8183243, 53.138696699093337 ], [ 4.8183022, 53.138772699093352 ], [ 4.8182572, 53.138813799093334 ], [ 4.8182237, 53.138824999093337 ], [ 4.8181781, 53.138829499093347 ], [ 4.8180581, 53.13882059909335 ], [ 4.817979, 53.138806899093339 ], [ 4.8179112, 53.138792799093338 ], [ 4.8178495, 53.138775499093349 ], [ 4.8178147, 53.13878119909333 ], [ 4.817706, 53.138834699093351 ], [ 4.8176377, 53.138864799093341 ], [ 4.8175672, 53.138902299093338 ], [ 4.8175371, 53.138919999093361 ], [ 4.8173587, 53.13899239909334 ], [ 4.8172963, 53.139021699093355 ], [ 4.8172588, 53.139041399093372 ], [ 4.8172159, 53.139076399093355 ], [ 4.8171958, 53.139108199093378 ], [ 4.8171602, 53.139169799093345 ], [ 4.8171414, 53.139231699093365 ], [ 4.8171448, 53.139277599093354 ], [ 4.8170979, 53.139333499093361 ], [ 4.8170596, 53.139367299093372 ], [ 4.8170335, 53.13938859909338 ], [ 4.8170013, 53.139405099093374 ], [ 4.8169376, 53.139416699093367 ], [ 4.8168135, 53.139436799093367 ], [ 4.8167063, 53.13944089909338 ], [ 4.8166472, 53.139444099093375 ], [ 4.8165943, 53.139452899093392 ], [ 4.8165775, 53.139464199093361 ], [ 4.8164836, 53.139548699093368 ], [ 4.8164146, 53.139567199093371 ], [ 4.8163755, 53.139572099093392 ], [ 4.8163347, 53.13956859909338 ], [ 4.8162684, 53.139560299093375 ], [ 4.8162375, 53.139555899093374 ], [ 4.8162127, 53.139547099093377 ], [ 4.8161913, 53.139522899093365 ], [ 4.8161142, 53.139391399093363 ], [ 4.8160672, 53.139302899093366 ], [ 4.8160672, 53.13923209909337 ], [ 4.8160806, 53.139171799093369 ], [ 4.8160525, 53.13912909909336 ], [ 4.8160102, 53.139094899093358 ], [ 4.8159143, 53.139037399093354 ], [ 4.8158205, 53.139007999093344 ], [ 4.8155844, 53.138973899093351 ], [ 4.8154858, 53.138970199093357 ], [ 4.8153236, 53.138925599093334 ], [ 4.8151325, 53.138881699093353 ], [ 4.8149575, 53.13884429909335 ], [ 4.8148478, 53.138817899093354 ], [ 4.8147264, 53.138767899093338 ], [ 4.814584, 53.138680699093342 ], [ 4.8143922, 53.138514499093318 ], [ 4.8142983, 53.138408299093328 ], [ 4.8142574, 53.138372899093341 ], [ 4.8142198, 53.138353599093321 ], [ 4.8141521, 53.138345099093314 ], [ 4.8140864, 53.138345499093312 ], [ 4.8139047, 53.138361599093308 ], [ 4.8138309, 53.138374099093333 ], [ 4.8137458, 53.13839059909332 ], [ 4.8136365, 53.138410299093302 ], [ 4.8135292, 53.138419999093337 ], [ 4.813446, 53.138427199093329 ], [ 4.8132838, 53.138446099093329 ], [ 4.8131993, 53.138441699093335 ], [ 4.8131166, 53.138419899093336 ], [ 4.812995, 53.138391199093341 ], [ 4.8129057, 53.13835869909331 ], [ 4.8127956, 53.138274299093325 ], [ 4.8126796, 53.138169399093314 ], [ 4.81263, 53.138069999093304 ], [ 4.8125871, 53.137965799093315 ], [ 4.8125629, 53.1378853990933 ], [ 4.8125374, 53.137857999093292 ], [ 4.8124878, 53.137831499093295 ], [ 4.8124315, 53.13781209909331 ], [ 4.8123644, 53.137797699093298 ], [ 4.8122102, 53.137804899093297 ], [ 4.8121217, 53.137824999093318 ], [ 4.8120493, 53.137839499093289 ], [ 4.811828, 53.137852799093288 ], [ 4.8117381, 53.137849999093312 ], [ 4.8115423, 53.13780849909331 ], [ 4.8114907, 53.137787999093284 ], [ 4.8114377, 53.137766699093298 ], [ 4.8114324, 53.13780849909331 ], [ 4.8114786, 53.137858799093308 ], [ 4.8115437, 53.137894999093284 ], [ 4.8115799, 53.137935999093294 ], [ 4.8116107, 53.137989099093303 ], [ 4.8116308, 53.138034199093305 ], [ 4.8116724, 53.138082499093308 ], [ 4.8117287, 53.138137199093322 ], [ 4.8117408, 53.138183799093319 ], [ 4.811765, 53.138237699093317 ], [ 4.8117878, 53.138311799093316 ], [ 4.8118186, 53.138369699093317 ], [ 4.8118803, 53.138414699093332 ], [ 4.812005, 53.13845979909334 ], [ 4.8123081, 53.138731699093341 ], [ 4.812406, 53.13883309909334 ], [ 4.8125066, 53.138875699093347 ], [ 4.8127949, 53.138957799093333 ], [ 4.813621, 53.139179799093363 ], [ 4.8148321, 53.139503199093383 ], [ 4.815571, 53.13976709909339 ], [ 4.8156461, 53.139800899093409 ], [ 4.8157105, 53.139841099093381 ], [ 4.8159626, 53.139908699093382 ], [ 4.8160243, 53.139915899093388 ], [ 4.8160619, 53.139953699093404 ], [ 4.8161235, 53.140059099093406 ], [ 4.8162577, 53.140167699093411 ], [ 4.8164682, 53.140310099093419 ], [ 4.8165849, 53.140389699093419 ], [ 4.8168518, 53.140610999093418 ], [ 4.8170905, 53.140829799093424 ], [ 4.8172997, 53.141030899093451 ], [ 4.8174553, 53.141190199093465 ], [ 4.8176068, 53.141309199093456 ], [ 4.8178549, 53.141507899093462 ], [ 4.8180145, 53.141649499093489 ], [ 4.8180427, 53.141694599093491 ], [ 4.8181808, 53.141774999093478 ], [ 4.8183109, 53.141860299093494 ], [ 4.8183994, 53.141929499093486 ], [ 4.8185281, 53.142034099093507 ], [ 4.8185737, 53.142072699093518 ], [ 4.8186421, 53.142099199093508 ], [ 4.8187421, 53.142128599093496 ], [ 4.8188151, 53.142146299093504 ], [ 4.8188701, 53.142145099093511 ], [ 4.8189218, 53.142138999093511 ], [ 4.8189285, 53.142124199093509 ], [ 4.8189311, 53.142098799093503 ], [ 4.8189472, 53.142074299093501 ], [ 4.818958, 53.142039699093502 ], [ 4.8189405, 53.141993799093498 ], [ 4.8188809, 53.141941499093484 ], [ 4.8187997, 53.141910999093497 ], [ 4.8187494, 53.14188849909349 ], [ 4.8187119, 53.141874799093479 ], [ 4.8186649, 53.141882799093501 ], [ 4.8186522, 53.141906099093497 ], [ 4.8186301, 53.141927099093493 ], [ 4.8185858, 53.1419318990935 ], [ 4.8185355, 53.141929899093491 ], [ 4.8184852, 53.141917399093472 ], [ 4.8184591, 53.141892899093492 ], [ 4.8184597, 53.141846999093488 ], [ 4.8184517, 53.14179669909349 ], [ 4.8184416, 53.1417701990935 ], [ 4.8184195, 53.141743699093482 ], [ 4.818396, 53.141721099093488 ], [ 4.8183592, 53.141704599093458 ], [ 4.8183337, 53.141693399093477 ], [ 4.8183216, 53.141676099093459 ], [ 4.8183129, 53.141639499093486 ], [ 4.8183317, 53.141620999093469 ], [ 4.8183397, 53.141602899093463 ], [ 4.8183136, 53.141582799093477 ], [ 4.818276, 53.141571099093476 ], [ 4.8182378, 53.141547399093469 ], [ 4.8182351, 53.141532099093467 ], [ 4.8182378, 53.141510399093477 ], [ 4.8182264, 53.141489399093452 ], [ 4.8182096, 53.141468899093482 ], [ 4.8182036, 53.141452399093453 ], [ 4.8182023, 53.141427899093465 ], [ 4.8181989, 53.14141949909348 ], [ 4.8181855, 53.14142189909348 ], [ 4.81816, 53.141442799093454 ], [ 4.8181292, 53.141451599093486 ], [ 4.8181064, 53.141444399093473 ], [ 4.8180909, 53.141421099093471 ], [ 4.8180789, 53.141402599093453 ], [ 4.8180567, 53.141392499093449 ], [ 4.8180427, 53.141377599093474 ], [ 4.8180561, 53.141363099093475 ], [ 4.8180688, 53.141349899093463 ], [ 4.818046, 53.141333399093469 ], [ 4.818036, 53.141312899093471 ], [ 4.8180474, 53.141303199093471 ], [ 4.8180795, 53.141302399093455 ], [ 4.8180883, 53.141289899093458 ], [ 4.8180909, 53.141306399093459 ], [ 4.8180574, 53.141309699093469 ], [ 4.8180541, 53.141318099093461 ], [ 4.8180628, 53.141330199093467 ], [ 4.8180775, 53.14133899909347 ], [ 4.8180842, 53.141353099093472 ], [ 4.8180708, 53.141364799093459 ], [ 4.8180608, 53.141374399093458 ], [ 4.8180762, 53.141388099093483 ], [ 4.8181003, 53.141400599093473 ], [ 4.8181144, 53.141424699093484 ], [ 4.8181184, 53.141435499093468 ], [ 4.8181419, 53.141431499093471 ], [ 4.8181647, 53.141417799093468 ], [ 4.8181781, 53.141400999093456 ], [ 4.8182063, 53.141402599093453 ], [ 4.8182217, 53.141417799093468 ], [ 4.818217, 53.141439599093466 ], [ 4.8182284, 53.141462899093469 ], [ 4.8182512, 53.14149909909348 ], [ 4.8182579, 53.14152439909347 ], [ 4.8182559, 53.141539299093473 ], [ 4.8182787, 53.141566299093483 ], [ 4.8183243, 53.141575499093477 ], [ 4.8183585, 53.141577099093489 ], [ 4.8183706, 53.141591599093481 ], [ 4.8183672, 53.141613699093476 ], [ 4.8183478, 53.141636699093468 ], [ 4.8183344, 53.141653599093473 ], [ 4.8183504, 53.14168169909351 ], [ 4.8183893, 53.141698199093483 ], [ 4.8184443, 53.141733599093477 ], [ 4.8184765, 53.141774999093478 ], [ 4.8184819, 53.141812399093475 ], [ 4.8184732, 53.141850599093488 ], [ 4.8184846, 53.141884399093492 ], [ 4.818508, 53.141903699093497 ], [ 4.8185462, 53.141914599093482 ], [ 4.8185838, 53.141916599093491 ], [ 4.8186133, 53.141904899093475 ], [ 4.8186368, 53.141877999093481 ], [ 4.8186596, 53.141859099093494 ], [ 4.8187005, 53.141859499093492 ], [ 4.8187293, 53.141864299093506 ], [ 4.8187762, 53.141881999093499 ], [ 4.8188145, 53.141897299093472 ], [ 4.8188842, 53.141927099093493 ], [ 4.8189137, 53.141948399093494 ], [ 4.8189345, 53.141972499093491 ], [ 4.8189687, 53.14200149909351 ], [ 4.8189955, 53.142028799093474 ], [ 4.8189995, 53.142062199093502 ], [ 4.8189915, 53.142095199093497 ], [ 4.8190049, 53.142120499093522 ], [ 4.8190438, 53.142123299093491 ], [ 4.8191041, 53.142107699093501 ], [ 4.819135, 53.142105199093514 ], [ 4.8191732, 53.142112899093519 ], [ 4.8192061, 53.142110099093507 ], [ 4.8192993, 53.142086299093499 ], [ 4.8194414, 53.142043699093492 ], [ 4.8194656, 53.142017199093502 ], [ 4.819475, 53.142009099093507 ], [ 4.8194696, 53.141970499093489 ], [ 4.8194978, 53.141932699093495 ], [ 4.8195715, 53.141893299093489 ], [ 4.8196292, 53.141873199093503 ], [ 4.8196533, 53.141864299093506 ], [ 4.8196547, 53.141832099093506 ], [ 4.8196051, 53.141795099093493 ], [ 4.8195554, 53.141766199093503 ], [ 4.8194736, 53.141743699093482 ], [ 4.8193918, 53.141722699093478 ], [ 4.8193596, 53.141676099093459 ], [ 4.819373, 53.141628599093487 ], [ 4.8193744, 53.141581999093496 ], [ 4.8192979, 53.141532099093467 ], [ 4.8192108, 53.141497499093489 ], [ 4.8191477, 53.141475799093463 ], [ 4.81907, 53.14140739909346 ], [ 4.8189855, 53.141377599093474 ], [ 4.8189197, 53.141354299093457 ], [ 4.8188259, 53.141319699093458 ], [ 4.8187977, 53.141296399093477 ], [ 4.8188098, 53.141227199093464 ], [ 4.8188232, 53.141198999093447 ], [ 4.8188071, 53.141163599093453 ], [ 4.8187508, 53.141120999093459 ], [ 4.8186797, 53.141091999093447 ], [ 4.818555, 53.141032499093448 ], [ 4.8185442, 53.141010799093451 ], [ 4.8185737, 53.140974599093461 ], [ 4.8186354, 53.140957699093455 ], [ 4.8186649, 53.140948899093431 ], [ 4.818673, 53.140930299093462 ], [ 4.8186596, 53.140906199093436 ], [ 4.8185845, 53.140869999093447 ], [ 4.8185308, 53.140841099093464 ], [ 4.8185094, 53.140830599093448 ], [ 4.8183753, 53.140783899093456 ], [ 4.8182371, 53.140743699093434 ], [ 4.8183592, 53.140759799093416 ], [ 4.8185214, 53.140798399093448 ], [ 4.8185509, 53.140777499093446 ], [ 4.8185241, 53.140722799093432 ], [ 4.8184812, 53.140673699093426 ], [ 4.8183806, 53.140593299093425 ], [ 4.8183699, 53.140555499093416 ], [ 4.8183659, 53.140456499093411 ], [ 4.8183458, 53.140400999093416 ], [ 4.8183645, 53.140362399093419 ], [ 4.818394, 53.140363999093417 ], [ 4.8184369, 53.140410699093422 ], [ 4.818445, 53.140457299093427 ], [ 4.8184651, 53.140489499093434 ], [ 4.8184825, 53.140454099093411 ], [ 4.8184369, 53.140352699093413 ], [ 4.8184477, 53.140317299093418 ], [ 4.8184597, 53.140281899093402 ], [ 4.818382, 53.140226399093422 ], [ 4.8183726, 53.140208699093414 ], [ 4.8183538, 53.140182999093398 ], [ 4.8183471, 53.140158099093412 ], [ 4.8183484, 53.140128299093391 ], [ 4.8183605, 53.140092899093403 ], [ 4.8183498, 53.140035799093383 ], [ 4.8183176, 53.139982699093402 ], [ 4.8183122, 53.139944899093393 ], [ 4.8183216, 53.139922299093392 ], [ 4.8182854, 53.139888599093368 ], [ 4.8182948, 53.139863599093403 ], [ 4.8182867, 53.139824199093383 ], [ 4.8182747, 53.139782399093399 ], [ 4.8182854, 53.139738899093381 ], [ 4.8182653, 53.139697099093389 ], [ 4.8182237, 53.139683399093386 ], [ 4.8181795, 53.139663299093399 ], [ 4.8181848, 53.139632699093376 ], [ 4.8182157, 53.139588499093378 ], [ 4.8182666, 53.139552299093374 ], [ 4.8182921, 53.13948629909337 ], [ 4.8183203, 53.139476699093372 ], [ 4.8183605, 53.139479899093374 ], [ 4.8183538, 53.139398599093376 ], [ 4.818331, 53.139359199093398 ], [ 4.8183122, 53.139303699093396 ], [ 4.8183323, 53.139265099093379 ], [ 4.8183565, 53.139227299093371 ], [ 4.8183887, 53.139199899093356 ], [ 4.8184584, 53.13918379909336 ], [ 4.8184973, 53.139181399093353 ], [ 4.8185335, 53.139189499093369 ], [ 4.8185952, 53.139187899093351 ], [ 4.8186529, 53.139187899093351 ], [ 4.8186918, 53.139193499093359 ], [ 4.8187186, 53.139206399093382 ], [ 4.8187293, 53.139226499093354 ], [ 4.8187374, 53.139258599093367 ], [ 4.8188762, 53.139318599093379 ], [ 4.8189197, 53.139345499093366 ], [ 4.8189539, 53.139363199093353 ], [ 4.8189828, 53.139367699093377 ], [ 4.8189895, 53.139346299093361 ], [ 4.8189721, 53.139316999093381 ], [ 4.818962, 53.139286399093379 ], [ 4.8189741, 53.139269499093373 ], [ 4.8190036, 53.139271899093366 ], [ 4.8189928, 53.139246199093378 ], [ 4.8189902, 53.139211599093358 ], [ 4.8189888, 53.139183399093369 ], [ 4.8189908, 53.139155699093358 ], [ 4.8190083, 53.139141999093368 ], [ 4.8190954, 53.139135199093367 ], [ 4.819139, 53.139123899093356 ], [ 4.8191732, 53.13909819909334 ], [ 4.8191866, 53.139075999093357 ], [ 4.8191806, 53.139055499093359 ], [ 4.8191363, 53.139035399093352 ], [ 4.8190914, 53.139000399093341 ], [ 4.819084, 53.138969399093355 ], [ 4.819078, 53.138926799093355 ], [ 4.8191041, 53.138970599093348 ], [ 4.8191035, 53.138997599093372 ], [ 4.8191504, 53.139028199093346 ], [ 4.8191853, 53.139049499093368 ], [ 4.8191987, 53.139063199093378 ], [ 4.8191953, 53.139094499093346 ], [ 4.8191632, 53.139119899093359 ], [ 4.8191397, 53.139137999093364 ], [ 4.8190901, 53.139147199093365 ], [ 4.8190418, 53.13915249909337 ], [ 4.819017, 53.139161699093378 ], [ 4.8190143, 53.139182199093355 ], [ 4.8190069, 53.139220399093361 ], [ 4.819019, 53.13924539909334 ], [ 4.8190478, 53.139265899093374 ], [ 4.8190881, 53.139271099093371 ], [ 4.819143, 53.139272699093361 ], [ 4.8191766, 53.139281199093368 ], [ 4.8191927, 53.139296899093367 ], [ 4.8192416, 53.139311299093364 ], [ 4.819312, 53.139321399093355 ], [ 4.8193415, 53.139316199093365 ], [ 4.8193851, 53.139331499093366 ], [ 4.8193382, 53.139331899093357 ], [ 4.8193053, 53.139332699093352 ], [ 4.8192557, 53.139326599093387 ], [ 4.8191927, 53.13930969909336 ], [ 4.8191652, 53.139297299093364 ], [ 4.8191055, 53.139287599093372 ], [ 4.8190505, 53.13928839909336 ], [ 4.8190103, 53.139298899093362 ], [ 4.8190197, 53.139320999093378 ], [ 4.8190425, 53.139345499093366 ], [ 4.8190518, 53.139392999093367 ], [ 4.8190418, 53.139411499093377 ], [ 4.8189948, 53.139417099093365 ], [ 4.8189338, 53.139400999093382 ], [ 4.8188487, 53.139346699093352 ], [ 4.8187146, 53.139278799093368 ], [ 4.8186783, 53.139258599093367 ], [ 4.8186415, 53.13921399909335 ], [ 4.8186053, 53.139203899093367 ], [ 4.8185476, 53.139210799093377 ], [ 4.8184852, 53.139213199093369 ], [ 4.8184155, 53.139218799093378 ], [ 4.8183813, 53.139228499093363 ], [ 4.8183672, 53.139254199093379 ], [ 4.8183565, 53.139289199093369 ], [ 4.8183605, 53.139342299093393 ], [ 4.8183853, 53.139382499093387 ], [ 4.818396, 53.139432799093377 ], [ 4.8184007, 53.139474699093384 ], [ 4.8184215, 53.13950479909338 ], [ 4.8184685, 53.139506799093382 ], [ 4.8184946, 53.139476699093372 ], [ 4.8185677, 53.139475099093367 ], [ 4.818561, 53.139506399093378 ], [ 4.8185188, 53.139530199093393 ], [ 4.8184705, 53.139528599093381 ], [ 4.8184074, 53.139514899093378 ], [ 4.8183652, 53.139532599093407 ], [ 4.8182908, 53.13958329909336 ], [ 4.8182465, 53.139600999093382 ], [ 4.8182237, 53.139625099093379 ], [ 4.8182653, 53.139657299093386 ], [ 4.8183109, 53.139686999093385 ], [ 4.8183471, 53.139733299093393 ], [ 4.8183974, 53.139730499093382 ], [ 4.8184155, 53.139744599093383 ], [ 4.8183753, 53.139774299093396 ], [ 4.8183786, 53.139797699093371 ], [ 4.8183645, 53.139830199093382 ], [ 4.8183954, 53.139903799093389 ], [ 4.8184101, 53.139935999093403 ], [ 4.8184142, 53.139972999093395 ], [ 4.8184609, 53.140030499093413 ], [ 4.818508, 53.140116499093416 ], [ 4.8185657, 53.140192299093407 ], [ 4.8185918, 53.140211199093415 ], [ 4.8185603, 53.14022439909342 ], [ 4.8185295, 53.140244499093427 ], [ 4.8185154, 53.140274299093399 ], [ 4.8185107, 53.140303699093415 ], [ 4.8185027, 53.140371599093427 ], [ 4.8185335, 53.140465399093401 ], [ 4.818563, 53.140492699093429 ], [ 4.8185483, 53.140458899093417 ], [ 4.8185456, 53.140392199093426 ], [ 4.8185682, 53.140406399093415 ], [ 4.8185939, 53.140467799093422 ], [ 4.8186569, 53.140501599093419 ], [ 4.8187119, 53.140553099093417 ], [ 4.8187233, 53.140583999093415 ], [ 4.8187588, 53.14060819909345 ], [ 4.8188037, 53.140625899093422 ], [ 4.8188507, 53.140660899093419 ], [ 4.8188581, 53.140695399093453 ], [ 4.8188185, 53.140760599093426 ], [ 4.8187561, 53.14079039909344 ], [ 4.818732, 53.14082259909344 ], [ 4.818728, 53.140870799093442 ], [ 4.8187307, 53.140905399093441 ], [ 4.8187347, 53.140950499093456 ], [ 4.8187159, 53.140964899093447 ], [ 4.8186502, 53.140980199093462 ], [ 4.8186193, 53.140995499093428 ], [ 4.8186032, 53.141021299093438 ], [ 4.818669, 53.141050199093478 ], [ 4.818783, 53.141092899093451 ], [ 4.8188312, 53.141128199093437 ], [ 4.81885, 53.141161199093453 ], [ 4.8188554, 53.141189399093463 ], [ 4.81885, 53.141227999093466 ], [ 4.8188446, 53.141258599093462 ], [ 4.81885, 53.141288299093475 ], [ 4.8188956, 53.141314099093485 ], [ 4.8189493, 53.141333399093469 ], [ 4.8190404, 53.141354299093457 ], [ 4.8191236, 53.141382499093481 ], [ 4.8192081, 53.141417799093468 ], [ 4.8193046, 53.141467699093468 ], [ 4.8193999, 53.141497499093489 ], [ 4.8193865, 53.141456499093472 ], [ 4.8192765, 53.14134299909346 ], [ 4.8191759, 53.141252099093471 ], [ 4.8191129, 53.141211099093468 ], [ 4.8190834, 53.141172499093457 ], [ 4.81907, 53.141132299093471 ], [ 4.8189627, 53.141083999093453 ], [ 4.8189023, 53.141051799093468 ], [ 4.8188876, 53.141021299093438 ], [ 4.8189104, 53.140992299093455 ], [ 4.8189425, 53.140982599093441 ], [ 4.8189358, 53.141028499093451 ], [ 4.8189761, 53.141058299093459 ], [ 4.8190311, 53.141070299093457 ], [ 4.819129, 53.141109699093462 ], [ 4.8191477, 53.141144299093462 ], [ 4.8191772, 53.141172499093457 ], [ 4.8192269, 53.141227199093464 ], [ 4.8193409, 53.141336599093471 ], [ 4.8194736, 53.141472599093476 ], [ 4.8194844, 53.141504699093453 ], [ 4.8194828, 53.141531399093452 ], [ 4.8195447, 53.14156269909347 ], [ 4.8195715, 53.141594799093468 ], [ 4.8195675, 53.141647899093485 ], [ 4.819593, 53.141685699093486 ], [ 4.8196305, 53.141693399093477 ], [ 4.8197244, 53.141762199093499 ], [ 4.819774, 53.141793499093481 ], [ 4.8198102, 53.141832899093501 ], [ 4.819833, 53.141868299093488 ], [ 4.8198371, 53.141886799093484 ], [ 4.8198022, 53.141918999093484 ], [ 4.8197539, 53.141922999093481 ], [ 4.8196815, 53.1419197990935 ], [ 4.8196278, 53.141926299093477 ], [ 4.8195903, 53.14194319909349 ], [ 4.8195662, 53.141974499093493 ], [ 4.8196064, 53.141995399093489 ], [ 4.8196962, 53.142006699093514 ], [ 4.8198438, 53.142025999093512 ], [ 4.8199739, 53.142052599093496 ], [ 4.8201375, 53.142092799093504 ], [ 4.8202112, 53.142123299093491 ], [ 4.8203883, 53.142196599093509 ], [ 4.8205811, 53.142282099093521 ], [ 4.8209167, 53.142418599093517 ], [ 4.8211746, 53.142510799093515 ], [ 4.8212928, 53.142606799093521 ], [ 4.8214189, 53.142704599093548 ], [ 4.8216747, 53.142900099093545 ], [ 4.8216418, 53.142946799093529 ], [ 4.8217255, 53.143022999093539 ], [ 4.8219469, 53.143225799093564 ], [ 4.8220359, 53.143356099093559 ], [ 4.8221859, 53.143511199093567 ], [ 4.8222237, 53.143631799093576 ], [ 4.822228, 53.143756299093582 ], [ 4.82225, 53.143882999093591 ], [ 4.8223534, 53.144049099093586 ], [ 4.8223844, 53.144249899093623 ], [ 4.822306, 53.144397399093613 ], [ 4.8222765, 53.144474699093635 ], [ 4.8219842, 53.144781899093623 ], [ 4.8218608, 53.144862399093633 ], [ 4.821673, 53.145037699093649 ], [ 4.8216194, 53.145150299093636 ], [ 4.8216435, 53.145282299093665 ], [ 4.8218581, 53.145451199093664 ], [ 4.8219493, 53.145507499093668 ], [ 4.8220915, 53.14553319909367 ], [ 4.8226145, 53.145566999093681 ], [ 4.8229578, 53.14566839909368 ], [ 4.823108, 53.14570699909369 ], [ 4.823328, 53.14570699909369 ], [ 4.823454, 53.145698899093702 ], [ 4.8236773, 53.145607999093677 ], [ 4.8237868, 53.145516499093652 ], [ 4.8239448, 53.145356199093683 ], [ 4.8238859, 53.145304799093651 ], [ 4.8236176, 53.145007199093641 ], [ 4.8235479, 53.144920299093634 ], [ 4.8234996, 53.144826999093645 ], [ 4.8235667, 53.144590499093631 ], [ 4.823623, 53.144522899093637 ], [ 4.8235184, 53.144522099093628 ], [ 4.8232032, 53.144555899093618 ], [ 4.8231322, 53.144578399093625 ], [ 4.8230718, 53.144610599093625 ], [ 4.822939, 53.144711899093622 ], [ 4.8228653, 53.144818899093629 ], [ 4.8228452, 53.144863999093637 ], [ 4.8228894, 53.144958899093645 ], [ 4.8230369, 53.144966099093651 ], [ 4.8230933, 53.14500959909364 ], [ 4.8230959, 53.14505459909364 ], [ 4.8230262, 53.14508279909365 ], [ 4.8229189, 53.145074699093648 ], [ 4.8228358, 53.14500959909364 ], [ 4.8228036, 53.144943599093644 ], [ 4.8227969, 53.144887299093647 ], [ 4.8228022, 53.144819699093645 ], [ 4.8228385, 53.144756199093635 ], [ 4.8230745, 53.144558299093639 ], [ 4.8231643, 53.144522899093637 ], [ 4.8234956, 53.144495599093624 ], [ 4.8236176, 53.144474699093635 ], [ 4.8237102, 53.144387799093607 ], [ 4.823741, 53.144341099093623 ], [ 4.8236833, 53.144256699093617 ], [ 4.8236364, 53.144155299093605 ], [ 4.8236605, 53.144034699093574 ], [ 4.8237316, 53.143925199093587 ], [ 4.8238081, 53.143881799093585 ], [ 4.8240822, 53.143750499093585 ], [ 4.8242439, 53.143572599093574 ], [ 4.8241105, 53.143530199093576 ], [ 4.8240414, 53.143448199093569 ], [ 4.8239639, 53.143269799093545 ], [ 4.8239636, 53.143113599093553 ], [ 4.8241246, 53.142743599093542 ], [ 4.82427, 53.142662999093531 ], [ 4.8243951, 53.142568099093509 ], [ 4.8246118, 53.14247019909353 ], [ 4.8245135, 53.142284199093517 ], [ 4.824378, 53.142264899093504 ], [ 4.8242654, 53.142272999093514 ], [ 4.8242265, 53.142267299093518 ], [ 4.8241487, 53.142243199093507 ], [ 4.8241152, 53.142251299093516 ], [ 4.824083, 53.142273799093516 ], [ 4.8240267, 53.1422833990935 ], [ 4.8239516, 53.142271399093524 ], [ 4.8238631, 53.142265699093521 ], [ 4.8237075, 53.142273799093516 ], [ 4.8236673, 53.142268999093503 ], [ 4.8235439, 53.142241599093488 ], [ 4.8233065, 53.142229099093498 ], [ 4.8231912, 53.142197399093504 ], [ 4.823161, 53.142185299093484 ], [ 4.8231402, 53.142189299093516 ], [ 4.8231134, 53.142200599093513 ], [ 4.8230738, 53.142198199093507 ], [ 4.823045, 53.142182899093513 ], [ 4.822998, 53.142135399093519 ], [ 4.8229659, 53.142116899093494 ], [ 4.8229317, 53.1421148990935 ], [ 4.8228874, 53.142123699093517 ], [ 4.822766, 53.1421148990935 ], [ 4.8226782, 53.142120099093503 ], [ 4.8226473, 53.142110499093505 ], [ 4.8226333, 53.142099199093508 ], [ 4.822591, 53.142107299093503 ], [ 4.8225642, 53.142099199093508 ], [ 4.8225494, 53.142072699093518 ], [ 4.8225079, 53.142027199093498 ], [ 4.822414, 53.141996599093495 ], [ 4.8223751, 53.141973699093498 ], [ 4.8222792, 53.14188969909349 ], [ 4.8222578, 53.141860699093499 ], [ 4.8221599, 53.141845399093484 ], [ 4.8220365, 53.141817299093482 ], [ 4.8222242, 53.14184779909349 ], [ 4.8222698, 53.141849399093495 ], [ 4.8222873, 53.141857899093495 ], [ 4.8222913, 53.141880399093509 ], [ 4.8223121, 53.141904899093475 ], [ 4.822412, 53.141983399093512 ], [ 4.8224375, 53.141994199093503 ], [ 4.8224985, 53.142011499093499 ], [ 4.8225293, 53.142025599093493 ], [ 4.8225501, 53.142049699093498 ], [ 4.8225642, 53.142079499093491 ], [ 4.8225823, 53.142094799093499 ], [ 4.8225964, 53.142092399093492 ], [ 4.8226192, 53.142080299093507 ], [ 4.8226473, 53.142085099093499 ], [ 4.8226594, 53.142100799093498 ], [ 4.8226862, 53.142112899093519 ], [ 4.8227265, 53.142106099093503 ], [ 4.8228706, 53.142113699093514 ], [ 4.822939, 53.142096399093496 ], [ 4.8229692, 53.142098799093503 ], [ 4.8229913, 53.1421112990935 ], [ 4.8230611, 53.142178899093494 ], [ 4.8230785, 53.142184499093496 ], [ 4.8231409, 53.142172399093482 ], [ 4.8231744, 53.142178899093494 ], [ 4.8232636, 53.142210199093505 ], [ 4.8233642, 53.142225099093508 ], [ 4.8235191, 53.142226699093499 ], [ 4.8235694, 53.142230299093512 ], [ 4.8237088, 53.142263699093505 ], [ 4.8237511, 53.14225809909351 ], [ 4.82391, 53.142254499093518 ], [ 4.8240193, 53.142265699093521 ], [ 4.8240669, 53.14226169909351 ], [ 4.8241219, 53.142236399093512 ], [ 4.8241521, 53.142233599093515 ], [ 4.8241762, 53.142235199093513 ], [ 4.8242044, 53.142245999093525 ], [ 4.8242453, 53.142252499093516 ], [ 4.8243351, 53.142239599093521 ], [ 4.8243955, 53.142239999093512 ], [ 4.8244545, 53.142249999093508 ], [ 4.8245101, 53.142264899093504 ], [ 4.8245557, 53.142262499093505 ], [ 4.8245926, 53.142245599093535 ], [ 4.8246181, 53.142202199093504 ], [ 4.8246127, 53.1421313990935 ], [ 4.8246181, 53.142055799093498 ], [ 4.8246288, 53.142030799093504 ], [ 4.8246771, 53.142000299093503 ], [ 4.8247267, 53.141977699093481 ], [ 4.8247844, 53.141937499093487 ], [ 4.8247951, 53.141896499093498 ], [ 4.8247924, 53.141868299093488 ], [ 4.8247723, 53.14180159909349 ], [ 4.8247133, 53.141766999093491 ], [ 4.8245296, 53.141709099093482 ], [ 4.8243378, 53.141664799093483 ], [ 4.8241635, 53.141631799093496 ], [ 4.8240884, 53.141606099093472 ], [ 4.8240454, 53.141578699093479 ], [ 4.8240441, 53.141469399093474 ], [ 4.8240059, 53.141445699093488 ], [ 4.8239864, 53.141424699093484 ], [ 4.8239509, 53.141405699093475 ], [ 4.823906, 53.141401799093458 ], [ 4.8238121, 53.141368799093456 ], [ 4.823678, 53.141329399093451 ], [ 4.8234701, 53.141287499093465 ], [ 4.8234071, 53.141263399093454 ], [ 4.8233508, 53.141223999093448 ], [ 4.8232958, 53.141195799093445 ], [ 4.8231724, 53.141142699093443 ], [ 4.8231415, 53.141115399093451 ], [ 4.8230852, 53.141076799093462 ], [ 4.822927, 53.140985099093456 ], [ 4.8228854, 53.140952899093463 ], [ 4.8225877, 53.14084669909343 ], [ 4.8225756, 53.140830599093448 ], [ 4.8225796, 53.140802399093438 ], [ 4.8224522, 53.14076299909344 ], [ 4.8223557, 53.140708299093433 ], [ 4.8222242, 53.140653599093433 ], [ 4.8222028, 53.140622999093431 ], [ 4.8221491, 53.140605299093423 ], [ 4.8219413, 53.140555099093412 ], [ 4.8218219, 53.140511599093443 ], [ 4.821785, 53.140485499093437 ], [ 4.8217669, 53.140458899093417 ], [ 4.8217729, 53.140437199093434 ], [ 4.8217998, 53.140416299093424 ], [ 4.8218071, 53.140394199093421 ], [ 4.8217978, 53.140354799093423 ], [ 4.8218004, 53.140329399093417 ], [ 4.8218253, 53.140303699093415 ], [ 4.8218568, 53.140283999093405 ], [ 4.8218762, 53.140259399093416 ], [ 4.8218413, 53.140244099093408 ], [ 4.8216623, 53.140221199093396 ], [ 4.8214792, 53.140246199093397 ], [ 4.8213699, 53.140241299093411 ], [ 4.8213197, 53.140216399093426 ], [ 4.8213056, 53.140192699093411 ], [ 4.8213988, 53.140232499093415 ], [ 4.8215235, 53.140230899093403 ], [ 4.8215999, 53.140213199093409 ], [ 4.8217186, 53.140213999093405 ], [ 4.8217877, 53.140217999093416 ], [ 4.8218447, 53.140232499093415 ], [ 4.8218789, 53.140246999093414 ], [ 4.821895, 53.140260199093397 ], [ 4.821903, 53.14027949909341 ], [ 4.8218923, 53.140297599093408 ], [ 4.8218501, 53.140317699093409 ], [ 4.821838, 53.140331399093419 ], [ 4.8218434, 53.140375699093411 ], [ 4.8218688, 53.140401399093427 ], [ 4.8218836, 53.140439999093417 ], [ 4.8218735, 53.140489899093431 ], [ 4.8219111, 53.140512399093424 ], [ 4.8221974, 53.140569899093421 ], [ 4.8222738, 53.140593299093425 ], [ 4.8225032, 53.140713099093425 ], [ 4.8225883, 53.140751399093439 ], [ 4.8229585, 53.140888099093452 ], [ 4.8230034, 53.14091589909345 ], [ 4.8230457, 53.14093239909343 ], [ 4.8231308, 53.140942399093447 ], [ 4.8231818, 53.140965699093449 ], [ 4.8232408, 53.141007599093449 ], [ 4.8233092, 53.141046199093466 ], [ 4.8234205, 53.141063899093439 ], [ 4.8234956, 53.141070299093457 ], [ 4.8236002, 53.141092899093451 ], [ 4.8237102, 53.141128199093437 ], [ 4.8238268, 53.141211899093463 ], [ 4.8239261, 53.141258599093462 ], [ 4.8239864, 53.141281899093464 ], [ 4.8240428, 53.141297199093472 ], [ 4.824075, 53.14132049909346 ], [ 4.8240803, 53.14133899909347 ], [ 4.8240454, 53.141334199093457 ], [ 4.8240548, 53.141363999093464 ], [ 4.824146, 53.141440399093455 ], [ 4.8242131, 53.141450799093462 ], [ 4.8242654, 53.141478199093477 ], [ 4.8242976, 53.141509599093467 ], [ 4.824378, 53.141570699093457 ], [ 4.8243807, 53.141582799093477 ], [ 4.8243324, 53.141590799093471 ], [ 4.8242573, 53.141580299093476 ], [ 4.8242064, 53.141558599093472 ], [ 4.8241648, 53.141519199093466 ], [ 4.8241045, 53.141490299093491 ], [ 4.8240924, 53.141555399093484 ], [ 4.8241125, 53.141584399093475 ], [ 4.8241889, 53.141606899093468 ], [ 4.8242775, 53.14161249909349 ], [ 4.8246047, 53.141700199093492 ], [ 4.8247495, 53.141746899093484 ], [ 4.8247911, 53.141769399093491 ], [ 4.8248206, 53.141795099093493 ], [ 4.824838, 53.14182889909349 ], [ 4.8248474, 53.141867499093479 ], [ 4.8248327, 53.141934299093521 ], [ 4.824779, 53.142004299093507 ], [ 4.8247442, 53.142026799093507 ], [ 4.8247012, 53.142043699093492 ], [ 4.8246771, 53.142062999093504 ], [ 4.8246784, 53.142186099093507 ], [ 4.8246208, 53.14230429909351 ], [ 4.8246275, 53.142338899093524 ], [ 4.824643, 53.142367399093509 ], [ 4.8246664, 53.142410499093508 ], [ 4.8247442, 53.142498199093517 ], [ 4.8249212, 53.142474899093529 ], [ 4.8250955, 53.14252799909351 ], [ 4.8252431, 53.142589099093534 ], [ 4.825522, 53.142775699093534 ], [ 4.8256347, 53.142827199093531 ], [ 4.8257312, 53.142835299093555 ], [ 4.8258428, 53.14280179909354 ], [ 4.8259196, 53.142767899093535 ], [ 4.8259774, 53.142727199093528 ], [ 4.8259914, 53.142702499093531 ], [ 4.8259921, 53.142650299093546 ], [ 4.8259673, 53.142593099093524 ], [ 4.8258546, 53.142495799093524 ], [ 4.8258251, 53.142448299093502 ], [ 4.8258305, 53.142383199093494 ], [ 4.8258707, 53.142327699093499 ], [ 4.8259002, 53.142295499093514 ], [ 4.8258573, 53.14241619909351 ], [ 4.8258962, 53.142503799093525 ], [ 4.825986, 53.142589099093534 ], [ 4.826045, 53.142610799093532 ], [ 4.826096, 53.142610799093532 ], [ 4.8261101, 53.142599799093539 ], [ 4.8261541, 53.142575199093521 ], [ 4.8262259, 53.142503699093531 ], [ 4.8262403, 53.142442499093505 ], [ 4.8262623, 53.142375899093508 ], [ 4.8262234, 53.142296299093516 ], [ 4.8263508, 53.142417799093522 ], [ 4.8263803, 53.142461199093525 ], [ 4.8263897, 53.142516699093534 ], [ 4.8263803, 53.142572199093529 ], [ 4.8263468, 53.142624499093536 ], [ 4.8263401, 53.142753999093522 ], [ 4.8263508, 53.142773299093541 ], [ 4.8263776, 53.142785399093533 ], [ 4.826379, 53.142804699093546 ], [ 4.8263508, 53.142816799093545 ], [ 4.8263186, 53.142840099093547 ], [ 4.8263293, 53.142898799093537 ], [ 4.8263535, 53.142951099093544 ], [ 4.8263736, 53.143036399093546 ], [ 4.8264045, 53.143107199093556 ], [ 4.8264661, 53.143154599093549 ], [ 4.8265359, 53.143182799093552 ], [ 4.8265976, 53.143192399093543 ], [ 4.8266324, 53.143176299093554 ], [ 4.8266673, 53.143219799093544 ], [ 4.8268041, 53.143337199093551 ], [ 4.8270106, 53.143430499093554 ], [ 4.827193, 53.143476399093572 ], [ 4.8272641, 53.143479599093581 ], [ 4.8273486, 53.143453099093577 ], [ 4.8274304, 53.143374999093567 ], [ 4.8274438, 53.143321899093543 ], [ 4.8274478, 53.143264799093565 ], [ 4.8275055, 53.14321169909357 ], [ 4.8275551, 53.143173099093559 ], [ 4.8275844, 53.14315649909355 ], [ 4.8276819, 53.143153799093554 ], [ 4.827757, 53.143113999093543 ], [ 4.8278233, 53.143066099093538 ], [ 4.8279494, 53.142985699093536 ], [ 4.8280084, 53.142970399093564 ], [ 4.8280339, 53.142959099093552 ], [ 4.8281211, 53.143006599093553 ], [ 4.8281707, 53.143038799093539 ], [ 4.8281935, 53.143057299093563 ], [ 4.8283102, 53.143114399093541 ], [ 4.8282324, 53.143090299093558 ], [ 4.8281761, 53.143093499093567 ], [ 4.8281439, 53.14311759909355 ], [ 4.8281063, 53.14317069909356 ], [ 4.8280781, 53.143217399093544 ], [ 4.8280151, 53.143312299093566 ], [ 4.8280446, 53.143328399093562 ], [ 4.8281305, 53.143362999093554 ], [ 4.8282216, 53.143372599093567 ], [ 4.8282216, 53.143333999093578 ], [ 4.8282349, 53.143311199093574 ], [ 4.8282404, 53.143301799093557 ], [ 4.8283021, 53.143265599093567 ], [ 4.8283665, 53.143255199093559 ], [ 4.8284684, 53.143266399093555 ], [ 4.8285744, 53.143297799093574 ], [ 4.8286696, 53.143339599093551 ], [ 4.828683, 53.143338799093556 ], [ 4.8286642, 53.143283299093568 ], [ 4.8286213, 53.143257599093573 ], [ 4.8286025, 53.143235099093552 ], [ 4.8287085, 53.143246299093548 ], [ 4.82875, 53.143272099093551 ], [ 4.8287541, 53.143315499093561 ], [ 4.8287205, 53.143362199093559 ], [ 4.8287594, 53.143415299093569 ], [ 4.8288225, 53.143468299093577 ], [ 4.828857, 53.143476899093578 ], [ 4.8288506, 53.143516599093566 ], [ 4.8289673, 53.143559999093583 ], [ 4.8289981, 53.143578599093566 ], [ 4.8291939, 53.143621999093568 ], [ 4.8292315, 53.143663799093581 ], [ 4.8293019, 53.143683899093581 ], [ 4.8293495, 53.143680299093582 ], [ 4.8293623, 53.14364089909359 ], [ 4.8295721, 53.143688799093582 ], [ 4.8296231, 53.143712099093598 ], [ 4.8295547, 53.143782099093585 ], [ 4.8295252, 53.14383029909358 ], [ 4.8295091, 53.143846399093583 ], [ 4.8295293, 53.143855199093608 ], [ 4.8295923, 53.143882599093573 ], [ 4.8295882, 53.143917199093586 ], [ 4.8295668, 53.143963899093613 ], [ 4.8296459, 53.144095799093606 ], [ 4.829666, 53.144143199093612 ], [ 4.8296794, 53.144197099093624 ], [ 4.8297559, 53.144287199093618 ], [ 4.8297197, 53.144290399093599 ], [ 4.8296419, 53.14431139909361 ], [ 4.829666, 53.14434509909362 ], [ 4.8296821, 53.144386199093603 ], [ 4.8296982, 53.144603399093633 ], [ 4.829666, 53.144630699093625 ], [ 4.8296526, 53.144683799093642 ], [ 4.8296835, 53.144722399093617 ], [ 4.8296741, 53.144746499093621 ], [ 4.8296057, 53.144813299093627 ], [ 4.8295064, 53.144803599093642 ], [ 4.8294662, 53.144818899093629 ], [ 4.829426, 53.14485269909364 ], [ 4.8293482, 53.144892899093655 ], [ 4.8292865, 53.144960499093642 ], [ 4.829265, 53.144994299093639 ], [ 4.8292288, 53.145018399093637 ], [ 4.8291618, 53.145043399093645 ], [ 4.8291188, 53.145052199093627 ], [ 4.8290437, 53.145077899093629 ], [ 4.8289874, 53.145073099093651 ], [ 4.8289405, 53.145111699093647 ], [ 4.8288976, 53.145137499093629 ], [ 4.8288386, 53.14513989909365 ], [ 4.8287769, 53.145137499093629 ], [ 4.8287232, 53.145159999093643 ], [ 4.8286682, 53.145211499093676 ], [ 4.8286964, 53.145246899093642 ], [ 4.8286347, 53.14522189909367 ], [ 4.8286133, 53.145192199093643 ], [ 4.8285677, 53.145186499093654 ], [ 4.8285167, 53.145220299093666 ], [ 4.8284872, 53.145250099093666 ], [ 4.8284148, 53.145255699093653 ], [ 4.8282634, 53.145299299093658 ], [ 4.8282565, 53.145341799093657 ], [ 4.8281653, 53.145302399093644 ], [ 4.828117, 53.145303199093654 ], [ 4.8280419, 53.14529189909365 ], [ 4.8279802, 53.145301599093656 ], [ 4.8279293, 53.145304799093651 ], [ 4.8279025, 53.145290299093645 ], [ 4.8278287, 53.14528059909366 ], [ 4.8277147, 53.145277399093651 ], [ 4.8276359, 53.145283299093663 ], [ 4.827539, 53.145258099093638 ], [ 4.8274881, 53.14520019909363 ], [ 4.8274197, 53.145183299093659 ], [ 4.8274009, 53.145165599093644 ], [ 4.8274063, 53.145109299093669 ], [ 4.8273607, 53.145066699093647 ], [ 4.8272802, 53.145040099093649 ], [ 4.82724, 53.145053799093667 ], [ 4.8272145, 53.145132599093643 ], [ 4.8271997, 53.145158399093646 ], [ 4.8271541, 53.145129399093648 ], [ 4.8271367, 53.145102099093648 ], [ 4.8271622, 53.145051399093653 ], [ 4.8271582, 53.145033699093645 ], [ 4.8271085, 53.14503289909365 ], [ 4.8270133, 53.145018399093637 ], [ 4.8269342, 53.145019999093634 ], [ 4.8268618, 53.145052199093627 ], [ 4.826784, 53.145099699093663 ], [ 4.8267625, 53.145137499093629 ], [ 4.8267692, 53.145195399093659 ], [ 4.8268014, 53.14526299909366 ], [ 4.8268376, 53.145295099093651 ], [ 4.8268872, 53.145306399093649 ], [ 4.8269288, 53.14524199909367 ], [ 4.8269463, 53.145266199093662 ], [ 4.8269449, 53.145306399093649 ], [ 4.8269664, 53.145364299093664 ], [ 4.8269583, 53.145395699093662 ], [ 4.8269396, 53.145433499093663 ], [ 4.8268966, 53.14538759909366 ], [ 4.8268832, 53.145364299093664 ], [ 4.8268417, 53.14533049909366 ], [ 4.8267733, 53.145301599093656 ], [ 4.8266847, 53.145174499093649 ], [ 4.8265842, 53.145090799093659 ], [ 4.8263615, 53.145073099093651 ], [ 4.8262328, 53.145137499093629 ], [ 4.8261604, 53.145298299093668 ], [ 4.8262113, 53.145435099093653 ], [ 4.8263481, 53.1456232990937 ], [ 4.826501, 53.145768099093672 ], [ 4.8266271, 53.145854999093693 ], [ 4.8267773, 53.145927399093679 ], [ 4.8267907, 53.145947499093694 ], [ 4.8267317, 53.145961099093704 ], [ 4.8265788, 53.14589439909367 ], [ 4.826505, 53.14587029909368 ], [ 4.826434, 53.145827599093678 ], [ 4.8263253, 53.145770499093693 ], [ 4.8262703, 53.145941799093698 ], [ 4.8263213, 53.146051199093698 ], [ 4.8264259, 53.146152599093718 ], [ 4.826273, 53.146150999093685 ], [ 4.8261845, 53.146195999093706 ], [ 4.8261416, 53.146302199093697 ], [ 4.826096, 53.146458199093729 ], [ 4.8261228, 53.146549899093714 ], [ 4.8261711, 53.146585299093715 ], [ 4.8260128, 53.146599799093728 ], [ 4.8259592, 53.14663359909374 ], [ 4.8259324, 53.146853999093722 ], [ 4.8259994, 53.146913499093735 ], [ 4.825927, 53.146952099093745 ], [ 4.8257875, 53.146977899093748 ], [ 4.825758, 53.147005199093755 ], [ 4.8256829, 53.14700839909375 ], [ 4.8256668, 53.146935999093742 ], [ 4.8255783, 53.146874899093739 ], [ 4.825412, 53.146800899093726 ], [ 4.8254871, 53.146738199093747 ], [ 4.82553, 53.146659299093734 ], [ 4.8255917, 53.14657889909374 ], [ 4.8256695, 53.146506499093704 ], [ 4.8257285, 53.146432499093734 ], [ 4.8256722, 53.146348899093709 ], [ 4.8255703, 53.146282899093706 ], [ 4.8255542, 53.146242699093719 ], [ 4.8256722, 53.146125199093703 ], [ 4.8256856, 53.146041599093692 ], [ 4.8255703, 53.146002999093717 ], [ 4.8257285, 53.145957899093688 ], [ 4.8257339, 53.145899999093672 ], [ 4.8256695, 53.145879099093676 ], [ 4.8254684, 53.145927399093679 ], [ 4.825235, 53.145880699093681 ], [ 4.8251063, 53.145716599093674 ], [ 4.8250633, 53.145607199093689 ], [ 4.8250633, 53.145500999093677 ], [ 4.8250392, 53.145372299093658 ], [ 4.825058, 53.145267799093695 ], [ 4.8251143, 53.145188999093662 ], [ 4.8252672, 53.145156799093634 ], [ 4.8253745, 53.145150299093636 ], [ 4.8253088, 53.145187299093649 ], [ 4.8252833, 53.145220299093666 ], [ 4.8253047, 53.145260499093673 ], [ 4.8254026, 53.145233999093662 ], [ 4.8255126, 53.145228399093654 ], [ 4.8255944, 53.145205799093652 ], [ 4.8256534, 53.145160799093652 ], [ 4.8256601, 53.145141499093661 ], [ 4.8255555, 53.145144699093656 ], [ 4.8256172, 53.145066699093647 ], [ 4.825699, 53.145040899093637 ], [ 4.8257473, 53.144991899093633 ], [ 4.8257634, 53.144961299093637 ], [ 4.8258586, 53.144932399093634 ], [ 4.8258036, 53.144906599093659 ], [ 4.8255891, 53.144946799093631 ], [ 4.8255783, 53.144965299093634 ], [ 4.825628, 53.145003899093638 ], [ 4.8255756, 53.145019999093634 ], [ 4.8254952, 53.145007999093657 ], [ 4.8253946, 53.145024899093663 ], [ 4.8252994, 53.145028899093639 ], [ 4.8251854, 53.144995099093649 ], [ 4.8250768, 53.144956499093645 ], [ 4.825007, 53.144883299093635 ], [ 4.8249856, 53.144828599093643 ], [ 4.8249896, 53.144758599093635 ], [ 4.825007, 53.144729599093623 ], [ 4.825066, 53.144694299093651 ], [ 4.8250553, 53.14463149909362 ], [ 4.8249091, 53.144473799093625 ], [ 4.8250446, 53.14454299909363 ], [ 4.8251277, 53.144592899093631 ], [ 4.82518, 53.144649199093621 ], [ 4.8251814, 53.144691799093629 ], [ 4.8251599, 53.144747299093616 ], [ 4.8250875, 53.144810899093642 ], [ 4.8250714, 53.144838999093643 ], [ 4.8251237, 53.144918699093637 ], [ 4.8252417, 53.144981399093638 ], [ 4.8253356, 53.144994299093639 ], [ 4.8254482, 53.144989499093647 ], [ 4.8255555, 53.144989499093647 ], [ 4.825463, 53.144957299093633 ], [ 4.8255193, 53.14492829909365 ], [ 4.8256508, 53.144895299093655 ], [ 4.8259002, 53.144769899093639 ], [ 4.8261201, 53.144619399093621 ], [ 4.8261751, 53.144511699093641 ], [ 4.8260757, 53.144484499093608 ], [ 4.825945, 53.144452399093623 ], [ 4.8257334, 53.144400499093621 ], [ 4.8256025, 53.144387799093607 ], [ 4.8254487, 53.144370399093617 ], [ 4.8253369, 53.144327399093605 ], [ 4.8252028, 53.144280799093593 ], [ 4.8251063, 53.144230099093598 ], [ 4.8251344, 53.144295299093621 ], [ 4.8252162, 53.144335499093621 ], [ 4.8253047, 53.144351599093596 ], [ 4.8253988, 53.144367899093609 ], [ 4.8254965, 53.144388599093624 ], [ 4.8256615, 53.144530199093609 ], [ 4.825687, 53.14458649909362 ], [ 4.8256601, 53.144696699093657 ], [ 4.8256132, 53.144723199093626 ], [ 4.8255019, 53.144748099093626 ], [ 4.8253852, 53.144749799093638 ], [ 4.825349, 53.144738499093641 ], [ 4.825522, 53.144712799093632 ], [ 4.8255958, 53.144694299093651 ], [ 4.8256266, 53.144658099093625 ], [ 4.8256266, 53.144600099093623 ], [ 4.8255891, 53.144551899093621 ], [ 4.8254952, 53.144518099093624 ], [ 4.8253208, 53.144503599093625 ], [ 4.8252618, 53.144483499093617 ], [ 4.8251237, 53.144367699093607 ], [ 4.8250794, 53.144310599093608 ], [ 4.8250674, 53.144201199093601 ], [ 4.8247438, 53.1440332990936 ], [ 4.8245223, 53.143967199093588 ], [ 4.8244398, 53.143958199093589 ], [ 4.8243043, 53.143963899093613 ], [ 4.82422, 53.144038999093603 ], [ 4.824142, 53.144182699093605 ], [ 4.8241559, 53.144250599093617 ], [ 4.8242448, 53.14433819909361 ], [ 4.8243411, 53.144437999093626 ], [ 4.8243755, 53.144523099093618 ], [ 4.8243692, 53.144541599093621 ], [ 4.8243992, 53.144599799093626 ], [ 4.8244347, 53.14463509909362 ], [ 4.8244847, 53.144736499093625 ], [ 4.8244746, 53.144791599093629 ], [ 4.8244885, 53.144811199093631 ], [ 4.8245366, 53.144860299093629 ], [ 4.8245669, 53.144944899093638 ], [ 4.8246359, 53.145065999093667 ], [ 4.824655, 53.145169199093651 ], [ 4.8246147, 53.145223099093663 ], [ 4.8245182, 53.145250299093654 ], [ 4.824429, 53.145274199093684 ], [ 4.8243955, 53.145335299093666 ], [ 4.8243955, 53.145414199093665 ], [ 4.8243405, 53.145514699093674 ], [ 4.824264, 53.145689299093682 ], [ 4.8242104, 53.145745599093686 ], [ 4.8241661, 53.145784199093683 ], [ 4.8241138, 53.145805899093681 ], [ 4.8240133, 53.145818799093682 ], [ 4.823918, 53.145838899093697 ], [ 4.8238094, 53.14587029909368 ], [ 4.8236525, 53.145933799093683 ], [ 4.8235399, 53.145985299093688 ], [ 4.8233734, 53.1460513990937 ], [ 4.8233032, 53.146090099093684 ], [ 4.823208, 53.146154899093695 ], [ 4.8230799, 53.146228199093706 ], [ 4.8230866, 53.146281299093701 ], [ 4.8231362, 53.146423699093717 ], [ 4.8232234, 53.14638019909372 ], [ 4.823285, 53.146335199093699 ], [ 4.8233534, 53.146293299093728 ], [ 4.8234165, 53.146268399093692 ], [ 4.8234848, 53.146252599093692 ], [ 4.8235594, 53.146270099093698 ], [ 4.8236002, 53.146361699093717 ], [ 4.8236002, 53.146405199093699 ], [ 4.8235547, 53.146452699093722 ], [ 4.8235491, 53.1465055990937 ], [ 4.8235812, 53.146523899093722 ], [ 4.8236334, 53.146507799093705 ], [ 4.8237299, 53.146423599093708 ], [ 4.8238172, 53.146387099093708 ], [ 4.8239435, 53.146378599093708 ], [ 4.8241318, 53.146392099093724 ], [ 4.8242479, 53.146379899093709 ], [ 4.8246382, 53.146309299093716 ], [ 4.8248139, 53.146328699093701 ], [ 4.8249191, 53.146338499093716 ], [ 4.8250156, 53.14634039909371 ], [ 4.8251229, 53.146386699093718 ], [ 4.8252055, 53.146477499093713 ], [ 4.8252243, 53.146537099093713 ], [ 4.8252028, 53.146660099093722 ], [ 4.8253235, 53.14694249909374 ], [ 4.8254362, 53.147042999093742 ], [ 4.8255274, 53.147090499093743 ], [ 4.8255864, 53.147149999093756 ], [ 4.8256376, 53.147211299093748 ], [ 4.825801, 53.147354299093777 ], [ 4.8258372, 53.147466899093764 ], [ 4.8258345, 53.147675199093776 ], [ 4.8258533, 53.147791799093767 ], [ 4.8259015, 53.147889999093799 ], [ 4.8259793, 53.147937399093777 ], [ 4.8260008, 53.14797679909379 ], [ 4.8259914, 53.148010599093794 ], [ 4.8259337, 53.148091899093792 ], [ 4.8259176, 53.148134499093793 ], [ 4.8259579, 53.148169899093794 ], [ 4.8260571, 53.148188399093804 ], [ 4.8261684, 53.148202099093787 ], [ 4.8263642, 53.148247899093818 ], [ 4.8265466, 53.148301799093801 ], [ 4.8266003, 53.148358899093815 ], [ 4.8266794, 53.148399099093822 ], [ 4.8267961, 53.148485999093815 ], [ 4.8270053, 53.148691099093824 ], [ 4.8270763, 53.148769899093821 ], [ 4.8271126, 53.148846299093833 ], [ 4.8271434, 53.148974999093845 ], [ 4.8271514, 53.14908119909385 ], [ 4.8271421, 53.149139899093861 ], [ 4.8271058, 53.149197799093862 ], [ 4.8270589, 53.149227599093855 ], [ 4.8269999, 53.149248499093872 ], [ 4.8269403, 53.149308799093873 ], [ 4.8269005, 53.149355899093848 ], [ 4.8269121, 53.149397399093836 ], [ 4.8268859, 53.149435099093871 ], [ 4.8268792, 53.149469599093877 ], [ 4.8268846, 53.149535599093866 ], [ 4.8269114, 53.149582199093892 ], [ 4.8271139, 53.149789799093881 ], [ 4.8271421, 53.149847699093897 ], [ 4.8271541, 53.149895899093877 ], [ 4.8271543, 53.149961299093881 ], [ 4.8271366, 53.15003499909389 ], [ 4.8270613, 53.150094599093904 ], [ 4.8268725, 53.150185499093915 ], [ 4.8267625, 53.150306899093898 ], [ 4.826743, 53.150385399093906 ], [ 4.8267712, 53.150462099093915 ], [ 4.8268189, 53.150506799093918 ], [ 4.8269542, 53.150549299093917 ], [ 4.827093, 53.150549399093947 ], [ 4.8272829, 53.150588699093923 ], [ 4.8273685, 53.150636599093936 ], [ 4.8274126, 53.150670499093927 ], [ 4.8274434, 53.150700499093936 ], [ 4.8275075, 53.150822099093944 ], [ 4.8275737, 53.150870299093924 ], [ 4.8276423, 53.150890399093946 ], [ 4.8277477, 53.150888599093946 ], [ 4.8277932, 53.15087529909394 ], [ 4.827819, 53.150847299093954 ], [ 4.8278614, 53.150752199093951 ], [ 4.8278904, 53.150706599093908 ], [ 4.8279561, 53.150687299093931 ], [ 4.8280111, 53.150677699093933 ], [ 4.8280902, 53.15068489909391 ], [ 4.8282431, 53.150701699093915 ], [ 4.8283228, 53.150730799093928 ], [ 4.8283517, 53.150760999093919 ], [ 4.8283596, 53.150799099093923 ], [ 4.8283719, 53.150860299093942 ], [ 4.8284, 53.15087629909393 ], [ 4.8284376, 53.150885999093951 ], [ 4.8285314, 53.150883599093952 ], [ 4.8287356, 53.15087989909393 ], [ 4.8288001, 53.150893999093967 ], [ 4.8288534, 53.150926099093937 ], [ 4.8288748, 53.15096079909393 ], [ 4.8288855, 53.150984099093954 ], [ 4.8288614, 53.151005799093966 ], [ 4.8288158, 53.151024299093955 ], [ 4.828647, 53.15103729909395 ], [ 4.828567, 53.15106379909394 ], [ 4.8285592, 53.151096699093941 ], [ 4.8285047, 53.151169899093951 ], [ 4.8284791, 53.151208499093947 ], [ 4.8284376, 53.151258399093948 ], [ 4.8284456, 53.151289699093972 ], [ 4.8285775, 53.151302999093971 ], [ 4.8286253, 53.151327499093959 ], [ 4.8287393, 53.151401499093957 ], [ 4.8288627, 53.151370199093954 ], [ 4.8290003, 53.151281899093952 ], [ 4.8291281, 53.151229299093956 ], [ 4.8292194, 53.151259199093964 ], [ 4.8292597, 53.151341199093956 ], [ 4.829139, 53.151453799093964 ], [ 4.8290156, 53.151558399093972 ], [ 4.8289418, 53.151675799093972 ], [ 4.8289365, 53.151770299094011 ], [ 4.8289975, 53.151839399093994 ], [ 4.8290042, 53.151878499093982 ], [ 4.8288815, 53.151927499093986 ], [ 4.8287648, 53.151984199094009 ], [ 4.8286267, 53.152145899093995 ], [ 4.8285449, 53.152116499093999 ], [ 4.8284456, 53.152151899094008 ], [ 4.8284805, 53.152238299094016 ], [ 4.8284724, 53.152254099094009 ], [ 4.8284262, 53.152210199094014 ], [ 4.8283618, 53.152164399094012 ], [ 4.8281385, 53.152222699094011 ], [ 4.8280339, 53.152312399093994 ], [ 4.8279829, 53.152324799094004 ], [ 4.8279102, 53.152411099094031 ], [ 4.8279259, 53.152440199094031 ], [ 4.8278897, 53.152547599094014 ], [ 4.8279266, 53.152561699094015 ], [ 4.8279192, 53.152586999094019 ], [ 4.8278797, 53.152603099094023 ], [ 4.827875, 53.152644899094042 ], [ 4.8277737, 53.152762299094022 ], [ 4.8277442, 53.152975099094064 ], [ 4.827761, 53.153299499094047 ], [ 4.8277354, 53.153339499094074 ], [ 4.8276929, 53.152935499094063 ], [ 4.8276635, 53.152912699094053 ], [ 4.8276879, 53.152883799094042 ], [ 4.8277007, 53.152821999094044 ], [ 4.8276935, 53.152778799094037 ], [ 4.8277295, 53.152757999094035 ], [ 4.8277209, 53.152726999094043 ], [ 4.8277786, 53.152692099094033 ], [ 4.8277817, 53.152659899094026 ], [ 4.8278138, 53.152645799094039 ], [ 4.8278067, 53.152625099094031 ], [ 4.8278245, 53.15259029909403 ], [ 4.8278062, 53.15255849909402 ], [ 4.827689, 53.152519599094028 ], [ 4.8275873, 53.152453499094015 ], [ 4.8275042, 53.152368199094006 ], [ 4.8269168, 53.152538699094016 ], [ 4.8267196, 53.152565299094022 ], [ 4.8265828, 53.152566199094018 ], [ 4.8265339, 53.152566499094021 ], [ 4.8265895, 53.152552399094027 ], [ 4.8266791, 53.152529699094032 ], [ 4.8268162, 53.152521099094017 ], [ 4.8270214, 53.152468799093995 ], [ 4.8275109, 53.152323999094008 ], [ 4.827279, 53.15215109909402 ], [ 4.8271843, 53.152109699093977 ], [ 4.8271301, 53.152154399093995 ], [ 4.8270559, 53.152147899093997 ], [ 4.8270026, 53.152175199094003 ], [ 4.8269624, 53.152184899094003 ], [ 4.8268636, 53.152184099093994 ], [ 4.8268361, 53.152204899094023 ], [ 4.8268285, 53.152229199094016 ], [ 4.8267604, 53.152264099094005 ], [ 4.8267458, 53.152260099094015 ], [ 4.8268135, 53.152220299094012 ], [ 4.8268063, 53.152190199094001 ], [ 4.8268698, 53.152170999094011 ], [ 4.8269824, 53.152166199093998 ], [ 4.8270461, 53.152134999094002 ], [ 4.8271037, 53.152133299094004 ], [ 4.8272537, 53.152011099094004 ], [ 4.8273738, 53.151988199093992 ], [ 4.8274466, 53.151949899093999 ], [ 4.82745, 53.151854999093985 ], [ 4.8274653, 53.151830299093994 ], [ 4.8274716, 53.151906899093994 ], [ 4.8275231, 53.151996399093996 ], [ 4.8275286, 53.152122999093997 ], [ 4.8275399, 53.152165299093994 ], [ 4.8276114, 53.152173599093992 ], [ 4.8277134, 53.152155799094004 ], [ 4.8277837, 53.152063099093994 ], [ 4.8277804, 53.151940399093981 ], [ 4.8277791, 53.151889699093978 ], [ 4.8277576, 53.151822199093985 ], [ 4.8277522, 53.151765699093986 ], [ 4.8277477, 53.151647799093965 ], [ 4.8277576, 53.151473399093952 ], [ 4.8277932, 53.151433999093967 ], [ 4.8278531, 53.151425399093988 ], [ 4.82794, 53.151439299093965 ], [ 4.8281148, 53.151461599093949 ], [ 4.8282867, 53.151445399093966 ], [ 4.8283848, 53.151443699093953 ], [ 4.8285462, 53.151485999093971 ], [ 4.8286051, 53.151479699093969 ], [ 4.8286401, 53.151436899093973 ], [ 4.8286348, 53.151406799093962 ], [ 4.8285958, 53.151381399093957 ], [ 4.8285408, 53.151349299093965 ], [ 4.8284397, 53.15132849909395 ], [ 4.8283782, 53.151283599093951 ], [ 4.8283827, 53.151248999093966 ], [ 4.8284151, 53.15122239909396 ], [ 4.8285251, 53.15106509909392 ], [ 4.8285937, 53.15100819909393 ], [ 4.8286527, 53.150974799093937 ], [ 4.8287343, 53.150949799093937 ], [ 4.8287281, 53.150939999093943 ], [ 4.8286809, 53.150927199093921 ], [ 4.8285945, 53.150926999093933 ], [ 4.8284625, 53.150931999093942 ], [ 4.8283893, 53.150919799093927 ], [ 4.8283096, 53.150878799093945 ], [ 4.8282927, 53.150842599093941 ], [ 4.8282428, 53.150750599093925 ], [ 4.8281183, 53.150726799093938 ], [ 4.8280405, 53.150723799093925 ], [ 4.8279802, 53.150730799093928 ], [ 4.8279481, 53.150743599093936 ], [ 4.8279065, 53.150862699093921 ], [ 4.827873, 53.150888399093951 ], [ 4.827822, 53.150911699093953 ], [ 4.8277576, 53.150930199093949 ], [ 4.8276624, 53.150932599093942 ], [ 4.8275913, 53.150922199093941 ], [ 4.8275189, 53.150892399093927 ], [ 4.8274519, 53.150858699093938 ], [ 4.8273714, 53.150786299093951 ], [ 4.8273519, 53.150713099093949 ], [ 4.8273028, 53.150656199093916 ], [ 4.8271823, 53.150613399093913 ], [ 4.8270618, 53.150605499093913 ], [ 4.8269011, 53.150592199093943 ], [ 4.8267704, 53.150544299093902 ], [ 4.826711, 53.150495599093915 ], [ 4.8266627, 53.150440099093913 ], [ 4.8266673, 53.150386499093926 ], [ 4.8266643, 53.150332799093917 ], [ 4.8266915, 53.150254599093891 ], [ 4.8269063, 53.150073999093891 ], [ 4.827002, 53.150027899093892 ], [ 4.8270495, 53.149978799093901 ], [ 4.8270549, 53.149939399093888 ], [ 4.8270276, 53.149838899093901 ], [ 4.826957, 53.149756799093893 ], [ 4.8268846, 53.14971249909388 ], [ 4.8268202, 53.149664299093864 ], [ 4.8267868, 53.149620799093874 ], [ 4.8267489, 53.149438199093865 ], [ 4.8267499, 53.149382499093875 ], [ 4.8267912, 53.149317799093865 ], [ 4.8268367, 53.149249899093853 ], [ 4.8270273, 53.149048299093849 ], [ 4.8270361, 53.148992699093853 ], [ 4.8269865, 53.148854399093842 ], [ 4.8267357, 53.148606599093831 ], [ 4.8266056, 53.148492399093833 ], [ 4.826501, 53.148428899093808 ], [ 4.8264796, 53.148407999093806 ], [ 4.8263964, 53.148355699093827 ], [ 4.826269, 53.148306599093807 ], [ 4.8261899, 53.148290499093804 ], [ 4.8261349, 53.148291299093806 ], [ 4.8260571, 53.148299399093823 ], [ 4.8259874, 53.148287299093823 ], [ 4.825919, 53.148252699093796 ], [ 4.8258546, 53.148206099093784 ], [ 4.8257983, 53.148182699093809 ], [ 4.8257701, 53.148086999093785 ], [ 4.8258023, 53.147991299093782 ], [ 4.8257393, 53.14784729909379 ], [ 4.8257151, 53.147759699093797 ], [ 4.8257165, 53.147680799093798 ], [ 4.8256856, 53.147567399093774 ], [ 4.8256412, 53.147439799093782 ], [ 4.8256039, 53.147378499093747 ], [ 4.8255468, 53.147330399093761 ], [ 4.8254355, 53.14719409909376 ], [ 4.8252001, 53.146955299093733 ], [ 4.8250633, 53.146700399093746 ], [ 4.8250499, 53.146634399093728 ], [ 4.825058, 53.146478399093716 ], [ 4.8250392, 53.146450999093716 ], [ 4.8249907, 53.14641059909372 ], [ 4.8248961, 53.146406399093735 ], [ 4.8247489, 53.146374799093707 ], [ 4.8246412, 53.146366499093716 ], [ 4.8245428, 53.146378399093706 ], [ 4.8243491, 53.146422499093717 ], [ 4.8241527, 53.146459899093735 ], [ 4.824032, 53.146438899093717 ], [ 4.8239221, 53.146430899093701 ], [ 4.823855, 53.146446999093719 ], [ 4.823796, 53.146481599093711 ], [ 4.8237558, 53.146520999093731 ], [ 4.8237437, 53.146554799093707 ], [ 4.8238034, 53.146584399093733 ], [ 4.8238805, 53.146566799093726 ], [ 4.8239261, 53.146546699093719 ], [ 4.8239583, 53.146503299093723 ], [ 4.8240092, 53.146477499093713 ], [ 4.8240723, 53.146482399093721 ], [ 4.8241876, 53.146523399093716 ], [ 4.824252, 53.146556399093711 ], [ 4.8243204, 53.146551499093732 ], [ 4.8244129, 53.146557199093714 ], [ 4.8245645, 53.146585299093715 ], [ 4.8246624, 53.146615899093725 ], [ 4.824724, 53.146649699093729 ], [ 4.8247509, 53.146682699093738 ], [ 4.8247522, 53.146853999093722 ], [ 4.82472, 53.146964999093747 ], [ 4.8246731, 53.147022099093746 ], [ 4.8246087, 53.147049499093754 ], [ 4.8245537, 53.146972999093734 ], [ 4.8245081, 53.146879699093738 ], [ 4.8244706, 53.146716399093734 ], [ 4.824429, 53.146686699093713 ], [ 4.824378, 53.146685099093737 ], [ 4.8243392, 53.146717199093729 ], [ 4.8242909, 53.146783199093733 ], [ 4.8242171, 53.146907099093745 ], [ 4.8240817, 53.147093699093745 ], [ 4.8240535, 53.147148399093751 ], [ 4.8239663, 53.147227999093751 ], [ 4.8239489, 53.147235199093743 ], [ 4.8239556, 53.147148399093751 ], [ 4.8239046, 53.147149999093756 ], [ 4.8238456, 53.147178899093753 ], [ 4.8237799, 53.147228799093746 ], [ 4.8237142, 53.147257799093751 ], [ 4.8236565, 53.147244099093768 ], [ 4.8237005, 53.14718729909373 ], [ 4.823721, 53.147105399093732 ], [ 4.8237724, 53.147036499093737 ], [ 4.8238185, 53.146969699093738 ], [ 4.824099, 53.146736199093723 ], [ 4.8242276, 53.146684399093722 ], [ 4.8242393, 53.146650999093737 ], [ 4.8242011, 53.146640599093722 ], [ 4.8241638, 53.146574699093719 ], [ 4.8240635, 53.146498699093719 ], [ 4.824009, 53.146506899093716 ], [ 4.8239744, 53.146551499093732 ], [ 4.8239382, 53.146578099093709 ], [ 4.8238805, 53.146603799093718 ], [ 4.8238094, 53.146612699093723 ], [ 4.8237524, 53.146597699093725 ], [ 4.8237196, 53.14659019909373 ], [ 4.8236632, 53.146607899093731 ], [ 4.8236015, 53.146612699093723 ], [ 4.8235407, 53.146609199093717 ], [ 4.8234875, 53.146575599093715 ], [ 4.8234522, 53.146522799093738 ], [ 4.8234562, 53.14646389909371 ], [ 4.823493, 53.146404399093718 ], [ 4.8235103, 53.146371399093709 ], [ 4.8234888, 53.146329799093692 ], [ 4.8234367, 53.146330199093718 ], [ 4.8233615, 53.146384999093719 ], [ 4.8233105, 53.146424499093726 ], [ 4.8232649, 53.146479199093719 ], [ 4.8232193, 53.14651369909371 ], [ 4.8231791, 53.146534699093714 ], [ 4.8230959, 53.146544299093712 ], [ 4.8229645, 53.14653949909372 ], [ 4.8228867, 53.146521799093726 ], [ 4.8228465, 53.146494399093719 ], [ 4.8228224, 53.14646389909371 ], [ 4.8228358, 53.146423699093717 ], [ 4.8228827, 53.146373799093716 ], [ 4.8229216, 53.146322299093718 ], [ 4.8228485, 53.146367299093704 ], [ 4.8228143, 53.146409599093722 ], [ 4.8227929, 53.146446199093724 ], [ 4.8227513, 53.146477499093713 ], [ 4.8227043, 53.146494399093719 ], [ 4.8226306, 53.146498499093731 ], [ 4.8225984, 53.146481599093711 ], [ 4.8226058, 53.146419199093707 ], [ 4.8225944, 53.146380999093715 ], [ 4.8225689, 53.146367299093704 ], [ 4.8224656, 53.146408799093727 ], [ 4.8223248, 53.146404399093718 ], [ 4.8222578, 53.146409999093734 ], [ 4.8222075, 53.14640149909372 ], [ 4.82218, 53.146393099093693 ], [ 4.8221625, 53.146409199093718 ], [ 4.8221511, 53.146429299093725 ], [ 4.8221545, 53.146384199093724 ], [ 4.8221679, 53.146371799093728 ], [ 4.8222296, 53.146393899093731 ], [ 4.8223208, 53.146389099093703 ], [ 4.822412, 53.146393099093693 ], [ 4.8224556, 53.146391499093731 ], [ 4.8224864, 53.146374999093709 ], [ 4.8225769, 53.146354499093711 ], [ 4.8226105, 53.146358899093727 ], [ 4.8226346, 53.146381799093717 ], [ 4.8226386, 53.146454199093718 ], [ 4.8226581, 53.14647229909373 ], [ 4.822709, 53.146465499093701 ], [ 4.8227446, 53.146445399093707 ], [ 4.8228116, 53.146366499093716 ], [ 4.8229001, 53.146274399093691 ], [ 4.8229538, 53.146248299093735 ], [ 4.8229746, 53.146170699093716 ], [ 4.8229638, 53.146107499093702 ], [ 4.8229437, 53.146066099093701 ], [ 4.8228822, 53.146012299093698 ], [ 4.8227409, 53.145925399093684 ], [ 4.8226386, 53.145875899093703 ], [ 4.8225327, 53.14588389909369 ], [ 4.8224026, 53.145903999093711 ], [ 4.8222792, 53.145905599093687 ], [ 4.8221344, 53.145912899093673 ], [ 4.822019, 53.145929799093693 ], [ 4.8218983, 53.145925799093696 ], [ 4.8215309, 53.145825199093693 ], [ 4.82115, 53.145679299093665 ], [ 4.8209208, 53.145567599093674 ], [ 4.8208053, 53.145529999093668 ], [ 4.8204996, 53.145516299093671 ], [ 4.8204432, 53.145505099093675 ], [ 4.8202461, 53.145602399093676 ], [ 4.8201764, 53.145645799093664 ], [ 4.8201308, 53.145695699093679 ], [ 4.8201254, 53.145772899093686 ], [ 4.8201308, 53.145859799093685 ], [ 4.8201817, 53.145928999093684 ], [ 4.8202541, 53.145986899093707 ], [ 4.8203453, 53.146072199093695 ], [ 4.8204178, 53.146155799093712 ], [ 4.820407, 53.146306999093703 ], [ 4.8203561, 53.14653549909373 ], [ 4.8202971, 53.146628799093733 ], [ 4.8202139, 53.146726899093728 ], [ 4.8200718, 53.14686039909374 ], [ 4.8199886, 53.146913499093735 ], [ 4.819876, 53.147013199093756 ], [ 4.8198491, 53.147053499093744 ], [ 4.8200074, 53.14713549909375 ], [ 4.8200503, 53.147219199093755 ], [ 4.8200905, 53.147283499093753 ], [ 4.820179, 53.147326899093756 ], [ 4.8203628, 53.147342999093766 ], [ 4.8204571, 53.147395899093773 ], [ 4.8204582, 53.147415499093761 ], [ 4.8204687, 53.14745889909377 ], [ 4.8204392, 53.147536899093758 ], [ 4.8204111, 53.147562599093781 ], [ 4.8204499, 53.147644699093775 ], [ 4.8204553, 53.147690499093791 ], [ 4.8204379, 53.147724299093781 ], [ 4.8203735, 53.147746799093781 ], [ 4.8203145, 53.147740399093792 ], [ 4.8201187, 53.147651899093766 ], [ 4.8200449, 53.147638999093772 ], [ 4.8199765, 53.147656699093773 ], [ 4.819935, 53.147677599093761 ], [ 4.8199189, 53.147705799093778 ], [ 4.8199564, 53.147719499093789 ], [ 4.8200409, 53.147716199093765 ], [ 4.8201214, 53.147719499093789 ], [ 4.8201831, 53.147737199093768 ], [ 4.8201992, 53.147755599093792 ], [ 4.8202099, 53.147819999093798 ], [ 4.8202112, 53.147872299093791 ], [ 4.820171, 53.147908499093795 ], [ 4.8201174, 53.147924599093798 ], [ 4.8199926, 53.147913299093794 ], [ 4.8198853, 53.147932599093792 ], [ 4.8199336, 53.147954299093797 ], [ 4.8200141, 53.147978399093802 ], [ 4.8200221, 53.148023499093775 ], [ 4.8199873, 53.148077399093808 ], [ 4.8199658, 53.148140099093801 ], [ 4.8199792, 53.148180299093809 ], [ 4.8201549, 53.148164199093792 ], [ 4.8201777, 53.148197999093796 ], [ 4.8201656, 53.148263999093793 ], [ 4.8201844, 53.148342799093818 ], [ 4.8203024, 53.148371799093809 ], [ 4.8203346, 53.14839989909381 ], [ 4.8202166, 53.148492399093833 ], [ 4.8201321, 53.148568799093823 ], [ 4.8201777, 53.148617899093828 ], [ 4.82023, 53.148630799093809 ], [ 4.820293, 53.148619499093812 ], [ 4.8203368, 53.148621299093826 ], [ 4.8203574, 53.148666099093823 ], [ 4.8203427, 53.148693499093845 ], [ 4.8202488, 53.148727299093842 ], [ 4.8200905, 53.14882619909384 ], [ 4.8200235, 53.148887299093843 ], [ 4.8199698, 53.148949299093843 ], [ 4.8199551, 53.148995899093855 ], [ 4.8199564, 53.149031299093856 ], [ 4.8199832, 53.149085199093854 ], [ 4.8200503, 53.149100499093869 ], [ 4.820163, 53.149073099093833 ], [ 4.8202273, 53.14906349909382 ], [ 4.8202823, 53.149086799093837 ], [ 4.8202837, 53.14912539909384 ], [ 4.8202649, 53.149185699093849 ], [ 4.8203038, 53.149245199093883 ], [ 4.8203722, 53.149266199093866 ], [ 4.8204761, 53.149255399093832 ], [ 4.8205344, 53.149274199093853 ], [ 4.8203655, 53.149384399093876 ], [ 4.8202743, 53.149431799093868 ], [ 4.8202193, 53.149472899093858 ], [ 4.82023, 53.149504999093878 ], [ 4.8203158, 53.149510699093867 ], [ 4.8204032, 53.149506999093866 ], [ 4.8204218, 53.149525099093857 ], [ 4.8203856, 53.149536399093876 ], [ 4.8202957, 53.14955569909386 ], [ 4.8202246, 53.149566199093869 ], [ 4.8202193, 53.149610399093866 ], [ 4.8202769, 53.149663499093883 ], [ 4.8203185, 53.149681999093886 ], [ 4.8203333, 53.14969489909388 ], [ 4.8203453, 53.149714999093881 ], [ 4.8203185, 53.149747899093875 ], [ 4.8203983, 53.149783299093883 ], [ 4.8204647, 53.149780899093876 ], [ 4.8206323, 53.14980579909389 ], [ 4.8206538, 53.149817099093895 ], [ 4.820688, 53.149825999093899 ], [ 4.8208147, 53.149807499093903 ], [ 4.8208583, 53.149814699093881 ], [ 4.8209071, 53.149837099093887 ], [ 4.8210374, 53.149843599093863 ], [ 4.8211943, 53.149820299093882 ], [ 4.821315, 53.149806599093878 ], [ 4.8215436, 53.149759999093874 ], [ 4.8215845, 53.149757999093865 ], [ 4.8211996, 53.149837199093881 ], [ 4.8210365, 53.149857299093888 ], [ 4.8209549, 53.149856899093898 ], [ 4.8208261, 53.149830799093898 ], [ 4.8207537, 53.149827999093901 ], [ 4.8207108, 53.14983799909389 ], [ 4.8206766, 53.149841199093885 ], [ 4.8206149, 53.149819099093875 ], [ 4.8204546, 53.149795799093887 ], [ 4.820405, 53.14979979909387 ], [ 4.8203313, 53.149783299093883 ], [ 4.8203038, 53.149747099093865 ], [ 4.8203038, 53.149735099093881 ], [ 4.8203153, 53.149721399093885 ], [ 4.8203125, 53.149700499093868 ], [ 4.8203004, 53.149689199093878 ], [ 4.8202803, 53.149683599093876 ], [ 4.8202568, 53.149683999093881 ], [ 4.8201971, 53.149636499093859 ], [ 4.8201603, 53.14955089909386 ], [ 4.8201522, 53.149479299093869 ], [ 4.8201254, 53.149475299093865 ], [ 4.8200919, 53.149492999093859 ], [ 4.8200852, 53.149537199093857 ], [ 4.8200382, 53.149568599093868 ], [ 4.8199014, 53.149627299093872 ], [ 4.81966, 53.149706899093871 ], [ 4.8195916, 53.149748699093884 ], [ 4.8195943, 53.149784899093888 ], [ 4.8196667, 53.149822699093889 ], [ 4.8197365, 53.149825999093899 ], [ 4.8197646, 53.149842799093904 ], [ 4.8197941, 53.149879799093874 ], [ 4.8198706, 53.149919199093887 ], [ 4.8198867, 53.149932899093891 ], [ 4.8198344, 53.149964299093895 ], [ 4.8197861, 53.150017399093898 ], [ 4.8197834, 53.150063199093907 ], [ 4.8198666, 53.15010419909391 ], [ 4.8199256, 53.150121099093909 ], [ 4.8200221, 53.150173399093894 ], [ 4.8200221, 53.150187899093901 ], [ 4.8199457, 53.150209599093905 ], [ 4.8198612, 53.150223299093909 ], [ 4.8198049, 53.150245799093916 ], [ 4.8197968, 53.150271499093911 ], [ 4.8198183, 53.150302099093899 ], [ 4.8198719, 53.150318199093924 ], [ 4.8198692, 53.150332699093902 ], [ 4.8197888, 53.150342299093907 ], [ 4.8197512, 53.150361599093905 ], [ 4.8197553, 53.150409099093899 ], [ 4.8198062, 53.150455699093925 ], [ 4.8198572, 53.150492699093924 ], [ 4.819876, 53.150513599093919 ], [ 4.8197874, 53.150562699093904 ], [ 4.8197767, 53.150586799093936 ], [ 4.8198049, 53.150669599093931 ], [ 4.8198049, 53.150727599093948 ], [ 4.8198196, 53.150778999093937 ], [ 4.8198049, 53.150830499093921 ], [ 4.8195782, 53.151222999093946 ], [ 4.8195313, 53.151354099093972 ], [ 4.8195434, 53.151400699093955 ], [ 4.8196292, 53.151424099093973 ], [ 4.8197258, 53.151412799093976 ], [ 4.8198143, 53.151359699093966 ], [ 4.819825, 53.151406399093958 ], [ 4.8198043, 53.151506399093982 ], [ 4.8196844, 53.151642499093981 ], [ 4.8195828, 53.151744799093983 ], [ 4.8193958, 53.151880899093982 ], [ 4.8192188, 53.152041699094013 ], [ 4.8191947, 53.152106899093987 ], [ 4.8191464, 53.152134199093979 ], [ 4.8190995, 53.152259699093996 ], [ 4.8191209, 53.152298299093999 ], [ 4.8191558, 53.152335299094005 ], [ 4.8191518, 53.152384299094017 ], [ 4.8191746, 53.152494499094033 ], [ 4.8192228, 53.152564499094012 ], [ 4.8192818, 53.152631999094005 ], [ 4.819306, 53.152679499094027 ], [ 4.8193341, 53.152781599094034 ], [ 4.8193857, 53.152832299094037 ], [ 4.8194669, 53.152940499094051 ], [ 4.8195615, 53.153035899094036 ], [ 4.8196842, 53.153121799094052 ], [ 4.8198042, 53.153189199094037 ], [ 4.8199363, 53.153232499094038 ], [ 4.8201072, 53.15325579909404 ], [ 4.8202829, 53.153266199094055 ], [ 4.8203788, 53.153264899094061 ], [ 4.8205147, 53.15325599909405 ], [ 4.820808, 53.153222299094061 ], [ 4.8211728, 53.153157999094041 ], [ 4.8212667, 53.153132699094044 ], [ 4.8213277, 53.153127799094058 ], [ 4.8216139, 53.153056099094059 ], [ 4.8219211, 53.153055099094047 ], [ 4.8222162, 53.153082799094044 ], [ 4.8225193, 53.153133499094046 ], [ 4.8225743, 53.153149599094064 ], [ 4.8228425, 53.153179299094056 ], [ 4.8228673, 53.153179299094056 ], [ 4.8228941, 53.153190999094043 ], [ 4.8229001, 53.153234799094058 ], [ 4.822876, 53.153252099094068 ], [ 4.8228291, 53.153262599094056 ], [ 4.8228002, 53.153277399094065 ], [ 4.8227788, 53.153299999094045 ], [ 4.8227875, 53.153314799094062 ], [ 4.82288, 53.153332899094082 ], [ 4.8227962, 53.153323299094062 ], [ 4.8227593, 53.153315199094074 ], [ 4.822766, 53.153292699094067 ], [ 4.8227895, 53.153265799094058 ], [ 4.822819, 53.153253699094051 ], [ 4.8228572, 53.153244099094067 ], [ 4.8228678, 53.15324469909406 ], [ 4.822882, 53.153225199094045 ], [ 4.822882, 53.153205099094045 ], [ 4.822878, 53.153199399094063 ], [ 4.8228654, 53.153198599094061 ], [ 4.822727, 53.153185599094066 ], [ 4.8226131, 53.153180499094049 ], [ 4.822292, 53.153121399094047 ], [ 4.8220872, 53.153091699094041 ], [ 4.8218863, 53.153073199094059 ], [ 4.8217157, 53.153075199094047 ], [ 4.8216556, 53.153079499094027 ], [ 4.821572, 53.153095899094055 ], [ 4.8214571, 53.153143099094066 ], [ 4.8213458, 53.153171299094062 ], [ 4.8212814, 53.15319459909405 ], [ 4.8211185, 53.153244099094067 ], [ 4.8209421, 53.15328669909406 ], [ 4.820757, 53.153317799094054 ], [ 4.8205516, 53.153337599094066 ], [ 4.8203731, 53.153341899094066 ], [ 4.8201495, 53.153334099094067 ], [ 4.8199393, 53.153312299094068 ], [ 4.8198364, 53.153303999094057 ], [ 4.8197164, 53.153267399094062 ], [ 4.8196416, 53.153234299094045 ], [ 4.8195226, 53.153182099094046 ], [ 4.8194685, 53.153166999094054 ], [ 4.8194201, 53.153142499094052 ], [ 4.8193959, 53.153126599094044 ], [ 4.8193797, 53.15311139909408 ], [ 4.8192321, 53.152955099094044 ], [ 4.8191437, 53.152845999094048 ], [ 4.8191115, 53.15279609909404 ], [ 4.8190968, 53.152755899094039 ], [ 4.8190203, 53.15271409909402 ], [ 4.8189278, 53.152702799094023 ], [ 4.818842, 53.152730999094011 ], [ 4.818787, 53.152771999094035 ], [ 4.8187655, 53.152825099094024 ], [ 4.8187347, 53.152875699094039 ], [ 4.8186743, 53.152903899094035 ], [ 4.8186488, 53.152892599094031 ], [ 4.8186636, 53.15284109909404 ], [ 4.818669, 53.152791299094041 ], [ 4.8186207, 53.152647299094014 ], [ 4.8186381, 53.152594999094035 ], [ 4.8186301, 53.152527499094013 ], [ 4.8185979, 53.152504999093999 ], [ 4.8185724, 53.152541199094017 ], [ 4.8185523, 53.152582999094037 ], [ 4.8185174, 53.152866099094048 ], [ 4.8185013, 53.152939299094029 ], [ 4.8185, 53.152996399094036 ], [ 4.8185107, 53.153079999094039 ], [ 4.8185027, 53.153129099094052 ], [ 4.8184799, 53.153172499094033 ], [ 4.8184825, 53.153233599094072 ], [ 4.818555, 53.153360299094082 ], [ 4.8185758, 53.153374699094073 ], [ 4.8186026, 53.15337069909409 ], [ 4.8186093, 53.153348999094078 ], [ 4.8186328, 53.15334499909406 ], [ 4.8186663, 53.153354999094049 ], [ 4.8186931, 53.153395699094055 ], [ 4.8187307, 53.153412899094029 ], [ 4.8187695, 53.153420599094048 ], [ 4.8188158, 53.153417399094067 ], [ 4.8188574, 53.153404499094066 ], [ 4.8188936, 53.153384799094056 ], [ 4.8189419, 53.153372299094052 ], [ 4.8189875, 53.153388399094048 ], [ 4.8190069, 53.153412499094046 ], [ 4.8189546, 53.153383199094044 ], [ 4.8189278, 53.153380799094066 ], [ 4.8189043, 53.153386799094058 ], [ 4.818842, 53.153416999094063 ], [ 4.8187615, 53.153427399094049 ], [ 4.8187186, 53.153421799094069 ], [ 4.8186944, 53.153410499094072 ], [ 4.8186743, 53.153395299094058 ], [ 4.8186468, 53.153361899094044 ], [ 4.818624, 53.153363099094065 ], [ 4.81861, 53.153379199094061 ], [ 4.8185845, 53.153384799094056 ], [ 4.8185436, 53.153371099094052 ], [ 4.8184986, 53.15331319909405 ], [ 4.8184738, 53.153266599094053 ], [ 4.8184557, 53.153255299094063 ], [ 4.818447, 53.153233599094072 ], [ 4.8184229, 53.153234799094058 ], [ 4.8184081, 53.153267799094067 ], [ 4.818386, 53.153288699094077 ], [ 4.8182948, 53.153313599094034 ], [ 4.8182552, 53.153344599094055 ], [ 4.8181721, 53.153335699094072 ], [ 4.8180407, 53.153299999094045 ], [ 4.8179997, 53.15329919909405 ], [ 4.8179629, 53.15331439909405 ], [ 4.8178878, 53.153354599094058 ], [ 4.8178167, 53.153375199094064 ], [ 4.8177852, 53.153376799094055 ], [ 4.8177268, 53.153369499094062 ], [ 4.8176189, 53.153369099094057 ], [ 4.8175471, 53.153351799094068 ], [ 4.8175035, 53.153349399094061 ], [ 4.8174532, 53.153357499094056 ], [ 4.8174291, 53.153364699094048 ], [ 4.817413, 53.153384799094056 ], [ 4.8174056, 53.153406499094046 ], [ 4.8174056, 53.153455199094061 ], [ 4.817356, 53.153495799094074 ], [ 4.8173232, 53.153512299094082 ], [ 4.8172051, 53.153524299094073 ], [ 4.8171743, 53.153522699094076 ], [ 4.8171515, 53.153509899094075 ], [ 4.8171388, 53.153493799094072 ], [ 4.8170885, 53.153476099094064 ], [ 4.8170134, 53.153456399094061 ], [ 4.8169423, 53.153444299094055 ], [ 4.816886, 53.153447499094064 ], [ 4.8168464, 53.153457999094066 ], [ 4.8167928, 53.153499799094064 ], [ 4.8167297, 53.153498999094076 ], [ 4.8166405, 53.15348209909407 ], [ 4.8166023, 53.153463199094062 ], [ 4.8165661, 53.153433099094073 ], [ 4.8165601, 53.153416199094075 ], [ 4.8165272, 53.153367099094062 ], [ 4.8165949, 53.153404499094066 ], [ 4.8166546, 53.153412899094029 ], [ 4.8167136, 53.153437099094063 ], [ 4.8167552, 53.153461199094075 ], [ 4.8167814, 53.153484499094056 ], [ 4.8168243, 53.153453199094081 ], [ 4.8168705, 53.153437899094058 ], [ 4.8169195, 53.153431399094075 ], [ 4.8169852, 53.153436299094075 ], [ 4.8170476, 53.153442299094053 ], [ 4.8170905, 53.15345069909408 ], [ 4.8171723, 53.153489399094077 ], [ 4.8172112, 53.153498599094071 ], [ 4.8172581, 53.153498999094076 ], [ 4.8173051, 53.153490999094075 ], [ 4.8173399, 53.153476899094066 ], [ 4.8173587, 53.15345959909407 ], [ 4.8173714, 53.153439099094051 ], [ 4.8173667, 53.153384799094056 ], [ 4.817403, 53.153348999094078 ], [ 4.8174351, 53.153330499094054 ], [ 4.817474, 53.153324499094047 ], [ 4.8175525, 53.153329299094054 ], [ 4.8175907, 53.153338199094044 ], [ 4.8177154, 53.153352599094049 ], [ 4.8177731, 53.153363899094082 ], [ 4.8178241, 53.153353399094058 ], [ 4.8179662, 53.153292299094055 ], [ 4.8180534, 53.153275399094056 ], [ 4.8181044, 53.153277799094049 ], [ 4.8181144, 53.153291099094048 ], [ 4.8181386, 53.153303599094045 ], [ 4.8182271, 53.153313999094067 ], [ 4.8182961, 53.153292699094067 ], [ 4.8183303, 53.153289899094048 ], [ 4.8183598, 53.153280299094057 ], [ 4.8183813, 53.153260099094034 ], [ 4.818382, 53.153231199094044 ], [ 4.8184329, 53.153192199094057 ], [ 4.8184457, 53.153162799094048 ], [ 4.8184269, 53.153108499094067 ], [ 4.8184457, 53.153083199094041 ], [ 4.8184302, 53.152994299094061 ], [ 4.8184638, 53.152916699094028 ], [ 4.8184504, 53.152864499094044 ], [ 4.8184725, 53.152754299094042 ], [ 4.8184973, 53.152536299094031 ], [ 4.8184799, 53.15248649909401 ], [ 4.8184785, 53.152439799094026 ], [ 4.8185013, 53.152362599094012 ], [ 4.8184329, 53.152256499094015 ], [ 4.8183981, 53.152235499094004 ], [ 4.8183404, 53.152226699094001 ], [ 4.818272, 53.152234699094002 ], [ 4.8181634, 53.152216199094006 ], [ 4.8180668, 53.152205799094013 ], [ 4.8179944, 53.152211399094028 ], [ 4.8179179, 53.152229099093994 ], [ 4.8178951, 53.152258099094006 ], [ 4.8179314, 53.152301499094008 ], [ 4.8178911, 53.152315999093993 ], [ 4.8178455, 53.152309499094017 ], [ 4.8178267, 53.152267699093997 ], [ 4.8177838, 53.152211399094028 ], [ 4.8177771, 53.152158299094012 ], [ 4.8177919, 53.152146299094021 ], [ 4.8178844, 53.152144699093988 ], [ 4.8180051, 53.152127799093996 ], [ 4.8180869, 53.152130999094005 ], [ 4.8182559, 53.152164799094002 ], [ 4.8182841, 53.152159099093979 ], [ 4.8182908, 53.152128599094013 ], [ 4.8182747, 53.152096399093985 ], [ 4.8182304, 53.152064199093992 ], [ 4.8181821, 53.152052199094008 ], [ 4.8181003, 53.152078699094005 ], [ 4.8180065, 53.152064999093994 ], [ 4.8179179, 53.152064999093994 ], [ 4.817808, 53.152073099094011 ], [ 4.8177208, 53.152073099094011 ], [ 4.8176202, 53.152082699094002 ], [ 4.8174298, 53.152084299093978 ], [ 4.8174687, 53.152060199093988 ], [ 4.8175894, 53.152027999093988 ], [ 4.8178978, 53.151974999093987 ], [ 4.8180749, 53.151963699093997 ], [ 4.8181285, 53.151949999093993 ], [ 4.8181097, 53.151928299093989 ], [ 4.8180574, 53.15191139909399 ], [ 4.8180145, 53.151892099093978 ], [ 4.8180051, 53.151855099093972 ], [ 4.818036, 53.151766699093969 ], [ 4.8180628, 53.151719199093982 ], [ 4.8180856, 53.151705499093978 ], [ 4.8181607, 53.151732899093986 ], [ 4.818213, 53.151732899093986 ], [ 4.8182425, 53.151718399094001 ], [ 4.8182626, 53.151691099093966 ], [ 4.8182425, 53.151666899093982 ], [ 4.8181942, 53.151654899093955 ], [ 4.8182572, 53.151631599093989 ], [ 4.8182894, 53.151613899093967 ], [ 4.8183082, 53.151585699093957 ], [ 4.8183458, 53.151436899093973 ], [ 4.8184182, 53.151370999093963 ], [ 4.8185013, 53.151348499093949 ], [ 4.8185295, 53.151351699093944 ], [ 4.8184986, 53.151451399093965 ], [ 4.818508, 53.151515699093963 ], [ 4.818555, 53.151539099093959 ], [ 4.8186167, 53.151545499093977 ], [ 4.8187065, 53.151514899093968 ], [ 4.818854, 53.15142729909396 ], [ 4.818909, 53.151372599093982 ], [ 4.8189224, 53.151328299093962 ], [ 4.8189117, 53.151261599093964 ], [ 4.8188902, 53.151216599093964 ], [ 4.8188259, 53.151187599093952 ], [ 4.8187722, 53.151181199093948 ], [ 4.8186381, 53.151208499093947 ], [ 4.818555, 53.151213299093968 ], [ 4.8183981, 53.151206899093964 ], [ 4.8183028, 53.151155399093938 ], [ 4.818268, 53.151128099093967 ], [ 4.818162, 53.151146599093941 ], [ 4.8181057, 53.151130499093938 ], [ 4.8180963, 53.151086299093954 ], [ 4.818097, 53.151060499093944 ], [ 4.8180339, 53.151052499093943 ], [ 4.817932, 53.151018299093948 ], [ 4.8178475, 53.151002199093952 ], [ 4.8178133, 53.150985699093951 ], [ 4.8177302, 53.150899299093943 ], [ 4.8177208, 53.150810399093935 ], [ 4.8177751, 53.150719499093917 ], [ 4.8177912, 53.150703399093906 ], [ 4.8177403, 53.150800399093932 ], [ 4.8177398, 53.150843099093926 ], [ 4.8177445, 53.15089539909394 ], [ 4.817814, 53.150960399093925 ], [ 4.8178328, 53.150986099093934 ], [ 4.8178529, 53.150994599093941 ], [ 4.8179736, 53.151020699093927 ], [ 4.8180185, 53.15103679909393 ], [ 4.8180668, 53.151042399093946 ], [ 4.8181144, 53.151038399093949 ], [ 4.8181929, 53.151039199093944 ], [ 4.8182707, 53.151072599093958 ], [ 4.8183216, 53.151084199093937 ], [ 4.8183384, 53.151065799093949 ], [ 4.8182566, 53.151032799093954 ], [ 4.8182311, 53.150996599093951 ], [ 4.8182083, 53.150916199093935 ], [ 4.8182157, 53.150877099093925 ], [ 4.8182465, 53.15083529909392 ], [ 4.8182532, 53.150797499093933 ], [ 4.8182532, 53.150677699093933 ], [ 4.8182774, 53.15063099909392 ], [ 4.8182827, 53.150606899093923 ], [ 4.8183109, 53.150582799093925 ], [ 4.8183766, 53.150448899093917 ], [ 4.8183954, 53.150347899093902 ], [ 4.8184289, 53.150079299093903 ], [ 4.8184369, 53.149929699093889 ], [ 4.8184316, 53.149806599093878 ], [ 4.8183753, 53.14966589909389 ], [ 4.8183082, 53.149530799093881 ], [ 4.8181875, 53.149398899093889 ], [ 4.8181084, 53.149336899093854 ], [ 4.8180225, 53.149300699093857 ], [ 4.8179059, 53.149266999093847 ], [ 4.8177503, 53.149167999093848 ], [ 4.8176698, 53.149127799093868 ], [ 4.817584, 53.14909239909386 ], [ 4.8175384, 53.149062699093847 ], [ 4.817532, 53.149047399093838 ], [ 4.8175223, 53.149024099093857 ], [ 4.817525, 53.14894599909384 ], [ 4.8174928, 53.148897799093845 ], [ 4.8174821, 53.148864799093829 ], [ 4.8174432, 53.148829399093842 ], [ 4.817411, 53.148812499093843 ], [ 4.8173976, 53.148778699093832 ], [ 4.8173641, 53.148721599093847 ], [ 4.8173279, 53.148695099093828 ], [ 4.8172608, 53.148666099093823 ], [ 4.8170999, 53.148542299093819 ], [ 4.8169403, 53.148447399093826 ], [ 4.8168142, 53.148395099093811 ], [ 4.8167284, 53.148373399093806 ], [ 4.816613, 53.148358099093805 ], [ 4.8164213, 53.148353299093799 ], [ 4.8163569, 53.14833239909381 ], [ 4.8162509, 53.148267999093804 ], [ 4.8162429, 53.148253499093819 ], [ 4.8163636, 53.148239099093807 ], [ 4.8163931, 53.14822779909381 ], [ 4.8164065, 53.148204499093794 ], [ 4.8163703, 53.148191599093792 ], [ 4.816255, 53.148185999093833 ], [ 4.8161195, 53.148203699093813 ], [ 4.8160323, 53.148230199093803 ], [ 4.81598, 53.148222999093804 ], [ 4.8158754, 53.148194799093815 ], [ 4.8158467, 53.148196699093823 ], [ 4.8158325, 53.148206899093807 ], [ 4.8158191, 53.148236599093792 ], [ 4.8158084, 53.148288099093804 ], [ 4.8157735, 53.148304199093808 ], [ 4.8157306, 53.148315499093812 ], [ 4.8156609, 53.148310599093804 ], [ 4.8155536, 53.148281699093808 ], [ 4.8155288, 53.148279299093808 ], [ 4.8154899, 53.148295799093816 ], [ 4.8154429, 53.148329099093807 ], [ 4.815404, 53.148345999093813 ], [ 4.8153115, 53.148372599093811 ], [ 4.8152988, 53.148386599093818 ], [ 4.8153128, 53.148391499093819 ], [ 4.8153692, 53.148393499093821 ], [ 4.8154047, 53.148407199093803 ], [ 4.8154335, 53.148427299093811 ], [ 4.8154161, 53.148466699093809 ], [ 4.8154087, 53.148522199093833 ], [ 4.8153913, 53.148543099093828 ], [ 4.8153571, 53.148551099093829 ], [ 4.8153088, 53.148538299093822 ], [ 4.8152398, 53.148500499093821 ], [ 4.8152103, 53.148503299093832 ], [ 4.81517, 53.14852739909383 ], [ 4.81516, 53.148546699093835 ], [ 4.81517, 53.148562799093831 ], [ 4.8152297, 53.148608599093826 ], [ 4.8152498, 53.148637599093824 ], [ 4.8153082, 53.14867859909382 ], [ 4.8153605, 53.148683399093827 ], [ 4.8153812, 53.148691099093824 ], [ 4.8153933, 53.148702699093832 ], [ 4.8154423, 53.14869789909384 ], [ 4.8154798, 53.14870839909382 ], [ 4.8154342, 53.148705999093842 ], [ 4.8153853, 53.14871199909382 ], [ 4.8153611, 53.148693899093836 ], [ 4.8153068, 53.148684199093807 ], [ 4.8152331, 53.148637599093824 ], [ 4.8152082, 53.148602999093832 ], [ 4.8151506, 53.148559199093825 ], [ 4.8151358, 53.148541899093814 ], [ 4.8151586, 53.148514099093802 ], [ 4.8151888, 53.148495599093813 ], [ 4.8152116, 53.148488799093826 ], [ 4.8152411, 53.148489199093817 ], [ 4.8153189, 53.148532999093831 ], [ 4.815339, 53.148537099093822 ], [ 4.8153779, 53.148529799093822 ], [ 4.8153926, 53.148500499093821 ], [ 4.8154, 53.148446199093819 ], [ 4.8153886, 53.148423199093813 ], [ 4.8153578, 53.148404299093826 ], [ 4.8153055, 53.148403899093815 ], [ 4.8152706, 53.148392699093804 ], [ 4.8152753, 53.14837539909383 ], [ 4.8152974, 53.1483636990938 ], [ 4.815394, 53.148337599093814 ], [ 4.8154309, 53.148307799093807 ], [ 4.8154972, 53.148270799093801 ], [ 4.8155469, 53.148264399093804 ], [ 4.8155837, 53.148271999093801 ], [ 4.8156703, 53.14830219909382 ], [ 4.8157118, 53.148301399093825 ], [ 4.8157836, 53.148283699093803 ], [ 4.815799, 53.148194799093815 ], [ 4.8158205, 53.148177499093805 ], [ 4.8158741, 53.148173099093817 ], [ 4.8159854, 53.148203699093813 ], [ 4.816037, 53.148206499093803 ], [ 4.8160753, 53.148195599093818 ], [ 4.8161349, 53.14818519909381 ], [ 4.8162402, 53.148173899093813 ], [ 4.8163147, 53.14817269909382 ], [ 4.8163609, 53.148167099093797 ], [ 4.8163556, 53.148155399093817 ], [ 4.816318, 53.148125199093805 ], [ 4.8162349, 53.14813769909378 ], [ 4.8161383, 53.148145699093803 ], [ 4.8160437, 53.148135299093802 ], [ 4.8159452, 53.148009799093799 ], [ 4.8159572, 53.147943099093787 ], [ 4.8159599, 53.147877899093793 ], [ 4.8159492, 53.147823199093779 ], [ 4.815921, 53.147802299093783 ], [ 4.8158513, 53.147799899093769 ], [ 4.8157574, 53.147833699093773 ], [ 4.815677, 53.147825599093792 ], [ 4.8156461, 53.147747599093783 ], [ 4.8156475, 53.147691299093779 ], [ 4.8156072, 53.14764549909377 ], [ 4.8155321, 53.147601199093756 ], [ 4.8154986, 53.147565799093776 ], [ 4.815512, 53.147529599093765 ], [ 4.8155791, 53.147513499093762 ], [ 4.8156179, 53.147496699093765 ], [ 4.8156649, 53.147465299093774 ], [ 4.8156837, 53.147406599093749 ], [ 4.8156716, 53.147365499093766 ], [ 4.8156233, 53.14733739909375 ], [ 4.815567, 53.147316499093762 ], [ 4.8156072, 53.147295599093773 ], [ 4.8156314, 53.147271399093768 ], [ 4.8155402, 53.147223199093752 ], [ 4.8154838, 53.147212699093757 ], [ 4.8153605, 53.147218399093745 ], [ 4.815335, 53.147224799093756 ], [ 4.8153967, 53.147268199093752 ], [ 4.815457, 53.147284299093755 ], [ 4.8155066, 53.147308399093752 ], [ 4.8155884, 53.147382399093765 ], [ 4.8156153, 53.147396899093756 ], [ 4.8156166, 53.147424299093764 ], [ 4.8155737, 53.147462099093772 ], [ 4.815512, 53.147470899093769 ], [ 4.8153444, 53.147478999093764 ], [ 4.8152907, 53.14748539909376 ], [ 4.8151794, 53.147566599093793 ], [ 4.8151137, 53.147591599093772 ], [ 4.8150627, 53.147595599093776 ], [ 4.8149729, 53.147586699093772 ], [ 4.8149025, 53.147570699093777 ], [ 4.8148334, 53.147573099093769 ], [ 4.8147871, 53.147579099093761 ], [ 4.814708, 53.147571099093767 ], [ 4.8146436, 53.147554199093783 ], [ 4.8145819, 53.147527199093766 ], [ 4.8145444, 53.147501499093771 ], [ 4.8145337, 53.147482599093749 ], [ 4.8145578, 53.147446799093757 ], [ 4.8145645, 53.147414999093776 ], [ 4.8145404, 53.147389299093767 ], [ 4.814531, 53.14735589909376 ], [ 4.8144773, 53.147251699093744 ], [ 4.8143426, 53.147183799093753 ], [ 4.8142473, 53.147154799093762 ], [ 4.8141508, 53.14711699909374 ], [ 4.8141615, 53.147090499093743 ], [ 4.8142125, 53.147069499093746 ], [ 4.8142608, 53.147022899093763 ], [ 4.8142453, 53.146995499093762 ], [ 4.8142152, 53.146974199093762 ], [ 4.8142473, 53.146950099093729 ], [ 4.8142473, 53.146927199093746 ], [ 4.814195, 53.146935199093733 ], [ 4.8141977, 53.146919899093731 ], [ 4.8142487, 53.146915899093727 ], [ 4.8142822, 53.146927999093734 ], [ 4.8142675, 53.146948899093744 ], [ 4.8142688, 53.146979499093753 ], [ 4.8143063, 53.14701489909374 ], [ 4.8142916, 53.147038999093766 ], [ 4.814246, 53.147069499093746 ], [ 4.8142205, 53.14709929909376 ], [ 4.8142339, 53.147124199093753 ], [ 4.8144753, 53.147212699093757 ], [ 4.8145209, 53.147236899093762 ], [ 4.8145491, 53.147283499093753 ], [ 4.8145571, 53.147323699093747 ], [ 4.8146054, 53.147408199093761 ], [ 4.8146108, 53.147486999093758 ], [ 4.8146537, 53.147516799093772 ], [ 4.8147248, 53.147544099093771 ], [ 4.8147623, 53.147550499093782 ], [ 4.8148294, 53.147544099093771 ], [ 4.814934, 53.14754569909379 ], [ 4.8150386, 53.147562599093781 ], [ 4.8150949, 53.147561799093772 ], [ 4.8151378, 53.14754569909379 ], [ 4.8151781, 53.147527199093766 ], [ 4.8152183, 53.147489399093764 ], [ 4.8152773, 53.147455599093782 ], [ 4.8153511, 53.147447599093788 ], [ 4.8154208, 53.147449199093771 ], [ 4.815563, 53.147425099093738 ], [ 4.8155656, 53.147404199093756 ], [ 4.8155093, 53.14735589909376 ], [ 4.8154449, 53.147309199093755 ], [ 4.8153551, 53.147277099093756 ], [ 4.8152827, 53.147244899093756 ], [ 4.8152961, 53.147199899093756 ], [ 4.815339, 53.14716689909374 ], [ 4.8155133, 53.147088899093724 ], [ 4.8156823, 53.146981899093745 ], [ 4.815795, 53.146903899093743 ], [ 4.8158701, 53.146834699093752 ], [ 4.8160095, 53.146673799093733 ], [ 4.8161289, 53.146610299093709 ], [ 4.8166774, 53.146536299093725 ], [ 4.8168571, 53.146505699093723 ], [ 4.8169671, 53.146585299093715 ], [ 4.8169926, 53.146775199093753 ], [ 4.8170543, 53.146870099093718 ], [ 4.8171508, 53.146971399093736 ], [ 4.8172098, 53.14701489909374 ], [ 4.8173332, 53.146977899093748 ], [ 4.8174754, 53.146910299093747 ], [ 4.8176444, 53.14691189909373 ], [ 4.8176444, 53.14694249909374 ], [ 4.8173949, 53.147052699093749 ], [ 4.8174003, 53.14707679909376 ], [ 4.8174968, 53.147069499093746 ], [ 4.8175746, 53.147069499093746 ], [ 4.8176175, 53.147061499093766 ], [ 4.817647, 53.147034999093755 ], [ 4.8177114, 53.147017299093747 ], [ 4.8177892, 53.147005199093755 ], [ 4.8178402, 53.146989899093761 ], [ 4.8178925, 53.146919899093731 ], [ 4.8178723, 53.146873299093741 ], [ 4.8178107, 53.146830699093734 ], [ 4.8175907, 53.146771899093743 ], [ 4.8174968, 53.146720499093739 ], [ 4.8174566, 53.146676199093726 ], [ 4.8174284, 53.146607899093731 ], [ 4.8173936, 53.146559599093727 ], [ 4.8172984, 53.146452599093742 ], [ 4.8172863, 53.146409999093734 ], [ 4.8172434, 53.146119599093709 ], [ 4.81723, 53.145961099093704 ], [ 4.81712, 53.145681999093661 ], [ 4.8171937, 53.145768899093675 ], [ 4.8172246, 53.145827599093678 ], [ 4.817293, 53.145897599093686 ], [ 4.8173131, 53.145965199093688 ], [ 4.8174191, 53.146078599093705 ], [ 4.8174526, 53.146076199093713 ], [ 4.8174217, 53.14600859909369 ], [ 4.8172232, 53.145760899093688 ], [ 4.8171589, 53.145644999093683 ], [ 4.8171709, 53.145602399093676 ], [ 4.8171213, 53.14557019909369 ], [ 4.8170596, 53.145545299093683 ], [ 4.8170167, 53.145505899093678 ], [ 4.8168799, 53.145323299093668 ], [ 4.8168384, 53.14528309909366 ], [ 4.816829, 53.145234799093643 ], [ 4.8168021, 53.145159199093648 ], [ 4.8166251, 53.145075499093664 ], [ 4.8165514, 53.145029699093641 ], [ 4.8164897, 53.14501039909365 ], [ 4.816428, 53.144996699093653 ], [ 4.8163904, 53.144982999093656 ], [ 4.8163033, 53.144882499093647 ], [ 4.8162764, 53.144795599093634 ], [ 4.8162214, 53.144739299093636 ], [ 4.816153, 53.144718399093627 ], [ 4.816086, 53.144707899093632 ], [ 4.8159827, 53.144707099093615 ], [ 4.815799, 53.144645199093624 ], [ 4.8157226, 53.144642799093631 ], [ 4.815693, 53.14465239909363 ], [ 4.8156595, 53.144708699093655 ], [ 4.8156126, 53.144733699093621 ], [ 4.8155388, 53.144788399093621 ], [ 4.8153886, 53.144863199093649 ], [ 4.8152545, 53.144948399093636 ], [ 4.8151968, 53.144978199093643 ], [ 4.8151606, 53.14500959909364 ], [ 4.8151526, 53.145036899093633 ], [ 4.815162, 53.145069099093647 ], [ 4.8151351, 53.145102899093651 ], [ 4.8150413, 53.14517929909367 ], [ 4.8149903, 53.145229999093658 ], [ 4.8149152, 53.145266999093685 ], [ 4.8148146, 53.145295899093661 ], [ 4.8147194, 53.145313599093683 ], [ 4.8146148, 53.14532169909365 ], [ 4.8144096, 53.145295899093661 ], [ 4.8143265, 53.145301599093656 ], [ 4.8142621, 53.145320099093666 ], [ 4.8142514, 53.145345799093654 ], [ 4.8142809, 53.145379599093665 ], [ 4.8143426, 53.145411799093679 ], [ 4.8143372, 53.145379599093665 ], [ 4.8143479, 53.14536189909365 ], [ 4.8143962, 53.145379599093665 ], [ 4.8144311, 53.145430299093675 ], [ 4.8144405, 53.145494599093645 ], [ 4.8144378, 53.14554049909367 ], [ 4.8143908, 53.145646599093681 ], [ 4.8143788, 53.145721399093667 ], [ 4.8143519, 53.145774499093683 ], [ 4.8143184, 53.145821999093684 ], [ 4.8142916, 53.145847699093672 ], [ 4.8142567, 53.145874299093691 ], [ 4.8142178, 53.145876699093677 ], [ 4.8141776, 53.145868599093703 ], [ 4.8141454, 53.145851799093712 ], [ 4.814124, 53.145792999093693 ], [ 4.814077, 53.145768899093675 ], [ 4.8140167, 53.145768099093672 ], [ 4.8139577, 53.145787399093685 ], [ 4.8139013, 53.1458002990937 ], [ 4.8138504, 53.145801899093691 ], [ 4.8138128, 53.145791399093667 ], [ 4.8137967, 53.145767299093691 ], [ 4.8138235, 53.145727899093686 ], [ 4.8138651, 53.145699699093676 ], [ 4.813904, 53.145682799093692 ], [ 4.8139308, 53.145660299093663 ], [ 4.8139389, 53.145634599093668 ], [ 4.8139322, 53.145588699093679 ], [ 4.8138718, 53.145514699093674 ], [ 4.8138517, 53.14547849909367 ], [ 4.8137981, 53.14542379909367 ], [ 4.8137122, 53.145366699093657 ], [ 4.8136935, 53.145375599093668 ], [ 4.8137069, 53.145403699093663 ], [ 4.8137122, 53.145431899093666 ], [ 4.8137069, 53.145456799093672 ], [ 4.8136921, 53.14547849909367 ], [ 4.8136599, 53.145492999093683 ], [ 4.8135795, 53.145497799093683 ], [ 4.8135325, 53.145513899093672 ], [ 4.8134554, 53.145521999093674 ], [ 4.8134098, 53.145517499093678 ], [ 4.8133763, 53.145500999093677 ], [ 4.8133079, 53.145425799093665 ], [ 4.813275, 53.145418199093676 ], [ 4.8132402, 53.145425799093665 ], [ 4.8131919, 53.145470099093664 ], [ 4.8131584, 53.145474099093661 ], [ 4.8131121, 53.145461599093665 ], [ 4.8130625, 53.145438299093669 ], [ 4.8129927, 53.145425399093661 ], [ 4.8129391, 53.145407699093667 ], [ 4.8128995, 53.145412999093665 ], [ 4.8128599, 53.145424599093666 ], [ 4.8128935, 53.145400499093654 ], [ 4.8129009, 53.14538519909366 ], [ 4.812752, 53.145328499093658 ], [ 4.8127312, 53.145316399093666 ], [ 4.8127158, 53.145222299093653 ], [ 4.812746, 53.145254899093651 ], [ 4.8127419, 53.145302799093649 ], [ 4.8127607, 53.145320499093657 ], [ 4.8128539, 53.145354699093673 ], [ 4.8129042, 53.145367099093662 ], [ 4.8129639, 53.145403699093663 ], [ 4.813045, 53.145428699093678 ], [ 4.8131074, 53.145441899093669 ], [ 4.8131376, 53.145456399093675 ], [ 4.8131644, 53.145459999093653 ], [ 4.8131932, 53.145445899093659 ], [ 4.8132147, 53.145426199093684 ], [ 4.8132616, 53.14540929909365 ], [ 4.8133005, 53.145406499093653 ], [ 4.8133226, 53.14541539909365 ], [ 4.8133475, 53.145437499093667 ], [ 4.813391, 53.145488999093651 ], [ 4.8134333, 53.145507499093668 ], [ 4.8134755, 53.145511499093665 ], [ 4.8135667, 53.145484999093668 ], [ 4.8136284, 53.145487399093675 ], [ 4.8136559, 53.14547969909367 ], [ 4.8136827, 53.145460799093662 ], [ 4.8136921, 53.145425399093661 ], [ 4.8136821, 53.145395699093662 ], [ 4.813664, 53.145369099093671 ], [ 4.813676, 53.145352199093658 ], [ 4.8137015, 53.145344999093673 ], [ 4.8137525, 53.145363899093674 ], [ 4.8137847, 53.145393299093676 ], [ 4.8138162, 53.145414199093665 ], [ 4.8138557, 53.145430299093675 ], [ 4.8138973, 53.145476099093678 ], [ 4.8139054, 53.145516299093671 ], [ 4.8139523, 53.14557419909368 ], [ 4.813953, 53.14560559909367 ], [ 4.8139684, 53.145661899093696 ], [ 4.8139416, 53.145684399093689 ], [ 4.8139114, 53.145696499093681 ], [ 4.8138329, 53.145743599093684 ], [ 4.8138262, 53.145775699093683 ], [ 4.8138363, 53.145789399093673 ], [ 4.8138671, 53.145794199093665 ], [ 4.8139181, 53.145784599093673 ], [ 4.8139845, 53.145748399093677 ], [ 4.8140368, 53.145744399093687 ], [ 4.814069, 53.145745999093691 ], [ 4.8141468, 53.14578179909369 ], [ 4.8142084, 53.145831199093685 ], [ 4.8142272, 53.145838499093678 ], [ 4.8142507, 53.145835299093669 ], [ 4.8142943, 53.145812699093668 ], [ 4.8143198, 53.145735899093687 ], [ 4.8143546, 53.145677999093678 ], [ 4.8143882, 53.145582299093668 ], [ 4.8144056, 53.145496199093657 ], [ 4.8143821, 53.145461599093665 ], [ 4.8143372, 53.145439499093662 ], [ 4.8142078, 53.145402099093658 ], [ 4.8141769, 53.14538119909367 ], [ 4.8141675, 53.145350599093653 ], [ 4.8141856, 53.145308399093658 ], [ 4.8142326, 53.145282299093665 ], [ 4.8143808, 53.145251299093637 ], [ 4.8144498, 53.145250899093661 ], [ 4.8146262, 53.145268199093671 ], [ 4.8147053, 53.145243599093668 ], [ 4.8148079, 53.145223099093663 ], [ 4.8148468, 53.145206999093674 ], [ 4.814987, 53.145102499093653 ], [ 4.8150419, 53.144999899093648 ], [ 4.8152009, 53.144881699093631 ], [ 4.8152981, 53.144836199093639 ], [ 4.8153833, 53.144779499093644 ], [ 4.8154677, 53.144712799093632 ], [ 4.8155046, 53.144690199093631 ], [ 4.8155408, 53.144681399093621 ], [ 4.8155898, 53.144678599093623 ], [ 4.8156468, 53.144637499093633 ], [ 4.8156595, 53.144614999093633 ], [ 4.8157011, 53.144606599093621 ], [ 4.815742, 53.144602999093621 ], [ 4.8157876, 53.144612999093617 ], [ 4.8159841, 53.144678199093633 ], [ 4.8160545, 53.144683799093642 ], [ 4.8161101, 53.144692999093635 ], [ 4.8162127, 53.144724399093626 ], [ 4.8162691, 53.144737299093627 ], [ 4.8162898, 53.14475419909364 ], [ 4.8163126, 53.144783099093615 ], [ 4.8163254, 53.144810899093642 ], [ 4.8163442, 53.144883299093635 ], [ 4.8163938, 53.144950899093637 ], [ 4.816434, 53.144967299093651 ], [ 4.8164695, 53.144971399093649 ], [ 4.8166607, 53.145073099093651 ], [ 4.8168182, 53.145137099093652 ], [ 4.8168384, 53.145135099093658 ], [ 4.8168772, 53.14508519909365 ], [ 4.8169389, 53.145031299093638 ], [ 4.8169342, 53.144990699093654 ], [ 4.8169517, 53.144976599093667 ], [ 4.8169671, 53.144973399093637 ], [ 4.8169604, 53.145021599093631 ], [ 4.816951, 53.145043399093645 ], [ 4.8168819, 53.145107299093645 ], [ 4.8168504, 53.145158399093646 ], [ 4.8168692, 53.145226399093666 ], [ 4.8168974, 53.145299099093656 ], [ 4.8169698, 53.145377999093668 ], [ 4.8170395, 53.145479299093658 ], [ 4.817067, 53.145508299093684 ], [ 4.8171837, 53.145576299093676 ], [ 4.8172085, 53.14560519909368 ], [ 4.8172353, 53.145670399093682 ], [ 4.8172702, 53.145728699093674 ], [ 4.8173198, 53.145788999093689 ], [ 4.8173708, 53.145869399093684 ], [ 4.8174123, 53.145918499093675 ], [ 4.8175505, 53.146107499093702 ], [ 4.81758, 53.14619279909369 ], [ 4.8175907, 53.146292499093704 ], [ 4.8175773, 53.146346399093709 ], [ 4.8175156, 53.146448599093731 ], [ 4.8174767, 53.146476699093732 ], [ 4.8174553, 53.146519399093705 ], [ 4.8175304, 53.146652099093714 ], [ 4.81758, 53.146701999093743 ], [ 4.8178951, 53.146825799093733 ], [ 4.8179619, 53.146931499093718 ], [ 4.8179917, 53.146978699093758 ], [ 4.8180641, 53.146993899093744 ], [ 4.8183323, 53.146993099093748 ], [ 4.818453, 53.147001999093732 ], [ 4.8188125, 53.147018899093752 ], [ 4.8190083, 53.14705099909375 ], [ 4.8191142, 53.147058299093764 ], [ 4.8193127, 53.147044599093746 ], [ 4.8193757, 53.147025299093755 ], [ 4.819428, 53.147000399093741 ], [ 4.8194817, 53.146962599093733 ], [ 4.8195299, 53.14690059909374 ], [ 4.8194964, 53.146870899093742 ], [ 4.8194388, 53.146852399093738 ], [ 4.8193194, 53.146844299093758 ], [ 4.8192544, 53.146849999093732 ], [ 4.8192128, 53.146886999093752 ], [ 4.8191323, 53.146886999093752 ], [ 4.8191216, 53.146903899093743 ], [ 4.8191202, 53.146916699093737 ], [ 4.8190284, 53.146931999093745 ], [ 4.8190109, 53.146951299093729 ], [ 4.8189861, 53.146968999093744 ], [ 4.8189446, 53.146964999093747 ], [ 4.8189117, 53.146950899093738 ], [ 4.8188936, 53.146929599093738 ], [ 4.8188426, 53.146825399093736 ], [ 4.8187374, 53.146734099093734 ], [ 4.8186576, 53.146690299093727 ], [ 4.8185865, 53.146663799093716 ], [ 4.81851, 53.146643599093728 ], [ 4.8184369, 53.146630799093728 ], [ 4.818329, 53.146586899093727 ], [ 4.8182713, 53.146556399093711 ], [ 4.8182425, 53.146533899093711 ], [ 4.818209, 53.146487599093732 ], [ 4.8182096, 53.146452999093725 ], [ 4.8182365, 53.146400699093704 ], [ 4.8182666, 53.146297399093704 ], [ 4.8182653, 53.146217699093711 ], [ 4.8182425, 53.146176699093715 ], [ 4.8181969, 53.14615499909371 ], [ 4.8181754, 53.146127699093697 ], [ 4.8181701, 53.146090699093705 ], [ 4.8181821, 53.146009399093714 ], [ 4.8182103, 53.145976399093691 ], [ 4.8182358, 53.145916099093682 ], [ 4.8182519, 53.145891999093692 ], [ 4.8182774, 53.145903999093711 ], [ 4.8182277, 53.145986099093705 ], [ 4.8182183, 53.146025499093696 ], [ 4.818221, 53.146063299093711 ], [ 4.8182157, 53.146085799093704 ], [ 4.8182264, 53.146123599093706 ], [ 4.81828, 53.14617749909371 ], [ 4.8182988, 53.146211299093693 ], [ 4.8182961, 53.146278899093709 ], [ 4.8182639, 53.146401899093718 ], [ 4.8182411, 53.146439699093726 ], [ 4.8182599, 53.146496899093712 ], [ 4.8182747, 53.146524199093697 ], [ 4.8183873, 53.146595799093731 ], [ 4.8184597, 53.146616699093734 ], [ 4.8186555, 53.146646499093713 ], [ 4.8186663, 53.146648099093731 ], [ 4.8188862, 53.146830699093734 ], [ 4.8189144, 53.146875699093727 ], [ 4.818913, 53.146920299093729 ], [ 4.8189244, 53.146941699093745 ], [ 4.818956, 53.146957699093747 ], [ 4.8189741, 53.146957699093747 ], [ 4.8189955, 53.146928799093729 ], [ 4.8190827, 53.146917099093734 ], [ 4.8190914, 53.14691309909373 ], [ 4.8190881, 53.146898599093724 ], [ 4.8190974, 53.14688209909373 ], [ 4.8191283, 53.146870899093742 ], [ 4.8191625, 53.146876499093722 ], [ 4.8191907, 53.146875699093727 ], [ 4.8192456, 53.14683389909375 ], [ 4.819422, 53.146820999093727 ], [ 4.8194656, 53.14683789909374 ], [ 4.8195118, 53.146841899093737 ], [ 4.8196225, 53.146750199093724 ], [ 4.8196433, 53.146713999093734 ], [ 4.8196198, 53.146494399093719 ], [ 4.8195407, 53.146275699093714 ], [ 4.8194763, 53.146043199093683 ], [ 4.8194441, 53.145948299093696 ], [ 4.8195058, 53.145808299093694 ], [ 4.8195595, 53.145713399093673 ], [ 4.8195299, 53.145646599093681 ], [ 4.8194736, 53.145617699093677 ], [ 4.819424, 53.145598399093672 ], [ 4.8193878, 53.145569399093688 ], [ 4.8193516, 53.145497799093683 ], [ 4.8193476, 53.145649899093677 ], [ 4.8193046, 53.145554899093682 ], [ 4.8193069, 53.145472499093685 ], [ 4.8193073, 53.145459999093653 ], [ 4.8193261, 53.145370699093668 ], [ 4.8193663, 53.145295899093661 ], [ 4.8194388, 53.145258899093655 ], [ 4.819538, 53.145221099093661 ], [ 4.8196185, 53.14519939909367 ], [ 4.8197472, 53.145188099093659 ], [ 4.8199752, 53.145194599093642 ], [ 4.8200583, 53.145189799093664 ], [ 4.8201683, 53.145171299093668 ], [ 4.8202568, 53.145144699093656 ], [ 4.8203641, 53.145077099093655 ], [ 4.8205613, 53.144883299093635 ], [ 4.8207136, 53.144769999093612 ], [ 4.8208827, 53.144545399093616 ], [ 4.8209676, 53.144443699093614 ], [ 4.8211503, 53.14424819909361 ], [ 4.8212332, 53.144107799093611 ], [ 4.8213166, 53.144005799093598 ], [ 4.8213644, 53.143891399093569 ], [ 4.8213404, 53.143745899093574 ], [ 4.8212868, 53.14366859909358 ], [ 4.8210186, 53.143449799093567 ], [ 4.8209703, 53.14340479909356 ], [ 4.8209327, 53.14341119909357 ], [ 4.8208684, 53.143663799093581 ], [ 4.8208724, 53.14383169909356 ], [ 4.8208845, 53.143882599093573 ], [ 4.8208845, 53.143919199093588 ], [ 4.820812, 53.144018599093606 ], [ 4.8207732, 53.14414489909359 ], [ 4.8205586, 53.144405099093611 ], [ 4.8205492, 53.144446099093614 ], [ 4.8205445, 53.14450959909361 ], [ 4.8205284, 53.144546999093635 ], [ 4.8204875, 53.144565499093623 ], [ 4.8204258, 53.144573999093637 ], [ 4.8203972, 53.144567599093634 ], [ 4.8203775, 53.144563099093652 ], [ 4.8202414, 53.144497999093623 ], [ 4.8200865, 53.144440099093607 ], [ 4.8199021, 53.144420799093609 ], [ 4.8198055, 53.144419599093624 ], [ 4.8197553, 53.144427999093608 ], [ 4.8197258, 53.144437199093623 ], [ 4.8196808, 53.144483099093605 ], [ 4.8196392, 53.144505999093617 ], [ 4.8195481, 53.14453419909362 ], [ 4.8194723, 53.144530999093618 ], [ 4.8193958, 53.144513299093632 ], [ 4.8195467, 53.14452169909363 ], [ 4.8195829, 53.144512099093625 ], [ 4.8196245, 53.144495199093626 ], [ 4.8196607, 53.144466599093619 ], [ 4.8196822, 53.144439299093612 ], [ 4.8197318, 53.144421599093612 ], [ 4.8198042, 53.144410299093629 ], [ 4.8199001, 53.144406699093601 ], [ 4.8200248, 53.144410699093612 ], [ 4.8200986, 53.144423199093609 ], [ 4.8201745, 53.144442399093613 ], [ 4.820234, 53.144457399093625 ], [ 4.8203782, 53.144533399093618 ], [ 4.8204278, 53.14454869909364 ], [ 4.8204707, 53.144541799093652 ], [ 4.8204969, 53.144524899093618 ], [ 4.820509, 53.14445579909362 ], [ 4.8205378, 53.144388599093624 ], [ 4.820635, 53.144236199093605 ], [ 4.8207154, 53.144136199093616 ], [ 4.8208483, 53.14392969909359 ], [ 4.8208576, 53.143904699093589 ], [ 4.8208342, 53.14381539909359 ], [ 4.8208436, 53.14378529909358 ], [ 4.8208295, 53.143714899093581 ], [ 4.8208476, 53.143516999093571 ], [ 4.8208634, 53.143485999093578 ], [ 4.8209073, 53.143337199093551 ], [ 4.8208795, 53.143261799093544 ], [ 4.8205975, 53.143152199093556 ], [ 4.820053, 53.14302189909354 ], [ 4.8198464, 53.142997799093557 ], [ 4.8197182, 53.142984999093535 ], [ 4.8194755, 53.14292839909357 ], [ 4.8192456, 53.142852199093532 ], [ 4.8190418, 53.142823199093534 ], [ 4.8188326, 53.142783799093529 ], [ 4.8187038, 53.142753199093541 ], [ 4.8186193, 53.142725099093532 ], [ 4.8185523, 53.142707399093531 ], [ 4.8183846, 53.142675999093534 ], [ 4.8183015, 53.142671999093537 ], [ 4.8180547, 53.142709799093531 ], [ 4.8175237, 53.142700899093548 ], [ 4.8172098, 53.142683999093535 ], [ 4.8170114, 53.14264139909352 ], [ 4.8167096, 53.142532799093523 ], [ 4.8165996, 53.142466799093512 ], [ 4.8165286, 53.142404099093532 ], [ 4.8164642, 53.142363899093532 ], [ 4.8162751, 53.142198199093507 ], [ 4.8161698, 53.142076599093492 ], [ 4.8161237, 53.141993199093498 ], [ 4.8161053, 53.1419014990935 ], [ 4.8160726, 53.141742799093485 ], [ 4.8160377, 53.14156019909349 ], [ 4.8159961, 53.141455699093463 ], [ 4.8159653, 53.141255399093474 ], [ 4.8158419, 53.14104299909345 ], [ 4.8157346, 53.140912199093449 ], [ 4.8154724, 53.14068459909344 ], [ 4.8152976, 53.140489299093431 ], [ 4.8152051, 53.140353399093421 ], [ 4.8149701, 53.140197899093401 ], [ 4.8145135, 53.140039999093396 ], [ 4.8141613, 53.139970099093404 ], [ 4.8137232, 53.139891399093401 ], [ 4.8132429, 53.13979199909339 ], [ 4.81295, 53.139692199093375 ], [ 4.8125146, 53.139565999093385 ], [ 4.8118012, 53.139299699093378 ], [ 4.8116456, 53.139302099093364 ], [ 4.811372, 53.139284399093377 ], [ 4.8112339, 53.139258599093367 ], [ 4.811058, 53.139210399093372 ], [ 4.810735, 53.139121899093368 ], [ 4.8108101, 53.139087099093366 ], [ 4.8108218, 53.139038699093341 ], [ 4.8106862, 53.138961899093367 ], [ 4.8104882, 53.138870099093346 ], [ 4.8103152, 53.13878119909333 ], [ 4.8100136, 53.138689299093343 ], [ 4.8099156, 53.138644799093335 ], [ 4.8098559, 53.138640899093346 ], [ 4.8097856, 53.138663299093345 ], [ 4.8095521, 53.138943299093363 ], [ 4.8094583, 53.139081699093353 ], [ 4.8094012, 53.139202199093376 ], [ 4.8093966, 53.139374499093378 ], [ 4.8094207, 53.139522599093382 ], [ 4.8094542, 53.139806499093382 ], [ 4.8094462, 53.13986119909341 ], [ 4.8094623, 53.139909499093392 ], [ 4.8095186, 53.139951299093404 ], [ 4.809583, 53.139972999093395 ], [ 4.8099974, 53.140007599093387 ], [ 4.8103528, 53.139984299093399 ], [ 4.8104332, 53.139966599093398 ], [ 4.8104815, 53.139948899093376 ], [ 4.81057, 53.139935199093394 ], [ 4.8106907, 53.139935999093403 ], [ 4.8107806, 53.139956899093399 ], [ 4.8109965, 53.140077599093381 ], [ 4.8110341, 53.140121099093392 ], [ 4.8110461, 53.140164499093409 ], [ 4.8110743, 53.140201499093422 ], [ 4.81114, 53.140236099093407 ], [ 4.8111561, 53.1402658990934 ], [ 4.8111708, 53.140314899093404 ], [ 4.8112392, 53.140379299093418 ], [ 4.8113935, 53.140445299093429 ], [ 4.8114793, 53.140490299093443 ], [ 4.8115772, 53.140580399093409 ], [ 4.811722, 53.14070189909345 ], [ 4.8117797, 53.140762199093437 ], [ 4.8118307, 53.140803199093448 ], [ 4.8119447, 53.140868399093442 ], [ 4.8120479, 53.140896599093445 ], [ 4.8121324, 53.140924699093453 ], [ 4.8122893, 53.141028499093451 ], [ 4.8123671, 53.141066299093445 ], [ 4.8124154, 53.141096899093441 ], [ 4.8124449, 53.141137099093442 ], [ 4.8124717, 53.14119099909346 ], [ 4.8124959, 53.141289099093463 ], [ 4.812575, 53.14142189909348 ], [ 4.8126058, 53.141462899093469 ], [ 4.8126662, 53.141507099093481 ], [ 4.8127212, 53.141532099093467 ], [ 4.8127735, 53.141561799093473 ], [ 4.8128258, 53.141604499093482 ], [ 4.812874, 53.141664799093483 ], [ 4.8129156, 53.14169939909349 ], [ 4.812925, 53.141729999093492 ], [ 4.8129129, 53.141756499093489 ], [ 4.8128714, 53.141769399093491 ], [ 4.8127493, 53.141789499093505 ], [ 4.8127171, 53.141804799093492 ], [ 4.8127104, 53.141824099093476 ], [ 4.8128258, 53.141930299093488 ], [ 4.8129585, 53.142003499093498 ], [ 4.8131181, 53.142099999093517 ], [ 4.8133434, 53.142215899093515 ], [ 4.813385, 53.142269799093519 ], [ 4.8134346, 53.142318799093502 ], [ 4.8134024, 53.142306799093504 ], [ 4.8133622, 53.142281799093531 ], [ 4.813334, 53.142228699093508 ], [ 4.8132415, 53.142184499093496 ], [ 4.8129478, 53.142013899093492 ], [ 4.8128285, 53.141962499093502 ], [ 4.8127748, 53.141932699093495 ], [ 4.8127265, 53.141874799093479 ], [ 4.812689, 53.141848199093474 ], [ 4.8126675, 53.141819299093498 ], [ 4.8126702, 53.141794299093483 ], [ 4.8127024, 53.141774199093497 ], [ 4.8127748, 53.141764599093477 ], [ 4.8128325, 53.141747699093479 ], [ 4.812862, 53.141725099093478 ], [ 4.812862, 53.141694599093491 ], [ 4.8127896, 53.141606899093468 ], [ 4.8127426, 53.141571499093502 ], [ 4.8126313, 53.14152319909347 ], [ 4.8125911, 53.14149909909348 ], [ 4.8124851, 53.141376799093472 ], [ 4.8124033, 53.141231999093463 ], [ 4.8123631, 53.141132299093471 ], [ 4.8123296, 53.141100099093478 ], [ 4.8121445, 53.141009999093427 ], [ 4.8120761, 53.140993899093431 ], [ 4.8119849, 53.14096659909346 ], [ 4.8119366, 53.140942399093447 ], [ 4.8117703, 53.140828199093434 ], [ 4.8115571, 53.140618999093412 ], [ 4.811431, 53.140507999093415 ], [ 4.8112406, 53.140430799093416 ], [ 4.8111306, 53.140371199093408 ], [ 4.8110595, 53.140290799093421 ], [ 4.811022, 53.140238499093414 ], [ 4.8109697, 53.140190199093411 ], [ 4.8108463, 53.140099299093428 ], [ 4.8107591, 53.140051099093398 ], [ 4.8106103, 53.140011599093384 ], [ 4.8105526, 53.140010799093396 ], [ 4.8103876, 53.140050299093403 ], [ 4.8102303, 53.140074699093418 ], [ 4.8100913, 53.140076799093421 ], [ 4.809764, 53.140046999093414 ], [ 4.8096232, 53.140038199093404 ], [ 4.8095387, 53.140017299093394 ], [ 4.8094596, 53.1399794990934 ], [ 4.8093536, 53.139914299093398 ], [ 4.809292, 53.139862799093393 ], [ 4.8093054, 53.139750999093387 ], [ 4.8093181, 53.139613099093367 ], [ 4.8092973, 53.139427599093374 ], [ 4.8092678, 53.139347099093357 ], [ 4.8092651, 53.139292399093357 ], [ 4.8092759, 53.139240999093353 ], [ 4.8093094, 53.139145999093358 ], [ 4.8093402, 53.139034199093345 ], [ 4.8094261, 53.138892599093346 ], [ 4.8095885, 53.138710799093346 ], [ 4.8096081, 53.13855259909333 ], [ 4.8096326, 53.138479099093331 ], [ 4.8096313, 53.138375299093319 ], [ 4.8095803, 53.138289199093308 ], [ 4.8095535, 53.138205599093318 ], [ 4.8093389, 53.138076799093298 ], [ 4.8092745, 53.1380124990933 ], [ 4.8091894, 53.137946999093288 ], [ 4.8087233, 53.137808899093301 ], [ 4.808431, 53.137702699093282 ], [ 4.8082486, 53.137625499093268 ], [ 4.8080367, 53.137554699093286 ], [ 4.8078328, 53.137442099093278 ], [ 4.8076558, 53.137348699093259 ], [ 4.8074734, 53.137302099093255 ], [ 4.8071837, 53.13723289909327 ], [ 4.8068887, 53.137163699093264 ], [ 4.8066017, 53.137137999093248 ], [ 4.8062181, 53.137137999093248 ], [ 4.8057595, 53.137070399093261 ], [ 4.8050541, 53.136965799093261 ], [ 4.8046517, 53.136931999093242 ], [ 4.8044506, 53.136938399093246 ], [ 4.8042789, 53.136957699093244 ], [ 4.8041931, 53.136999599093258 ], [ 4.8041931, 53.137062299093252 ], [ 4.8043201, 53.137313099093248 ], [ 4.8042789, 53.137814399093301 ], [ 4.8041689, 53.138314199093337 ], [ 4.8040026, 53.138648799093332 ], [ 4.8037827, 53.138964199093351 ], [ 4.8035574, 53.139154099093361 ], [ 4.803139, 53.139440499093368 ], [ 4.8028922, 53.139659299093374 ], [ 4.8026937, 53.139861999093391 ], [ 4.8025113, 53.140000399093381 ], [ 4.8021784, 53.140296999093422 ], [ 4.8017761, 53.140561999093428 ], [ 4.8016815, 53.140610399093433 ], [ 4.8015299, 53.140662399093415 ], [ 4.8012941, 53.140737199093429 ], [ 4.8010474, 53.140808399093451 ], [ 4.8008328, 53.140850699093441 ], [ 4.8005748, 53.140874899093433 ], [ 4.8003361, 53.140907499093466 ], [ 4.7999024, 53.140865599093445 ], [ 4.7990781, 53.140721199093448 ], [ 4.7987777, 53.140663299093418 ], [ 4.7980803, 53.140618199093424 ], [ 4.7979087, 53.140637499093422 ], [ 4.7978067, 53.140714799093423 ], [ 4.7976945, 53.14103189909347 ], [ 4.7981786, 53.141541899093475 ], [ 4.7984552, 53.141883499093481 ], [ 4.7986587, 53.142144599093498 ], [ 4.799155, 53.142608299093531 ], [ 4.7996635, 53.143174399093539 ], [ 4.799926, 53.143655399093568 ], [ 4.8004404, 53.144077099093614 ], [ 4.8005811, 53.144159199093615 ], [ 4.8007932, 53.144310399093619 ], [ 4.8011511, 53.144565199093627 ], [ 4.8014338, 53.144767299093637 ], [ 4.8016934, 53.145019199093646 ], [ 4.8022195, 53.145517299093683 ], [ 4.8033982, 53.146534299093716 ], [ 4.8036238, 53.146776199093729 ], [ 4.803919, 53.147115499093736 ], [ 4.8045002, 53.147839099093773 ], [ 4.8051664, 53.14826179909381 ], [ 4.8059035, 53.149032099093866 ], [ 4.8061073, 53.149314899093866 ], [ 4.8065525, 53.14973779909387 ], [ 4.8070156, 53.150146599093901 ], [ 4.8074372, 53.150562399093921 ], [ 4.8079649, 53.151028599093927 ], [ 4.8087955, 53.151906299093973 ], [ 4.8097886, 53.153070099094045 ], [ 4.8102273, 53.153539399094065 ], [ 4.8112804, 53.154649999094133 ], [ 4.8117038, 53.154930299094147 ], [ 4.8118533, 53.155291199094144 ], [ 4.8120344, 53.155502399094168 ], [ 4.8122998, 53.155621399094159 ], [ 4.8127382, 53.156119199094206 ], [ 4.8129855, 53.156472099094223 ], [ 4.8133356, 53.156824299094232 ], [ 4.81347, 53.156857399094235 ], [ 4.8135875, 53.156950699094232 ], [ 4.813774, 53.157204799094259 ], [ 4.8139389, 53.157298299094251 ], [ 4.8140314, 53.157476999094278 ], [ 4.8141822, 53.157738099094281 ], [ 4.8145686, 53.15813579909431 ], [ 4.8147823, 53.158129699094303 ], [ 4.8148533, 53.158144299094303 ], [ 4.814882, 53.158215799094314 ], [ 4.8148274, 53.158304599094308 ], [ 4.8148137, 53.158443699094313 ], [ 4.8149597, 53.158622699094344 ], [ 4.8154286, 53.159056399094354 ], [ 4.8156109, 53.159182099094366 ], [ 4.8158414, 53.159247399094369 ], [ 4.8159654, 53.159297899094355 ], [ 4.8161069, 53.159362799094367 ], [ 4.8161944, 53.159477299094377 ], [ 4.8162264, 53.159755699094369 ], [ 4.8163305, 53.159955899094392 ], [ 4.8167097, 53.160453399094422 ], [ 4.817432, 53.161023899094467 ], [ 4.8176475, 53.161327999094475 ], [ 4.8179378, 53.161817999094488 ], [ 4.8183523, 53.162333499094508 ], [ 4.8186345, 53.16253809909454 ], [ 4.8188567, 53.162744999094542 ], [ 4.8192161, 53.163153399094554 ], [ 4.8196238, 53.16354899909458 ], [ 4.8200691, 53.164060399094602 ], [ 4.8210722, 53.164902999094643 ], [ 4.8215765, 53.16529539909466 ], [ 4.8228049, 53.166321299094719 ], [ 4.8239327, 53.167250499094763 ], [ 4.8262703, 53.169382699094889 ], [ 4.827944, 53.170913399094978 ], [ 4.8300898, 53.172328199095027 ], [ 4.8321283, 53.173935899095127 ], [ 4.8344457, 53.175890799095228 ], [ 4.8362481, 53.177260499095325 ], [ 4.8377064, 53.178312599095356 ], [ 4.8394775, 53.180758399095495 ], [ 4.840529, 53.181851399095542 ], [ 4.8406684, 53.182204999095561 ], [ 4.84106, 53.182513699095587 ], [ 4.8415231, 53.182704399095591 ], [ 4.8416862, 53.182760299095598 ], [ 4.8418862, 53.182802999095593 ], [ 4.8430288, 53.182957299095612 ], [ 4.843415, 53.183240199095614 ], [ 4.8437798, 53.18372239909565 ], [ 4.8442733, 53.18410809909566 ], [ 4.8461187, 53.184686799095715 ], [ 4.8474491, 53.184796099095713 ], [ 4.8485649, 53.184821799095708 ], [ 4.8500669, 53.184911799095737 ], [ 4.8509896, 53.184886099095721 ], [ 4.8522341, 53.185001799095723 ], [ 4.8527813, 53.185104599095723 ], [ 4.8536289, 53.185117499095718 ], [ 4.8550826, 53.18500499909571 ], [ 4.856413, 53.184863599095713 ], [ 4.8571439, 53.184731199095722 ], [ 4.8573947, 53.18468029909571 ], [ 4.8592293, 53.184024599095665 ], [ 4.8613751, 53.182809399095589 ], [ 4.8630273, 53.181240599095524 ], [ 4.8635918, 53.180650099095473 ], [ 4.8637257, 53.180421399095479 ], [ 4.8639436, 53.180180299095476 ], [ 4.8641505, 53.17991299909545 ], [ 4.8643818, 53.17968959909544 ], [ 4.8646097, 53.179487499095437 ], [ 4.8647994, 53.179307699095411 ], [ 4.8650622, 53.179026399095392 ], [ 4.8653209, 53.178744599095388 ], [ 4.865585, 53.178471999095358 ], [ 4.8658496, 53.178176599095359 ], [ 4.866131, 53.177870599095336 ], [ 4.8665356, 53.177402899095291 ], [ 4.8672396, 53.176764599095279 ], [ 4.8676899, 53.176476399095257 ], [ 4.8683345, 53.176067899095244 ], [ 4.8688531, 53.175776399095213 ], [ 4.8690841, 53.17564019909522 ], [ 4.869327, 53.175521599095205 ], [ 4.8696689, 53.175367399095194 ], [ 4.8699775, 53.175210599095216 ], [ 4.870275, 53.17504879909518 ], [ 4.8704478, 53.174940799095197 ], [ 4.870764, 53.174875299095198 ], [ 4.8708582, 53.17477099909518 ], [ 4.8709095, 53.174642299095154 ], [ 4.8709196, 53.174551399095151 ], [ 4.8708784, 53.174469699095184 ], [ 4.870879, 53.174384999095146 ], [ 4.8709403, 53.174243699095136 ], [ 4.8710139, 53.174162999095145 ], [ 4.8711544, 53.174070799095134 ], [ 4.8715169, 53.173842799095134 ], [ 4.8716062, 53.173784899095111 ], [ 4.8717003, 53.173726899095115 ], [ 4.8717985, 53.173658999095089 ], [ 4.8720022, 53.173507899095107 ], [ 4.8721595, 53.173384699095088 ], [ 4.8724611, 53.173155999095094 ], [ 4.8726171, 53.173000299095072 ], [ 4.8728178, 53.17279429909506 ], [ 4.8730076, 53.17262469909506 ], [ 4.8731796, 53.172426999095052 ], [ 4.8733672, 53.172260999095045 ], [ 4.873566, 53.172082799095037 ], [ 4.8737894, 53.171849999095016 ], [ 4.8739901, 53.171595499095019 ], [ 4.8741256, 53.171384599094992 ], [ 4.8743523, 53.171072299094973 ], [ 4.8745199, 53.170802999094974 ], [ 4.87465, 53.170301899094937 ], [ 4.8747541, 53.170100699094924 ], [ 4.8748235, 53.169908799094912 ], [ 4.8748467, 53.169686899094906 ], [ 4.8747891, 53.169591399094898 ], [ 4.8747199, 53.169555799094901 ], [ 4.8746375, 53.16956569909491 ], [ 4.8745485, 53.169609199094893 ], [ 4.8745155, 53.169664499094907 ], [ 4.8744661, 53.169709899094897 ], [ 4.874354, 53.169723799094896 ], [ 4.8742347, 53.169690899094896 ], [ 4.8742219, 53.169640699094906 ], [ 4.8741963, 53.169512199094896 ], [ 4.8743303, 53.168905599094877 ], [ 4.8744507, 53.168451499094857 ], [ 4.8746309, 53.167774499094783 ], [ 4.8747238, 53.167303599094751 ], [ 4.8748088, 53.167237999094787 ], [ 4.8748889, 53.167147299094779 ], [ 4.8748823, 53.167038799094769 ], [ 4.8748886, 53.166959099094768 ], [ 4.8749722, 53.166888899094758 ], [ 4.8751734, 53.166790599094746 ], [ 4.8753793, 53.166706399094757 ], [ 4.8756246, 53.166615399094745 ], [ 4.8757237, 53.166599899094727 ], [ 4.8758138, 53.166543099094731 ], [ 4.8759383, 53.166515499094736 ], [ 4.8760367, 53.166499699094757 ], [ 4.8761333, 53.166496299094725 ], [ 4.8761844, 53.166523099094725 ], [ 4.8762624, 53.166523099094725 ], [ 4.8763349, 53.166469599094732 ], [ 4.8762931, 53.16644289909474 ], [ 4.8762568, 53.166406099094736 ], [ 4.8762791, 53.166355999094748 ], [ 4.8763585, 53.166272599094725 ], [ 4.8764013, 53.166208699094732 ], [ 4.876725, 53.166053199094726 ], [ 4.8768462, 53.166021299094702 ], [ 4.876982, 53.165986099094717 ], [ 4.8770025, 53.165968199094699 ], [ 4.8770612, 53.165949799094712 ], [ 4.8775847, 53.165833699094698 ], [ 4.8776976, 53.165818999094697 ], [ 4.8778128, 53.165785999094695 ], [ 4.8779065, 53.165760499094702 ], [ 4.8780058, 53.165750899094689 ], [ 4.8780139, 53.165737399094702 ], [ 4.8780761, 53.165709099094713 ], [ 4.8781165, 53.16570659909469 ], [ 4.8781546, 53.165686699094692 ], [ 4.8786806, 53.165508599094707 ], [ 4.8788578, 53.165405499094682 ], [ 4.8790197, 53.165370299094675 ], [ 4.8791162, 53.165286599094678 ], [ 4.8792312, 53.16519109909467 ], [ 4.8793574, 53.16506129909466 ], [ 4.8794107, 53.164998899094662 ], [ 4.8794488, 53.16487709909466 ], [ 4.8795079, 53.164770699094646 ], [ 4.8796271, 53.164694899094656 ], [ 4.8796698, 53.164659399094639 ], [ 4.8797255, 53.164558299094658 ], [ 4.8797691, 53.164489099094631 ], [ 4.8797536, 53.164427999094627 ], [ 4.8798008, 53.164359099094604 ], [ 4.8797942, 53.164284899094625 ], [ 4.8796951, 53.164246799094613 ], [ 4.8796951, 53.164191999094626 ], [ 4.8796645, 53.164170399094608 ], [ 4.8796358, 53.164127299094595 ], [ 4.8795855, 53.1641057990946 ], [ 4.879546, 53.164114399094615 ], [ 4.8795424, 53.16414459909462 ], [ 4.8795208, 53.16415959909461 ], [ 4.8794742, 53.164148899094613 ], [ 4.8794382, 53.164090699094615 ], [ 4.8794562, 53.164026199094607 ], [ 4.8795101, 53.163989599094613 ], [ 4.8795029, 53.163948599094596 ], [ 4.8794454, 53.163924999094597 ], [ 4.8794382, 53.163892699094603 ], [ 4.8794562, 53.16384959909459 ], [ 4.8794275, 53.163825899094597 ], [ 4.8793787, 53.163846199094593 ], [ 4.8793127, 53.163850699094596 ], [ 4.8792251, 53.163797199094589 ], [ 4.8791961, 53.163736199094593 ], [ 4.8792444, 53.163564099094557 ], [ 4.8793012, 53.163477199094586 ], [ 4.8794143, 53.163399099094576 ], [ 4.8795095, 53.163320599094568 ], [ 4.8795675, 53.163237299094561 ], [ 4.8797118, 53.163110099094553 ], [ 4.879803, 53.162942999094547 ], [ 4.8799198, 53.162793799094558 ], [ 4.8799706, 53.162678099094542 ], [ 4.8799401, 53.162604999094526 ], [ 4.8798527, 53.162535499094531 ], [ 4.8798311, 53.162500699094537 ], [ 4.8798443, 53.162457099094517 ], [ 4.8798465, 53.162377799094529 ], [ 4.8799198, 53.162303599094521 ], [ 4.8800158, 53.162194699094499 ], [ 4.8801231, 53.162092399094504 ], [ 4.8801734, 53.161976099094495 ], [ 4.8802381, 53.161926599094492 ], [ 4.8803365, 53.161842099094486 ], [ 4.8804432, 53.161793299094491 ], [ 4.8805193, 53.16177659909448 ], [ 4.880593, 53.161785699094494 ], [ 4.8806463, 53.161799399094484 ], [ 4.8806971, 53.161784199094484 ], [ 4.880725, 53.16176289909447 ], [ 4.8806945, 53.161736999094479 ], [ 4.8806031, 53.161704999094496 ], [ 4.8804635, 53.161702199094492 ], [ 4.8802947, 53.161730199094485 ], [ 4.8801654, 53.161788299094496 ], [ 4.8800433, 53.161887399094496 ], [ 4.8798479, 53.162071699094518 ], [ 4.8796628, 53.16226459909452 ], [ 4.8796271, 53.162366299094522 ], [ 4.8796107, 53.162495899094516 ], [ 4.8795769, 53.162708499094542 ], [ 4.8795344, 53.162847799094536 ], [ 4.8794793, 53.162909299094565 ], [ 4.8793324, 53.163032299094553 ], [ 4.8791353, 53.163110599094544 ], [ 4.8789659, 53.163250999094572 ], [ 4.8787422, 53.163462999094577 ], [ 4.8784704, 53.16362999909461 ], [ 4.8783136, 53.163754999094607 ], [ 4.8780293, 53.163875599094595 ], [ 4.8778063, 53.163935899094604 ], [ 4.8776809, 53.163985699094603 ], [ 4.8774835, 53.164041299094606 ], [ 4.8774155, 53.164088999094595 ], [ 4.8773917, 53.164126899094619 ], [ 4.8773934, 53.164153799094606 ], [ 4.8773988, 53.16418209909461 ], [ 4.8773926, 53.164201999094608 ], [ 4.8773468, 53.164220599094627 ], [ 4.8773109, 53.164227899094612 ], [ 4.8772602, 53.164224199094612 ], [ 4.8772196, 53.164206199094636 ], [ 4.877201, 53.164180899094603 ], [ 4.8771931, 53.164154099094596 ], [ 4.8772378, 53.164107599094606 ], [ 4.8772373, 53.16409299909462 ], [ 4.8772198, 53.164080699094626 ], [ 4.8771942, 53.164076099094608 ], [ 4.8771561, 53.164061199094604 ], [ 4.8771349, 53.164024099094604 ], [ 4.877187, 53.163994199094589 ], [ 4.8772143, 53.16397289909461 ], [ 4.877239, 53.163924299094603 ], [ 4.8772532, 53.163836999094578 ], [ 4.8772634, 53.163736399094596 ], [ 4.877232, 53.163631199094588 ], [ 4.8772001, 53.163579499094574 ], [ 4.8772112, 53.163522199094587 ], [ 4.8772073, 53.163368799094563 ], [ 4.8772415, 53.163316999094555 ], [ 4.8772778, 53.163252399094553 ], [ 4.8772814, 53.163157199094563 ], [ 4.8772854, 53.163007499094547 ], [ 4.8772699, 53.162828799094541 ], [ 4.8771167, 53.162723299094523 ], [ 4.8769802, 53.162705999094548 ], [ 4.8768653, 53.162770599094529 ], [ 4.8767432, 53.162796499094547 ], [ 4.8766642, 53.16274479909454 ], [ 4.8766677, 53.162710099094539 ], [ 4.8766779, 53.162509199094529 ], [ 4.8766677, 53.162369099094533 ], [ 4.8766474, 53.16224119909451 ], [ 4.8767062, 53.162120699094515 ], [ 4.8768098, 53.161929299094481 ], [ 4.8768174, 53.161779999094499 ], [ 4.8768545, 53.161591999094483 ], [ 4.8768485, 53.161496099094478 ], [ 4.8768953, 53.161452299094492 ], [ 4.8769106, 53.161339999094459 ], [ 4.8768826, 53.161249299094465 ], [ 4.8768042, 53.161213899094477 ], [ 4.8768725, 53.161144999094454 ], [ 4.8768556, 53.161047099094468 ], [ 4.8769194, 53.160469799094415 ], [ 4.8769528, 53.160287299094414 ], [ 4.8769937, 53.160127999094392 ], [ 4.877345, 53.158761099094335 ], [ 4.8774264, 53.158363999094306 ], [ 4.8774849, 53.158224899094314 ], [ 4.8776121, 53.158151699094304 ], [ 4.8776917, 53.158115299094312 ], [ 4.8777886, 53.158097199094293 ], [ 4.8784135, 53.158198699094292 ], [ 4.8784298, 53.158154099094297 ], [ 4.8777103, 53.158039099094303 ], [ 4.8776479, 53.158009499094291 ], [ 4.8776743, 53.157976699094299 ], [ 4.8777292, 53.157918199094297 ], [ 4.8778014, 53.157802599094282 ], [ 4.8777396, 53.1577876990943 ], [ 4.8777638, 53.157757399094287 ], [ 4.8777851, 53.157730699094287 ], [ 4.8778267, 53.157722399094276 ], [ 4.8778449, 53.157703799094286 ], [ 4.8778729, 53.157698899094292 ], [ 4.8779385, 53.157673099094268 ], [ 4.8780103, 53.157672099094285 ], [ 4.8780872, 53.157674199094281 ], [ 4.8783148, 53.157703399094281 ], [ 4.8783617, 53.157692799094285 ], [ 4.8783894, 53.157662099094281 ], [ 4.8783822, 53.157637599094272 ], [ 4.8783003, 53.157578699094266 ], [ 4.8782754, 53.157538199094283 ], [ 4.8782752, 53.157501599094282 ], [ 4.878217, 53.157479199094283 ], [ 4.8781662, 53.15746439909428 ], [ 4.8781049, 53.157433299094251 ], [ 4.8781078, 53.157348699094278 ], [ 4.879246, 53.156536299094213 ], [ 4.8798164, 53.156099499094211 ], [ 4.8805103, 53.155550299094159 ], [ 4.8808683, 53.155254799094159 ], [ 4.8809783, 53.155178699094158 ], [ 4.8811748, 53.155131499094161 ], [ 4.8813291, 53.155109699094155 ], [ 4.8817929, 53.155075499094153 ], [ 4.8823304, 53.155067099094147 ], [ 4.8827912, 53.155073499094144 ], [ 4.8839354, 53.155452399094159 ], [ 4.8837815, 53.155599499094187 ], [ 4.8837657, 53.155627499094173 ], [ 4.883773, 53.155662899094182 ], [ 4.8838119, 53.155679399094161 ], [ 4.8838705, 53.155670099094188 ], [ 4.8839057, 53.15565059909418 ], [ 4.8840667, 53.155500699094162 ], [ 4.885231, 53.155861099094182 ], [ 4.8851463, 53.155974799094203 ], [ 4.8851306, 53.156024699094203 ], [ 4.885153, 53.156052299094213 ], [ 4.8852212, 53.156057099094191 ], [ 4.885267, 53.156034799094215 ], [ 4.8853823, 53.155907199094209 ], [ 4.8857904, 53.156045999094196 ], [ 4.8860248, 53.156119999094216 ], [ 4.8861764, 53.1561295990942 ], [ 4.8863358, 53.156125799094191 ], [ 4.8865009, 53.156281499094213 ], [ 4.8865536, 53.156327199094221 ], [ 4.886637, 53.15633199909422 ], [ 4.8866826, 53.156318699094207 ], [ 4.8866906, 53.156282199094228 ], [ 4.8866609, 53.156236599094207 ], [ 4.8865634, 53.156131199094197 ], [ 4.8865035, 53.156057899094201 ], [ 4.8869474, 53.155731299094178 ], [ 4.8873827, 53.155491599094177 ], [ 4.8881904, 53.155193899094144 ], [ 4.8883737, 53.155094099094157 ], [ 4.8886026, 53.154981099094144 ], [ 4.8889926, 53.15471369909411 ], [ 4.8890306, 53.154713799094132 ], [ 4.8892117, 53.154796599094126 ], [ 4.8892724, 53.154801299094146 ], [ 4.8892954, 53.154778999094141 ], [ 4.8892882, 53.154746899094114 ], [ 4.88913, 53.154654699094131 ], [ 4.8891303, 53.154627799094122 ], [ 4.8898202, 53.154122899094112 ], [ 4.8930299, 53.151861099093992 ], [ 4.893351, 53.151623199093976 ], [ 4.8936065, 53.151415899093976 ], [ 4.8938552, 53.151173099093953 ], [ 4.8941703, 53.150817799093929 ], [ 4.8952138, 53.149604499093861 ], [ 4.8969631, 53.147594899093761 ], [ 4.8971634, 53.147340199093776 ], [ 4.8973983, 53.147015999093739 ], [ 4.8974236, 53.146980699093731 ], [ 4.8978886, 53.146278299093701 ], [ 4.8985918, 53.145216399093648 ], [ 4.8987129, 53.145192099093656 ], [ 4.8987946, 53.145176699093639 ], [ 4.8988349, 53.145156099093668 ], [ 4.8988828, 53.145103499093644 ], [ 4.8989095, 53.145051399093653 ], [ 4.898981, 53.144979299093649 ], [ 4.8990954, 53.144877499093653 ], [ 4.8989725, 53.144823499093626 ], [ 4.8990069, 53.14476219909362 ], [ 4.8990386, 53.144673399093634 ], [ 4.8991349, 53.144579799093613 ], [ 4.899297, 53.14443299909361 ], [ 4.8994454, 53.144245199093611 ], [ 4.8995575, 53.144124399093585 ], [ 4.899623, 53.144035899093588 ], [ 4.8997204, 53.14395189909358 ], [ 4.8998306, 53.143853099093583 ], [ 4.8999643, 53.143774199093606 ], [ 4.9001017, 53.14369449909357 ], [ 4.9002617, 53.143703399093575 ], [ 4.9003395, 53.143707699093596 ], [ 4.9006565, 53.143820099093588 ], [ 4.900706, 53.143824299093602 ], [ 4.9007627, 53.143820599093587 ], [ 4.900777, 53.143799299093594 ], [ 4.900749, 53.143773299093588 ], [ 4.9004091, 53.143654599093566 ], [ 4.9002996, 53.143477799093574 ], [ 4.9003287, 53.143401499093606 ], [ 4.9004287, 53.143312599093548 ], [ 4.9005336, 53.143209699093561 ], [ 4.9005426, 53.143196299093553 ], [ 4.9006948, 53.143019999093532 ], [ 4.9007212, 53.142971799093559 ], [ 4.9007475, 53.142937699093537 ], [ 4.9007945, 53.142906399093548 ], [ 4.9008804, 53.142871399093544 ], [ 4.9009289, 53.14284239909356 ], [ 4.9010238, 53.142785999093519 ], [ 4.9010813, 53.142734599093544 ], [ 4.901283, 53.142532099093543 ], [ 4.9013462, 53.14245989909351 ], [ 4.9016228, 53.142247099093517 ], [ 4.9017355, 53.1421167990935 ], [ 4.901875, 53.142050799093496 ], [ 4.9019689, 53.141967199093514 ], [ 4.9020466, 53.14186419909349 ], [ 4.9021593, 53.141809499093469 ], [ 4.9022263, 53.141719399093468 ], [ 4.9023122, 53.14154719909348 ], [ 4.9023336, 53.141444299093465 ], [ 4.9024624, 53.141315599093467 ], [ 4.9026394, 53.141149799093441 ], [ 4.9027574, 53.140985699093434 ], [ 4.9028942, 53.140919799093453 ], [ 4.9030444, 53.140845799093462 ], [ 4.9031302, 53.140734699093429 ], [ 4.9032054, 53.140655899093424 ], [ 4.9033421, 53.14057219909342 ], [ 4.9034283, 53.140498399093431 ], [ 4.9034736, 53.140459599093418 ], [ 4.903495, 53.140385599093428 ], [ 4.9035138, 53.140317999093412 ], [ 4.9036291, 53.140240799093426 ], [ 4.9037123, 53.140139399093421 ], [ 4.9038786, 53.139901299093403 ], [ 4.904002, 53.13978709909339 ], [ 4.9041253, 53.139637399093388 ], [ 4.9042863, 53.139463699093362 ], [ 4.904407, 53.13935749909335 ], [ 4.9044392, 53.13930439909339 ], [ 4.9045062, 53.139230399093364 ], [ 4.9046189, 53.139151499093359 ], [ 4.9046403, 53.139087199093375 ], [ 4.904694, 53.139016399093343 ], [ 4.9048603, 53.138903799093349 ], [ 4.9050078, 53.138731599093333 ], [ 4.9051204, 53.13862699909334 ], [ 4.9052197, 53.138496699093324 ], [ 4.9053377, 53.138387299093338 ], [ 4.9054343, 53.138284299093321 ], [ 4.9056542, 53.138097599093307 ], [ 4.9057148, 53.137939099093288 ], [ 4.9058039, 53.137860299093283 ], [ 4.9058927, 53.137733999093285 ], [ 4.9059136, 53.137617499093281 ], [ 4.9059582, 53.137562099093273 ], [ 4.9059745, 53.137541899093279 ], [ 4.9059869, 53.13752679909328 ], [ 4.9060094, 53.137452799093268 ], [ 4.9059962, 53.137339799093283 ], [ 4.9060484, 53.137272699093259 ], [ 4.9060846, 53.137215299093263 ], [ 4.9061333, 53.137177699093257 ], [ 4.9062553, 53.137124099093249 ], [ 4.9064143, 53.136997099093243 ], [ 4.9063876, 53.136877599093253 ], [ 4.9063512, 53.136750099093241 ], [ 4.9062787, 53.136644599093245 ], [ 4.9062547, 53.136608599093222 ], [ 4.9061163, 53.136519199093236 ], [ 4.9059333, 53.136498799093246 ], [ 4.9057447, 53.136515799093246 ], [ 4.9054976, 53.136548599093231 ], [ 4.9053995, 53.136551999093228 ], [ 4.9052485, 53.136545199093248 ], [ 4.9050844, 53.136502199093229 ], [ 4.9049769, 53.136424099093233 ], [ 4.9048335, 53.136318899093219 ], [ 4.9047713, 53.136278199093212 ], [ 4.9047449, 53.136272499093209 ], [ 4.9046336, 53.136261199093219 ], [ 4.9045788, 53.136283799093235 ], [ 4.9045628, 53.13631039909324 ], [ 4.904556, 53.136340099093225 ], [ 4.9046185, 53.136398099093228 ], [ 4.9047392, 53.136464899093212 ], [ 4.9048769, 53.136528299093229 ], [ 4.9048977, 53.136596199093233 ], [ 4.9049335, 53.136701399093226 ], [ 4.9048618, 53.136848499093254 ], [ 4.9047467, 53.136943599093264 ], [ 4.9046071, 53.137072599093251 ], [ 4.9046336, 53.137091799093263 ], [ 4.9047241, 53.137108799093276 ], [ 4.9047713, 53.137138199093258 ], [ 4.9047901, 53.137204999093278 ], [ 4.9048505, 53.137223099093276 ], [ 4.9048995, 53.137218599093259 ], [ 4.9049076, 53.137208999093261 ], [ 4.9049052, 53.137172199093264 ], [ 4.9049505, 53.137149599093277 ], [ 4.9050443, 53.137128599093266 ], [ 4.905058, 53.137114499093251 ], [ 4.9050656, 53.137096699093263 ], [ 4.9050523, 53.13706579909325 ], [ 4.9050599, 53.137017199093243 ], [ 4.9051033, 53.136987699093247 ], [ 4.9050693, 53.137028999093253 ], [ 4.9050712, 53.137046599093246 ], [ 4.905092, 53.137122399093265 ], [ 4.905082, 53.137128499093258 ], [ 4.9050627, 53.137140199093267 ], [ 4.9049656, 53.137163099093257 ], [ 4.904926, 53.13718119909327 ], [ 4.9049297, 53.137233299093268 ], [ 4.9049939, 53.137278599093264 ], [ 4.9050368, 53.137305999093272 ], [ 4.9050703, 53.137342499093286 ], [ 4.9050561, 53.137359199093289 ], [ 4.9050203, 53.13730739909326 ], [ 4.9049354, 53.137259299093266 ], [ 4.9048788, 53.137254799093263 ], [ 4.9048208, 53.137251999093273 ], [ 4.9047788, 53.137236099093265 ], [ 4.9047524, 53.137216299093282 ], [ 4.904725, 53.137147299093257 ], [ 4.9046817, 53.137131999093256 ], [ 4.904627, 53.137135399093268 ], [ 4.9045685, 53.137151799093274 ], [ 4.9045024, 53.137173899093277 ], [ 4.9043204, 53.137289299093261 ], [ 4.9041365, 53.137374199093259 ], [ 4.9041412, 53.137392899093271 ], [ 4.9041629, 53.137402499093263 ], [ 4.9041511, 53.137408699093292 ], [ 4.9041308, 53.13740649909326 ], [ 4.9040997, 53.137395099093268 ], [ 4.9040752, 53.137392899093271 ], [ 4.9040431, 53.137403599093275 ], [ 4.9039695, 53.137404199093268 ], [ 4.9038214, 53.13740309909327 ], [ 4.9035668, 53.137363999093274 ], [ 4.9033913, 53.137362299093269 ], [ 4.9033385, 53.137367399093264 ], [ 4.9033302, 53.13737799909326 ], [ 4.9033475, 53.13739679909326 ], [ 4.903413, 53.137431399093266 ], [ 4.9033687, 53.137420899093293 ], [ 4.9033418, 53.137409799093284 ], [ 4.9032928, 53.137365999093277 ], [ 4.9032694, 53.137361499093274 ], [ 4.9030546, 53.137320399093284 ], [ 4.9029093, 53.137271799093277 ], [ 4.9028735, 53.137284199093259 ], [ 4.9028735, 53.137242399093253 ], [ 4.9028188, 53.137216299093282 ], [ 4.902666, 53.137149599093277 ], [ 4.9025509, 53.137096399093274 ], [ 4.9024698, 53.137032999093265 ], [ 4.9023943, 53.136910799093265 ], [ 4.9023189, 53.13684059909324 ], [ 4.9022321, 53.136815699093241 ], [ 4.9021019, 53.13684059909324 ], [ 4.9021445, 53.136944799093264 ], [ 4.9021807, 53.137050999093248 ], [ 4.9021526, 53.137097599093245 ], [ 4.9020413, 53.137168399093269 ], [ 4.9019581, 53.137235999093271 ], [ 4.9019474, 53.137285099093276 ], [ 4.9019353, 53.137425099093278 ], [ 4.9019836, 53.137644699093286 ], [ 4.9020238, 53.137732399093288 ], [ 4.9021271, 53.137783099093298 ], [ 4.9022773, 53.137821699093287 ], [ 4.9023076, 53.13783169909329 ], [ 4.9023752, 53.137853899093308 ], [ 4.9024624, 53.137944799093304 ], [ 4.9024798, 53.138014799093312 ], [ 4.9024745, 53.138076699093304 ], [ 4.9024946, 53.138132999093301 ], [ 4.9025415, 53.138186099093318 ], [ 4.9025938, 53.138186899093327 ], [ 4.9026622, 53.138145899093317 ], [ 4.9027172, 53.138094399093291 ], [ 4.902744, 53.138049399093298 ], [ 4.9027467, 53.1380203990933 ], [ 4.9027521, 53.138078299093294 ], [ 4.9027212, 53.138115299093322 ], [ 4.9026931, 53.138158799093311 ], [ 4.9026541, 53.138185299093315 ], [ 4.9026327, 53.138199799093314 ], [ 4.9025616, 53.138211099093311 ], [ 4.9025214, 53.138218299093325 ], [ 4.9024785, 53.138256099093319 ], [ 4.902457, 53.138286699093314 ], [ 4.902516, 53.138342999093325 ], [ 4.9024919, 53.138416199093342 ], [ 4.9024637, 53.138326899093315 ], [ 4.9024141, 53.138278699093306 ], [ 4.902339, 53.138266599093306 ], [ 4.9022331, 53.138298799093327 ], [ 4.9021445, 53.138381599093329 ], [ 4.9022103, 53.138286699093314 ], [ 4.9023444, 53.138244899093287 ], [ 4.9024302, 53.138245699093311 ], [ 4.9024745, 53.138230399093302 ], [ 4.9024731, 53.138194199093306 ], [ 4.9024275, 53.138140299093322 ], [ 4.9023993, 53.1380203990933 ], [ 4.9024061, 53.137953599093287 ], [ 4.9023591, 53.137891699093288 ], [ 4.9022719, 53.137861899093309 ], [ 4.9020601, 53.137823299093313 ], [ 4.9019943, 53.137786299093293 ], [ 4.9019206, 53.137663999093292 ], [ 4.9018991, 53.137572299093286 ], [ 4.9018602, 53.137412999093286 ], [ 4.9018736, 53.137326099093272 ], [ 4.9018844, 53.13722469909326 ], [ 4.901993, 53.13716199909328 ], [ 4.9021016, 53.137063799093269 ], [ 4.9020828, 53.136983399093246 ], [ 4.9020319, 53.136907799093265 ], [ 4.9020037, 53.136843399093237 ], [ 4.9018803, 53.136770999093251 ], [ 4.9018093, 53.136675199093233 ], [ 4.9018066, 53.136605199093232 ], [ 4.9018803, 53.136416199093212 ], [ 4.901989, 53.136330899093217 ], [ 4.9020788, 53.136272199093213 ], [ 4.9021566, 53.136202999093229 ], [ 4.9021915, 53.13608949909321 ], [ 4.9021861, 53.136020699093208 ], [ 4.9022719, 53.135939899093202 ], [ 4.902276, 53.13582639909319 ], [ 4.9022538, 53.135757299093186 ], [ 4.9022171, 53.135623099093188 ], [ 4.9021647, 53.135468399093185 ], [ 4.9021097, 53.135313899093163 ], [ 4.9020279, 53.135163499093146 ], [ 4.9019675, 53.135122099093188 ], [ 4.9018354, 53.135074199093168 ], [ 4.9017442, 53.135033499093169 ], [ 4.9017006, 53.134967999093163 ], [ 4.9018334, 53.135046799093161 ], [ 4.9020225, 53.135120399093168 ], [ 4.9020748, 53.135158299093156 ], [ 4.9021258, 53.135240299093176 ], [ 4.902221, 53.135529599093175 ], [ 4.9023149, 53.135795899093196 ], [ 4.9023296, 53.135902099093229 ], [ 4.9023457, 53.135948699093213 ], [ 4.9024557, 53.135969699093181 ], [ 4.9025348, 53.135970499093219 ], [ 4.9026005, 53.135956799093194 ], [ 4.9026904, 53.135935099093203 ], [ 4.9028111, 53.135924599093208 ], [ 4.9028808, 53.135900499093204 ], [ 4.9029063, 53.135865099093209 ], [ 4.9029237, 53.135750799093195 ], [ 4.9028345, 53.13570779909319 ], [ 4.9027903, 53.135673199093191 ], [ 4.9028024, 53.135622499093209 ], [ 4.9028037, 53.13558229909318 ], [ 4.9027789, 53.135507399093179 ], [ 4.9027903, 53.135451099093189 ], [ 4.9028231, 53.135404899093167 ], [ 4.9028144, 53.135379899093174 ], [ 4.9027682, 53.135358599093173 ], [ 4.902744, 53.135333199093168 ], [ 4.9027427, 53.13530209909316 ], [ 4.9027655, 53.135285799093175 ], [ 4.9028245, 53.13528899909317 ], [ 4.9028754, 53.135306699093164 ], [ 4.9029304, 53.135321199093177 ], [ 4.9029499, 53.135321999093179 ], [ 4.902972, 53.135303899093159 ], [ 4.9029465, 53.135255199093166 ], [ 4.9029552, 53.135210599093178 ], [ 4.9029666, 53.135180799093163 ], [ 4.903035, 53.135156599093172 ], [ 4.9035024, 53.135148599093142 ], [ 4.9035856, 53.135142199093174 ], [ 4.9036379, 53.135116799093169 ], [ 4.9036922, 53.135097899093168 ], [ 4.9036439, 53.13513129909316 ], [ 4.9036337, 53.135136999093163 ], [ 4.903597, 53.135157499093161 ], [ 4.9034186, 53.135169099093154 ], [ 4.9031866, 53.135165499093162 ], [ 4.9030833, 53.135168299093166 ], [ 4.9030216, 53.135172699093161 ], [ 4.9029847, 53.135189599093174 ], [ 4.9029727, 53.13521419909317 ], [ 4.9029774, 53.135245099093176 ], [ 4.9029975, 53.135272099093179 ], [ 4.9029928, 53.135309899093173 ], [ 4.9029619, 53.13533609909318 ], [ 4.902909, 53.135335699093183 ], [ 4.9028647, 53.135323199093193 ], [ 4.9027977, 53.135307899093185 ], [ 4.9027782, 53.135317599093163 ], [ 4.9027842, 53.135338099093183 ], [ 4.9028453, 53.135366199093184 ], [ 4.9028614, 53.135384699093187 ], [ 4.902852, 53.135406099093167 ], [ 4.9028258, 53.135447499093175 ], [ 4.9028218, 53.135508999093176 ], [ 4.9028285, 53.135560499093167 ], [ 4.9028332, 53.135623299093197 ], [ 4.9028225, 53.135655099093199 ], [ 4.9028459, 53.135679599093201 ], [ 4.9029049, 53.135703299093194 ], [ 4.9029479, 53.135719399093169 ], [ 4.9030196, 53.135710199093189 ], [ 4.9030451, 53.135692499093182 ], [ 4.9030692, 53.13565309909319 ], [ 4.9031054, 53.135626899093175 ], [ 4.9032107, 53.135622499093209 ], [ 4.9032697, 53.135638999093203 ], [ 4.9033019, 53.135661099093205 ], [ 4.9033636, 53.135707399093185 ], [ 4.9033958, 53.135720599093169 ], [ 4.9034248, 53.135752299093198 ], [ 4.9034702, 53.135801899093174 ], [ 4.9035131, 53.1358344990932 ], [ 4.9035534, 53.135835699093192 ], [ 4.9036513, 53.135823199093181 ], [ 4.9036942, 53.135802299093207 ], [ 4.903713, 53.135764499093199 ], [ 4.9037371, 53.135735499093187 ], [ 4.9038135, 53.135719799093188 ], [ 4.9038645, 53.135715799093198 ], [ 4.9038886, 53.135702499093206 ], [ 4.9038806, 53.13567559909319 ], [ 4.9038826, 53.13564699909319 ], [ 4.9039007, 53.13562489909318 ], [ 4.9039939, 53.135605599093189 ], [ 4.9040429, 53.135592699093166 ], [ 4.9040523, 53.135581899093189 ], [ 4.904067, 53.135554499093189 ], [ 4.904126, 53.135504999093179 ], [ 4.9041649, 53.135502199093175 ], [ 4.9042226, 53.135506999093181 ], [ 4.9042534, 53.135527999093199 ], [ 4.9042957, 53.135536399093176 ], [ 4.9043393, 53.135548099093185 ], [ 4.9043768, 53.135568199093193 ], [ 4.904464, 53.135568199093193 ], [ 4.9043627, 53.135581499093206 ], [ 4.9043124, 53.135568199093193 ], [ 4.9042836, 53.135555299093177 ], [ 4.9041964, 53.135524699093196 ], [ 4.9041522, 53.135518299093192 ], [ 4.904116, 53.135545699093193 ], [ 4.9041019, 53.135574599093189 ], [ 4.9040824, 53.135601999093204 ], [ 4.9040342, 53.135618099093179 ], [ 4.9039792, 53.135626099093173 ], [ 4.9039389, 53.135638599093191 ], [ 4.9039175, 53.135658699093177 ], [ 4.9039336, 53.135694099093186 ], [ 4.9039041, 53.135720599093169 ], [ 4.9038316, 53.135738299093177 ], [ 4.9037881, 53.135746399093186 ], [ 4.9037451, 53.135766899093198 ], [ 4.9037317, 53.135788999093208 ], [ 4.9037183, 53.135818799093215 ], [ 4.9036271, 53.135846199093187 ], [ 4.9035379, 53.135856599093195 ], [ 4.9034973, 53.135846999093211 ], [ 4.9034675, 53.135835299093173 ], [ 4.903424, 53.1357809990932 ], [ 4.9033428, 53.135723099093198 ], [ 4.9032972, 53.135690899093191 ], [ 4.9031926, 53.135645799093183 ], [ 4.9031577, 53.13564739909318 ], [ 4.9031088, 53.13567719909318 ], [ 4.9030833, 53.135716199093196 ], [ 4.903027, 53.135744399093198 ], [ 4.902976, 53.135770099093193 ], [ 4.902968, 53.135885199093195 ], [ 4.9029163, 53.135924999093191 ], [ 4.9028681, 53.135943099093197 ], [ 4.9027628, 53.1359627990932 ], [ 4.9025864, 53.135994599093216 ], [ 4.9024852, 53.13600429909323 ], [ 4.9024027, 53.1359889990932 ], [ 4.9023229, 53.135988599093217 ], [ 4.9022632, 53.136016299093193 ], [ 4.9022445, 53.136047299093207 ], [ 4.9022399, 53.136141099093216 ], [ 4.9022386, 53.136156199093222 ], [ 4.9022297, 53.136203399093205 ], [ 4.9021908, 53.136260099093199 ], [ 4.9021117, 53.136329299093212 ], [ 4.9020238, 53.136377599093223 ], [ 4.9019541, 53.136408499093243 ], [ 4.9019112, 53.136453999093227 ], [ 4.9018844, 53.13656139909321 ], [ 4.9018984, 53.136697799093227 ], [ 4.9019548, 53.136751699093239 ], [ 4.9020004, 53.136764099093241 ], [ 4.9021195, 53.136761999093238 ], [ 4.9022359, 53.136742199093241 ], [ 4.9023981, 53.13677609909324 ], [ 4.9024773, 53.13685759909324 ], [ 4.902549, 53.136979799093261 ], [ 4.9026697, 53.13706359909326 ], [ 4.9028508, 53.137149599093277 ], [ 4.9030621, 53.137251399093273 ], [ 4.9032621, 53.137289899093275 ], [ 4.9035187, 53.137289899093275 ], [ 4.9038544, 53.137335199093265 ], [ 4.9040733, 53.137305699093289 ], [ 4.9044345, 53.137086199093254 ], [ 4.9045204, 53.136950899093264 ], [ 4.9046807, 53.136832699093254 ], [ 4.9047184, 53.136759099093219 ], [ 4.9047334, 53.136713399093246 ], [ 4.9047411, 53.136690099093244 ], [ 4.9046581, 53.136570099093227 ], [ 4.904477, 53.136488699093228 ], [ 4.9043808, 53.136445599093236 ], [ 4.9043562, 53.136404899093229 ], [ 4.9042978, 53.136340399093221 ], [ 4.9042846, 53.136273599093236 ], [ 4.9042978, 53.136221599093211 ], [ 4.9043638, 53.136173999093209 ], [ 4.9044506, 53.136151399093215 ], [ 4.9045845, 53.136147999093211 ], [ 4.9046732, 53.136158199093224 ], [ 4.9049524, 53.136253299093212 ], [ 4.9050354, 53.136305299093216 ], [ 4.9051717, 53.136385499093237 ], [ 4.9052202, 53.13641399909325 ], [ 4.9054353, 53.13641169909323 ], [ 4.9057937, 53.136352799093217 ], [ 4.9061748, 53.136339299093216 ], [ 4.9063068, 53.136250999093214 ], [ 4.9063974, 53.135895599093203 ], [ 4.9064904, 53.135644399093181 ], [ 4.9064971, 53.135591899093171 ], [ 4.9064837, 53.135565999093195 ], [ 4.9064531, 53.135533999093184 ], [ 4.9063375, 53.135502099093173 ], [ 4.9063144, 53.135488199093182 ], [ 4.9062729, 53.135365999093182 ], [ 4.9063257, 53.134944999093157 ], [ 4.9064087, 53.134795599093138 ], [ 4.9064389, 53.134614499093146 ], [ 4.906454, 53.134514899093155 ], [ 4.9063748, 53.134508099093132 ], [ 4.9062314, 53.134537499093149 ], [ 4.9061069, 53.134553399093129 ], [ 4.9059522, 53.134474199093127 ], [ 4.9058164, 53.134487699093143 ], [ 4.9056353, 53.134553399093129 ], [ 4.9054693, 53.134535299093137 ], [ 4.9053032, 53.134426599093132 ], [ 4.9052246, 53.134397799093136 ], [ 4.9052001, 53.134389099093141 ], [ 4.9052318, 53.134381299093121 ], [ 4.9053221, 53.134381399093144 ], [ 4.9054013, 53.134412999093122 ], [ 4.9054655, 53.134458299093147 ], [ 4.9056013, 53.134517199093132 ], [ 4.9057107, 53.134480999093121 ], [ 4.9058013, 53.134431199093143 ], [ 4.9059635, 53.13444929909312 ], [ 4.9061597, 53.134512599093121 ], [ 4.9062352, 53.134480999093121 ], [ 4.9063823, 53.13444929909312 ], [ 4.9064917, 53.134460599093131 ], [ 4.9065294, 53.13453979909314 ], [ 4.9064691, 53.134831799093142 ], [ 4.9063861, 53.134922299093162 ], [ 4.9063936, 53.135028699093169 ], [ 4.9063427, 53.135292399093167 ], [ 4.9063106, 53.135388599093183 ], [ 4.9063766, 53.135445199093184 ], [ 4.9064785, 53.135482499093172 ], [ 4.9065596, 53.135563999093193 ], [ 4.9065747, 53.135640999093191 ], [ 4.9065219, 53.135780199093205 ], [ 4.9064672, 53.136024599093211 ], [ 4.9063785, 53.136276999093226 ], [ 4.9063974, 53.136396999093229 ], [ 4.9066421, 53.13646799909322 ], [ 4.9067076, 53.136428899093232 ], [ 4.9067514, 53.13638589909322 ], [ 4.9067811, 53.136324799093224 ], [ 4.9068505, 53.136203199093217 ], [ 4.9069153, 53.136139399093217 ], [ 4.9069718, 53.136059799093189 ], [ 4.907021, 53.135988899093206 ], [ 4.9071542, 53.135863399093196 ], [ 4.9072222, 53.135795499093206 ], [ 4.9072998, 53.135725599093206 ], [ 4.9073968, 53.135679599093201 ], [ 4.9075281, 53.135592499093178 ], [ 4.9077022, 53.135381399093191 ], [ 4.9078233, 53.135277499093185 ], [ 4.9078637, 53.135160899093172 ], [ 4.9079148, 53.135037999093171 ], [ 4.9079427, 53.134893599093132 ], [ 4.9079759, 53.134812599093145 ], [ 4.9079933, 53.134772199093149 ], [ 4.9079978, 53.134761599093132 ], [ 4.9079985, 53.13474979909315 ], [ 4.9080148, 53.13451789909314 ], [ 4.9080587, 53.134406899093143 ], [ 4.908131, 53.134295399093105 ], [ 4.9081887, 53.134236099093137 ], [ 4.9082132, 53.134181199093121 ], [ 4.9082231, 53.134159299093113 ], [ 4.9082543, 53.134099299093123 ], [ 4.9083408, 53.133751099093097 ], [ 4.9083389, 53.133731199093091 ], [ 4.9083223, 53.133558199093102 ], [ 4.9083339, 53.133535799093075 ], [ 4.9083503, 53.133503299093086 ], [ 4.9084249, 53.133286199093064 ], [ 4.9083912, 53.133165399093066 ], [ 4.9083334, 53.133126399093079 ], [ 4.9083364, 53.133059699093081 ], [ 4.9082975, 53.133006599093072 ], [ 4.9082363, 53.13297799909305 ], [ 4.9082009, 53.132958799093061 ], [ 4.9081355, 53.132936699093037 ], [ 4.9079947, 53.132967199093073 ], [ 4.9079224, 53.132966899093056 ], [ 4.9078577, 53.132940299093086 ], [ 4.9077861, 53.132870299093049 ], [ 4.9077291, 53.132800499093044 ], [ 4.9076138, 53.132765199093058 ], [ 4.9075912, 53.132721299093042 ], [ 4.9076303, 53.132578199093032 ], [ 4.9078405, 53.132531299093053 ], [ 4.9078773, 53.132495499093032 ], [ 4.9078836, 53.132473699093026 ], [ 4.907892, 53.132444499093047 ], [ 4.9078418, 53.132413999093025 ], [ 4.9076106, 53.132395599093037 ], [ 4.9074591, 53.132382099093043 ], [ 4.9073372, 53.132290099093034 ], [ 4.9073232, 53.132242299093036 ], [ 4.9073239, 53.132178799093019 ], [ 4.9073242, 53.132150199093033 ], [ 4.9073244, 53.132133299093013 ], [ 4.907304, 53.132020399093015 ], [ 4.9072826, 53.131985499093012 ], [ 4.9072079, 53.13196549909302 ], [ 4.9071817, 53.131958699093012 ], [ 4.9071676, 53.131928299092998 ], [ 4.9071106, 53.131854499093002 ], [ 4.9070674, 53.131836899093024 ], [ 4.9070217, 53.13185819909301 ], [ 4.9069322, 53.13184589909303 ], [ 4.9068617, 53.131807199093004 ], [ 4.9068268, 53.131754499092992 ], [ 4.9067977, 53.131665899092994 ], [ 4.9067973, 53.131522999092979 ], [ 4.9067319, 53.131504099092986 ], [ 4.9066353, 53.131474199092999 ], [ 4.9065122, 53.131454099092991 ], [ 4.9064474, 53.131431199092994 ], [ 4.9063828, 53.131447699093002 ], [ 4.9062757, 53.131421499092994 ], [ 4.9062259, 53.131395399093002 ], [ 4.9061693, 53.131330599092976 ], [ 4.9061054, 53.131287699092972 ], [ 4.9060126, 53.131265399092982 ], [ 4.9059194, 53.131264999092977 ], [ 4.9057975, 53.131294899092978 ], [ 4.9057039, 53.131333299092987 ], [ 4.9056318, 53.131384599092975 ], [ 4.9055741, 53.131414699093 ], [ 4.9054298, 53.131521399092996 ], [ 4.9052781, 53.131646099092997 ], [ 4.9051813, 53.131785499093006 ], [ 4.9050715, 53.131906899093011 ], [ 4.9049549, 53.131988999093004 ], [ 4.9048533, 53.132032399093021 ], [ 4.9045634, 53.132100899093011 ], [ 4.9044398, 53.132161099093018 ], [ 4.9043071, 53.132253199093022 ], [ 4.9042264, 53.132356799093031 ], [ 4.9041673, 53.132482899093034 ], [ 4.9041546, 53.132514899093032 ], [ 4.9041226, 53.132595599093037 ], [ 4.9040639, 53.132679599093031 ], [ 4.9039612, 53.132809499093064 ], [ 4.9038735, 53.132900699093049 ], [ 4.9038067, 53.13296669909306 ], [ 4.9037348, 53.133044899093065 ], [ 4.9036694, 53.133066799093065 ], [ 4.9035746, 53.133121299093084 ], [ 4.9035157, 53.133216499093074 ], [ 4.9034993, 53.133381599093077 ], [ 4.9034985, 53.133460199093079 ], [ 4.9034327, 53.133529599093094 ], [ 4.9033162, 53.133598799093093 ], [ 4.9032571, 53.133715899093097 ], [ 4.9032564, 53.133781099093113 ], [ 4.9032595, 53.133846799093092 ], [ 4.9032272, 53.133802799093104 ], [ 4.9031775, 53.133720099093097 ], [ 4.9031572, 53.133606499093069 ], [ 4.9032254, 53.133555699093087 ], [ 4.9032972, 53.133497099093105 ], [ 4.9033262, 53.133447599093074 ], [ 4.9033616, 53.133424799093085 ], [ 4.9033909, 53.133385699093083 ], [ 4.9033638, 53.133228799093068 ], [ 4.9033718, 53.133159199093058 ], [ 4.9034303, 53.133089799093057 ], [ 4.9035322, 53.133044599093061 ], [ 4.9035846, 53.133009099093066 ], [ 4.903612, 53.132984699093072 ], [ 4.9036428, 53.132968799093057 ], [ 4.903669, 53.132947899093047 ], [ 4.9036856, 53.13289089909307 ], [ 4.9037949, 53.132817199093054 ], [ 4.9038462, 53.132752299093063 ], [ 4.9038754, 53.13273109909305 ], [ 4.9038915, 53.132694599093043 ], [ 4.9039005, 53.132674399093034 ], [ 4.9039123, 53.132648099093039 ], [ 4.9039282, 53.132525699093051 ], [ 4.903959, 53.132355699093019 ], [ 4.9040333, 53.132177899093008 ], [ 4.9036004, 53.132102099093025 ], [ 4.9032898, 53.132074999093028 ], [ 4.9029859, 53.132099599093031 ], [ 4.9026601, 53.132142099093016 ], [ 4.9024862, 53.132189099093033 ], [ 4.9022174, 53.132305399093035 ], [ 4.9019918, 53.132443799093032 ], [ 4.9017506, 53.132683199093044 ], [ 4.901662, 53.132843399093076 ], [ 4.9016097, 53.132995999093048 ], [ 4.9015943, 53.133082399093091 ], [ 4.9016363, 53.133204499093083 ], [ 4.9017147, 53.133304699093081 ], [ 4.9017253, 53.133313799093074 ], [ 4.9017363, 53.133322699093057 ], [ 4.9018006, 53.133374699093082 ], [ 4.9019441, 53.133484299093098 ], [ 4.9020152, 53.133584499093082 ], [ 4.9020358, 53.133680599093097 ], [ 4.90195, 53.133756699093098 ], [ 4.9017803, 53.133896999093096 ], [ 4.9016927, 53.133974699093095 ], [ 4.9016375, 53.13404229909311 ], [ 4.9016495, 53.133953099093112 ], [ 4.9017739, 53.13382279909311 ], [ 4.9018399, 53.133735999093098 ], [ 4.9018552, 53.133666399093087 ], [ 4.9018342, 53.133605699093074 ], [ 4.9017703, 53.133496499093098 ], [ 4.9016202, 53.133352699093081 ], [ 4.9015556, 53.133300199093078 ], [ 4.9014793, 53.133202699093083 ], [ 4.9014701, 53.133190899093051 ], [ 4.9014423, 53.133090799093068 ], [ 4.9014437, 53.132968899093065 ], [ 4.9014887, 53.132825299093057 ], [ 4.9015771, 53.132673499093038 ], [ 4.9017234, 53.13251679909304 ], [ 4.9018767, 53.132386599093032 ], [ 4.9021098, 53.132230799093016 ], [ 4.9023497, 53.132109899093024 ], [ 4.90264, 53.13201109909302 ], [ 4.9029802, 53.131960299093009 ], [ 4.9030167, 53.131934599093015 ], [ 4.9030315, 53.131904299093009 ], [ 4.9030031, 53.131860399093014 ], [ 4.9028885, 53.131764499092995 ], [ 4.9028238, 53.131733899092993 ], [ 4.9027299, 53.131724499093004 ], [ 4.9026718, 53.131741699093006 ], [ 4.9026351, 53.131798299093013 ], [ 4.9025696, 53.131836799093016 ], [ 4.9023809, 53.131901699093014 ], [ 4.9022574, 53.131957399093039 ], [ 4.9022159, 53.131901699093014 ], [ 4.9021003, 53.131746399093004 ], [ 4.9021405, 53.131586999093003 ], [ 4.902159, 53.131555699092992 ], [ 4.9022049, 53.131477599092996 ], [ 4.9021486, 53.131265199092958 ], [ 4.9021217, 53.131097799092963 ], [ 4.9021325, 53.130877299092951 ], [ 4.9020976, 53.130700299092958 ], [ 4.9020037, 53.130574799092948 ], [ 4.901993, 53.130452499092939 ], [ 4.9021807, 53.130323699092941 ], [ 4.9022854, 53.130304399092935 ], [ 4.9023927, 53.130265099092931 ], [ 4.9025536, 53.13020629909294 ], [ 4.902593, 53.130181199092917 ], [ 4.9026877, 53.130120999092945 ], [ 4.9027349, 53.130095799092921 ], [ 4.902785, 53.130069099092928 ], [ 4.9028927, 53.130035299092931 ], [ 4.9029939, 53.129953699092908 ], [ 4.9031236, 53.129880599092921 ], [ 4.9032887, 53.129842499092931 ], [ 4.903515, 53.129858599092898 ], [ 4.9036244, 53.129908499092927 ], [ 4.9037187, 53.129955999092935 ], [ 4.9037454, 53.129969599092924 ], [ 4.9039826, 53.130062099092939 ], [ 4.9040234, 53.13007859909294 ], [ 4.9042162, 53.130126499092938 ], [ 4.9043876, 53.130157499092924 ], [ 4.9045729, 53.130239699092954 ], [ 4.9046795, 53.130309199092949 ], [ 4.9048215, 53.130422099092932 ], [ 4.904985, 53.130517099092941 ], [ 4.905078, 53.130530399092947 ], [ 4.9051711, 53.130522399092946 ], [ 4.9052719, 53.130475599092954 ], [ 4.9053156, 53.130402199092956 ], [ 4.9053598, 53.130290599092937 ], [ 4.905361, 53.130182799092928 ], [ 4.9053689, 53.130113799092946 ], [ 4.9053807, 53.130073399092922 ], [ 4.9053987, 53.130010499092926 ], [ 4.9053638, 53.129932899092921 ], [ 4.9053075, 53.129846699092916 ], [ 4.9051444, 53.129699499092901 ], [ 4.905067, 53.129586899092892 ], [ 4.9049745, 53.129530899092892 ], [ 4.9049076, 53.129504799092913 ], [ 4.9048611, 53.12951619909289 ], [ 4.9047347, 53.129520099092908 ], [ 4.9045884, 53.129523399092903 ], [ 4.9045074, 53.129514599092893 ], [ 4.9044599, 53.129508799092903 ], [ 4.9043884, 53.129500099092901 ], [ 4.9043322, 53.129474399092899 ], [ 4.9042468, 53.129434099092904 ], [ 4.9042017, 53.129393499092878 ], [ 4.9040732, 53.129268899092885 ], [ 4.9039982, 53.129196699092866 ], [ 4.903844, 53.129038299092876 ], [ 4.9037844, 53.128961099092876 ], [ 4.9037643, 53.128849799092855 ], [ 4.9037365, 53.128798599092868 ], [ 4.9036732, 53.128764099092876 ], [ 4.9036306, 53.128763899092874 ], [ 4.9035879, 53.128785099092866 ], [ 4.9035591, 53.128819199092867 ], [ 4.9035305, 53.128840499092867 ], [ 4.9034879, 53.128840299092857 ], [ 4.9034386, 53.128818699092868 ], [ 4.9033613, 53.128758899092858 ], [ 4.9032274, 53.128681399092855 ], [ 4.9032032, 53.128678499092835 ], [ 4.9031282, 53.128668099092856 ], [ 4.9030713, 53.128685299092844 ], [ 4.9030142, 53.12872319909286 ], [ 4.902964, 53.128774099092865 ], [ 4.9029144, 53.12877839909288 ], [ 4.9028508, 53.128752299092852 ], [ 4.9028093, 53.128666799092862 ], [ 4.9027459, 53.128623899092865 ], [ 4.9026795, 53.128610499092851 ], [ 4.9025561, 53.128804999092878 ], [ 4.9025386, 53.128864999092862 ], [ 4.9025136, 53.128887499092883 ], [ 4.9024986, 53.128882499092875 ], [ 4.9026311, 53.12859179909286 ], [ 4.902597, 53.128469699092854 ], [ 4.9026378, 53.128394899092847 ], [ 4.9026462, 53.128272899092835 ], [ 4.9025995, 53.128188899092834 ], [ 4.9024828, 53.128097899092836 ], [ 4.9024678, 53.127922899092816 ], [ 4.9025011, 53.127806799092816 ], [ 4.9028462, 53.127658799092806 ], [ 4.9030429, 53.127591799092812 ], [ 4.9031896, 53.127492799092792 ], [ 4.9033163, 53.127227699092778 ], [ 4.9033596, 53.127110699092789 ], [ 4.9033279, 53.127045699092776 ], [ 4.9032129, 53.12710569909278 ], [ 4.9031396, 53.1272356990928 ], [ 4.9029762, 53.127361699092788 ], [ 4.9025878, 53.127508799092787 ], [ 4.9022261, 53.1276527990928 ], [ 4.901926, 53.127700799092807 ], [ 4.901786, 53.127713799092824 ], [ 4.9016727, 53.127742799092815 ], [ 4.901611, 53.127660799092808 ], [ 4.9015576, 53.127578799092809 ], [ 4.9014643, 53.127498799092812 ], [ 4.901518, 53.127466999092803 ], [ 4.9016669, 53.127475999092795 ], [ 4.901823, 53.127459799092797 ], [ 4.902022, 53.127413499092789 ], [ 4.902311, 53.12735519909279 ], [ 4.9025514, 53.127248099092796 ], [ 4.9027177, 53.127084299092786 ], [ 4.9027621, 53.12698159909278 ], [ 4.902738, 53.126803199092784 ], [ 4.9028558, 53.12668299909275 ], [ 4.9030346, 53.126761599092752 ], [ 4.9032046, 53.126799599092749 ], [ 4.9032389, 53.126759299092782 ], [ 4.9032813, 53.126709599092763 ], [ 4.903391, 53.126668399092758 ], [ 4.903468, 53.126689599092764 ], [ 4.9035613, 53.126781599092773 ], [ 4.9036613, 53.126907599092782 ], [ 4.903788, 53.126989599092781 ], [ 4.9039147, 53.127065699092775 ], [ 4.9040581, 53.127041699092793 ], [ 4.9040581, 53.12690959909277 ], [ 4.904028, 53.126735599092768 ], [ 4.9038614, 53.126549499092775 ], [ 4.9035479, 53.126363799092744 ], [ 4.9035337, 53.126291299092728 ], [ 4.9034898, 53.126192199092735 ], [ 4.9033936, 53.126087999092739 ], [ 4.9032455, 53.126036899092725 ], [ 4.9030029, 53.125931699092746 ], [ 4.9027709, 53.125885299092722 ], [ 4.9024823, 53.125726899092726 ], [ 4.9021587, 53.125542099092712 ], [ 4.9018931, 53.125452299092714 ], [ 4.9015498, 53.12535489909272 ], [ 4.9004603, 53.125071899092696 ], [ 4.9003366, 53.125039899092684 ], [ 4.9002373, 53.125014299092683 ], [ 4.9000934, 53.124850299092664 ], [ 4.900045, 53.12483769909268 ], [ 4.8999757, 53.124825099092689 ], [ 4.9000321, 53.124753999092668 ], [ 4.9000746, 53.124670999092672 ], [ 4.9000682, 53.12463339909268 ], [ 4.9000482, 53.124549599092681 ], [ 4.8999944, 53.124394899092643 ], [ 4.8999403, 53.12427729909264 ], [ 4.899921, 53.124135699092633 ], [ 4.8998674, 53.123959699092651 ], [ 4.8997795, 53.123754899092624 ], [ 4.8997392, 53.123645799092621 ], [ 4.8997193, 53.123554199092617 ], [ 4.8997278, 53.123424499092636 ], [ 4.8996806, 53.123294599092617 ], [ 4.8996821, 53.123160899092589 ], [ 4.8996566, 53.122957499092593 ], [ 4.8996164, 53.122840499092582 ], [ 4.8995963, 53.122769099092572 ], [ 4.8996108, 53.122630999092571 ], [ 4.8996116, 53.122560199092575 ], [ 4.8995783, 53.122456799092568 ], [ 4.8995654, 53.122390399092573 ], [ 4.8995804, 53.122274799092551 ], [ 4.8995814, 53.122179899092565 ], [ 4.8995146, 53.122009999092548 ], [ 4.8995226, 53.12191509909254 ], [ 4.8994897, 53.121790899092545 ], [ 4.899463, 53.121712099092505 ], [ 4.8994777, 53.121629599092529 ], [ 4.8994995, 53.121526399092517 ], [ 4.8995006, 53.121430899092523 ], [ 4.8994947, 53.121344399092514 ], [ 4.8995097, 53.121228799092499 ], [ 4.8995382, 53.1211333990925 ], [ 4.8995331, 53.120980599092491 ], [ 4.8995138, 53.12086489909251 ], [ 4.8994809, 53.120732199092487 ], [ 4.8994069, 53.120591499092491 ], [ 4.8992696, 53.118096199092371 ], [ 4.8991697, 53.116002599092269 ], [ 4.899044, 53.113509599092147 ], [ 4.8989495, 53.111392999092061 ], [ 4.8988151, 53.109326299091968 ], [ 4.8986895, 53.106832099091847 ], [ 4.898572, 53.104551999091761 ], [ 4.89855, 53.104098099091722 ], [ 4.8985125, 53.103406699091686 ], [ 4.8985112, 53.103376599091703 ], [ 4.8985097, 53.103347199091701 ], [ 4.898461, 53.102459499091673 ], [ 4.8984049, 53.101232699091618 ], [ 4.8983324, 53.100133799091566 ], [ 4.8984534, 53.100094499091554 ], [ 4.8984856, 53.10007489909156 ], [ 4.8984992, 53.100045799091561 ], [ 4.8984934, 53.100018199091558 ], [ 4.8984755, 53.100005299091556 ], [ 4.8984424, 53.100001799091565 ], [ 4.8982585, 53.100008299091563 ], [ 4.8982575, 53.099973599091562 ], [ 4.8982563, 53.099931899091551 ], [ 4.8984372, 53.099929299091563 ], [ 4.8984674, 53.099925499091547 ], [ 4.898482, 53.099903099091549 ], [ 4.898465, 53.099873199091547 ], [ 4.898414, 53.099852799091543 ], [ 4.8983146, 53.099839999091543 ], [ 4.898325, 53.099731099091549 ], [ 4.8983605, 53.099518999091536 ], [ 4.8984116, 53.099259699091533 ], [ 4.8985156, 53.098631099091506 ], [ 4.8986024, 53.098258599091494 ], [ 4.898652, 53.098126199091475 ], [ 4.8987368, 53.098011999091455 ], [ 4.8988629, 53.097909199091461 ], [ 4.8989508, 53.09785049909145 ], [ 4.8991613, 53.097740799091447 ], [ 4.8993749, 53.097622599091451 ], [ 4.8994832, 53.097555099091458 ], [ 4.8995448, 53.097494099091442 ], [ 4.8995745, 53.097441399091437 ], [ 4.899575, 53.09739419909144 ], [ 4.8992912, 53.096545599091442 ], [ 4.899137, 53.09611139909137 ], [ 4.8990808, 53.095906199091388 ], [ 4.899068, 53.095692099091373 ], [ 4.8990907, 53.095544499091375 ], [ 4.8993056, 53.094518699091331 ], [ 4.9000136, 53.091219799091192 ], [ 4.9001892, 53.090369699091141 ], [ 4.9003673, 53.088937699091105 ], [ 4.9003921, 53.088542399091075 ], [ 4.900393, 53.087857199091026 ], [ 4.9003321, 53.086756699090998 ], [ 4.9002766, 53.085897199090958 ], [ 4.9001922, 53.08528859909093 ], [ 4.8999266, 53.084102499090889 ], [ 4.8998035, 53.083694799090857 ], [ 4.8997091, 53.083404599090855 ], [ 4.8995852, 53.08306489909085 ], [ 4.8994097, 53.08263849909082 ], [ 4.8988937, 53.081663099090775 ], [ 4.8986595, 53.081305499090774 ], [ 4.8983443, 53.080848699090758 ], [ 4.8978905, 53.080297599090741 ], [ 4.8976508, 53.079973099090708 ], [ 4.897455, 53.079681399090703 ], [ 4.8973789, 53.079509799090708 ], [ 4.897345, 53.079359699090688 ], [ 4.8973128, 53.079064099090672 ], [ 4.8972791, 53.078892699090645 ], [ 4.8972313, 53.07873409909066 ], [ 4.8971549, 53.078566399090661 ], [ 4.8970638, 53.078446399090659 ], [ 4.8964877, 53.077865599090636 ], [ 4.8963366, 53.077732399090635 ], [ 4.8961758, 53.077614399090621 ], [ 4.8960307, 53.07754019909062 ], [ 4.8952444, 53.077239299090593 ], [ 4.8937765, 53.076669399090576 ], [ 4.8936785, 53.076609999090579 ], [ 4.8934013, 53.076425799090572 ], [ 4.8928938, 53.076067599090557 ], [ 4.892004, 53.075434399090533 ], [ 4.8895691, 53.073673099090463 ], [ 4.8890391, 53.073313699090441 ], [ 4.8880564, 53.072785599090423 ], [ 4.8876556, 53.072589099090422 ], [ 4.8870616, 53.072352899090411 ], [ 4.8865852, 53.072190299090401 ], [ 4.886068, 53.07202699909039 ], [ 4.8855072, 53.071885899090375 ], [ 4.8850112, 53.071766399090393 ], [ 4.8845076, 53.071668799090382 ], [ 4.8839608, 53.071579499090355 ], [ 4.8834495, 53.071521199090363 ], [ 4.8828519, 53.071466399090376 ], [ 4.8822252, 53.071416099090364 ], [ 4.8819445, 53.071375599090381 ], [ 4.8818439, 53.071349299090393 ], [ 4.8810899, 53.07108499909036 ], [ 4.8807596, 53.070966699090327 ], [ 4.8805289, 53.070866399090328 ], [ 4.8803908, 53.070787099090346 ], [ 4.8802412, 53.070665799090328 ], [ 4.8800594, 53.070480199090319 ], [ 4.8797692, 53.070149299090318 ], [ 4.8797335, 53.070063199090328 ], [ 4.8797676, 53.069590999090295 ], [ 4.8799439, 53.069451899090282 ], [ 4.8800246, 53.069370299090281 ], [ 4.8800778, 53.069303699090291 ], [ 4.8801005, 53.069244199090285 ], [ 4.8801012, 53.069184099090272 ], [ 4.8800885, 53.069100999090281 ], [ 4.8800618, 53.069019399090294 ], [ 4.8800238, 53.068967599090278 ], [ 4.8799362, 53.068910999090271 ], [ 4.8798497, 53.06886739909028 ], [ 4.8797441, 53.068823699090288 ], [ 4.8796372, 53.068789599090266 ], [ 4.8795379, 53.068757699090284 ], [ 4.8792934, 53.068675199090265 ], [ 4.8791259, 53.068603199090262 ], [ 4.8790409, 53.068554499090247 ], [ 4.8789837, 53.068494799090253 ], [ 4.8789732, 53.068443099090267 ], [ 4.8789769, 53.068370099090231 ], [ 4.8789917, 53.068283599090272 ], [ 4.8791396, 53.067905199090227 ], [ 4.8791726, 53.06780029909023 ], [ 4.8792026, 53.067704399090204 ], [ 4.879218, 53.067564599090211 ], [ 4.8792106, 53.067493199090215 ], [ 4.879184, 53.067416699090217 ], [ 4.8791136, 53.067298499090207 ], [ 4.8789886, 53.067126599090201 ], [ 4.8788799, 53.066998099090199 ], [ 4.8787789, 53.066902799090201 ], [ 4.8786831, 53.06683109909018 ], [ 4.878579, 53.066777299090184 ], [ 4.8784389, 53.066723899090171 ], [ 4.8780239, 53.066580599090166 ], [ 4.8779197, 53.066535199090175 ], [ 4.8778747, 53.06650639909018 ], [ 4.8778074, 53.066463399090175 ], [ 4.8775177, 53.066224599090162 ], [ 4.877242, 53.065982499090154 ], [ 4.8770563, 53.065822199090157 ], [ 4.8769495, 53.065748199090145 ], [ 4.876851, 53.06568479909015 ], [ 4.8767467, 53.065637799090126 ], [ 4.8766698, 53.065612699090146 ], [ 4.8765954, 53.065593899090132 ], [ 4.8764854, 53.065573799090146 ], [ 4.8762539, 53.065545799090124 ], [ 4.876014, 53.065513299090135 ], [ 4.8757057, 53.065463699090138 ], [ 4.8756134, 53.065441999090126 ], [ 4.8753581, 53.06535049909013 ], [ 4.8749894, 53.065207399090127 ], [ 4.8747053, 53.065133099090133 ], [ 4.8746889, 53.065130199090106 ], [ 4.8744244, 53.0650846990901 ], [ 4.8741754, 53.06505779909012 ], [ 4.8738403, 53.065082199090128 ], [ 4.8736768, 53.065064699090115 ], [ 4.8735061, 53.065042099090128 ], [ 4.873322, 53.064946899090124 ], [ 4.8731948, 53.064864899090097 ], [ 4.8730327, 53.06472269909009 ], [ 4.8728082, 53.064434199090087 ], [ 4.8727599, 53.064296399090097 ], [ 4.8727426, 53.064114899090072 ], [ 4.8727207, 53.063659899090069 ], [ 4.8727202, 53.063135899090042 ], [ 4.8727406, 53.062561999090001 ], [ 4.8727687, 53.061912299089997 ], [ 4.8727833, 53.061729199089996 ], [ 4.8728538, 53.061308299089958 ], [ 4.873124, 53.059602099089922 ], [ 4.8734586, 53.057359799089809 ], [ 4.8734994, 53.056910099089805 ], [ 4.8735094, 53.056670299089781 ], [ 4.8734903, 53.05647759908981 ], [ 4.8733915, 53.056148099089782 ], [ 4.8731233, 53.055491499089761 ], [ 4.8732177, 53.055466599089755 ], [ 4.8731443, 53.055362999089752 ], [ 4.8729847, 53.055399399089758 ], [ 4.8729584, 53.055362499089739 ], [ 4.8729273, 53.05531879908974 ], [ 4.8730771, 53.055280099089721 ], [ 4.8730197, 53.055187799089737 ], [ 4.872961, 53.055203199089746 ], [ 4.8728939, 53.055111399089746 ], [ 4.8728624, 53.055072499089739 ], [ 4.8727842, 53.055007599089741 ], [ 4.8725923, 53.054868099089717 ], [ 4.8721083, 53.054572199089712 ], [ 4.8692866, 53.052881899089641 ], [ 4.8687429, 53.052550399089633 ], [ 4.8652563, 53.050551599089573 ], [ 4.8649196, 53.050344499089562 ], [ 4.8639608, 53.04974559908954 ], [ 4.8636415, 53.049529099089533 ], [ 4.8627445, 53.048930399089521 ], [ 4.8623959, 53.048685099089496 ], [ 4.861816, 53.048289799089481 ], [ 4.8617673, 53.048098599089492 ], [ 4.8617516, 53.048016499089471 ], [ 4.861736, 53.047934299089484 ], [ 4.8617456, 53.047845399089489 ], [ 4.8617932, 53.047767899089472 ], [ 4.8618766, 53.047711999089472 ], [ 4.8619731, 53.047655799089462 ], [ 4.8618721, 53.047576899089471 ], [ 4.8617908, 53.047489499089458 ], [ 4.8616724, 53.047347799089451 ], [ 4.8615471, 53.047205799089433 ], [ 4.8616331, 53.047151199089463 ], [ 4.8616647, 53.047119999089446 ], [ 4.8616878, 53.047084299089434 ], [ 4.8617058, 53.047037699089451 ], [ 4.8617115, 53.046982599089425 ], [ 4.861681, 53.046928699089442 ], [ 4.8615667, 53.046862599089437 ], [ 4.8614829, 53.046825799089426 ], [ 4.8613776, 53.046781399089447 ], [ 4.8612844, 53.046737199089435 ], [ 4.8610846, 53.046639199089419 ], [ 4.8609678, 53.046562199089408 ], [ 4.8608997, 53.046486699089421 ], [ 4.860853, 53.046407799089408 ], [ 4.8606266, 53.045551699089373 ], [ 4.8604894, 53.045157799089374 ], [ 4.8604028, 53.044913499089375 ], [ 4.860307, 53.044663199089356 ], [ 4.8601952, 53.044390999089337 ], [ 4.8601166, 53.044211099089331 ], [ 4.8600489, 53.044135299089326 ], [ 4.8599554, 53.044066999089324 ], [ 4.8598395, 53.04401049908931 ], [ 4.859692, 53.043955499089321 ], [ 4.8595468, 53.043932799089326 ], [ 4.8593403, 53.043915999089329 ], [ 4.8592129, 53.043909399089323 ], [ 4.8591274, 53.043886299089301 ], [ 4.8590809, 53.043857599089321 ], [ 4.8590462, 53.043823099089316 ], [ 4.8590402, 53.043775299089326 ], [ 4.8590707, 53.043736499089327 ], [ 4.8591288, 53.043672499089318 ], [ 4.8591642, 53.043636199089313 ], [ 4.8592163, 53.043577199089285 ], [ 4.8592444, 53.04353159908932 ], [ 4.8592677, 53.043460799089303 ], [ 4.8592656, 53.04336279908928 ], [ 4.8592324, 53.043280899089325 ], [ 4.8591842, 53.043220199089312 ], [ 4.8589847, 53.043051199089305 ], [ 4.8585729, 53.042706099089273 ], [ 4.8582567, 53.04244929908927 ], [ 4.8579033, 53.042158199089251 ], [ 4.8574133, 53.041733999089253 ], [ 4.857181, 53.041534399089223 ], [ 4.8570078, 53.041372199089224 ], [ 4.8568643, 53.041236099089218 ], [ 4.8566853, 53.041069099089235 ], [ 4.8564878, 53.040906199089214 ], [ 4.856365, 53.040825199089213 ], [ 4.8561884, 53.04072589908921 ], [ 4.8560175, 53.040645199089198 ], [ 4.8558418, 53.040581899089197 ], [ 4.8556202, 53.0405237990892 ], [ 4.8553761, 53.040486599089185 ], [ 4.8549156, 53.040475099089214 ], [ 4.854541, 53.040470599089211 ], [ 4.8543726, 53.040451299089206 ], [ 4.8541808, 53.040397499089202 ], [ 4.8538259, 53.040287299089201 ], [ 4.8534319, 53.040162399089191 ], [ 4.8533011, 53.040127199089198 ], [ 4.8531561, 53.040063699089174 ], [ 4.8530683, 53.040003599089189 ], [ 4.8529893, 53.039925299089184 ], [ 4.8529169, 53.039816899089182 ], [ 4.8528616, 53.039716499089153 ], [ 4.8528641, 53.039673999089175 ], [ 4.8528967, 53.039637099089177 ], [ 4.8529586, 53.039607999089149 ], [ 4.8530319, 53.039587799089162 ], [ 4.8532156, 53.039550499089152 ], [ 4.8533106, 53.039525299089156 ], [ 4.8533577, 53.039502599089168 ], [ 4.8533925, 53.039469599089159 ], [ 4.8533966, 53.039436499089163 ], [ 4.853385, 53.039408299089182 ], [ 4.8533601, 53.039384099089176 ], [ 4.8533325, 53.039358999089153 ], [ 4.8532853, 53.039336399089166 ], [ 4.8532158, 53.039336099089162 ], [ 4.8532006, 53.03930669908916 ], [ 4.8532555, 53.039303399089164 ], [ 4.8532929, 53.039291999089166 ], [ 4.8533161, 53.039282299089173 ], [ 4.8533322, 53.039269699089154 ], [ 4.8533408, 53.039255999089178 ], [ 4.853343, 53.039244499089165 ], [ 4.8533416, 53.039234899089152 ], [ 4.8533342, 53.039221299089164 ], [ 4.8533187, 53.039207899089163 ], [ 4.8533014, 53.03919949908915 ], [ 4.8532825, 53.03919419908916 ], [ 4.8532622, 53.039191799089146 ], [ 4.8532313, 53.039193599089153 ], [ 4.8532275, 53.039174899089161 ], [ 4.8531777, 53.038928399089151 ], [ 4.8531768, 53.038922999089145 ], [ 4.8531979, 53.038917199089155 ], [ 4.8532191, 53.038909499089144 ], [ 4.8532345, 53.038898999089156 ], [ 4.853243, 53.038886599089153 ], [ 4.853252, 53.038874599089148 ], [ 4.8532591, 53.038849899089151 ], [ 4.8532588, 53.038826899089116 ], [ 4.8532566, 53.038821799089149 ], [ 4.8532492, 53.038804399089159 ], [ 4.8532316, 53.03878049908915 ], [ 4.8532125, 53.038764299089138 ], [ 4.853182, 53.038749899089147 ], [ 4.8531579, 53.038738599089143 ], [ 4.8531426, 53.038731199089142 ], [ 4.8531295, 53.038724299089147 ], [ 4.8530881, 53.03870789908914 ], [ 4.8530185, 53.038694499089139 ], [ 4.8529303, 53.038686699089155 ], [ 4.8528103, 53.038677199089143 ], [ 4.8526951, 53.038671299089124 ], [ 4.8525993, 53.038665499089142 ], [ 4.8524482, 53.038639299089141 ], [ 4.8523318, 53.038602399089143 ], [ 4.852211, 53.03852379908912 ], [ 4.8519651, 53.03827389908912 ], [ 4.8507118, 53.036896199089078 ], [ 4.8500419, 53.036176499089066 ], [ 4.8498207, 53.035923399089057 ], [ 4.8496744, 53.035762099089027 ], [ 4.8494376, 53.035544199089031 ], [ 4.8492494, 53.035378199089024 ], [ 4.8490311, 53.035193599088998 ], [ 4.8487599, 53.034997499089009 ], [ 4.848362, 53.034721599088996 ], [ 4.8481057, 53.034546399089002 ], [ 4.8478793, 53.03440039908898 ], [ 4.8474072, 53.03413379908897 ], [ 4.8471656, 53.034001799088969 ], [ 4.8467309, 53.033788699088987 ], [ 4.8464132, 53.033649599088974 ], [ 4.8460993, 53.033506099088967 ], [ 4.8458024, 53.033381799088978 ], [ 4.8440064, 53.03272379908892 ], [ 4.8405011, 53.031454299088878 ], [ 4.8398767, 53.031219499088877 ], [ 4.8396967, 53.031158499088868 ], [ 4.8393124, 53.03104049908886 ], [ 4.8385226, 53.030813399088885 ], [ 4.83828, 53.030752199088845 ], [ 4.8379653, 53.030679999088861 ], [ 4.8373397, 53.03055019908885 ], [ 4.8365082, 53.030394699088852 ], [ 4.8361267, 53.030265099088844 ], [ 4.8357854, 53.030121399088827 ], [ 4.8350137, 53.029749899088834 ], [ 4.8343864, 53.029496899088805 ], [ 4.8337354, 53.029261399088817 ], [ 4.8331409, 53.029099499088801 ], [ 4.8323125, 53.028952899088779 ], [ 4.8316751, 53.028893399088787 ], [ 4.8311428, 53.028843699088789 ], [ 4.8306149, 53.028794499088804 ], [ 4.830035, 53.028794999088802 ], [ 4.8293229, 53.028774499088797 ], [ 4.8290507, 53.028734299088796 ], [ 4.8287056, 53.028647099088793 ], [ 4.8284176, 53.028531799088775 ], [ 4.8280694, 53.028332399088782 ], [ 4.827767, 53.028146799088766 ], [ 4.8274588, 53.028031999088761 ], [ 4.8268293, 53.027991699088759 ], [ 4.826279, 53.027903699088746 ], [ 4.8254602, 53.027919399088773 ], [ 4.8249528, 53.027851999088767 ], [ 4.8244822, 53.02760729908875 ], [ 4.8241456, 53.027368599088739 ], [ 4.8238663, 53.027095499088723 ], [ 4.8235624, 53.026839999088722 ], [ 4.8235659, 53.026721299088742 ], [ 4.823633, 53.026613399088717 ], [ 4.8238904, 53.026494199088702 ], [ 4.8239677, 53.026479599088717 ], [ 4.8244961, 53.026379899088731 ], [ 4.8252127, 53.026345499088698 ], [ 4.825786, 53.0264465990887 ], [ 4.8260348, 53.026438099088708 ], [ 4.8262545, 53.026225799088714 ], [ 4.8263807, 53.026065799088698 ], [ 4.8264357, 53.025814099088677 ], [ 4.8261232, 53.025297499088666 ], [ 4.8254473, 53.024787599088654 ], [ 4.8245484, 53.024250299088635 ], [ 4.8235704, 53.023800399088621 ], [ 4.8213947, 53.022781499088588 ], [ 4.8196197, 53.021904499088571 ], [ 4.8178433, 53.021150199088538 ], [ 4.8168707, 53.020750099088517 ], [ 4.8156992, 53.020142599088501 ], [ 4.8143941, 53.019413599088473 ], [ 4.8130658, 53.018848099088451 ], [ 4.8121225, 53.018409199088438 ], [ 4.8114105, 53.018000299088428 ], [ 4.8101429, 53.017458199088416 ], [ 4.809785, 53.017236199088401 ], [ 4.8090846, 53.0168219990884 ], [ 4.8082864, 53.016382299088377 ], [ 4.8073429, 53.016015199088365 ], [ 4.8067105, 53.01577679908835 ], [ 4.8061468, 53.01544519908834 ], [ 4.8055024, 53.014970899088333 ], [ 4.8049431, 53.014638799088331 ], [ 4.804351, 53.014421099088317 ], [ 4.8025119, 53.013941699088299 ], [ 4.8017742, 53.013605699088288 ], [ 4.8010366, 53.013041199088271 ], [ 4.7996101, 53.012027599088235 ], [ 4.7986966, 53.01115259908822 ], [ 4.797938, 53.010392099088179 ], [ 4.7968062, 53.00963169908816 ], [ 4.796364, 53.009279699088147 ], [ 4.7951655, 53.008530299088115 ], [ 4.7947162, 53.008246899088121 ], [ 4.7944356, 53.008082499088118 ], [ 4.7941939, 53.007992799088115 ], [ 4.7940053, 53.007816099088103 ], [ 4.7938661, 53.007637399088097 ], [ 4.7937991, 53.007467699088075 ], [ 4.7938474, 53.007332699088089 ], [ 4.7940108, 53.007222499088094 ], [ 4.7954266, 53.007282299088111 ], [ 4.7967741, 53.007332299088098 ], [ 4.7969151, 53.007334199088085 ], [ 4.7970177, 53.007319199088087 ], [ 4.7971263, 53.007294299088102 ], [ 4.7972872, 53.007248199088096 ], [ 4.7975443, 53.007160799088084 ], [ 4.7976787, 53.007098999088072 ], [ 4.7977709, 53.007037099088066 ], [ 4.7978214, 53.006974399088087 ], [ 4.7978454, 53.006929899088085 ], [ 4.7978224, 53.006894399088061 ], [ 4.7977985, 53.006880199088066 ], [ 4.7977609, 53.006871599088043 ], [ 4.7977261, 53.006876099088068 ], [ 4.7976911, 53.006896799088061 ], [ 4.7976437, 53.006946499088066 ], [ 4.7975628, 53.007009899088089 ], [ 4.7974772, 53.007050099088083 ], [ 4.7971964, 53.007135099088082 ], [ 4.7970626, 53.007168399088073 ], [ 4.7969684, 53.007183299088098 ], [ 4.7968826, 53.007186699088088 ], [ 4.7967906, 53.007184099088079 ], [ 4.7968087, 53.00696809908807 ], [ 4.7942755, 53.006848599088059 ], [ 4.7935289, 53.006813199088064 ], [ 4.7930086, 53.006029699088053 ], [ 4.7930179, 53.00601189908803 ], [ 4.7935888, 53.005878299088039 ], [ 4.7937383, 53.006069299088033 ], [ 4.7937981, 53.006054299088056 ], [ 4.7936826, 53.005860299088035 ], [ 4.7948117, 53.005576899088041 ], [ 4.7949208, 53.005534999088042 ], [ 4.7949744, 53.005506399088034 ], [ 4.7950166, 53.005485199088028 ], [ 4.795187, 53.005638499088036 ], [ 4.7950962, 53.005663099088025 ], [ 4.7951404, 53.005727199088042 ], [ 4.7954166, 53.005661399088034 ], [ 4.7953711, 53.005589499088046 ], [ 4.7952741, 53.005614699088021 ], [ 4.7950999, 53.005453599088021 ], [ 4.7960656, 53.00503939908802 ], [ 4.7961162, 53.005026599088019 ], [ 4.7961544, 53.005027699088004 ], [ 4.7962093, 53.005061899088034 ], [ 4.7968834, 53.005672799088018 ], [ 4.7965493, 53.005810499088035 ], [ 4.796575, 53.00583279908804 ], [ 4.7969099, 53.005697199088026 ], [ 4.7970332, 53.005806799088042 ], [ 4.797063, 53.005818999088035 ], [ 4.7971099, 53.005829099088054 ], [ 4.797158, 53.005823499088024 ], [ 4.7971905, 53.005811799088029 ], [ 4.797218, 53.005796399088034 ], [ 4.7972417, 53.00577499908804 ], [ 4.7972517, 53.005745699088038 ], [ 4.7972457, 53.005727799088042 ], [ 4.7968041, 53.005317899088034 ], [ 4.7968117, 53.005259999088032 ], [ 4.7968695, 53.005192699088013 ], [ 4.7972175, 53.005068699088021 ], [ 4.7972738, 53.005043699088013 ], [ 4.7972948, 53.00501909908801 ], [ 4.7972887, 53.004983999088012 ], [ 4.7972538, 53.004952699088015 ], [ 4.7958443, 53.004188099087976 ], [ 4.7952464, 53.003859999087979 ], [ 4.7952012, 53.003831899087977 ], [ 4.7951419, 53.003820899087984 ], [ 4.7950046, 53.003817599087981 ], [ 4.7948938, 53.003814499087973 ], [ 4.7948211, 53.003794199087992 ], [ 4.793765, 53.003197199087957 ], [ 4.7937144, 53.003147599087953 ], [ 4.793676, 53.003104099087963 ], [ 4.7931861, 53.002508699087926 ], [ 4.7930669, 53.002393699087946 ], [ 4.7929594, 53.002317699087925 ], [ 4.7928232, 53.002262799087923 ], [ 4.7926045, 53.002216199087925 ], [ 4.7923871, 53.002177499087921 ], [ 4.7916528, 53.002084899087933 ], [ 4.7913827, 53.002050899087941 ], [ 4.7909742, 53.002027099087933 ], [ 4.7906296, 53.002021299087929 ], [ 4.7897965, 53.00203759908792 ], [ 4.7893917, 53.002035999087909 ], [ 4.7890811, 53.00201569908792 ], [ 4.7889479, 53.002006399087918 ], [ 4.7882988, 53.001953099087928 ], [ 4.7878119, 53.001938699087916 ], [ 4.7867389, 53.001941199087923 ], [ 4.7863289, 53.001948899087914 ], [ 4.785916, 53.001961499087926 ], [ 4.7856982, 53.001961099087907 ], [ 4.7855306, 53.001933299087909 ], [ 4.7854175, 53.001905199087915 ], [ 4.7853415, 53.00187099908792 ], [ 4.7853086, 53.001852199087921 ], [ 4.7852757, 53.001830699087911 ], [ 4.7851865, 53.001807599087932 ], [ 4.7851126, 53.001795299087924 ], [ 4.7850337, 53.001797099087902 ], [ 4.7849807, 53.001813599087903 ], [ 4.7847591, 53.001686199087914 ], [ 4.7847512, 53.001669599087897 ], [ 4.7847326, 53.001650299087913 ], [ 4.7847105, 53.001635099087913 ], [ 4.7846715, 53.001622299087884 ], [ 4.7846173, 53.001617999087912 ], [ 4.7845738, 53.001624099087906 ], [ 4.7845372, 53.001636899087906 ], [ 4.7845176, 53.001639899087913 ], [ 4.7844862, 53.001651699087908 ], [ 4.7844862, 53.001658099087912 ], [ 4.7844914, 53.0016588990879 ], [ 4.78449, 53.001673499087907 ], [ 4.784475, 53.001693099087909 ], [ 4.7844806, 53.001728499087903 ], [ 4.7844894, 53.001745099087898 ], [ 4.7845036, 53.001759399087895 ], [ 4.7845296, 53.001773699087899 ], [ 4.7845612, 53.001782999087922 ], [ 4.7845915, 53.001786699087916 ], [ 4.784837, 53.001918699087916 ], [ 4.783101, 53.003797399087965 ], [ 4.7829671, 53.003945899087967 ], [ 4.7828865, 53.004023199087989 ], [ 4.7827971, 53.004086199087993 ], [ 4.7826997, 53.00413519908799 ], [ 4.7825895, 53.004171099087984 ], [ 4.7824935, 53.004192499087999 ], [ 4.78236, 53.004217299087991 ], [ 4.7822446, 53.004230399087994 ], [ 4.7821184, 53.00422669908798 ], [ 4.7819978, 53.004215899087988 ], [ 4.7818795, 53.004190899087988 ], [ 4.7817659, 53.004157099088012 ], [ 4.7816683, 53.004113899087983 ], [ 4.781165, 53.003842699087976 ], [ 4.7811389, 53.003828999087972 ], [ 4.7811698, 53.003819599087983 ], [ 4.7812977, 53.003738499087973 ], [ 4.7812738, 53.003726499087968 ], [ 4.7811207, 53.003649699087958 ], [ 4.7810957, 53.003637199087954 ], [ 4.7810639, 53.003625999087959 ], [ 4.7810449, 53.003637999087985 ], [ 4.7810147, 53.00368449908796 ], [ 4.7808444, 53.00369139908797 ], [ 4.7807178, 53.003645299087964 ], [ 4.780553, 53.003612199087968 ], [ 4.7804262, 53.003601599087986 ], [ 4.7803463, 53.003548799087966 ], [ 4.7801279, 53.003413199087973 ], [ 4.7814671, 53.002655799087933 ], [ 4.7814178, 53.002625499087934 ], [ 4.7811467, 53.002535799087923 ], [ 4.7817686, 53.001882999087925 ], [ 4.7818415, 53.001822299087927 ], [ 4.7819274, 53.001779799087913 ], [ 4.7820476, 53.001735699087895 ], [ 4.7821927, 53.001701799087911 ], [ 4.7824321, 53.001659699087917 ], [ 4.7825004, 53.001627599087897 ], [ 4.7825268, 53.001593499087917 ], [ 4.7825339, 53.001580699087903 ], [ 4.7830063, 53.001503799087907 ], [ 4.783033, 53.001505199087916 ], [ 4.7830716, 53.001507899087905 ], [ 4.7831127, 53.001502499087906 ], [ 4.7831492, 53.001487099087903 ], [ 4.7831849, 53.001463799087908 ], [ 4.7832037, 53.001430799087892 ], [ 4.7831973, 53.001399799087899 ], [ 4.7831817, 53.001376799087922 ], [ 4.7831636, 53.001357699087912 ], [ 4.7831134, 53.001340099087884 ], [ 4.7830503, 53.001337599087904 ], [ 4.7829985, 53.001344299087904 ], [ 4.7829737, 53.001355199087904 ], [ 4.782952, 53.001365999087895 ], [ 4.7824904, 53.001430099087905 ], [ 4.7824496, 53.001409799087895 ], [ 4.7823887, 53.001396299087894 ], [ 4.7823077, 53.001402599087918 ], [ 4.7818408, 53.00148649908791 ], [ 4.7817254, 53.001516799087909 ], [ 4.7816256, 53.001548699087913 ], [ 4.7815164, 53.001584299087895 ], [ 4.7814125, 53.001626999087904 ], [ 4.7813057, 53.001672999087894 ], [ 4.7812113, 53.00172809908792 ], [ 4.7811171, 53.001794299087912 ], [ 4.7809913, 53.001913399087925 ], [ 4.7803435, 53.002586299087945 ], [ 4.7802278, 53.002699599087947 ], [ 4.7801201, 53.002784899087949 ], [ 4.7800576, 53.002840199087956 ], [ 4.7799855, 53.002886399087956 ], [ 4.7799119, 53.002913099087948 ], [ 4.7798426, 53.002928299087941 ], [ 4.7797594, 53.002928199087961 ], [ 4.7796899, 53.002909699087944 ], [ 4.7796611, 53.002887299087945 ], [ 4.7796672, 53.002819199087938 ], [ 4.77968, 53.002771199087938 ], [ 4.7796638, 53.002770099087918 ], [ 4.7796519, 53.002819599087935 ], [ 4.7796457, 53.002886199087961 ], [ 4.7796325, 53.002907899087951 ], [ 4.779603, 53.00291409908796 ], [ 4.7795273, 53.002906199087953 ], [ 4.7794228, 53.002904099087949 ], [ 4.7793156, 53.002914399087963 ], [ 4.7791501, 53.002947899087957 ], [ 4.7789859, 53.002987499087943 ], [ 4.7788504, 53.003022099087964 ], [ 4.7788101, 53.003022299087938 ], [ 4.7787774, 53.003034199087963 ], [ 4.7787668, 53.003058699087937 ], [ 4.7787805, 53.003084699087943 ], [ 4.778803, 53.003103399087955 ], [ 4.7788369, 53.003126599087963 ], [ 4.7788846, 53.003145899087954 ], [ 4.7789889, 53.003158099087955 ], [ 4.7790615, 53.003172099087955 ], [ 4.7791169, 53.003246599087944 ], [ 4.7791142, 53.003261099087958 ], [ 4.779184, 53.003279999087958 ], [ 4.7763339, 53.004256499087987 ], [ 4.7763015, 53.004226899087975 ], [ 4.7762563, 53.004215099087986 ], [ 4.7761473, 53.004207699087985 ], [ 4.7759978, 53.004215199087973 ], [ 4.7758006, 53.004258899087986 ], [ 4.7756065, 53.004382299088014 ], [ 4.7754396, 53.004508399087989 ], [ 4.7751974, 53.004666599088004 ], [ 4.774899, 53.004858299087999 ], [ 4.7743454, 53.005152599088007 ], [ 4.7738894, 53.005398499088031 ], [ 4.7736237, 53.005535799088015 ], [ 4.7734727, 53.005616499088035 ], [ 4.7733932, 53.00566049908803 ], [ 4.773384, 53.005665999088016 ], [ 4.7733133, 53.005735899088037 ], [ 4.7731645, 53.005828299088051 ], [ 4.7730058, 53.005897699088031 ], [ 4.7728162, 53.005959099088052 ], [ 4.7725982, 53.006014099088041 ], [ 4.7723599, 53.006053899088045 ], [ 4.7721344, 53.006085299088056 ], [ 4.7717978, 53.006122399088063 ], [ 4.7714094, 53.006155199088042 ], [ 4.7709073, 53.006191299088059 ], [ 4.7704648, 53.006215499088057 ], [ 4.7702967, 53.006220799088041 ], [ 4.7701159, 53.006209699088053 ], [ 4.769938, 53.006167799088075 ], [ 4.7698354, 53.006106099088022 ], [ 4.7697988, 53.006086199088031 ], [ 4.769684, 53.006022699088057 ], [ 4.7695276, 53.005931499088057 ], [ 4.7694505, 53.005899599088025 ], [ 4.7694092, 53.005894899088041 ], [ 4.7693679, 53.00589469908806 ], [ 4.7691656, 53.005934099088037 ], [ 4.7688413, 53.006008799088058 ], [ 4.7686079, 53.006065499088031 ], [ 4.7684233, 53.006125699088045 ], [ 4.7682362, 53.006196099088037 ], [ 4.7681061, 53.006254899088049 ], [ 4.7679967, 53.006313399088057 ], [ 4.7679106, 53.006362899088053 ], [ 4.7678372, 53.006434399088057 ], [ 4.7674976, 53.006680899088067 ], [ 4.767375, 53.006758299088062 ], [ 4.7673227, 53.006788899088072 ], [ 4.7672552, 53.006818399088054 ], [ 4.7671617, 53.00684149908809 ], [ 4.7670632, 53.006861199088092 ], [ 4.7669025, 53.006891199088066 ], [ 4.7665473, 53.006955099088074 ], [ 4.766099, 53.007027499088082 ], [ 4.7658761, 53.007060599088085 ], [ 4.7654665, 53.007135399088071 ], [ 4.7642761, 53.007378599088092 ], [ 4.7638093, 53.007476099088102 ], [ 4.7633191, 53.007580799088089 ], [ 4.7630701, 53.007632899088094 ], [ 4.7627377, 53.007729399088092 ], [ 4.7622703, 53.007870199088103 ], [ 4.7618495, 53.008002299088098 ], [ 4.7612781, 53.008173899088099 ], [ 4.7603691, 53.008455099088117 ], [ 4.7599794, 53.008577699088114 ], [ 4.7595508, 53.008715899088131 ], [ 4.7582026, 53.009142399088141 ], [ 4.7577894, 53.009285699088139 ], [ 4.7575087, 53.009377399088159 ], [ 4.7569347, 53.009560299088157 ], [ 4.7566982, 53.009637099088167 ], [ 4.7562947, 53.009761899088147 ], [ 4.7561919, 53.009732199088141 ], [ 4.7560752, 53.009731599088155 ], [ 4.7559995, 53.00974349908816 ], [ 4.7559236, 53.009776299088166 ], [ 4.7558543, 53.009821399088167 ], [ 4.7558129, 53.009841999088152 ], [ 4.7557508, 53.009862399088171 ], [ 4.7555368, 53.009943799088177 ], [ 4.7554405, 53.009964099088165 ], [ 4.7553237, 53.009979799088178 ], [ 4.7551923, 53.010045399088185 ], [ 4.7549922, 53.010118999088178 ], [ 4.754855, 53.010114399088174 ], [ 4.7547184, 53.010075999088158 ], [ 4.7545951, 53.010062999088184 ], [ 4.7544577, 53.010070699088168 ], [ 4.7544583, 53.010029099088172 ], [ 4.754371, 53.009896099088181 ], [ 4.7543168, 53.009850299088157 ], [ 4.7542751, 53.009823199088153 ], [ 4.7541772, 53.009790099088171 ], [ 4.7539962, 53.009743599088154 ], [ 4.7539609, 53.009726599088147 ], [ 4.7539495, 53.009695599088168 ], [ 4.753966, 53.009647999088159 ], [ 4.7539902, 53.009607699088157 ], [ 4.7540423, 53.009557999088152 ], [ 4.7540509, 53.00950799908815 ], [ 4.7540434, 53.009479299088163 ], [ 4.7539148, 53.009369099088154 ], [ 4.7538205, 53.009330399088135 ], [ 4.7537378, 53.009318199088163 ], [ 4.7536509, 53.009310399088143 ], [ 4.7534969, 53.009314699088158 ], [ 4.7533546, 53.009321199088149 ], [ 4.7532833, 53.00933259908814 ], [ 4.7532239, 53.00935139908816 ], [ 4.7530933, 53.009364799088146 ], [ 4.7530377, 53.009383599088146 ], [ 4.7529902, 53.00939789908815 ], [ 4.7528377, 53.009410599088163 ], [ 4.7528037, 53.009423299088148 ], [ 4.7523919, 53.00963289908816 ], [ 4.7522661, 53.009682199088168 ], [ 4.75209, 53.009746999088165 ], [ 4.7516619, 53.009935699088182 ], [ 4.751486, 53.009980199088155 ], [ 4.7514024, 53.009989899088175 ], [ 4.7513441, 53.009989599088158 ], [ 4.7508206, 53.010245799088167 ], [ 4.7485549, 53.010337499088209 ], [ 4.7483468, 53.010319999088189 ], [ 4.7481992, 53.010319299088188 ], [ 4.7482526, 53.010197099088181 ], [ 4.7481654, 53.010135999088178 ], [ 4.7478762, 53.010144699088194 ], [ 4.7476393, 53.010236999088178 ], [ 4.747321, 53.01013379908818 ], [ 4.7471366, 53.010145899088172 ], [ 4.7468299, 53.010117199088164 ], [ 4.7468007, 53.009935599088152 ], [ 4.7469296, 53.009777199088184 ], [ 4.7473377, 53.009597299088149 ], [ 4.7475972, 53.009447699088142 ], [ 4.747905, 53.009315599088161 ], [ 4.7479184, 53.009157199088136 ], [ 4.7482149, 53.009056099088141 ], [ 4.7483441, 53.008941199088135 ], [ 4.7484448, 53.008781599088124 ], [ 4.7485848, 53.008627899088118 ], [ 4.7486349, 53.008511399088128 ], [ 4.748808, 53.008392899088129 ], [ 4.7489368, 53.008310599088119 ], [ 4.7490443, 53.008236099088109 ], [ 4.7491445, 53.008132299088111 ], [ 4.7492427, 53.008031599088106 ], [ 4.7493953, 53.007986699088107 ], [ 4.7494616, 53.007933799088107 ], [ 4.7494963, 53.007840399088103 ], [ 4.7496461, 53.007710099088108 ], [ 4.7497836, 53.007610799088091 ], [ 4.7498721, 53.007486299088093 ], [ 4.7499674, 53.007451299088082 ], [ 4.7500914, 53.007390399088081 ], [ 4.7502163, 53.007364599088085 ], [ 4.7503405, 53.007240599088107 ], [ 4.7504454, 53.007159999088053 ], [ 4.7505848, 53.007041699088084 ], [ 4.7506789, 53.006900899088066 ], [ 4.7507672, 53.006808699088047 ], [ 4.7509186, 53.006727999088056 ], [ 4.7510684, 53.006639199088085 ], [ 4.7511702, 53.006528999088061 ], [ 4.751279, 53.006371199088051 ], [ 4.7514275, 53.006346899088051 ], [ 4.751547, 53.00622159908805 ], [ 4.7515957, 53.006153999088049 ], [ 4.7517309, 53.006008699088056 ], [ 4.751921, 53.005994699088042 ], [ 4.7520138, 53.005741399088024 ], [ 4.7521985, 53.005641699088038 ], [ 4.7522853, 53.005534199088039 ], [ 4.752343, 53.005459799088008 ], [ 4.7524545, 53.005370899088021 ], [ 4.7525739, 53.005247999088013 ], [ 4.7526426, 53.005147799088014 ], [ 4.7527564, 53.00514039908802 ], [ 4.7527751, 53.005046199088007 ], [ 4.752837, 53.00499469908803 ], [ 4.7528712, 53.004911499088003 ], [ 4.7530175, 53.004872299088007 ], [ 4.7531506, 53.004772599088021 ], [ 4.7532377, 53.004620599087993 ], [ 4.7533766, 53.004595599088034 ], [ 4.7535133, 53.004530199088009 ], [ 4.7535639, 53.004386699088009 ], [ 4.7537566, 53.004338799087996 ], [ 4.7539221, 53.004265999087998 ], [ 4.7540998, 53.004192699088009 ], [ 4.75429, 53.004089999087981 ], [ 4.7543707, 53.004069399087975 ], [ 4.75443, 53.004057899087982 ], [ 4.7545129, 53.004024299087988 ], [ 4.7545725, 53.003979399087974 ], [ 4.7546243, 53.003911999087968 ], [ 4.7549106, 53.003795099087974 ], [ 4.7549827, 53.003697199087966 ], [ 4.7550829, 53.003625799087963 ], [ 4.7552166, 53.003575599087966 ], [ 4.7553168, 53.00352909908797 ], [ 4.7553582, 53.003477699087973 ], [ 4.755477, 53.003423399087971 ], [ 4.7555367, 53.00337619908796 ], [ 4.7556495, 53.003338299087957 ], [ 4.7558477, 53.003274799087954 ], [ 4.7559673, 53.003225399087967 ], [ 4.7561831, 53.003145699087938 ], [ 4.756391, 53.003071499087959 ], [ 4.7565545, 53.003029099087961 ], [ 4.7566869, 53.00299049908795 ], [ 4.7567649, 53.002959499087964 ], [ 4.7568274, 53.002924399087938 ], [ 4.756897, 53.00287649908794 ], [ 4.7582187, 53.002471799087942 ], [ 4.7591317, 53.00218339908794 ], [ 4.7601255, 53.001875199087934 ], [ 4.7605385, 53.001772299087925 ], [ 4.7609332, 53.001694599087926 ], [ 4.7611797, 53.00166669908792 ], [ 4.7613928, 53.001615599087913 ], [ 4.7618348, 53.002089699087911 ], [ 4.7622717, 53.002230699087931 ], [ 4.7625313, 53.002314599087931 ], [ 4.7625795, 53.002320499087929 ], [ 4.7626183, 53.002308899087922 ], [ 4.762648, 53.002259599087914 ], [ 4.7626489, 53.002198399087916 ], [ 4.7626158, 53.002154999087928 ], [ 4.762534, 53.002125399087923 ], [ 4.7619473, 53.00198809908791 ], [ 4.761501, 53.001470699087911 ], [ 4.7624857, 53.001180499087909 ], [ 4.7628925, 53.001639199087904 ], [ 4.7629931, 53.001636399087914 ], [ 4.7629907, 53.001529399087907 ], [ 4.7638669, 53.001526299087907 ], [ 4.7638692, 53.001544899087904 ], [ 4.7638414, 53.001724399087934 ], [ 4.7637938, 53.001876399087912 ], [ 4.7636859, 53.002006699087907 ], [ 4.7635784, 53.002112899087926 ], [ 4.7635117, 53.002182699087932 ], [ 4.763511, 53.002234399087932 ], [ 4.7635508, 53.002277299087929 ], [ 4.7636161, 53.002301799087924 ], [ 4.7636715, 53.002304899087925 ], [ 4.7637525, 53.002293499087941 ], [ 4.7638236, 53.002257399087938 ], [ 4.7639562, 53.002163699087909 ], [ 4.764069, 53.002045199087924 ], [ 4.7640785, 53.002025599087929 ], [ 4.7641366, 53.001905699087928 ], [ 4.7642101, 53.001702199087916 ], [ 4.7642582, 53.001655799087906 ], [ 4.7642967, 53.001650399087929 ], [ 4.7646544, 53.001701199087904 ], [ 4.7646902, 53.001658699087898 ], [ 4.7648815, 53.001699499087913 ], [ 4.7648885, 53.001670899087927 ], [ 4.7649911, 53.001684399087907 ], [ 4.7655648, 53.000845999087886 ], [ 4.7656262, 53.00083229908789 ], [ 4.7657354, 53.000814299087878 ], [ 4.7658451, 53.000771099087878 ], [ 4.765906, 53.000742199087888 ], [ 4.7660514, 53.000726699087878 ], [ 4.7661391, 53.000730499087886 ], [ 4.7662599, 53.000751299087881 ], [ 4.7663778, 53.000766499087867 ], [ 4.766414, 53.000765599087885 ], [ 4.7665049, 53.000763799087878 ], [ 4.7667477, 53.000722999087877 ], [ 4.7670899, 53.000617999087879 ], [ 4.7672356, 53.000620499087859 ], [ 4.7675764, 53.000509899087874 ], [ 4.7679509, 53.000388299087867 ], [ 4.7679913, 53.000344699087869 ], [ 4.7680324, 53.000244899087861 ], [ 4.7680665, 53.000181099087861 ], [ 4.7681029, 53.000158199087842 ], [ 4.7681453, 53.00013599908786 ], [ 4.768238, 53.000119599087839 ], [ 4.7687506, 53.000122299087856 ], [ 4.7688786, 53.00013139908787 ], [ 4.7689988, 53.000192099087862 ], [ 4.7691691, 53.000231699087855 ], [ 4.7693682, 53.000249599087851 ], [ 4.769475, 53.000246199087869 ], [ 4.7697249, 53.000195799087862 ], [ 4.7699318, 53.000162599087865 ], [ 4.7700177, 53.000132699087864 ], [ 4.7700896, 53.000081399087861 ], [ 4.7701552, 52.999978999087858 ], [ 4.7701864, 52.99978149908786 ], [ 4.7702453, 52.999652599087852 ], [ 4.7703463, 52.999554299087841 ], [ 4.77049, 52.999460599087833 ], [ 4.7706908, 52.999354399087849 ], [ 4.7708697, 52.999290699087844 ], [ 4.7710346, 52.999210099087833 ], [ 4.7712792, 52.999030599087831 ], [ 4.7715448, 52.998868499087841 ], [ 4.771732, 52.998727899087818 ], [ 4.7719614, 52.998617299087826 ], [ 4.7721976, 52.998519699087822 ], [ 4.7724687, 52.998482299087811 ], [ 4.7725736, 52.99848339908781 ], [ 4.772579, 52.998503699087813 ], [ 4.7726148, 52.99853189908783 ], [ 4.7726559, 52.998557399087829 ], [ 4.7727306, 52.998574699087825 ], [ 4.7727816, 52.998583899087805 ], [ 4.7728607, 52.99856409908783 ], [ 4.7729516, 52.998531999087803 ], [ 4.773009, 52.998496299087812 ], [ 4.7730776, 52.998403499087814 ], [ 4.7731493, 52.998269599087799 ], [ 4.7731898, 52.998143399087802 ], [ 4.7732027, 52.998055899087809 ], [ 4.7731363, 52.997082199087764 ], [ 4.7731423, 52.997022699087765 ], [ 4.7731607, 52.996996399087756 ], [ 4.7732029, 52.996943799087759 ], [ 4.77364, 52.996471499087754 ], [ 4.7737005, 52.996397099087737 ], [ 4.7737272, 52.996333199087758 ], [ 4.7737307, 52.996272499087759 ], [ 4.7737134, 52.996216299087742 ], [ 4.7736623, 52.996172199087731 ], [ 4.7735879, 52.996134199087749 ], [ 4.7734848, 52.996105599087741 ], [ 4.7733505, 52.996098699087725 ], [ 4.7732239, 52.996101399087749 ], [ 4.7725427, 52.99623339908775 ], [ 4.7716679, 52.996214799087738 ], [ 4.7707868, 52.996221499087746 ], [ 4.770149, 52.996263099087734 ], [ 4.7695867, 52.99626019908775 ], [ 4.7690059, 52.996234699087744 ], [ 4.7687069, 52.99617649908776 ], [ 4.7685965, 52.996028699087738 ], [ 4.7686356, 52.995915999087721 ], [ 4.768732, 52.995724499087729 ], [ 4.7686962, 52.995610799087714 ], [ 4.7677973, 52.995549399087722 ], [ 4.7674224, 52.995547499087742 ], [ 4.7665388, 52.995735599087723 ], [ 4.7654841, 52.995563799087719 ], [ 4.7646241, 52.995412199087731 ], [ 4.7631646, 52.9952349990877 ], [ 4.7622493, 52.995015099087723 ], [ 4.7622328, 52.99485659908769 ], [ 4.7622908, 52.9947321990877 ], [ 4.7620675, 52.994618199087689 ], [ 4.7614865, 52.994615099087717 ], [ 4.7583294, 52.994281799087688 ], [ 4.7572239, 52.994253499087669 ], [ 4.7560797, 52.994315399087682 ], [ 4.7549916, 52.994377099087693 ], [ 4.7536995, 52.99429109908769 ], [ 4.7528964, 52.994094699087675 ], [ 4.7516741, 52.99386189908769 ], [ 4.7507371, 52.993845699087679 ], [ 4.7499125, 52.99384129908767 ], [ 4.7490872, 52.993882399087667 ], [ 4.7484842, 52.994093699087671 ], [ 4.7479749, 52.99431729908769 ], [ 4.747544, 52.994303799087703 ], [ 4.7469077, 52.994232399087686 ], [ 4.7463338, 52.993754199087668 ], [ 4.745774, 52.993581599087662 ], [ 4.745269, 52.993510899087674 ], [ 4.7447254, 52.993507999087655 ], [ 4.7443699, 52.993472399087672 ], [ 4.7438675, 52.993220899087646 ], [ 4.7435705, 52.993026599087649 ], [ 4.7425613, 52.993168399087658 ], [ 4.7422035, 52.993442499087664 ], [ 4.7425125, 52.993931899087663 ], [ 4.7438459, 52.99460729908769 ], [ 4.7393251, 52.994010199087683 ], [ 4.7323813, 52.994019999087669 ], [ 4.7309202, 52.994111199087676 ], [ 4.7308556, 52.994176299087684 ], [ 4.730477, 52.994271699087669 ], [ 4.7291157, 52.994469199087675 ], [ 4.7288074, 52.994533099087704 ], [ 4.7285137, 52.99456289908769 ], [ 4.7281404, 52.994543699087693 ], [ 4.7277046, 52.994595499087708 ], [ 4.7275377, 52.994691599087702 ], [ 4.7274132, 52.994790799087703 ], [ 4.7271465, 52.994917699087722 ], [ 4.7269805, 52.994945299087696 ], [ 4.7266785, 52.994900899087675 ], [ 4.7264329, 52.994885199087697 ], [ 4.726238, 52.994952599087696 ], [ 4.7260893, 52.995088799087711 ], [ 4.7259681, 52.99528499908773 ], [ 4.7259152, 52.995341699087717 ], [ 4.7258153, 52.995381099087737 ], [ 4.7256067, 52.995417099087732 ], [ 4.7250808, 52.995479799087718 ], [ 4.7244074, 52.995607299087737 ], [ 4.7236096, 52.995828299087734 ], [ 4.7228483, 52.996132199087732 ], [ 4.720427, 52.997063099087775 ], [ 4.7201467, 52.997141499087775 ], [ 4.7198622, 52.997191199087744 ], [ 4.7194457, 52.997217399087766 ], [ 4.7189919, 52.997200599087769 ], [ 4.7185861, 52.997144099087784 ], [ 4.7182614, 52.997036799087773 ], [ 4.7180936, 52.996878899087733 ], [ 4.7180059, 52.996735799087773 ], [ 4.7179755, 52.996564399087767 ], [ 4.7178735, 52.996429699087727 ], [ 4.7177848, 52.996352199087752 ], [ 4.7175017, 52.996316399087739 ], [ 4.7170853, 52.996328299087743 ], [ 4.7167531, 52.996403499087755 ], [ 4.7166618, 52.996497099087726 ], [ 4.7165557, 52.996941599087762 ], [ 4.7164731, 52.997083799087768 ], [ 4.7161522, 52.997347399087779 ], [ 4.7152501, 52.997881599087805 ], [ 4.7141219, 52.998357399087823 ], [ 4.7139752, 52.998365099087799 ], [ 4.7137436, 52.998360999087815 ], [ 4.7136049, 52.998460099087815 ], [ 4.7134608, 52.998601899087816 ], [ 4.7132851, 52.998951899087821 ], [ 4.7132136, 52.999296699087857 ], [ 4.7131988, 52.999638999087836 ], [ 4.71337, 53.000187799087861 ], [ 4.713363, 53.000338999087866 ], [ 4.7132659, 53.000500999087848 ], [ 4.7132613, 53.000794899087879 ], [ 4.7133713, 53.001329099087904 ], [ 4.7133264, 53.001785299087899 ], [ 4.7132275, 53.002064399087907 ], [ 4.7131107, 53.002274899087929 ], [ 4.7129883, 53.002545199087933 ], [ 4.7129648, 53.002841799087953 ], [ 4.7129681, 53.003540899087973 ], [ 4.7129407, 53.003686299087967 ], [ 4.7128393, 53.004224899087987 ], [ 4.7127355, 53.004509599088003 ], [ 4.712656, 53.004757399088 ], [ 4.7122347, 53.005696599088026 ], [ 4.7121301, 53.006032999088042 ], [ 4.7120775, 53.006374799088064 ], [ 4.7120213, 53.006555199088076 ], [ 4.711963, 53.006742199088073 ], [ 4.711946, 53.006927499088079 ], [ 4.7118757, 53.007492099088083 ], [ 4.7118243, 53.007701199088096 ], [ 4.7117844, 53.007863599088111 ], [ 4.7116285, 53.008183999088118 ], [ 4.7115409, 53.008340399088119 ], [ 4.7113867, 53.008519299088121 ], [ 4.7112927, 53.008707099088141 ], [ 4.7112904, 53.008791999088132 ], [ 4.7112843, 53.009023799088155 ], [ 4.7112282, 53.009591199088142 ], [ 4.7111044, 53.010082599088157 ], [ 4.7110416, 53.010331999088173 ], [ 4.7107151, 53.011859499088224 ], [ 4.7105608, 53.012656099088261 ], [ 4.7105395, 53.013112399088278 ], [ 4.7104555, 53.013651199088287 ], [ 4.710175, 53.014956399088334 ], [ 4.7100408, 53.015671799088345 ], [ 4.7100193, 53.015837099088372 ], [ 4.7099274, 53.017180499088411 ], [ 4.7098773, 53.017668099088432 ], [ 4.7097393, 53.018326399088437 ], [ 4.7097176, 53.018808499088443 ], [ 4.7097476, 53.019313599088463 ], [ 4.709814, 53.019602199088474 ], [ 4.7098056, 53.019841799088503 ], [ 4.7097075, 53.020366199088492 ], [ 4.7096507, 53.020973599088514 ], [ 4.7096625, 53.021435899088559 ], [ 4.7096116, 53.021966299088568 ], [ 4.7095923, 53.022599599088593 ], [ 4.7096123, 53.023438599088607 ], [ 4.7096128, 53.02371249908861 ], [ 4.7095817, 53.024491199088644 ], [ 4.7094719, 53.025161099088677 ], [ 4.7095057, 53.025420899088658 ], [ 4.7096446, 53.025618599088673 ], [ 4.7096881, 53.025866999088684 ], [ 4.7096499, 53.026189199088677 ] ] ], [ [ [ 4.8166804, 53.14216409909352 ], [ 4.816841, 53.14225529909352 ], [ 4.817086, 53.142303499093508 ], [ 4.8173501, 53.142324499093512 ], [ 4.8176604, 53.142301099093515 ], [ 4.8179554, 53.142245399093504 ], [ 4.8181607, 53.142184399093516 ], [ 4.818221, 53.14215309909352 ], [ 4.818095, 53.142083899093521 ], [ 4.817918, 53.141924699093487 ], [ 4.8177094, 53.141744699093486 ], [ 4.8174938, 53.141611499093472 ], [ 4.8172254, 53.14147879909347 ], [ 4.8169424, 53.141315899093463 ], [ 4.8167402, 53.141265499093471 ], [ 4.8165488, 53.141355299093469 ], [ 4.8165015, 53.141476299093462 ], [ 4.8165178, 53.141638299093472 ], [ 4.8165332, 53.141861099093497 ], [ 4.8165603, 53.141980999093505 ], [ 4.8166152, 53.142083499093502 ], [ 4.8166804, 53.14216409909352 ] ] ], [ [ [ 4.817403, 53.147227199093756 ], [ 4.8174298, 53.147206299093746 ], [ 4.8174767, 53.147182199093756 ], [ 4.8176041, 53.147141099093751 ], [ 4.8175693, 53.147142699093742 ], [ 4.8173882, 53.147182199093756 ], [ 4.8172849, 53.147219199093755 ], [ 4.817238, 53.147262599093736 ], [ 4.8172273, 53.147309199093755 ], [ 4.8172581, 53.147346199093768 ], [ 4.8173104, 53.14735669909377 ], [ 4.8173453, 53.14734139909374 ], [ 4.8173721, 53.147271399093768 ], [ 4.817403, 53.147227199093756 ] ] ], [ [ [ 4.8183672, 53.147567399093774 ], [ 4.8184222, 53.147557799093768 ], [ 4.8184235, 53.147534499093773 ], [ 4.81839, 53.147503899093756 ], [ 4.8182867, 53.147464499093765 ], [ 4.8181996, 53.14744039909376 ], [ 4.8178898, 53.147368799093762 ], [ 4.8179448, 53.147425899093761 ], [ 4.8180185, 53.147459699093751 ], [ 4.8183002, 53.147560999093784 ], [ 4.8183672, 53.147567399093774 ] ] ], [ [ [ 4.8171642, 53.147560199093775 ], [ 4.8171227, 53.147581899093758 ], [ 4.8172031, 53.147626999093781 ], [ 4.8172393, 53.147659899093767 ], [ 4.8172943, 53.147619699093774 ], [ 4.8173292, 53.147600399093768 ], [ 4.8173413, 53.147559399093765 ], [ 4.8173386, 53.147511899093772 ], [ 4.8173212, 53.147481399093778 ], [ 4.8172809, 53.147439499093764 ], [ 4.8172514, 53.147387299093751 ], [ 4.8171481, 53.147389699093765 ], [ 4.8169751, 53.147375199093773 ], [ 4.8168249, 53.147404199093756 ], [ 4.8168692, 53.14744279909376 ], [ 4.8170811, 53.147499899093773 ], [ 4.8171562, 53.147541699093757 ], [ 4.8171642, 53.147560199093775 ] ] ], [ [ [ 4.8178563, 53.147833699093773 ], [ 4.8181848, 53.147833699093773 ], [ 4.8183458, 53.147790199093777 ], [ 4.8184584, 53.147749199093788 ], [ 4.8185067, 53.147709799093761 ], [ 4.8184812, 53.147691299093779 ], [ 4.8183015, 53.147651899093766 ], [ 4.8181956, 53.147620499093769 ], [ 4.8178656, 53.147494199093764 ], [ 4.8176913, 53.147375999093768 ], [ 4.8175478, 53.147268999093761 ], [ 4.8175102, 53.147272999093751 ], [ 4.8174351, 53.14730759909375 ], [ 4.8174217, 53.147330199093759 ], [ 4.8174137, 53.14739769909378 ], [ 4.8174338, 53.147391299093769 ], [ 4.8175035, 53.147347899093745 ], [ 4.8174512, 53.147415399093752 ], [ 4.817411, 53.147443599093762 ], [ 4.8173882, 53.147466099093783 ], [ 4.8174003, 53.147497499093781 ], [ 4.817403, 53.147552199093774 ], [ 4.8173882, 53.147600399093768 ], [ 4.8173439, 53.14763579909377 ], [ 4.8173279, 53.14767279909379 ], [ 4.8174418, 53.147713799093786 ], [ 4.8175545, 53.147759699093797 ], [ 4.8176886, 53.147805499093778 ], [ 4.8178563, 53.147833699093773 ] ] ], [ [ [ 4.8186462, 53.147552999093783 ], [ 4.818732, 53.147651899093766 ], [ 4.81874, 53.147712199093782 ], [ 4.8186931, 53.14783609909378 ], [ 4.8186408, 53.147869899093799 ], [ 4.8185576, 53.147892399093784 ], [ 4.8184705, 53.147932599093792 ], [ 4.8184799, 53.14796159909379 ], [ 4.8185362, 53.147981699093791 ], [ 4.8187307, 53.147914099093775 ], [ 4.8189855, 53.147893199093801 ], [ 4.8195206, 53.147836899093775 ], [ 4.8197123, 53.147825599093792 ], [ 4.8198558, 53.147839299093768 ], [ 4.8199953, 53.147844899093798 ], [ 4.8200919, 53.147840099093777 ], [ 4.8201214, 53.147797499093784 ], [ 4.8201066, 53.147774099093766 ], [ 4.820057, 53.147764499093782 ], [ 4.819876, 53.147758099093792 ], [ 4.8198304, 53.147737199093768 ], [ 4.819829, 53.147685699093756 ], [ 4.8198652, 53.147651099093764 ], [ 4.8199363, 53.147617299093767 ], [ 4.8199953, 53.147605199093782 ], [ 4.8200718, 53.147600399093768 ], [ 4.8201388, 53.147612499093768 ], [ 4.820281, 53.14766399909378 ], [ 4.8203494, 53.147681699093781 ], [ 4.8203668, 53.14766559909377 ], [ 4.8203628, 53.14763419909378 ], [ 4.8203292, 53.147567399093774 ], [ 4.82034, 53.147490199093767 ], [ 4.8203708, 53.147409799093772 ], [ 4.8203319, 53.147394499093764 ], [ 4.8202099, 53.147380799093746 ], [ 4.8201187, 53.147358299093774 ], [ 4.820061, 53.147325299093744 ], [ 4.8200221, 53.147283499093753 ], [ 4.8200034, 53.147232799093757 ], [ 4.8199631, 53.147174099093753 ], [ 4.8197915, 53.147124199093753 ], [ 4.8196654, 53.147136299093773 ], [ 4.8193113, 53.147216699093768 ], [ 4.8191316, 53.147244899093756 ], [ 4.8189586, 53.147259399093748 ], [ 4.8186073, 53.147264199093755 ], [ 4.8184651, 53.147256999093763 ], [ 4.8182867, 53.14723849909376 ], [ 4.8181097, 53.147233599093745 ], [ 4.8179407, 53.147242499093757 ], [ 4.8178522, 53.147316499093762 ], [ 4.8178844, 53.147338199093774 ], [ 4.8180561, 53.14735589909376 ], [ 4.8182572, 53.147386499093756 ], [ 4.8184396, 53.147441199093777 ], [ 4.8186462, 53.147552999093783 ] ] ], [ [ [ 4.8187199, 53.151141799093921 ], [ 4.8187776, 53.151009899093935 ], [ 4.8187883, 53.150945499093943 ], [ 4.8188205, 53.150905299093935 ], [ 4.8188983, 53.150980899093952 ], [ 4.8189251, 53.151055699093959 ], [ 4.8188996, 53.151124899093944 ], [ 4.8188286, 53.151154599093957 ], [ 4.8189117, 53.151214099093941 ], [ 4.8189452, 53.151259199093964 ], [ 4.8189948, 53.15129619909397 ], [ 4.8190901, 53.151310699093962 ], [ 4.8192, 53.151299399093951 ], [ 4.8192698, 53.151267999093953 ], [ 4.8193261, 53.151215699093939 ], [ 4.819416, 53.151107199093943 ], [ 4.8194562, 53.151020299093929 ], [ 4.8195326, 53.150811999093953 ], [ 4.819538, 53.150733199093935 ], [ 4.8195004, 53.150688099093927 ], [ 4.8194683, 53.150635899093913 ], [ 4.8194253, 53.150590799093919 ], [ 4.8194146, 53.150515199093931 ], [ 4.8193824, 53.150459699093886 ], [ 4.8193516, 53.150433999093913 ], [ 4.8192859, 53.15042509909393 ], [ 4.8190592, 53.150466199093906 ], [ 4.8189707, 53.150508799093934 ], [ 4.818956, 53.150557899093926 ], [ 4.8188567, 53.150672099093931 ], [ 4.818846, 53.150657599093918 ], [ 4.8188594, 53.150603699093928 ], [ 4.8188889, 53.150564299093908 ], [ 4.818913, 53.150513599093919 ], [ 4.8189104, 53.150489499093908 ], [ 4.8188527, 53.150475799093911 ], [ 4.8187333, 53.150476599093906 ], [ 4.8186368, 53.150502399093916 ], [ 4.8185375, 53.150549799093916 ], [ 4.8184906, 53.150617399093932 ], [ 4.8184611, 53.150692199093939 ], [ 4.8184544, 53.150765399093949 ], [ 4.818504, 53.150867499093934 ], [ 4.8185053, 53.150920599093965 ], [ 4.8184812, 53.150952799093936 ], [ 4.8184504, 53.151041999093955 ], [ 4.8183981, 53.151087899093945 ], [ 4.8183632, 53.151139299093941 ], [ 4.8183766, 53.151164299093942 ], [ 4.8184423, 53.151183599093969 ], [ 4.818555, 53.151185999093954 ], [ 4.8186582, 53.151183599093969 ], [ 4.8187199, 53.151141799093921 ] ] ], [ [ [ 4.9042497, 53.129237599092875 ], [ 4.9043351, 53.129326699092886 ], [ 4.904413, 53.12939579909289 ], [ 4.9045389, 53.12942349909288 ], [ 4.904698, 53.129394099092899 ], [ 4.9046993, 53.129271999092879 ], [ 4.9047284, 53.129208099092899 ], [ 4.9047719, 53.129127399092873 ], [ 4.9047653, 53.129080199092861 ], [ 4.9047023, 53.129007499092857 ], [ 4.9048703, 53.128921699092864 ], [ 4.9047789, 53.128801799092855 ], [ 4.9046077, 53.128638399092843 ], [ 4.9043186, 53.128649199092841 ], [ 4.904181, 53.128734099092867 ], [ 4.9041023, 53.128770299092864 ], [ 4.9040311, 53.128786899092859 ], [ 4.903974, 53.128820899092865 ], [ 4.9039595, 53.128855099092867 ], [ 4.9039592, 53.128884899092881 ], [ 4.9039659, 53.12891919909287 ], [ 4.9040005, 53.128987199092855 ], [ 4.9041057, 53.12910729909288 ], [ 4.9042497, 53.129237599092875 ] ] ], [ [ [ 4.9023281, 53.130592899092953 ], [ 4.9023565, 53.130610399092937 ], [ 4.902356, 53.13065309909296 ], [ 4.9023408, 53.130743499092951 ], [ 4.9023759, 53.130799799092955 ], [ 4.9024115, 53.130821299092943 ], [ 4.9024473, 53.130821399092959 ], [ 4.902512, 53.130795799092944 ], [ 4.9025989, 53.130710299092961 ], [ 4.9026708, 53.130671799092966 ], [ 4.9027353, 53.130672099092948 ], [ 4.9027709, 53.130689599092968 ], [ 4.9028062, 53.130728499092939 ], [ 4.9028348, 53.130741499092956 ], [ 4.9028779, 53.130728799092942 ], [ 4.9029428, 53.130685799092959 ], [ 4.9030295, 53.130613199092942 ], [ 4.9030724, 53.130613299092943 ], [ 4.9030937, 53.130630299092957 ], [ 4.9030929, 53.130703799092963 ], [ 4.9030776, 53.130789699092951 ], [ 4.9030273, 53.130810799092956 ], [ 4.9029412, 53.130823399092954 ], [ 4.902819, 53.130870599092951 ], [ 4.902718, 53.130930299092974 ], [ 4.9026745, 53.130986299092974 ], [ 4.9026882, 53.131037999092968 ], [ 4.9027311, 53.131042699092966 ], [ 4.902803, 53.131012699092956 ], [ 4.9028965, 53.130978799092972 ], [ 4.9029687, 53.130927399092968 ], [ 4.9030334, 53.130901799092953 ], [ 4.9030978, 53.130905999092967 ], [ 4.9031334, 53.130928099092969 ], [ 4.9031544, 53.130970799092964 ], [ 4.9031883, 53.13114339909297 ], [ 4.9033493, 53.13146309909299 ], [ 4.9033415, 53.131523099093002 ], [ 4.9032622, 53.13157049909298 ], [ 4.9032373, 53.131621499092994 ], [ 4.9032329, 53.131630499092992 ], [ 4.9032324, 53.131673799093001 ], [ 4.9032646, 53.131739599093009 ], [ 4.903322, 53.131783599093033 ], [ 4.9033795, 53.131814199093014 ], [ 4.9036322, 53.131845499092996 ], [ 4.9036173, 53.131884799093008 ], [ 4.9036387, 53.131910699092998 ], [ 4.9037322, 53.131950399093029 ], [ 4.9039558, 53.131995099093018 ], [ 4.9041004, 53.131986699093019 ], [ 4.904209, 53.131969699093013 ], [ 4.9042963, 53.131917899093011 ], [ 4.9043711, 53.131838999093013 ], [ 4.9044301, 53.131734699092995 ], [ 4.9044787, 53.131622599092978 ], [ 4.9045161, 53.131480699092982 ], [ 4.9045463, 53.131334199092997 ], [ 4.9045557, 53.131144399092967 ], [ 4.9046001, 53.13101149909297 ], [ 4.9047013, 53.130921499092963 ], [ 4.9048314, 53.130809699092964 ], [ 4.9048794, 53.130761899092953 ], [ 4.9048755, 53.13070199909297 ], [ 4.9048333, 53.130637299092953 ], [ 4.9046346, 53.130485999092947 ], [ 4.9044285, 53.130342999092939 ], [ 4.9042575, 53.130268799092924 ], [ 4.904115, 53.130203599092937 ], [ 4.9039422, 53.130176199092929 ], [ 4.9039002, 53.130169599092923 ], [ 4.903865, 53.130163899092913 ], [ 4.9036652, 53.130093999092928 ], [ 4.9034802, 53.130002799092928 ], [ 4.9033804, 53.129959699092929 ], [ 4.9032731, 53.129954799092907 ], [ 4.9031655, 53.129971799092914 ], [ 4.9030141, 53.130065499092915 ], [ 4.9027622, 53.130203599092937 ], [ 4.9027404, 53.13021549909292 ], [ 4.902273, 53.130398899092953 ], [ 4.9021795, 53.130441199092942 ], [ 4.9021502, 53.130497299092944 ], [ 4.9021637, 53.130566399092956 ], [ 4.9022063, 53.13059689909295 ], [ 4.9022636, 53.130597099092945 ], [ 4.9023281, 53.130592899092953 ] ] ], [ [ [ 4.8244795, 53.14358019909357 ], [ 4.8245611, 53.143600299093578 ], [ 4.8246704, 53.143630799093565 ], [ 4.8248407, 53.143666199093587 ], [ 4.8249789, 53.143711299093589 ], [ 4.8251867, 53.143837599093594 ], [ 4.8254549, 53.14405799909359 ], [ 4.8256239, 53.144146499093601 ], [ 4.8258787, 53.144239799093604 ], [ 4.8261416, 53.144312199093605 ], [ 4.8263508, 53.144350799093594 ], [ 4.8265976, 53.144366899093626 ], [ 4.8264822, 53.144242999093635 ], [ 4.82645, 53.144176999093609 ], [ 4.8265171, 53.144090199093597 ], [ 4.8264554, 53.144074099093601 ], [ 4.8262489, 53.144065999093584 ], [ 4.8260799, 53.144051499093607 ], [ 4.8259351, 53.143922799093588 ], [ 4.8258117, 53.143868099093574 ], [ 4.8256588, 53.143831099093596 ], [ 4.825471, 53.143819899093572 ], [ 4.8252887, 53.143753899093589 ], [ 4.8251787, 53.14367989909357 ], [ 4.8249802, 53.143607499093584 ], [ 4.8248112, 53.143551199093558 ], [ 4.8247147, 53.143472399093589 ], [ 4.8246959, 53.14338869909357 ], [ 4.8247267, 53.14319969909355 ], [ 4.8247171, 53.14306419909353 ], [ 4.8248731, 53.142876999093524 ], [ 4.8247498, 53.142789099093541 ], [ 4.8246119, 53.142981699093532 ], [ 4.8244572, 53.143035599093544 ], [ 4.8243687, 53.143113599093553 ], [ 4.8243539, 53.143209299093563 ], [ 4.8244075, 53.143288199093561 ], [ 4.8244156, 53.14347879909355 ], [ 4.8244285, 53.14354369909357 ], [ 4.8244795, 53.14358019909357 ] ] ], [ [ [ 4.8253678, 53.144222899093613 ], [ 4.8255115, 53.144256899093605 ], [ 4.8253088, 53.144109499093595 ], [ 4.825218, 53.144064199093606 ], [ 4.8251666, 53.144019599093589 ], [ 4.8251036, 53.143967899093596 ], [ 4.8249871, 53.143875399093588 ], [ 4.824865, 53.143926799093592 ], [ 4.8249253, 53.144008099093618 ], [ 4.8250435, 53.144050399093594 ], [ 4.8252122, 53.144157699093611 ], [ 4.8252846, 53.144196299093608 ], [ 4.8253678, 53.144222899093613 ] ] ], [ [ [ 4.8212628, 53.144969699093643 ], [ 4.8213956, 53.144794199093631 ], [ 4.8215872, 53.144640399093639 ], [ 4.8217911, 53.144485899093617 ], [ 4.8219998, 53.144397199093611 ], [ 4.8220792, 53.144288999093625 ], [ 4.8220591, 53.1441572990936 ], [ 4.8220035, 53.143980999093593 ], [ 4.8218667, 53.143869099093621 ], [ 4.8217706, 53.143943299093614 ], [ 4.8217426, 53.144045599093594 ], [ 4.8216099, 53.144265899093611 ], [ 4.8214305, 53.144389099093623 ], [ 4.8212924, 53.144575599093635 ], [ 4.821158, 53.144780299093625 ], [ 4.8210669, 53.144878499093629 ], [ 4.8206913, 53.145219499093656 ], [ 4.8206082, 53.14531769909366 ], [ 4.8205546, 53.145367499093652 ], [ 4.8206109, 53.145388399093662 ], [ 4.8208469, 53.145460899093663 ], [ 4.8209247, 53.145320799093668 ], [ 4.821053, 53.145176599093645 ], [ 4.8212628, 53.144969699093643 ] ] ], [ [ [ 4.8238376, 53.145118199093638 ], [ 4.8238872, 53.145180099093636 ], [ 4.8239905, 53.145266199093662 ], [ 4.8240039, 53.145246899093642 ], [ 4.8240253, 53.145156799093634 ], [ 4.8240414, 53.144987899093628 ], [ 4.8240951, 53.144793199093627 ], [ 4.824079, 53.144690199093631 ], [ 4.8240414, 53.14459369909364 ], [ 4.8240414, 53.144511699093641 ], [ 4.8240092, 53.1444552990936 ], [ 4.8239288, 53.144452099093606 ], [ 4.8238671, 53.144513299093632 ], [ 4.8238215, 53.14458409909362 ], [ 4.8237437, 53.144667699093624 ], [ 4.8236847, 53.144769099093651 ], [ 4.823682, 53.144816499093629 ], [ 4.8236954, 53.144894499093638 ], [ 4.823741, 53.14500069909365 ], [ 4.8237759, 53.14505539909365 ], [ 4.8238376, 53.145118199093638 ] ] ], [ [ [ 4.8198277, 53.145520399093691 ], [ 4.8202407, 53.14525169909367 ], [ 4.8202863, 53.145196999093663 ], [ 4.8199228, 53.145298599093657 ], [ 4.8197994, 53.145295899093661 ], [ 4.8196962, 53.145254899093651 ], [ 4.8195702, 53.145267799093695 ], [ 4.8194602, 53.145315999093675 ], [ 4.8194146, 53.145375599093668 ], [ 4.8193784, 53.145459999093653 ], [ 4.8194434, 53.145565799093674 ], [ 4.8195219, 53.145592699093655 ], [ 4.819648, 53.145669999093684 ], [ 4.8198277, 53.145520399093691 ] ] ], [ [ [ 4.8200771, 53.146630399093723 ], [ 4.8201361, 53.146612699093723 ], [ 4.8202233, 53.146557199093714 ], [ 4.8202796, 53.146482399093721 ], [ 4.8203319, 53.146330299093712 ], [ 4.8203225, 53.146257999093699 ], [ 4.8202662, 53.146182299093702 ], [ 4.820234, 53.146110799093726 ], [ 4.8201603, 53.14605409909371 ], [ 4.8201187, 53.14603759909371 ], [ 4.8200583, 53.146022299093687 ], [ 4.8200087, 53.145991699093713 ], [ 4.8199678, 53.145938199093685 ], [ 4.8199444, 53.145897999093677 ], [ 4.8199376, 53.145824399093698 ], [ 4.8199444, 53.145802699093679 ], [ 4.8199135, 53.145797099093699 ], [ 4.8198424, 53.145815599093673 ], [ 4.8197767, 53.145846899093691 ], [ 4.819715, 53.145893599093711 ], [ 4.8197056, 53.145977199093693 ], [ 4.8197566, 53.146208899093686 ], [ 4.8198706, 53.146405999093716 ], [ 4.8199591, 53.146508899093718 ], [ 4.8200771, 53.146630399093723 ] ] ], [ [ [ 4.8195474, 53.151485199093962 ], [ 4.8194951, 53.151443399093971 ], [ 4.8194508, 53.151394299093944 ], [ 4.8194267, 53.151346799093972 ], [ 4.8193677, 53.151362099093966 ], [ 4.8192886, 53.151409599093967 ], [ 4.8192711, 53.151448199093977 ], [ 4.8192644, 53.151486799093966 ], [ 4.8192765, 53.151535799093956 ], [ 4.8193355, 53.151580099093962 ], [ 4.8194186, 53.151574399093974 ], [ 4.8195554, 53.151509299093959 ], [ 4.8195474, 53.151485199093962 ] ] ], [ [ [ 4.8802365, 53.160988999094457 ], [ 4.8802294, 53.160932999094449 ], [ 4.8802832, 53.160900699094434 ], [ 4.8803515, 53.160881299094434 ], [ 4.8804341, 53.160915799094447 ], [ 4.880549, 53.160973899094444 ], [ 4.8806747, 53.161031999094469 ], [ 4.8807752, 53.161049299094486 ], [ 4.8809332, 53.161066499094453 ], [ 4.8810481, 53.161064299094456 ], [ 4.8811236, 53.161077299094451 ], [ 4.8811927, 53.161092199094455 ], [ 4.8813739, 53.161129099094445 ], [ 4.8814856, 53.161140099094467 ], [ 4.8816931, 53.161134499094466 ], [ 4.8818951, 53.161142099094477 ], [ 4.8819118, 53.161122499094454 ], [ 4.881801, 53.161093399094462 ], [ 4.8814953, 53.161084499094464 ], [ 4.8812169, 53.161047699094439 ], [ 4.8810337, 53.160997799094453 ], [ 4.8809156, 53.160988099094475 ], [ 4.880825, 53.160980099094452 ], [ 4.8807304, 53.160974599094452 ], [ 4.8806465, 53.160928199094442 ], [ 4.8805777, 53.160876999094448 ], [ 4.8804772, 53.160795199094444 ], [ 4.8803802, 53.160769399094434 ], [ 4.880276, 53.160773699094449 ], [ 4.8802258, 53.160812399094453 ], [ 4.8801575, 53.160823199094452 ], [ 4.8800318, 53.16089639909444 ], [ 4.8799995, 53.160943799094426 ], [ 4.8800211, 53.161006199094452 ], [ 4.8800857, 53.161042799094432 ], [ 4.8801683, 53.161053599094465 ], [ 4.8802186, 53.161034199094459 ], [ 4.8802365, 53.160988999094457 ] ] ] ] } },
{ "type": "Feature", "properties": { "@id": "relation/19937817", "name": "Tiengemeten" }, "geometry": { "type": "MultiPolygon", "coordinates": [ [ [ [ 4.2567676, 51.750642699141927 ], [ 4.2567737, 51.750577999141932 ], [ 4.2567931, 51.750386999141959 ], [ 4.2568206, 51.750218899141984 ], [ 4.2568394, 51.750098099141987 ], [ 4.2568508, 51.750054499141989 ], [ 4.2568655, 51.750018799141991 ], [ 4.2568816, 51.749980599141992 ], [ 4.2569051, 51.749934099142017 ], [ 4.2569628, 51.749841099142017 ], [ 4.2570164, 51.74972609914203 ], [ 4.2570499, 51.749659699142043 ], [ 4.2570714, 51.749611899142032 ], [ 4.2570895, 51.749568799142061 ], [ 4.2571079, 51.749522499142039 ], [ 4.2571338, 51.749466999142065 ], [ 4.2571653, 51.749416799142068 ], [ 4.2571948, 51.749376099142083 ], [ 4.2572672, 51.749277299142094 ], [ 4.2575227, 51.748963899142119 ], [ 4.2578209, 51.748604299142151 ], [ 4.2578875, 51.748538799142175 ], [ 4.2579498, 51.748478999142179 ], [ 4.2579988, 51.748439199142162 ], [ 4.2580551, 51.748398899142188 ], [ 4.2580993, 51.748366899142191 ], [ 4.258149, 51.748337399142187 ], [ 4.2582247, 51.748297599142191 ], [ 4.2582938, 51.748264799142191 ], [ 4.2583314, 51.748248199142203 ], [ 4.2583857, 51.748222899142213 ], [ 4.2584795, 51.748178899142204 ], [ 4.2585573, 51.748142299142209 ], [ 4.2586392, 51.748102599142193 ], [ 4.2591561, 51.747827499142268 ], [ 4.2599507, 51.747437199142283 ], [ 4.2602147, 51.747301399142309 ], [ 4.2617349, 51.746732399142367 ], [ 4.2617618, 51.746728499142364 ], [ 4.2620104, 51.74668339914237 ], [ 4.2621274, 51.746641899142382 ], [ 4.2623111, 51.74657799914236 ], [ 4.262413, 51.746534799142388 ], [ 4.2624895, 51.746506599142393 ], [ 4.2625518, 51.746489999142412 ], [ 4.2626276, 51.746471299142407 ], [ 4.2626923, 51.746453699142407 ], [ 4.2627912, 51.746423099142419 ], [ 4.2629153, 51.746376599142401 ], [ 4.2630058, 51.746342999142421 ], [ 4.2630856, 51.746318099142421 ], [ 4.2631459, 51.746294899142413 ], [ 4.2631909, 51.746274099142418 ], [ 4.2632395, 51.746247799142417 ], [ 4.2633503, 51.746177499142433 ], [ 4.2634514, 51.746116699142426 ], [ 4.2635161, 51.746083099142453 ], [ 4.2635697, 51.746057399142437 ], [ 4.2636307, 51.746032099142447 ], [ 4.2636753, 51.746013799142439 ], [ 4.2637514, 51.745988299142446 ], [ 4.2637943, 51.745974999142447 ], [ 4.2638279, 51.745962099142439 ], [ 4.2638862, 51.74593449914245 ], [ 4.263968, 51.745897499142458 ], [ 4.2640022, 51.745881599142479 ], [ 4.2640696, 51.745857499142453 ], [ 4.2641665, 51.745826499142467 ], [ 4.2642393, 51.745809699142463 ], [ 4.2642936, 51.745797699142457 ], [ 4.2643429, 51.745786699142471 ], [ 4.264427, 51.745765899142476 ], [ 4.2644629, 51.745754899142469 ], [ 4.264482, 51.745746599142478 ], [ 4.2644971, 51.745737299142469 ], [ 4.2645199, 51.745721499142483 ], [ 4.2645377, 51.745707799142465 ], [ 4.2645695, 51.745671299142479 ], [ 4.2645977, 51.745639299142482 ], [ 4.2646265, 51.745613999142492 ], [ 4.2646687, 51.745586599142491 ], [ 4.2647103, 51.745558799142486 ], [ 4.2647559, 51.745535099142494 ], [ 4.2648196, 51.745508499142503 ], [ 4.2648873, 51.745484399142505 ], [ 4.2649356, 51.745463699142519 ], [ 4.2650007, 51.745429599142497 ], [ 4.265057, 51.74539849914251 ], [ 4.2651281, 51.745345399142508 ], [ 4.2651985, 51.74529349914252 ], [ 4.2652481, 51.745251099142536 ], [ 4.2653004, 51.745191699142538 ], [ 4.265352, 51.745125699142541 ], [ 4.2654092, 51.745044699142554 ], [ 4.2655002, 51.744918999142563 ], [ 4.2655167, 51.744899899142574 ], [ 4.2655311, 51.744887599142558 ], [ 4.2655448, 51.744881999142585 ], [ 4.2655606, 51.744878499142551 ], [ 4.265582, 51.744875999142565 ], [ 4.2656028, 51.744875599142581 ], [ 4.2656276, 51.744877899142566 ], [ 4.2656773, 51.744883099142577 ], [ 4.2657182, 51.744891599142562 ], [ 4.2657483, 51.744899899142574 ], [ 4.2661071, 51.744980799142567 ], [ 4.2662278, 51.744886999142572 ], [ 4.2663941, 51.744774099142568 ], [ 4.2666154, 51.744646199142579 ], [ 4.2667803, 51.744546499142608 ], [ 4.2671612, 51.744308199142644 ], [ 4.2681804, 51.743677099142715 ], [ 4.2684433, 51.743511899142732 ], [ 4.2685238, 51.743457099142745 ], [ 4.268627, 51.743391499142739 ], [ 4.2687745, 51.743303499142748 ], [ 4.2688496, 51.743256999142758 ], [ 4.2689086, 51.743226199142761 ], [ 4.2689529, 51.743203799142762 ], [ 4.2691849, 51.743079699142783 ], [ 4.2692251, 51.743060199142768 ], [ 4.2693391, 51.743010299142767 ], [ 4.2697643, 51.742810999142797 ], [ 4.2706481, 51.742394999142867 ], [ 4.2711872, 51.742136699142883 ], [ 4.2719489, 51.74177629914292 ], [ 4.2724076, 51.741571199142939 ], [ 4.2724559, 51.741554399142942 ], [ 4.2728274, 51.741434199142951 ], [ 4.2734456, 51.741076299142989 ], [ 4.2736776, 51.740957499143008 ], [ 4.2738909, 51.740860399143024 ], [ 4.2742248, 51.740715899143019 ], [ 4.2744863, 51.740607099143055 ], [ 4.2746593, 51.740535699143059 ], [ 4.2747934, 51.740494999143053 ], [ 4.2749557, 51.740452599143048 ], [ 4.2750362, 51.740441799143063 ], [ 4.2750952, 51.740438499143082 ], [ 4.275189, 51.740440999143061 ], [ 4.2753097, 51.740451799143074 ], [ 4.2754921, 51.74047009914306 ], [ 4.2759863, 51.740490399143056 ], [ 4.2764322, 51.740514899143051 ], [ 4.2765167, 51.740516599143064 ], [ 4.2765798, 51.740509899143049 ], [ 4.2766468, 51.740494999143053 ], [ 4.2768399, 51.740418599143055 ], [ 4.2771994, 51.740265799143103 ], [ 4.2774501, 51.740160299143106 ], [ 4.2776366, 51.740074799143116 ], [ 4.2778471, 51.739953499143105 ], [ 4.2782468, 51.739734299143151 ], [ 4.2782964, 51.739709399143152 ], [ 4.2785058, 51.739609899143147 ], [ 4.2787147, 51.739480499143163 ], [ 4.2788853, 51.739384799143203 ], [ 4.2792061, 51.739251799143197 ], [ 4.2794164, 51.739173499143213 ], [ 4.279821, 51.738998499143229 ], [ 4.2801329, 51.738866399143248 ], [ 4.2804625, 51.738727099143254 ], [ 4.2807965, 51.738577599143269 ], [ 4.2811201, 51.738446499143279 ], [ 4.2813055, 51.738375399143301 ], [ 4.2814394, 51.738317999143305 ], [ 4.2816762, 51.738217799143314 ], [ 4.2819572, 51.73810569914334 ], [ 4.2822191, 51.737994599143342 ], [ 4.282406, 51.737910699143356 ], [ 4.2826576, 51.737811399143368 ], [ 4.2828768, 51.737714899143363 ], [ 4.2831872, 51.737588199143389 ], [ 4.2834697, 51.737468899143387 ], [ 4.2836977, 51.737373199143413 ], [ 4.2838684, 51.737300299143413 ], [ 4.2839728, 51.737266599143418 ], [ 4.2843561, 51.737103299143442 ], [ 4.2850509, 51.736797299143468 ], [ 4.2851239, 51.73676359914348 ], [ 4.285207, 51.736728699143484 ], [ 4.2853062, 51.736683099143484 ], [ 4.2853301, 51.73667769914347 ], [ 4.2853422, 51.736673699143488 ], [ 4.285364, 51.736664599143488 ], [ 4.2853794, 51.736653999143485 ], [ 4.2853831, 51.736645099143487 ], [ 4.2853885, 51.73663799914349 ], [ 4.2853959, 51.736633899143492 ], [ 4.2854468, 51.736614599143493 ], [ 4.285628, 51.736479399143512 ], [ 4.285806, 51.736367399143532 ], [ 4.2861193, 51.736178799143531 ], [ 4.2862959, 51.736076699143545 ], [ 4.2865269, 51.735955499143564 ], [ 4.2867284, 51.735853499143573 ], [ 4.2869535, 51.735748699143578 ], [ 4.2870639, 51.73569499914359 ], [ 4.2871977, 51.735636699143605 ], [ 4.2873199, 51.735596599143605 ], [ 4.287439, 51.735546499143602 ], [ 4.2874773, 51.735525499143613 ], [ 4.2876671, 51.735448099143639 ], [ 4.2879363, 51.735348699143621 ], [ 4.2882453, 51.735249399143655 ], [ 4.2884983, 51.73516739914367 ], [ 4.2888691, 51.735054499143658 ], [ 4.2891692, 51.73498159914368 ], [ 4.2895414, 51.734897699143687 ], [ 4.2896061, 51.734887699143684 ], [ 4.2903476, 51.734798399143713 ], [ 4.2901902, 51.7346981991437 ], [ 4.2899857, 51.73455879914372 ], [ 4.2898268, 51.734460399143749 ], [ 4.2897768, 51.734422999143725 ], [ 4.2897444, 51.734392999143743 ], [ 4.2897444, 51.734362899143754 ], [ 4.2897871, 51.734338299143751 ], [ 4.2898901, 51.734309099143751 ], [ 4.2902961, 51.734192499143766 ], [ 4.2906787, 51.734079499143782 ], [ 4.2910376, 51.733963799143787 ], [ 4.291401, 51.733864499143806 ], [ 4.2916835, 51.733776099143796 ], [ 4.293552, 51.733137399143878 ], [ 4.2938639, 51.733011699143887 ], [ 4.2941419, 51.732904099143902 ], [ 4.2943611, 51.732815799143914 ], [ 4.29457, 51.732728299143915 ], [ 4.2947289, 51.732674499143933 ], [ 4.2949099, 51.732600699143937 ], [ 4.2949643, 51.732573399143952 ], [ 4.2952342, 51.732469199143942 ], [ 4.2955484, 51.732340999143979 ], [ 4.2958073, 51.732241099143984 ], [ 4.2960514, 51.732142799143979 ], [ 4.2960647, 51.732137899143986 ], [ 4.2960767, 51.732135399143992 ], [ 4.2960902, 51.732134099143991 ], [ 4.2962103, 51.732126199144012 ], [ 4.2962696, 51.732103699143998 ], [ 4.2963615, 51.732068699144008 ], [ 4.2965082, 51.73201289914401 ], [ 4.2966058, 51.731975699143987 ], [ 4.2966993, 51.73194019914402 ], [ 4.2967222, 51.731932199144033 ], [ 4.2967394, 51.731913599144022 ], [ 4.2967969, 51.731894199144001 ], [ 4.2969301, 51.731846499144027 ], [ 4.2970694, 51.731791899144042 ], [ 4.2972028, 51.731743599144025 ], [ 4.2973177, 51.731704299144049 ], [ 4.2974368, 51.731667999144037 ], [ 4.2975621, 51.731619799144035 ], [ 4.297667, 51.731583799144062 ], [ 4.2979157, 51.731495399144066 ], [ 4.2979422, 51.731487999144072 ], [ 4.2979566, 51.731486899144066 ], [ 4.2979694, 51.731486799144058 ], [ 4.2979979, 51.731487499144052 ], [ 4.2984109, 51.731332199144063 ], [ 4.2989467, 51.731142799144102 ], [ 4.2989672, 51.731135699144112 ], [ 4.2989739, 51.73113369914411 ], [ 4.2989782, 51.73113369914411 ], [ 4.2989853, 51.731134299144109 ], [ 4.2989926, 51.731134699144093 ], [ 4.298999, 51.73113369914411 ], [ 4.2990024, 51.731131599144106 ], [ 4.299005, 51.731127199144105 ], [ 4.2990091, 51.731121799144098 ], [ 4.2990148, 51.731117299144103 ], [ 4.2992605, 51.731029999144127 ], [ 4.2993386, 51.731001999144141 ], [ 4.2993702, 51.730988699144113 ], [ 4.299567, 51.730899799144119 ], [ 4.2995732, 51.730897799144124 ], [ 4.2995817, 51.730896199144134 ], [ 4.299598, 51.73089439914412 ], [ 4.2996099, 51.730893399144144 ], [ 4.2996174, 51.730891699144138 ], [ 4.2996337, 51.730884799144135 ], [ 4.299638, 51.73088189914413 ], [ 4.2996407, 51.730878799144143 ], [ 4.2996417, 51.730876499144124 ], [ 4.2996414, 51.730872999144147 ], [ 4.2996406, 51.730871199144147 ], [ 4.2996397, 51.73086879914414 ], [ 4.2996401, 51.730865999144129 ], [ 4.2996426, 51.730863799144146 ], [ 4.2996999, 51.730834999144129 ], [ 4.2997093, 51.730830399144146 ], [ 4.2997147, 51.730829099144138 ], [ 4.2997225, 51.730828199144135 ], [ 4.2997311, 51.730827699144136 ], [ 4.2997368, 51.73082659914413 ], [ 4.2997425, 51.730824699144137 ], [ 4.2997452, 51.730822499144153 ], [ 4.2997468, 51.730819699144142 ], [ 4.2997482, 51.730816599144148 ], [ 4.29975, 51.730812999144142 ], [ 4.2997574, 51.730806799144155 ], [ 4.3002261, 51.730590399144148 ], [ 4.300436, 51.730491999144185 ], [ 4.3009336, 51.73025819914421 ], [ 4.3010382, 51.730205399144225 ], [ 4.3011025, 51.730167599144224 ], [ 4.3012608, 51.730066299144219 ], [ 4.3013185, 51.730024799144232 ], [ 4.3013922, 51.729955799144243 ], [ 4.301521, 51.729838699144274 ], [ 4.3015572, 51.729806299144251 ], [ 4.3015666, 51.72979679914426 ], [ 4.3015707, 51.729790199144247 ], [ 4.3015718, 51.729786699144256 ], [ 4.3015702, 51.729782999144255 ], [ 4.3015642, 51.729775899144244 ], [ 4.3015555, 51.729768199144246 ], [ 4.3015386, 51.729755099144249 ], [ 4.3015355, 51.729752699144257 ], [ 4.3015344, 51.72975029914425 ], [ 4.3015344, 51.729748199144254 ], [ 4.301536, 51.729745899144255 ], [ 4.3015411, 51.729743099144279 ], [ 4.3015458, 51.72974139914426 ], [ 4.3015479, 51.729741099144263 ], [ 4.3015508, 51.729741499144268 ], [ 4.3015578, 51.729744899144258 ], [ 4.3015672, 51.729751499144271 ], [ 4.3016769, 51.729850999144247 ], [ 4.3016862, 51.729860099144254 ], [ 4.3017288, 51.729886099144238 ], [ 4.3017506, 51.72989619914425 ], [ 4.3017644, 51.729903499144235 ], [ 4.3017748, 51.729912199144259 ], [ 4.3017952, 51.729930899144236 ], [ 4.3018438, 51.729989699144227 ], [ 4.3018961, 51.730062199144228 ], [ 4.3019052, 51.730073799144222 ], [ 4.3019142, 51.730082499144231 ], [ 4.3019213, 51.730087299144223 ], [ 4.3019424, 51.730094799144233 ], [ 4.3020735, 51.730135299144202 ], [ 4.302098, 51.730143099144207 ], [ 4.3021171, 51.730146499144219 ], [ 4.3021496, 51.730149799144201 ], [ 4.3021771, 51.730150399144215 ], [ 4.3022153, 51.730149599144212 ], [ 4.3022542, 51.730147699144219 ], [ 4.3022767, 51.730146099144221 ], [ 4.3023011, 51.730142899144205 ], [ 4.3027273, 51.730091199144226 ], [ 4.3029985, 51.730058599144222 ], [ 4.3030572, 51.730052799144218 ], [ 4.3031534, 51.730049299144234 ], [ 4.3031688, 51.730049099144239 ], [ 4.303198, 51.730051699144234 ], [ 4.3032369, 51.730057499144237 ], [ 4.3034039, 51.730069599144208 ], [ 4.3035112, 51.73003559914423 ], [ 4.3035226, 51.730032899144234 ], [ 4.3035298, 51.730031799144221 ], [ 4.3035375, 51.730031699144227 ], [ 4.3035499, 51.730032199144219 ], [ 4.3035677, 51.73003409914422 ], [ 4.3035807, 51.730036599144221 ], [ 4.3036044, 51.730043899144242 ], [ 4.3036282, 51.730051299144236 ], [ 4.3036357, 51.730054499144231 ], [ 4.3036599, 51.730068899144229 ], [ 4.3036877, 51.730086299144219 ], [ 4.3036969, 51.730092899144232 ], [ 4.3037044, 51.730099099144226 ], [ 4.3037109, 51.730104799144208 ], [ 4.3037148, 51.730108999144214 ], [ 4.3037161, 51.730111799144211 ], [ 4.3037164, 51.730113399144209 ], [ 4.3037164, 51.730114799144232 ], [ 4.3039186, 51.730083099144224 ], [ 4.3039014, 51.730070899144224 ], [ 4.3038826, 51.730059599144212 ], [ 4.3038672, 51.730042199144243 ], [ 4.303864, 51.730030299144218 ], [ 4.3038612, 51.73001979914423 ], [ 4.3038659, 51.729993599144223 ], [ 4.3038773, 51.729952499144261 ], [ 4.3039034, 51.729913899144243 ], [ 4.3039437, 51.729876499144247 ], [ 4.304004, 51.729836599144242 ], [ 4.304052, 51.729809399144266 ], [ 4.304177, 51.729765199144261 ], [ 4.3043607, 51.72970619914426 ], [ 4.3046397, 51.729618599144281 ], [ 4.3046511, 51.729615499144266 ], [ 4.3049033, 51.72953739914427 ], [ 4.3050719, 51.729485299144294 ], [ 4.3051014, 51.729474899144286 ], [ 4.3051252, 51.729465999144296 ], [ 4.3054973, 51.729328299144306 ], [ 4.3056563, 51.729269699144311 ], [ 4.3057516, 51.729237699144299 ], [ 4.305897, 51.729194499144313 ], [ 4.3060866, 51.729142899144328 ], [ 4.3061665, 51.729125599144325 ], [ 4.3062323, 51.729106499144343 ], [ 4.30649, 51.729021099144347 ], [ 4.306676, 51.728953599144347 ], [ 4.3067593, 51.728921299144361 ], [ 4.3068257, 51.728888899144366 ], [ 4.3068834, 51.728864799144361 ], [ 4.3070242, 51.728808299144369 ], [ 4.307218, 51.728735199144374 ], [ 4.307332, 51.72869739914438 ], [ 4.3074781, 51.728647999144393 ], [ 4.3075499, 51.728626799144386 ], [ 4.3076216, 51.728590699144391 ], [ 4.3087616, 51.728294099144435 ], [ 4.3088977, 51.728259599144437 ], [ 4.3090218, 51.728231799144432 ], [ 4.3090667, 51.728219399144415 ], [ 4.309117, 51.728202699144433 ], [ 4.3091827, 51.728175699144437 ], [ 4.3092477, 51.728151199144449 ], [ 4.3093483, 51.72812759914445 ], [ 4.3095032, 51.728098099144454 ], [ 4.3095642, 51.72808479914444 ], [ 4.3096071, 51.728069399144452 ], [ 4.3098063, 51.727988399144451 ], [ 4.3098239, 51.727982499144453 ], [ 4.3099099, 51.72795599914447 ], [ 4.3099387, 51.727949999144478 ], [ 4.3099572, 51.727947099144451 ], [ 4.3099776, 51.727945199144479 ], [ 4.3101412, 51.727926299144471 ], [ 4.3101764, 51.727923599144468 ], [ 4.3101999, 51.727920299144472 ], [ 4.3102234, 51.727915499144466 ], [ 4.3102502, 51.727909699144476 ], [ 4.3102743, 51.727901199144462 ], [ 4.3102971, 51.727892299144479 ], [ 4.310331, 51.727873799144483 ], [ 4.310385, 51.727838899144473 ], [ 4.31045, 51.727802399144487 ], [ 4.3105084, 51.727775399144477 ], [ 4.3105788, 51.727748399144488 ], [ 4.3107042, 51.727699799144503 ], [ 4.3107141, 51.727712199144484 ], [ 4.3107323, 51.727707699144489 ], [ 4.3108356, 51.727685199144481 ], [ 4.3108993, 51.727674399144497 ], [ 4.3109167, 51.727672599144483 ], [ 4.3109334, 51.727671499144485 ], [ 4.3109335, 51.727668599144508 ], [ 4.3109348, 51.727646599144499 ], [ 4.3110569, 51.7276423991445 ], [ 4.3111347, 51.7276423991445 ], [ 4.3112114, 51.727645399144485 ], [ 4.3112698, 51.727649099144507 ], [ 4.3112996, 51.727645399144485 ], [ 4.311303, 51.727636599144496 ], [ 4.3113097, 51.727629999144497 ], [ 4.3113204, 51.72762379914451 ], [ 4.3113358, 51.727618399144511 ], [ 4.3132281, 51.727333899144519 ], [ 4.313263, 51.727328499144527 ], [ 4.3134725, 51.727299399144542 ], [ 4.3152944, 51.727023199144575 ], [ 4.3153196, 51.727020299144584 ], [ 4.3153397, 51.727018999144569 ], [ 4.3155342, 51.727002399144574 ], [ 4.3156193, 51.726990399144569 ], [ 4.3157159, 51.726975399144571 ], [ 4.3158054, 51.726965399144568 ], [ 4.3158222, 51.72696519914458 ], [ 4.3158369, 51.726966699144562 ], [ 4.3158486, 51.72696979914457 ], [ 4.3163323, 51.726890799144591 ], [ 4.3167891, 51.726817199144598 ], [ 4.3168223, 51.726790599144586 ], [ 4.3168612, 51.726772299144606 ], [ 4.3169162, 51.726753199144603 ], [ 4.3170449, 51.726721599144611 ], [ 4.317238, 51.726685099144596 ], [ 4.3173426, 51.726669299144611 ], [ 4.3174016, 51.726664299144609 ], [ 4.3174358, 51.726662699144612 ], [ 4.3174741, 51.726663499144614 ], [ 4.3175022, 51.726665599144603 ], [ 4.3176021, 51.726684699144606 ], [ 4.3178228, 51.726728299144597 ], [ 4.3180802, 51.726779799144602 ], [ 4.3181741, 51.726794699144598 ], [ 4.3182304, 51.726803899144599 ], [ 4.3182868, 51.726807199144588 ], [ 4.3183686, 51.726803899144599 ], [ 4.3186825, 51.726786699144597 ], [ 4.3190512, 51.72677149914459 ], [ 4.3191095, 51.726768599144584 ], [ 4.3191558, 51.726761899144599 ], [ 4.3192162, 51.726748599144599 ], [ 4.3192698, 51.726731599144614 ], [ 4.3193342, 51.72671419914461 ], [ 4.3193965, 51.726690499144603 ], [ 4.3194334, 51.726678899144609 ], [ 4.3194663, 51.726672599144614 ], [ 4.3194944, 51.726666799144589 ], [ 4.3195239, 51.726663499144614 ], [ 4.3196037, 51.726660599144616 ], [ 4.3210937, 51.726628599144611 ], [ 4.3217602, 51.726613599144635 ], [ 4.3218675, 51.726610299144603 ], [ 4.3220191, 51.726599499144612 ], [ 4.3222269, 51.726582099144629 ], [ 4.3225213, 51.726552999144623 ], [ 4.3227325, 51.726535599144633 ], [ 4.3239202, 51.726437199144641 ], [ 4.3244176, 51.726405499144626 ], [ 4.3249883, 51.726382299144632 ], [ 4.3250476, 51.72637999914464 ], [ 4.3251216, 51.726377199144636 ], [ 4.3251418, 51.726376499144656 ], [ 4.3253309, 51.726377299144644 ], [ 4.3255871, 51.72638479914464 ], [ 4.3259284, 51.726400599144633 ], [ 4.3260565, 51.726407199144624 ], [ 4.3261175, 51.726407599144643 ], [ 4.3261718, 51.72640259914462 ], [ 4.3263294, 51.726385199144644 ], [ 4.3274988, 51.726257899144649 ], [ 4.3275572, 51.726252699144666 ], [ 4.3276356, 51.726247699144658 ], [ 4.3277442, 51.726241899144654 ], [ 4.3278609, 51.726237299144657 ], [ 4.3281003, 51.72622649914463 ], [ 4.3283316, 51.726216599144657 ], [ 4.3285938, 51.726201199144647 ], [ 4.3288748, 51.726175899144657 ], [ 4.3291457, 51.72615759914467 ], [ 4.3293308, 51.726148399144655 ], [ 4.3295279, 51.726137599144685 ], [ 4.3299323, 51.726117699144666 ], [ 4.3302146, 51.726104799144657 ], [ 4.3303346, 51.726101899144666 ], [ 4.3303835, 51.726101499144676 ], [ 4.3304419, 51.726103599144665 ], [ 4.3305183, 51.726108599144673 ], [ 4.3306967, 51.726130999144665 ], [ 4.3308938, 51.726150899144663 ], [ 4.3310601, 51.726168399144669 ], [ 4.3312465, 51.726185799144659 ], [ 4.3313974, 51.726195799144669 ], [ 4.3315731, 51.726210699144659 ], [ 4.3318728, 51.726234799144649 ], [ 4.3318797, 51.72623599914467 ], [ 4.3322198, 51.726263899144655 ], [ 4.3322272, 51.72626369914466 ], [ 4.3322329, 51.726264299144638 ], [ 4.3333098, 51.726361099144633 ], [ 4.3339697, 51.726428399144638 ], [ 4.3343613, 51.72646449914464 ], [ 4.3343874, 51.726466999144648 ], [ 4.3344404, 51.726465799144634 ], [ 4.3344947, 51.72646289914465 ], [ 4.3345349, 51.72646449914464 ], [ 4.3346027, 51.726469099144637 ], [ 4.3347871, 51.726483599144629 ], [ 4.3350217, 51.726506099144629 ], [ 4.3353642, 51.726535199144621 ], [ 4.3353912, 51.726536899144634 ], [ 4.3357922, 51.726568399144625 ], [ 4.3359317, 51.726584199144604 ], [ 4.3359806, 51.726589299144621 ], [ 4.3359951, 51.726589999144622 ], [ 4.3360038, 51.726589499144609 ], [ 4.3360145, 51.726587099144595 ], [ 4.3360205, 51.726582899144603 ], [ 4.3360286, 51.726570399144613 ], [ 4.3360638, 51.726499399144629 ], [ 4.3361067, 51.72641799914463 ], [ 4.3361449, 51.72635159914465 ], [ 4.3361744, 51.72630089914464 ], [ 4.3361868, 51.726288199144641 ], [ 4.3361992, 51.726280699144631 ], [ 4.3362163, 51.726273099144663 ], [ 4.3362381, 51.726269699144652 ], [ 4.3362666, 51.726268899144657 ], [ 4.3362867, 51.726271199144655 ], [ 4.3363095, 51.726275499144656 ], [ 4.336335, 51.72628569914464 ], [ 4.3363796, 51.726301699144656 ], [ 4.3364473, 51.726321599144633 ], [ 4.3365157, 51.726344899144642 ], [ 4.336674, 51.726405099144635 ], [ 4.3368242, 51.726466999144648 ], [ 4.3370582, 51.726564599144623 ], [ 4.3373425, 51.72668379914461 ], [ 4.3377556, 51.726858699144579 ], [ 4.3383591, 51.727130299144562 ], [ 4.338454, 51.727172699144546 ], [ 4.3384644, 51.72717789914455 ], [ 4.3387563, 51.727301999144544 ], [ 4.339322, 51.727536499144506 ], [ 4.3395594, 51.727647799144485 ], [ 4.339723, 51.727718899144492 ], [ 4.3398343, 51.727764599144493 ], [ 4.3399456, 51.727818099144478 ], [ 4.3400241, 51.727852599144455 ], [ 4.3400717, 51.727869199144472 ], [ 4.3401394, 51.727887099144475 ], [ 4.340183, 51.727896599144458 ], [ 4.3402112, 51.727904499144465 ], [ 4.3402306, 51.727914499144475 ], [ 4.3402547, 51.727930299144454 ], [ 4.3403366, 51.727998799144444 ], [ 4.3404204, 51.728073599144452 ], [ 4.3404633, 51.72811179914445 ], [ 4.34048, 51.728124699144459 ], [ 4.3405089, 51.728140899144442 ], [ 4.3405672, 51.728167899144445 ], [ 4.3407442, 51.728250499144444 ], [ 4.3407798, 51.728264199144441 ], [ 4.3408053, 51.728272099144412 ], [ 4.3408455, 51.728285399144426 ], [ 4.3408797, 51.728302399144425 ], [ 4.3409535, 51.728334799144427 ], [ 4.3411117, 51.728400899144411 ], [ 4.3412049, 51.728435299144429 ], [ 4.3413893, 51.728510499144384 ], [ 4.3415114, 51.728560299144384 ], [ 4.3416032, 51.7285914991444 ], [ 4.3416991, 51.728618899144394 ], [ 4.3418654, 51.728660899144394 ], [ 4.341976, 51.728685799144365 ], [ 4.3420739, 51.728713599144371 ], [ 4.342196, 51.728751399144372 ], [ 4.342257, 51.728769299144375 ], [ 4.3423053, 51.728783399144383 ], [ 4.3423938, 51.728805799144368 ], [ 4.3426553, 51.728878899144362 ], [ 4.3429095, 51.728941999144375 ], [ 4.3432125, 51.72902049914434 ], [ 4.343629, 51.729131399144336 ], [ 4.3438395, 51.729186199144323 ], [ 4.3439542, 51.729219499144321 ], [ 4.3440253, 51.729236499144321 ], [ 4.3441158, 51.729255599144324 ], [ 4.3442566, 51.72928509914432 ], [ 4.3443659, 51.729303799144304 ], [ 4.3445912, 51.72933829914431 ], [ 4.3448433, 51.729374799144296 ], [ 4.3450465, 51.729401799144284 ], [ 4.3452436, 51.729429599144304 ], [ 4.3454106, 51.729452499144301 ], [ 4.3454723, 51.729462399144303 ], [ 4.3455045, 51.72946869914427 ], [ 4.3455568, 51.72948319914429 ], [ 4.3456319, 51.729505999144294 ], [ 4.3457184, 51.729538899144302 ], [ 4.345819, 51.729570799144277 ], [ 4.3460047, 51.729628599144291 ], [ 4.3462548, 51.729703299144269 ], [ 4.3465928, 51.729810899144255 ], [ 4.347268, 51.730026899144242 ], [ 4.3476596, 51.730150599144224 ], [ 4.3479064, 51.730230399144219 ], [ 4.3480378, 51.730267699144193 ], [ 4.3481411, 51.730294299144198 ], [ 4.3483745, 51.730347499144187 ], [ 4.3485314, 51.730389399144201 ], [ 4.3487734, 51.730445499144182 ], [ 4.349168, 51.730573899144161 ], [ 4.3492998, 51.730608699144163 ], [ 4.3494708, 51.730656499144153 ], [ 4.3495701, 51.730687999144159 ], [ 4.3497001, 51.730727099144154 ], [ 4.3498483, 51.730767799144161 ], [ 4.3500689, 51.730825499144139 ], [ 4.3501326, 51.730842499144146 ], [ 4.3501702, 51.730850399144146 ], [ 4.3501997, 51.730853699144127 ], [ 4.3502346, 51.730854199144133 ], [ 4.3502936, 51.730851699144146 ], [ 4.3503761, 51.730847899144145 ], [ 4.3504632, 51.730846699144145 ], [ 4.3505162, 51.730846299144126 ], [ 4.350532, 51.730847499144147 ], [ 4.3505467, 51.730849599144129 ], [ 4.3505595, 51.730852299144132 ], [ 4.3505682, 51.730855799144152 ], [ 4.3505762, 51.730861599144127 ], [ 4.3505816, 51.730869699144129 ], [ 4.3505869, 51.730881999144117 ], [ 4.350592, 51.730898799144128 ], [ 4.350593, 51.730913599144138 ], [ 4.3505953, 51.730943899144123 ], [ 4.3506195, 51.730942999144119 ], [ 4.3506171, 51.730879499144145 ], [ 4.3506188, 51.730870999144145 ], [ 4.3506221, 51.730862499144138 ], [ 4.3506305, 51.730846299144126 ], [ 4.3506557, 51.73081699914416 ], [ 4.3506798, 51.730796399144133 ], [ 4.3506882, 51.73078559914412 ], [ 4.3506959, 51.730773599144143 ], [ 4.3506999, 51.730763599144147 ], [ 4.3507013, 51.730754499144147 ], [ 4.3507019, 51.730738099144148 ], [ 4.3507026, 51.730686799144159 ], [ 4.3507013, 51.730643999144149 ], [ 4.3507043, 51.730635499144157 ], [ 4.3507073, 51.730626199144154 ], [ 4.3507127, 51.730618499144178 ], [ 4.3507214, 51.730610599144157 ], [ 4.3507325, 51.730602499144183 ], [ 4.3507432, 51.730597299144172 ], [ 4.3507606, 51.730592299144163 ], [ 4.3507804, 51.730588999144167 ], [ 4.3507962, 51.730587299144162 ], [ 4.3508099, 51.730587099144159 ], [ 4.3508304, 51.730589399144179 ], [ 4.3508592, 51.730593999144176 ], [ 4.3508931, 51.730600599144154 ], [ 4.3509819, 51.730620299144164 ], [ 4.3510463, 51.730634299144157 ], [ 4.3512384, 51.730685499144158 ], [ 4.3515743, 51.730778599144166 ], [ 4.3517708, 51.730843399144128 ], [ 4.3519304, 51.730902799144133 ], [ 4.3520786, 51.730962599144114 ], [ 4.3522449, 51.731027299144124 ], [ 4.3523046, 51.731050599144112 ], [ 4.3523676, 51.731066799144116 ], [ 4.3524387, 51.731081799144114 ], [ 4.3525218, 51.731094999144105 ], [ 4.3526284, 51.731108299144104 ], [ 4.3527324, 51.731120399144103 ], [ 4.3529852, 51.731146999144109 ], [ 4.3531803, 51.731166899144085 ], [ 4.3533231, 51.731178499144093 ], [ 4.3534425, 51.731183499144088 ], [ 4.3536329, 51.731188499144096 ], [ 4.3540058, 51.731194699144091 ], [ 4.354399, 51.731203199144105 ], [ 4.3544792, 51.731206799144104 ], [ 4.3545422, 51.731210099144086 ], [ 4.3545985, 51.73121629914408 ], [ 4.3546562, 51.7312270991441 ], [ 4.3546974, 51.731238099144086 ], [ 4.3547283, 51.731248099144096 ], [ 4.3547595, 51.731260499144064 ], [ 4.3547826, 51.731273999144094 ], [ 4.3548017, 51.731288999144091 ], [ 4.3548312, 51.7313128991441 ], [ 4.3548647, 51.731347299144062 ], [ 4.3549016, 51.731387199144059 ], [ 4.3549278, 51.731415199144074 ], [ 4.3549372, 51.73142419914408 ], [ 4.3549472, 51.731430399144081 ], [ 4.3549586, 51.731435199144073 ], [ 4.3549737, 51.731438899144081 ], [ 4.3549968, 51.731442199144048 ], [ 4.3551651, 51.731460899144075 ], [ 4.3555212, 51.731504099144068 ], [ 4.3557619, 51.731531499144062 ], [ 4.3563272, 51.731592599144044 ], [ 4.3564171, 51.731602999144052 ], [ 4.3565331, 51.731619999144066 ], [ 4.3566578, 51.731639899144035 ], [ 4.3568395, 51.731668199144053 ], [ 4.3569119, 51.731680599144042 ], [ 4.3569602, 51.731691799144045 ], [ 4.3570018, 51.731702999144026 ], [ 4.35704, 51.731718399144036 ], [ 4.3570662, 51.731730499144049 ], [ 4.3570916, 51.73174419914406 ], [ 4.3571077, 51.731755999144049 ], [ 4.3571211, 51.731770299144031 ], [ 4.3571352, 51.731789199144039 ], [ 4.3571915, 51.731900699144013 ], [ 4.3572177, 51.731971299144 ], [ 4.3573263, 51.732274499143969 ], [ 4.3575329, 51.732875899143913 ], [ 4.3576924, 51.733360499143863 ], [ 4.3577052, 51.733399299143841 ], [ 4.3577112, 51.733408699143844 ], [ 4.3577203, 51.733416599143851 ], [ 4.357738, 51.733426899143836 ], [ 4.3577655, 51.733438399143857 ], [ 4.3577934, 51.733448299143852 ], [ 4.3578083, 51.733452699143839 ], [ 4.3578135, 51.733454499143846 ], [ 4.3578168, 51.733456399143854 ], [ 4.3578192, 51.733459099143843 ], [ 4.35782, 51.733462399143846 ], [ 4.3578185, 51.733465399143846 ], [ 4.3578142, 51.733467599143829 ], [ 4.357809, 51.733468399143845 ], [ 4.3578018, 51.733468499143846 ], [ 4.3577937, 51.73346829914383 ], [ 4.3577836, 51.733466799143834 ], [ 4.3577689, 51.733462699143836 ], [ 4.3577582, 51.733458899143848 ], [ 4.3577458, 51.733453299143846 ], [ 4.3577323, 51.733443999143859 ], [ 4.3577223, 51.733437099143856 ], [ 4.3577122, 51.733432299143836 ], [ 4.3577015, 51.733429599143847 ], [ 4.3577256, 51.733584999143837 ], [ 4.3577263, 51.733589499143832 ], [ 4.357724, 51.733593899143834 ], [ 4.3577065, 51.733622099143815 ], [ 4.3576894, 51.733656599143828 ], [ 4.3576663, 51.73371099914381 ], [ 4.3576378, 51.733777899143796 ], [ 4.3575637, 51.733953299143806 ], [ 4.3575191, 51.734058799143767 ], [ 4.3574621, 51.734180299143773 ], [ 4.3574386, 51.734226799143769 ], [ 4.3574199, 51.73425999914376 ], [ 4.3573917, 51.734312099143743 ], [ 4.3573364, 51.734410699143723 ], [ 4.3571728, 51.73466069914371 ], [ 4.357097, 51.734756299143712 ], [ 4.3570554, 51.734803999143708 ], [ 4.3570058, 51.734855499143698 ], [ 4.3569669, 51.734896999143672 ], [ 4.356926, 51.734933999143664 ], [ 4.3568382, 51.735002099143671 ], [ 4.3566974, 51.73510339914364 ], [ 4.3565404, 51.735208899143643 ], [ 4.3563922, 51.735310599143645 ], [ 4.3562125, 51.735425699143626 ], [ 4.3561857, 51.735446199143631 ], [ 4.356172, 51.735457399143634 ], [ 4.3561616, 51.735469099143629 ], [ 4.3561542, 51.735484799143613 ], [ 4.3561441, 51.735508099143615 ], [ 4.3561354, 51.735520799143622 ], [ 4.3561244, 51.735529299143629 ], [ 4.3561063, 51.735538199143612 ], [ 4.3560892, 51.735543399143609 ], [ 4.3560781, 51.735546099143619 ], [ 4.3560674, 51.735546699143612 ], [ 4.3560583, 51.735545699143628 ], [ 4.3560466, 51.735545699143628 ], [ 4.3560362, 51.735546299143614 ], [ 4.3560131, 51.735548599143598 ], [ 4.3559799, 51.735553799143595 ], [ 4.3559343, 51.73556499914362 ], [ 4.355833, 51.735590699143614 ], [ 4.3556825, 51.73563119914359 ], [ 4.3554984, 51.735684999143594 ], [ 4.3554894, 51.735687999143593 ], [ 4.3554858, 51.735690399143607 ], [ 4.3554847, 51.73569309914361 ], [ 4.3554845, 51.735696999143592 ], [ 4.3554853, 51.735701599143589 ], [ 4.355488, 51.735706099143592 ], [ 4.3554897, 51.735710199143597 ], [ 4.3554895, 51.735712499143588 ], [ 4.355488, 51.735714199143601 ], [ 4.3554837, 51.735715299143585 ], [ 4.35548, 51.735715299143585 ], [ 4.3554753, 51.735712699143598 ], [ 4.3554726, 51.735710299143591 ], [ 4.3554702, 51.735707699143596 ], [ 4.3554681, 51.735705899143589 ], [ 4.355466, 51.73570509914358 ], [ 4.355463, 51.735704599143595 ], [ 4.3554587, 51.735704499143594 ], [ 4.3554548, 51.735705299143589 ], [ 4.3554476, 51.735707299143606 ], [ 4.3554424, 51.735709299143593 ], [ 4.3553626, 51.735742099143579 ], [ 4.3552929, 51.735773499143605 ], [ 4.3551856, 51.7358259991436 ], [ 4.3551356, 51.735853399143593 ], [ 4.3550843, 51.735886399143567 ], [ 4.3550391, 51.735917799143557 ], [ 4.3549948, 51.735949299143584 ], [ 4.3549023, 51.736018699143571 ], [ 4.3548282, 51.736070799143562 ], [ 4.354795, 51.736097999143553 ], [ 4.3547876, 51.736103699143548 ], [ 4.3547851, 51.736106099143555 ], [ 4.3547838, 51.736108399143539 ], [ 4.3547838, 51.736110899143554 ], [ 4.3547841, 51.736116799143552 ], [ 4.3547851, 51.736122699143543 ], [ 4.3547849, 51.736125399143546 ], [ 4.3547844, 51.736126799143555 ], [ 4.3547823, 51.736127799143546 ], [ 4.3547797, 51.736128099143542 ], [ 4.3547779, 51.736127899143554 ], [ 4.354775, 51.736126799143555 ], [ 4.3547722, 51.736124499143557 ], [ 4.354766, 51.736119299143553 ], [ 4.3547623, 51.736118099143553 ], [ 4.3547573, 51.73611779914355 ], [ 4.3547514, 51.736118299143541 ], [ 4.354743, 51.736119999143533 ], [ 4.3547226, 51.736124399143556 ], [ 4.354687, 51.736134499143553 ], [ 4.3545935, 51.736166699143553 ], [ 4.3543668, 51.736244199143535 ], [ 4.3542361, 51.736290499143529 ], [ 4.3537664, 51.73645389914352 ], [ 4.3533976, 51.7365798991435 ], [ 4.3533583, 51.73659359914349 ], [ 4.3533516, 51.736595899143488 ], [ 4.3533443, 51.736599199143505 ], [ 4.3533272, 51.736609099143486 ], [ 4.3533189, 51.736614499143485 ], [ 4.3533129, 51.736619899143506 ], [ 4.3533074, 51.73662619914348 ], [ 4.3532977, 51.736639899143491 ], [ 4.3532655, 51.736721699143487 ], [ 4.353236, 51.736797299143468 ], [ 4.3532286, 51.736810799143484 ], [ 4.3532205, 51.736822599143458 ], [ 4.3532128, 51.736830699143461 ], [ 4.3532044, 51.736837399143475 ], [ 4.3531927, 51.736842299143461 ], [ 4.3531813, 51.736845699143473 ], [ 4.3531666, 51.736848799143466 ], [ 4.3531485, 51.736851099143472 ], [ 4.3531344, 51.736851499143462 ], [ 4.3531223, 51.736850599143473 ], [ 4.3531015, 51.736848199143466 ], [ 4.353067, 51.736842099143473 ], [ 4.3529372, 51.736817599143464 ], [ 4.3528621, 51.736803499143463 ], [ 4.352833, 51.736799399143472 ], [ 4.3528045, 51.736795999143489 ], [ 4.352783, 51.736794399143484 ], [ 4.3527646, 51.736793999143487 ], [ 4.3527424, 51.736794399143484 ], [ 4.3527206, 51.736795199143486 ], [ 4.3526948, 51.736798299143473 ], [ 4.3526351, 51.736806399143475 ], [ 4.3524497, 51.736832999143466 ], [ 4.3524202, 51.736838199143463 ], [ 4.3524108, 51.736838399143473 ], [ 4.3524015, 51.736837599143456 ], [ 4.3523937, 51.73683509914347 ], [ 4.3523884, 51.73683149914347 ], [ 4.352384, 51.736827399143458 ], [ 4.352381, 51.736821999143459 ], [ 4.352376, 51.736816799143462 ], [ 4.3523683, 51.736812599143477 ], [ 4.3523599, 51.73681139914347 ], [ 4.3523411, 51.736811799143446 ], [ 4.3523036, 51.736814499143463 ], [ 4.3522687, 51.736816599143467 ], [ 4.3522499, 51.736818499143475 ], [ 4.3522147, 51.736823399143468 ], [ 4.3521889, 51.736828399143469 ], [ 4.3521637, 51.73683149914347 ], [ 4.3521383, 51.736832399143452 ], [ 4.3520974, 51.736835499143474 ], [ 4.3520561, 51.736837399143475 ], [ 4.3520115, 51.736839199143454 ], [ 4.351976, 51.736839599143465 ], [ 4.3519478, 51.736842099143473 ], [ 4.351915, 51.736846499143482 ], [ 4.3518761, 51.736851499143462 ], [ 4.3518214, 51.736859599143465 ], [ 4.3517208, 51.736875799143455 ], [ 4.3516632, 51.736883399143458 ], [ 4.3516092, 51.736887599143458 ], [ 4.3515633, 51.736890699143459 ], [ 4.3514932, 51.73689509914346 ], [ 4.3514312, 51.736901099143452 ], [ 4.3513473, 51.736909799143447 ], [ 4.3513058, 51.736914199143463 ], [ 4.3512682, 51.736920199143469 ], [ 4.3512025, 51.736931599143453 ], [ 4.351174, 51.736938299143461 ], [ 4.3511596, 51.736944699143464 ], [ 4.3511505, 51.736950499143454 ], [ 4.3511425, 51.736956099143441 ], [ 4.3511324, 51.736962099143447 ], [ 4.3511217, 51.736966299143461 ], [ 4.3511076, 51.736969799143445 ], [ 4.3510929, 51.73697169914346 ], [ 4.3510731, 51.736973099143462 ], [ 4.3508468, 51.736988499143443 ], [ 4.3508371, 51.736989799143466 ], [ 4.3508277, 51.736990199143456 ], [ 4.3508156, 51.736989999143468 ], [ 4.3508035, 51.736989799143466 ], [ 4.3507928, 51.736989499143448 ], [ 4.3507784, 51.736990399143473 ], [ 4.3507234, 51.736996799143448 ], [ 4.3506289, 51.737007999143444 ], [ 4.3505849, 51.737016099143453 ], [ 4.3505346, 51.737025299143433 ], [ 4.3505149, 51.737029699143456 ], [ 4.3505055, 51.737032099143434 ], [ 4.3504874, 51.737038399143444 ], [ 4.3504689, 51.737046199143442 ], [ 4.3504106, 51.737067799143432 ], [ 4.3503583, 51.737087299143447 ], [ 4.3502768, 51.737114699143433 ], [ 4.3502383, 51.737126599143444 ], [ 4.3502061, 51.737131599143424 ], [ 4.3501709, 51.737135699143437 ], [ 4.3501286, 51.737143999143434 ], [ 4.350014, 51.73717059914344 ], [ 4.3498017, 51.737213999143414 ], [ 4.349683, 51.737240999143417 ], [ 4.3496696, 51.737244399143414 ], [ 4.3496567, 51.737245599143442 ], [ 4.3496348, 51.737247999143428 ], [ 4.3496187, 51.737248999143404 ], [ 4.3496046, 51.737249299143421 ], [ 4.3495912, 51.737250499143435 ], [ 4.3495858, 51.737251399143418 ], [ 4.3495784, 51.737253799143403 ], [ 4.3495697, 51.737257399143417 ], [ 4.349562, 51.737259699143422 ], [ 4.3495513, 51.737261699143417 ], [ 4.3495258, 51.737264199143411 ], [ 4.3494859, 51.73726899914341 ], [ 4.3494618, 51.737272499143408 ], [ 4.3494413, 51.737277699143412 ], [ 4.3494198, 51.737285199143415 ], [ 4.3493957, 51.737294299143429 ], [ 4.3493659, 51.73730239914341 ], [ 4.3493491, 51.73730509914342 ], [ 4.3493347, 51.737305799143414 ], [ 4.3493152, 51.737306399143399 ], [ 4.3492914, 51.737307999143397 ], [ 4.3492727, 51.737310999143396 ], [ 4.3491278, 51.737355199143401 ], [ 4.3490896, 51.737371199143396 ], [ 4.3490604, 51.737383399143397 ], [ 4.3490366, 51.737391899143404 ], [ 4.3489981, 51.737399999143406 ], [ 4.3489505, 51.737408699143415 ], [ 4.348923, 51.737413699143396 ], [ 4.3489032, 51.737419099143395 ], [ 4.3488737, 51.737424899143399 ], [ 4.3488526, 51.737429099143405 ], [ 4.3488301, 51.737430799143389 ], [ 4.3488103, 51.737430999143392 ], [ 4.3487899, 51.7374304991434 ], [ 4.348757, 51.737429499143396 ], [ 4.3487359, 51.737430299143412 ], [ 4.3487044, 51.737432599143403 ], [ 4.3486638, 51.73743569914339 ], [ 4.348638, 51.737438499143408 ], [ 4.3485961, 51.737443999143402 ], [ 4.3485589, 51.737450099143395 ], [ 4.3485052, 51.737460699143405 ], [ 4.348292, 51.737502999143373 ], [ 4.3481808, 51.737523099143395 ], [ 4.3481639, 51.737525799143391 ], [ 4.3481471, 51.737527299143402 ], [ 4.3481264, 51.737528299143392 ], [ 4.3481076, 51.737530399143388 ], [ 4.3480794, 51.73753459914338 ], [ 4.3480539, 51.737539999143387 ], [ 4.3480335, 51.737544299143387 ], [ 4.3479976, 51.737551199143375 ], [ 4.3479128, 51.737563599143378 ], [ 4.3477304, 51.73760269914338 ], [ 4.3476516, 51.737614699143386 ], [ 4.34761, 51.737619499143385 ], [ 4.3475564, 51.737623799143378 ], [ 4.3475208, 51.737628399143375 ], [ 4.347487, 51.73763549914338 ], [ 4.3474535, 51.737643199143399 ], [ 4.3474216, 51.737649199143384 ], [ 4.3473914, 51.737656599143385 ], [ 4.3473606, 51.737663699143368 ], [ 4.3473271, 51.737673499143376 ], [ 4.3472955, 51.73768409914338 ], [ 4.3472476, 51.737702299143372 ], [ 4.3472047, 51.737721399143368 ], [ 4.3471567, 51.737742799143369 ], [ 4.3471333, 51.737751699143359 ], [ 4.3471121, 51.737759399143364 ], [ 4.3470716, 51.737771299143361 ], [ 4.3470109, 51.737787199143384 ], [ 4.3469492, 51.737801799143362 ], [ 4.3469197, 51.737808599143357 ], [ 4.3468912, 51.73781379914336 ], [ 4.3468627, 51.737814899143359 ], [ 4.3468376, 51.737815499143366 ], [ 4.3468107, 51.737815699143354 ], [ 4.3467889, 51.737815299143342 ], [ 4.3467738, 51.737813399143363 ], [ 4.3467611, 51.737810299143362 ], [ 4.3467544, 51.737807999143364 ], [ 4.3467464, 51.737804299143356 ], [ 4.3467437, 51.737802399143362 ], [ 4.3467356, 51.737800899143366 ], [ 4.3467276, 51.737800299143359 ], [ 4.3467199, 51.73780159914336 ], [ 4.3467148, 51.73780339914336 ], [ 4.3467112, 51.737806599143376 ], [ 4.3467081, 51.73781129914336 ], [ 4.3467061, 51.73781799914336 ], [ 4.3467021, 51.737825699143357 ], [ 4.3466954, 51.737831499143361 ], [ 4.3466873, 51.737835999143371 ], [ 4.3466632, 51.737845999143346 ], [ 4.3466347, 51.737854899143358 ], [ 4.3465972, 51.737863199143362 ], [ 4.3465418, 51.737872799143339 ], [ 4.3464687, 51.737883799143354 ], [ 4.3464258, 51.737889199143353 ], [ 4.3463437, 51.737897499143372 ], [ 4.3462726, 51.73790229914335 ], [ 4.3462012, 51.737905799143334 ], [ 4.3461382, 51.737909099143351 ], [ 4.3460946, 51.737912399143347 ], [ 4.3460473, 51.737916799143335 ], [ 4.3460077, 51.737922399143336 ], [ 4.3459108, 51.737937599143351 ], [ 4.3458545, 51.737945499143343 ], [ 4.3457948, 51.737958299143337 ], [ 4.3457445, 51.737973299143334 ], [ 4.3456902, 51.737984899143328 ], [ 4.3456071, 51.738000699143342 ], [ 4.3454676, 51.73802889914333 ], [ 4.3452846, 51.738062999143324 ], [ 4.3452302, 51.738075799143331 ], [ 4.3451739, 51.738092399143326 ], [ 4.3451444, 51.738103699143323 ], [ 4.3450542, 51.73813709914333 ], [ 4.3450271, 51.738151799143317 ], [ 4.3449999, 51.738164899143328 ], [ 4.3449684, 51.738177199143323 ], [ 4.3448903, 51.738206199143313 ], [ 4.3448279, 51.738226199143305 ], [ 4.3447099, 51.73825359914332 ], [ 4.3445825, 51.738278499143313 ], [ 4.3444195, 51.738320799143303 ], [ 4.3442794, 51.738350699143311 ], [ 4.3442208, 51.738359999143292 ], [ 4.3441667, 51.738363999143282 ], [ 4.344093, 51.738370699143289 ], [ 4.3440239, 51.738376099143295 ], [ 4.3439676, 51.738383499143268 ], [ 4.3439294, 51.738394299143309 ], [ 4.3438824, 51.738409699143311 ], [ 4.3438409, 51.738417999143287 ], [ 4.3437765, 51.73842709914328 ], [ 4.3437202, 51.738432499143293 ], [ 4.3436538, 51.73843589914329 ], [ 4.3434476, 51.738440599143274 ], [ 4.3434104, 51.73844289914328 ], [ 4.3433815, 51.73844619914329 ], [ 4.3433631, 51.738450199143294 ], [ 4.3433373, 51.738459099143277 ], [ 4.3433037, 51.738474699143289 ], [ 4.3432581, 51.738495199143294 ], [ 4.3432199, 51.7385084991433 ], [ 4.343179, 51.738520599143264 ], [ 4.3431167, 51.738529299143288 ], [ 4.3430462, 51.738536299143263 ], [ 4.3429255, 51.73855049914328 ], [ 4.3427944, 51.73857059914328 ], [ 4.3427269, 51.738585199143259 ], [ 4.3426493, 51.73860199914327 ], [ 4.3425628, 51.738627299143268 ], [ 4.3424246, 51.73867589914326 ], [ 4.3422832, 51.738719899143263 ], [ 4.3421195, 51.738764299143234 ], [ 4.3417963, 51.73885819914323 ], [ 4.3416602, 51.738895099143242 ], [ 4.3413645, 51.738971499143233 ], [ 4.3409032, 51.739101499143203 ], [ 4.3405873, 51.739186199143219 ], [ 4.3404834, 51.739207399143204 ], [ 4.340413, 51.739218599143207 ], [ 4.3403111, 51.739235999143212 ], [ 4.3402681, 51.739242199143199 ], [ 4.340242, 51.739250599143197 ], [ 4.3402091, 51.739262199143191 ], [ 4.3401904, 51.73926759914319 ], [ 4.3401474, 51.739273799143191 ], [ 4.3400717, 51.739287899143193 ], [ 4.3400207, 51.739299999143192 ], [ 4.3399476, 51.739321099143183 ], [ 4.3399114, 51.739332799143185 ], [ 4.3398323, 51.739343999143202 ], [ 4.3396539, 51.739377199143171 ], [ 4.3396097, 51.739381299143183 ], [ 4.3395889, 51.739381299143183 ], [ 4.339558, 51.739378899143183 ], [ 4.3395366, 51.739379299143188 ], [ 4.339501, 51.739382199143172 ], [ 4.3394668, 51.739388399143181 ], [ 4.3393689, 51.739404199143181 ], [ 4.3391906, 51.739435699143172 ], [ 4.3390551, 51.739463999143169 ], [ 4.338974, 51.739484299143172 ], [ 4.3389163, 51.739504299143171 ], [ 4.3388478, 51.739527499143158 ], [ 4.3386924, 51.739576499143148 ], [ 4.3386233, 51.739598499143156 ], [ 4.3385549, 51.739613899143158 ], [ 4.3385006, 51.73962509914314 ], [ 4.3383933, 51.739637099143145 ], [ 4.3382625, 51.739653299143157 ], [ 4.3381298, 51.739674099143159 ], [ 4.3380305, 51.739684099143133 ], [ 4.3380017, 51.739686499143154 ], [ 4.3379749, 51.739689499143154 ], [ 4.337889, 51.739703599143155 ], [ 4.3378066, 51.739718099143133 ], [ 4.3377697, 51.739727199143132 ], [ 4.3377311, 51.739737599143126 ], [ 4.3377214, 51.739738399143128 ], [ 4.3377013, 51.739741599143159 ], [ 4.3376815, 51.739747199143125 ], [ 4.3376436, 51.73976289914313 ], [ 4.3376114, 51.739776199143144 ], [ 4.3375947, 51.739780799143141 ], [ 4.3370844, 51.739936299143118 ], [ 4.3370421, 51.739949799143126 ], [ 4.3369509, 51.739974899143114 ], [ 4.3369268, 51.739979099143099 ], [ 4.3369151, 51.739979299143123 ], [ 4.3369006, 51.739977599143117 ], [ 4.3368882, 51.739971799143113 ], [ 4.3368741, 51.739963499143116 ], [ 4.3368654, 51.739954599143111 ], [ 4.3368547, 51.739950199143138 ], [ 4.3368453, 51.739948999143131 ], [ 4.3368292, 51.739949199143119 ], [ 4.3367742, 51.739965999143116 ], [ 4.3367307, 51.739981799143116 ], [ 4.3366921, 51.739996099143113 ], [ 4.3366545, 51.74000859914311 ], [ 4.3365476, 51.740035299143123 ], [ 4.3364829, 51.740050899143114 ], [ 4.3364185, 51.740060199143109 ], [ 4.3363632, 51.740067099143118 ], [ 4.336331, 51.740072099143106 ], [ 4.3363055, 51.740079299143098 ], [ 4.3362532, 51.740095099143105 ], [ 4.3362066, 51.740107199143104 ], [ 4.3360018, 51.740157999143101 ], [ 4.3358948, 51.740184399143104 ], [ 4.3358247, 51.740198899143095 ], [ 4.3357791, 51.740205999143086 ], [ 4.3357104, 51.740216399143115 ], [ 4.3356903, 51.740219299143085 ], [ 4.3356648, 51.740221099143085 ], [ 4.335641, 51.740219299143085 ], [ 4.3356185, 51.740218499143097 ], [ 4.3355944, 51.740219499143095 ], [ 4.3355699, 51.740221599143077 ], [ 4.3355193, 51.740227599143083 ], [ 4.335406, 51.740243799143087 ], [ 4.3353007, 51.740259299143062 ], [ 4.3352638, 51.740264999143101 ], [ 4.3351907, 51.740275499143088 ], [ 4.3350456, 51.740302299143096 ], [ 4.3349379, 51.740325599143077 ], [ 4.3348823, 51.740342599143077 ], [ 4.3347535, 51.740372499143071 ], [ 4.3346865, 51.740385399143079 ], [ 4.3346214, 51.740396599143054 ], [ 4.3345705, 51.740406999143055 ], [ 4.3345423, 51.740416499143066 ], [ 4.3344974, 51.740430599143075 ], [ 4.3344578, 51.740443899143081 ], [ 4.3342741, 51.740499099143079 ], [ 4.333922, 51.740596699143047 ], [ 4.3338783, 51.740613899143042 ], [ 4.3338582, 51.740625199143047 ], [ 4.3338422, 51.740632899143044 ], [ 4.3338206, 51.740641299143036 ], [ 4.3337938, 51.740650599143045 ], [ 4.3337329, 51.740666299143058 ], [ 4.3336696, 51.740679099143023 ], [ 4.3336159, 51.740686999143051 ], [ 4.3335439, 51.740697199143028 ], [ 4.3334812, 51.740712099143025 ], [ 4.3334195, 51.740726699143046 ], [ 4.3333165, 51.740751599143039 ], [ 4.3332173, 51.740769199143024 ], [ 4.3331583, 51.740783999143019 ], [ 4.333116, 51.740799999143015 ], [ 4.3330798, 51.740811799143025 ], [ 4.3330359, 51.740823199143023 ], [ 4.3328572, 51.740874499143032 ], [ 4.3326641, 51.740936799143 ], [ 4.332597, 51.740957099142996 ], [ 4.332528, 51.740973699142991 ], [ 4.3322997, 51.741028899142989 ], [ 4.3320697, 51.741084699142981 ], [ 4.3318356, 51.741148899142985 ], [ 4.3315513, 51.741222199142989 ], [ 4.3312844, 51.741288299142973 ], [ 4.3306587, 51.741461599142944 ], [ 4.3302307, 51.741576999142943 ], [ 4.3300395, 51.741632699142926 ], [ 4.3299095, 51.741668799142936 ], [ 4.3298133, 51.741696699142921 ], [ 4.3297318, 51.741727799142915 ], [ 4.3296491, 51.741756799142919 ], [ 4.329601, 51.741777599142914 ], [ 4.3295661, 51.741792999142909 ], [ 4.329492, 51.741824099142917 ], [ 4.3293223, 51.741848399142924 ], [ 4.329261, 51.74186729914291 ], [ 4.3292262, 51.741876799142901 ], [ 4.3291859, 51.741883499142915 ], [ 4.3290921, 51.74189839914289 ], [ 4.3290324, 51.741912299142911 ], [ 4.3289533, 51.741933299142879 ], [ 4.3289036, 51.741946399142904 ], [ 4.3288346, 51.741961099142884 ], [ 4.3287233, 51.741994999142896 ], [ 4.3286837, 51.742010499142893 ], [ 4.3286351, 51.742033999142883 ], [ 4.3285969, 51.742048499142882 ], [ 4.3285519, 51.742065299142887 ], [ 4.3285097, 51.742084599142892 ], [ 4.3284416, 51.742111199142876 ], [ 4.3284044, 51.742124899142887 ], [ 4.3283796, 51.74213259914287 ], [ 4.3283528, 51.742138599142869 ], [ 4.328341, 51.742141699142891 ], [ 4.3283189, 51.742151299142861 ], [ 4.3282183, 51.742197799142872 ], [ 4.3281814, 51.742211899142873 ], [ 4.3281486, 51.742222099142857 ], [ 4.3280111, 51.74226729914286 ], [ 4.3279045, 51.742310699142848 ], [ 4.3278012, 51.742353099142839 ], [ 4.3277312, 51.742381699142861 ], [ 4.3276594, 51.742410199142846 ], [ 4.3276121, 51.742432599142852 ], [ 4.3275682, 51.742453799142844 ], [ 4.327526, 51.742473699142849 ], [ 4.3274904, 51.74249239914284 ], [ 4.3274666, 51.742508099142853 ], [ 4.3274509, 51.742521399142845 ], [ 4.3274385, 51.742533299142828 ], [ 4.3274281, 51.74254239914282 ], [ 4.327412, 51.742550699142818 ], [ 4.3273738, 51.74256629914283 ], [ 4.327354, 51.742571099142829 ], [ 4.3273396, 51.742573499142821 ], [ 4.3273267, 51.742575199142813 ], [ 4.3273178, 51.742576399142834 ], [ 4.3273124, 51.742578699142825 ], [ 4.3273097, 51.742581799142819 ], [ 4.3273067, 51.742586299142815 ], [ 4.327304, 51.742592299142807 ], [ 4.3273005, 51.742596199142824 ], [ 4.327297, 51.742598899142827 ], [ 4.3272921, 51.742601399142821 ], [ 4.3272618, 51.74260949914283 ], [ 4.327241, 51.742614899142829 ], [ 4.3272162, 51.74262379914282 ], [ 4.3271887, 51.742634999142822 ], [ 4.3271505, 51.742655299142832 ], [ 4.3271404, 51.742661799142809 ], [ 4.327135, 51.742667799142808 ], [ 4.3271273, 51.742675699142822 ], [ 4.3271203, 51.742680899142805 ], [ 4.3270941, 51.742697299142812 ], [ 4.3270889, 51.742700899142825 ], [ 4.3270854, 51.74270249914283 ], [ 4.3270816, 51.742703399142819 ], [ 4.3270781, 51.742703699142808 ], [ 4.3270754, 51.742703499142799 ], [ 4.3270717, 51.742702299142813 ], [ 4.3270675, 51.74270109914282 ], [ 4.3270616, 51.742701199142815 ], [ 4.3270542, 51.742701799142793 ], [ 4.3270469, 51.742702999142807 ], [ 4.3270361, 51.742707399142809 ], [ 4.3269664, 51.742735299142815 ], [ 4.3269114, 51.742759999142805 ], [ 4.3268564, 51.742781599142781 ], [ 4.3268192, 51.742795499142794 ], [ 4.3267515, 51.742816899142802 ], [ 4.3263019, 51.742954399142775 ], [ 4.3262875, 51.742958299142778 ], [ 4.3262704, 51.742962099142773 ], [ 4.3262548, 51.742965999142783 ], [ 4.3262412, 51.742970099142795 ], [ 4.3261912, 51.742984999142777 ], [ 4.3260454, 51.743028599142782 ], [ 4.3254127, 51.743227699142757 ], [ 4.3253353, 51.743252199142766 ], [ 4.3253207, 51.743259599142753 ], [ 4.3253078, 51.74326759914274 ], [ 4.325292, 51.743279599142745 ], [ 4.3252816, 51.743294299142761 ], [ 4.3252743, 51.743302599142744 ], [ 4.3252609, 51.743312599142747 ], [ 4.3252364, 51.743326299142744 ], [ 4.3251992, 51.743342899142746 ], [ 4.3251824, 51.743349099142755 ], [ 4.325164, 51.743354299142766 ], [ 4.3251485, 51.743356599142743 ], [ 4.3251331, 51.74335849914273 ], [ 4.325109, 51.743362399142732 ], [ 4.3250909, 51.743367299142733 ], [ 4.3250734, 51.743372999142736 ], [ 4.325059, 51.743376399142754 ], [ 4.3250506, 51.743376599142714 ], [ 4.3250402, 51.743376599142714 ], [ 4.3250339, 51.743377499142738 ], [ 4.3250272, 51.743379799142744 ], [ 4.3250198, 51.743382899142723 ], [ 4.3250161, 51.74338469914273 ], [ 4.3250092, 51.743386599142745 ], [ 4.3249463, 51.743402799142729 ], [ 4.3241682, 51.74358749914272 ], [ 4.324083, 51.743608199142706 ], [ 4.324024, 51.74362189914271 ], [ 4.3239798, 51.743631099142704 ], [ 4.3239436, 51.743638499142712 ], [ 4.3239087, 51.743648099142717 ], [ 4.3238537, 51.743664699142698 ], [ 4.3234862, 51.743751499142704 ], [ 4.3234078, 51.743769699142703 ], [ 4.3233186, 51.743795299142704 ], [ 4.323274, 51.743807499142683 ], [ 4.3232458, 51.743815799142688 ], [ 4.3232257, 51.743827899142694 ], [ 4.3232116, 51.74383799914267 ], [ 4.3232039, 51.743848599142687 ], [ 4.3232033, 51.743859999142686 ], [ 4.323207, 51.743870399142686 ], [ 4.3232173, 51.743880799142687 ], [ 4.3232277, 51.743887799142684 ], [ 4.3232375, 51.743894499142684 ], [ 4.3232445, 51.743903599142683 ], [ 4.3232515, 51.743913399142684 ], [ 4.3232559, 51.743927099142688 ], [ 4.3232609, 51.743941799142689 ], [ 4.3232653, 51.743948499142668 ], [ 4.323267, 51.743952599142688 ], [ 4.3232646, 51.743959699142678 ], [ 4.3232606, 51.74396569914267 ], [ 4.3232519, 51.743972299142683 ], [ 4.3230993, 51.744136999142668 ], [ 4.3231003, 51.744140699142655 ], [ 4.3230983, 51.744144899142661 ], [ 4.3230926, 51.744147799142638 ], [ 4.3230765, 51.744151499142653 ], [ 4.3230584, 51.744152299142648 ], [ 4.3230323, 51.744152099142653 ], [ 4.3230148, 51.744150199142652 ], [ 4.3229987, 51.744146299142635 ], [ 4.322983, 51.744140699142655 ], [ 4.3229652, 51.744132999142657 ], [ 4.322928, 51.744120999142645 ], [ 4.3228482, 51.744098799142662 ], [ 4.3228056, 51.74408919914265 ], [ 4.3227577, 51.744074299142675 ], [ 4.3227242, 51.744065299142669 ], [ 4.322696, 51.744059899142655 ], [ 4.3226755, 51.744057899142661 ], [ 4.3226561, 51.744056799142648 ], [ 4.3226353, 51.744056599142667 ], [ 4.3226068, 51.744058299142658 ], [ 4.322589, 51.744061199142656 ], [ 4.3225676, 51.744069499142668 ], [ 4.3225542, 51.744078599142661 ], [ 4.3225327, 51.744089399142666 ], [ 4.3225066, 51.744098599142667 ], [ 4.322416, 51.744120599142654 ], [ 4.3223014, 51.744147999142662 ], [ 4.3222015, 51.744175799142653 ], [ 4.322129, 51.744197399142649 ], [ 4.3220439, 51.744217099142659 ], [ 4.3219057, 51.744243499142641 ], [ 4.3218186, 51.744258599142633 ], [ 4.3217495, 51.744266499142626 ], [ 4.3216918, 51.744271699142629 ], [ 4.3216362, 51.744279599142622 ], [ 4.321597, 51.744287099142646 ], [ 4.3214464, 51.744323599142646 ], [ 4.3213841, 51.744337699142612 ], [ 4.3210749, 51.744402899142621 ], [ 4.3207933, 51.744465599142636 ], [ 4.3207195, 51.744480499142611 ], [ 4.3206545, 51.744495099142618 ], [ 4.3205854, 51.744512099142618 ], [ 4.3203333, 51.744605099142596 ], [ 4.3202274, 51.744641199142606 ], [ 4.32011, 51.74467609914258 ], [ 4.3199571, 51.744708099142599 ], [ 4.3198358, 51.744731699142598 ], [ 4.3197687, 51.744738799142581 ], [ 4.3197472, 51.744739599142598 ], [ 4.3197197, 51.744736299142581 ], [ 4.3196842, 51.744724199142588 ], [ 4.3196446, 51.74471219914259 ], [ 4.3196091, 51.744704699142581 ], [ 4.319597, 51.744699699142593 ], [ 4.3195776, 51.744698499142594 ], [ 4.3195508, 51.744701399142578 ], [ 4.319483, 51.744711399142588 ], [ 4.3193724, 51.744732499142579 ], [ 4.3191833, 51.744780699142588 ], [ 4.3190787, 51.744805199142576 ], [ 4.319023, 51.744823899142595 ], [ 4.3189614, 51.744850499142586 ], [ 4.3188943, 51.74488239914259 ], [ 4.3188641, 51.744900699142583 ], [ 4.3188373, 51.744924799142559 ], [ 4.3188138, 51.74494639914257 ], [ 4.318793, 51.744959699142576 ], [ 4.3186858, 51.744999099142568 ], [ 4.3185624, 51.74504349914254 ], [ 4.3183143, 51.745138199142545 ], [ 4.3182077, 51.745184299142529 ], [ 4.3180903, 51.745223299142545 ], [ 4.3179864, 51.745265599142527 ], [ 4.3179549, 51.745277699142527 ], [ 4.31792, 51.745284699142537 ], [ 4.3178811, 51.745290599142521 ], [ 4.3178422, 51.745305499142532 ], [ 4.3177839, 51.745338699142529 ], [ 4.3177088, 51.745385999142506 ], [ 4.3176176, 51.745430899142512 ], [ 4.3175177, 51.74548359914251 ], [ 4.31747, 51.745505999142495 ], [ 4.3174338, 51.745524299142495 ], [ 4.3173929, 51.745544599142505 ], [ 4.3173527, 51.745561699142506 ], [ 4.3173091, 51.745571999142498 ], [ 4.3172789, 51.745576999142479 ], [ 4.3172454, 51.74558279914249 ], [ 4.3171851, 51.745596099142482 ], [ 4.3170805, 51.745621899142492 ], [ 4.3169671, 51.745650099142487 ], [ 4.3168679, 51.745677499142474 ], [ 4.3167881, 51.74569909914247 ], [ 4.3167009, 51.745731899142477 ], [ 4.3163804, 51.745824499142472 ], [ 4.3159871, 51.745940099142459 ], [ 4.3159616, 51.745947199142471 ], [ 4.3159415, 51.745948599142451 ], [ 4.3159207, 51.745948999142477 ], [ 4.3159056, 51.74595069914244 ], [ 4.3158859, 51.745954799142446 ], [ 4.3158644, 51.74596329914246 ], [ 4.3158547, 51.745973699142439 ], [ 4.3158446, 51.745980199142437 ], [ 4.3158305, 51.745981799142463 ], [ 4.3158225, 51.745981799142463 ], [ 4.3158158, 51.745980199142437 ], [ 4.3158088, 51.745977899142453 ], [ 4.3157977, 51.745977899142453 ], [ 4.3157776, 51.745982599142437 ], [ 4.3156797, 51.746010499142443 ], [ 4.3156522, 51.74601839914245 ], [ 4.315567, 51.746037899142436 ], [ 4.3154698, 51.746058599142444 ], [ 4.3153904, 51.746077399142443 ], [ 4.3153384, 51.746086899142448 ], [ 4.3152713, 51.746096399142431 ], [ 4.3151137, 51.746116699142426 ], [ 4.3149588, 51.74613459914243 ], [ 4.314912, 51.746140699142437 ], [ 4.3148348, 51.746168599142429 ], [ 4.3147624, 51.746199799142424 ], [ 4.3147221, 51.746219299142432 ], [ 4.3147161, 51.746222999142418 ], [ 4.3147121, 51.746226399142422 ], [ 4.3147121, 51.746228799142422 ], [ 4.3147151, 51.746232999142414 ], [ 4.3147201, 51.746235499142408 ], [ 4.3147248, 51.746237599142425 ], [ 4.3147312, 51.746240099142426 ], [ 4.3147342, 51.746242299142423 ], [ 4.3147335, 51.746246099142418 ], [ 4.3147302, 51.746250399142433 ], [ 4.3147181, 51.746258699142409 ], [ 4.3146705, 51.746281999142425 ], [ 4.314651, 51.746287399142425 ], [ 4.3146376, 51.746287799142394 ], [ 4.3146296, 51.74628699914242 ], [ 4.3146235, 51.74628489914241 ], [ 4.3146189, 51.746281199142416 ], [ 4.3146142, 51.746276999142395 ], [ 4.3146081, 51.746275299142411 ], [ 4.3145974, 51.746276999142395 ], [ 4.3145692, 51.746283199142418 ], [ 4.314472, 51.746319399142415 ], [ 4.3143627, 51.746352099142406 ], [ 4.3141951, 51.746398599142388 ], [ 4.314132, 51.746413999142398 ], [ 4.3140764, 51.746430199142402 ], [ 4.314006, 51.746454699142397 ], [ 4.3138075, 51.746508299142398 ], [ 4.3136908, 51.746533999142379 ], [ 4.3135909, 51.746553899142405 ], [ 4.313491, 51.746573799142382 ], [ 4.3134259, 51.746585499142377 ], [ 4.3133213, 51.746611599142376 ], [ 4.313269, 51.746622799142365 ], [ 4.3131926, 51.746636999142389 ], [ 4.3131577, 51.746646899142377 ], [ 4.3130799, 51.746668899142378 ], [ 4.3128392, 51.746729499142361 ], [ 4.3127903, 51.746741999142365 ], [ 4.3127192, 51.746766899142358 ], [ 4.3126629, 51.746783899142365 ], [ 4.3126159, 51.746796799142352 ], [ 4.3125361, 51.746812999142357 ], [ 4.3124865, 51.746823399142343 ], [ 4.3122974, 51.746876899142336 ], [ 4.3122686, 51.746886499142335 ], [ 4.3122505, 51.746893499142367 ], [ 4.3122404, 51.746903099142344 ], [ 4.312227, 51.746915099142342 ], [ 4.3122156, 51.746920099142329 ], [ 4.3121915, 51.746929599142334 ], [ 4.3121579, 51.746936299142355 ], [ 4.3121083, 51.746942499142342 ], [ 4.3120842, 51.746942899142354 ], [ 4.3120661, 51.746942099142345 ], [ 4.3120466, 51.746942499142342 ], [ 4.3120231, 51.746943299142352 ], [ 4.3119903, 51.746950799142347 ], [ 4.3119259, 51.746971599142334 ], [ 4.311818, 51.74700889914233 ], [ 4.3117663, 51.747021799142338 ], [ 4.3117053, 51.747031399142323 ], [ 4.3116409, 51.747042999142323 ], [ 4.3113077, 51.747119799142318 ], [ 4.3108557, 51.747218199142303 ], [ 4.3108242, 51.74722269914232 ], [ 4.3108081, 51.747224399142333 ], [ 4.3107799, 51.747226899142319 ], [ 4.3107585, 51.747232699142316 ], [ 4.3107384, 51.747241399142311 ], [ 4.3107048, 51.747253099142291 ], [ 4.3106405, 51.747264299142309 ], [ 4.3104608, 51.747309099142313 ], [ 4.3103997, 51.747322399142298 ], [ 4.3103843, 51.747323999142317 ], [ 4.3103676, 51.747323999142317 ], [ 4.3103474, 51.747324499142287 ], [ 4.3103267, 51.747326499142304 ], [ 4.3103099, 51.747331099142301 ], [ 4.3102898, 51.747341499142308 ], [ 4.310265, 51.747348499142305 ], [ 4.3102489, 51.747352699142311 ], [ 4.310218, 51.747358899142284 ], [ 4.3101912, 51.7473626991423 ], [ 4.3101617, 51.747367599142287 ], [ 4.3101101, 51.747377199142285 ], [ 4.3100625, 51.747385899142294 ], [ 4.3100075, 51.747392499142293 ], [ 4.3099632, 51.747398399142298 ], [ 4.309813, 51.747431199142291 ], [ 4.3097915, 51.747436099142291 ], [ 4.3097714, 51.747444399142296 ], [ 4.3097533, 51.747453599142275 ], [ 4.3097339, 51.747461099142285 ], [ 4.3096682, 51.747476799142284 ], [ 4.3095441, 51.747499699142274 ], [ 4.309416, 51.747522099142266 ], [ 4.3093007, 51.747536999142284 ], [ 4.3092095, 51.74754909914229 ], [ 4.3090291, 51.74757899914227 ], [ 4.3089621, 51.747589699142274 ], [ 4.308891, 51.747598499142285 ], [ 4.3087857, 51.747614699142261 ], [ 4.3086945, 51.747635799142266 ], [ 4.3086503, 51.747645799142262 ], [ 4.3086248, 51.74764869914226 ], [ 4.3085886, 51.747650799142264 ], [ 4.3085571, 51.747653299142264 ], [ 4.3085276, 51.747660699142259 ], [ 4.3084608, 51.747678999142266 ], [ 4.3084136, 51.747694799142252 ], [ 4.3083619, 51.747710999142264 ], [ 4.3082734, 51.747729199142263 ], [ 4.3080655, 51.747774899142264 ], [ 4.3079509, 51.747801099142265 ], [ 4.3078087, 51.747825599142246 ], [ 4.3077169, 51.747842999142257 ], [ 4.3075794, 51.747872099142235 ], [ 4.3074983, 51.74788869914223 ], [ 4.3074553, 51.747899899142233 ], [ 4.3074185, 51.747911499142234 ], [ 4.3073809, 51.747920999142231 ], [ 4.307049, 51.747982499142218 ], [ 4.3069316, 51.748004499142219 ], [ 4.3067721, 51.748035999142232 ], [ 4.3066198, 51.748062599142216 ], [ 4.3065333, 51.748079999142192 ], [ 4.3064777, 51.748090799142197 ], [ 4.3064361, 51.748105399142219 ], [ 4.3063986, 51.748117799142229 ], [ 4.3062792, 51.748144399142213 ], [ 4.3061947, 51.748160999142229 ], [ 4.306016, 51.748192599142214 ], [ 4.3059915, 51.748196099142191 ], [ 4.3059359, 51.748201299142181 ], [ 4.3052284, 51.748320399142195 ], [ 4.3048831, 51.748390199142179 ], [ 4.3046752, 51.748430799142184 ], [ 4.3046189, 51.74844079914218 ], [ 4.3045673, 51.748447499142181 ], [ 4.3044841, 51.748453699142189 ], [ 4.3044017, 51.748454899142182 ], [ 4.3043487, 51.748455299142186 ], [ 4.3043151, 51.748452399142167 ], [ 4.3042944, 51.748446599142163 ], [ 4.3042769, 51.748436699142168 ], [ 4.3042555, 51.748413399142173 ], [ 4.3042424, 51.748394699142182 ], [ 4.3042263, 51.748362799142186 ], [ 4.3042226, 51.748356099142178 ], [ 4.3042196, 51.748351099142191 ], [ 4.3042146, 51.748347599142193 ], [ 4.3042058, 51.748344899142182 ], [ 4.3041978, 51.748343499142187 ], [ 4.304181, 51.748345299142173 ], [ 4.3041592, 51.748349899142191 ], [ 4.304114, 51.74836049914218 ], [ 4.3041039, 51.748364199142181 ], [ 4.3040945, 51.748369399142184 ], [ 4.3040898, 51.748375999142176 ], [ 4.3040892, 51.748384599142184 ], [ 4.3040906, 51.748390899142166 ], [ 4.304121, 51.748437099142187 ], [ 4.3041271, 51.748446999142182 ], [ 4.3041284, 51.748455299142186 ], [ 4.3041287, 51.748466299142173 ], [ 4.304117, 51.748484199142176 ], [ 4.3041046, 51.748496399142169 ], [ 4.3040885, 51.748507899142176 ], [ 4.3040634, 51.74852049914216 ], [ 4.3040493, 51.748525699142164 ], [ 4.3040369, 51.748531099142149 ], [ 4.3040248, 51.748535299142169 ], [ 4.3040178, 51.74853509914216 ], [ 4.3040134, 51.748534199142171 ], [ 4.3040111, 51.748531899142172 ], [ 4.3040127, 51.748527999142162 ], [ 4.3040416, 51.748511799142179 ], [ 4.3040268, 51.748510799142188 ], [ 4.3040074, 51.748521399142156 ], [ 4.303997, 51.748525099142157 ], [ 4.3039879, 51.748526499142173 ], [ 4.3039725, 51.748526699142168 ], [ 4.3039363, 51.748529199142169 ], [ 4.3038773, 51.748536699142171 ], [ 4.3036996, 51.748556599142162 ], [ 4.303545, 51.748568699142176 ], [ 4.3035041, 51.748570799142172 ], [ 4.3034689, 51.748569899142161 ], [ 4.3034337, 51.748570799142172 ], [ 4.3034133, 51.748572199142181 ], [ 4.3033633, 51.748582799142163 ], [ 4.3033311, 51.748586499142178 ], [ 4.3032969, 51.748588399142164 ], [ 4.3032631, 51.748592099142165 ], [ 4.303203, 51.748602099142161 ], [ 4.303132, 51.748615799142165 ], [ 4.3031189, 51.748619299142156 ], [ 4.3031095, 51.748626799142151 ], [ 4.3030974, 51.748632199142143 ], [ 4.303027, 51.748653699142146 ], [ 4.3029925, 51.748663299142152 ], [ 4.3029851, 51.748664199142155 ], [ 4.3029553, 51.748667099142146 ], [ 4.3029281, 51.748668099142165 ], [ 4.3029023, 51.748672699142134 ], [ 4.3028852, 51.74867969914213 ], [ 4.3028608, 51.748688099142157 ], [ 4.3028282, 51.748694899142151 ], [ 4.3027839, 51.748701099142153 ], [ 4.3027471, 51.748704599142137 ], [ 4.3027155, 51.748706299142164 ], [ 4.302678, 51.748706299142164 ], [ 4.3026431, 51.74870549914214 ], [ 4.3025855, 51.748703799142142 ], [ 4.3025851, 51.74870669914214 ], [ 4.302613, 51.748712699142146 ], [ 4.3026458, 51.748717899142157 ], [ 4.3026978, 51.748724399142134 ], [ 4.3027233, 51.748726599142138 ], [ 4.3027404, 51.74872519914215 ], [ 4.3028202, 51.748720599142146 ], [ 4.3028262, 51.748726399142157 ], [ 4.3028111, 51.748729799142154 ], [ 4.3027829, 51.74873309914215 ], [ 4.3027259, 51.748735999142141 ], [ 4.3026864, 51.748737199142134 ], [ 4.3026508, 51.748735599142151 ], [ 4.302616, 51.748728899142137 ], [ 4.302563, 51.748713599142143 ], [ 4.3025315, 51.748703599142161 ], [ 4.3024973, 51.748698599142138 ], [ 4.3024731, 51.748694499142147 ], [ 4.3024282, 51.748695299142135 ], [ 4.3023477, 51.748703599142161 ], [ 4.3022847, 51.748712699142146 ], [ 4.3022525, 51.748716099142158 ], [ 4.3022277, 51.748718099142145 ], [ 4.3022009, 51.748713999142154 ], [ 4.3021714, 51.748711499142146 ], [ 4.3021191, 51.748711099142149 ], [ 4.3020608, 51.748714799142149 ], [ 4.3019743, 51.748727299142168 ], [ 4.301928, 51.748738899142147 ], [ 4.3018877, 51.748752999142134 ], [ 4.3018589, 51.748763799142139 ], [ 4.3018351, 51.748778099142115 ], [ 4.3018388, 51.748781899142152 ], [ 4.3018807, 51.748772699142144 ], [ 4.301925, 51.748763399142135 ], [ 4.3020219, 51.748748199142128 ], [ 4.3020259, 51.748756299142151 ], [ 4.3017905, 51.748799099142147 ], [ 4.3015598, 51.748840999142118 ], [ 4.3012789, 51.748888799142129 ], [ 4.300888, 51.748957299142127 ], [ 4.3005446, 51.749022199142104 ], [ 4.3005299, 51.749023499142105 ], [ 4.3005135, 51.749024699142112 ], [ 4.300499, 51.74902639914211 ], [ 4.3004707, 51.749031399142098 ], [ 4.3004273, 51.749039699142116 ], [ 4.3004052, 51.749044599142117 ], [ 4.3003773, 51.749052899142107 ], [ 4.3003609, 51.7490570991421 ], [ 4.3001581, 51.74909029914209 ], [ 4.3001074, 51.749099399142104 ], [ 4.3000799, 51.749104599142107 ], [ 4.3000712, 51.749105299142087 ], [ 4.3000592, 51.749104599142107 ], [ 4.3000501, 51.749102799142101 ], [ 4.3000431, 51.749097799142099 ], [ 4.3000357, 51.749092799142105 ], [ 4.3000283, 51.749089499142109 ], [ 4.3000169, 51.749086799142091 ], [ 4.2999988, 51.749086399142115 ], [ 4.2999706, 51.74908719914211 ], [ 4.2999321, 51.749088599142098 ], [ 4.2998955, 51.749089499142109 ], [ 4.2998714, 51.74908849914209 ], [ 4.2998459, 51.749085099142107 ], [ 4.2998228, 51.749078699142103 ], [ 4.2998094, 51.749073699142102 ], [ 4.2997919, 51.749062899142103 ], [ 4.2997718, 51.749051899142096 ], [ 4.2997544, 51.749045699142123 ], [ 4.2997309, 51.74904219914211 ], [ 4.2997101, 51.74903989914209 ], [ 4.2996867, 51.749040499142104 ], [ 4.2996686, 51.74904339914211 ], [ 4.2996528, 51.749046899142122 ], [ 4.2996417, 51.749050699142096 ], [ 4.299635, 51.749053599142123 ], [ 4.2996307, 51.749058299142121 ], [ 4.29963, 51.749062099142115 ], [ 4.2996303, 51.749064799142104 ], [ 4.299635, 51.749067299142119 ], [ 4.2996437, 51.749069599142103 ], [ 4.2996511, 51.749070999142091 ], [ 4.2996578, 51.749072699142111 ], [ 4.2996632, 51.749075199142126 ], [ 4.2996619, 51.749078499142108 ], [ 4.2996572, 51.749082199142094 ], [ 4.2996474, 51.749084899142119 ], [ 4.2996236, 51.749089899142106 ], [ 4.2995562, 51.749103199142105 ], [ 4.29951, 51.749111899142115 ], [ 4.29946, 51.74911999914211 ], [ 4.2994051, 51.749131099142119 ], [ 4.2992531, 51.749164799142108 ], [ 4.2992418, 51.749167899142094 ], [ 4.299223, 51.749172099142086 ], [ 4.2992076, 51.749172699142093 ], [ 4.2991958, 51.749172099142086 ], [ 4.2991854, 51.749169599142107 ], [ 4.299178, 51.749164799142108 ], [ 4.2991727, 51.749159399142101 ], [ 4.2991646, 51.749153199142114 ], [ 4.2991566, 51.749146999142113 ], [ 4.2991425, 51.749141599142078 ], [ 4.2991278, 51.749141199142102 ], [ 4.2991117, 51.74914369914211 ], [ 4.2990801, 51.749148599142096 ], [ 4.299008, 51.749164499142111 ], [ 4.2988843, 51.749190999142115 ], [ 4.2987013, 51.749231699142101 ], [ 4.2986168, 51.749244099142103 ], [ 4.2985786, 51.749251999142089 ], [ 4.2985531, 51.749259099142094 ], [ 4.2985357, 51.7492656991421 ], [ 4.2985122, 51.749269399142108 ], [ 4.2984746, 51.749272799142076 ], [ 4.2984565, 51.74927529914207 ], [ 4.298425, 51.749280199142071 ], [ 4.2983922, 51.749289399142071 ], [ 4.2983653, 51.74929889914209 ], [ 4.2983365, 51.749308899142086 ], [ 4.298305, 51.749316799142093 ], [ 4.2982359, 51.749334599142081 ], [ 4.2981756, 51.749347499142061 ], [ 4.298138, 51.749352899142053 ], [ 4.2980857, 51.749361199142086 ], [ 4.2980673, 51.749363499142071 ], [ 4.2980609, 51.749363499142071 ], [ 4.2980512, 51.749363099142066 ], [ 4.2980368, 51.749361799142086 ], [ 4.2980291, 51.749360999142084 ], [ 4.298019, 51.749360999142084 ], [ 4.2980019, 51.749364099142085 ], [ 4.2979788, 51.749370099142062 ], [ 4.2979556, 51.749374299142069 ], [ 4.297912, 51.749379699142075 ], [ 4.2978789, 51.749382799142062 ], [ 4.2978557, 51.749385099142067 ], [ 4.2978346, 51.749387599142061 ], [ 4.2978128, 51.749393999142086 ], [ 4.2977917, 51.749403099142079 ], [ 4.2977699, 51.749415999142059 ], [ 4.2977494, 51.749424099142082 ], [ 4.2977297, 51.749427599142045 ], [ 4.2976901, 51.749433399142063 ], [ 4.2976579, 51.749436499142071 ], [ 4.2976361, 51.749439899142089 ], [ 4.2976133, 51.749445499142062 ], [ 4.2975855, 51.749454199142065 ], [ 4.2975516, 51.749463499142067 ], [ 4.2975225, 51.749470399142069 ], [ 4.2974836, 51.749474899142065 ], [ 4.297452, 51.749476799142066 ], [ 4.2973582, 51.749482799142058 ], [ 4.2973233, 51.749484899142061 ], [ 4.2972811, 51.74948989914207 ], [ 4.2972428, 51.749498199142046 ], [ 4.2971878, 51.749512299142054 ], [ 4.2971213, 51.749535999142047 ], [ 4.2970403, 51.749564999142052 ], [ 4.2969304, 51.749598199142042 ], [ 4.2969035, 51.749606999142053 ], [ 4.2968559, 51.74961529914205 ], [ 4.2967942, 51.749624399142057 ], [ 4.2967567, 51.749633099142017 ], [ 4.2966608, 51.749659699142043 ], [ 4.296577, 51.749680399142051 ], [ 4.2965327, 51.749690399142047 ], [ 4.2964891, 51.749694499142038 ], [ 4.296463, 51.749697499142037 ], [ 4.2964469, 51.749698699142058 ], [ 4.2964241, 51.749704899142031 ], [ 4.2964134, 51.749710299142031 ], [ 4.2963845, 51.749716999142031 ], [ 4.296353, 51.74972239914203 ], [ 4.2963094, 51.749733199142021 ], [ 4.2962512, 51.749746999142026 ], [ 4.2961458, 51.749780099142036 ], [ 4.296114, 51.749790199142026 ], [ 4.2956732, 51.749917199142025 ], [ 4.2956791, 51.749930299142008 ], [ 4.2956846, 51.749944199142014 ], [ 4.2956867, 51.749949499141998 ], [ 4.2956872, 51.74995199914202 ], [ 4.2956876, 51.749955699142014 ], [ 4.2956873, 51.74995749914202 ], [ 4.2956862, 51.749959099142018 ], [ 4.2956849, 51.749960199142002 ], [ 4.2954757, 51.750083299141977 ], [ 4.2955381, 51.750169899141973 ], [ 4.2954948, 51.750181199141984 ], [ 4.2953556, 51.74999609914201 ], [ 4.2953338, 51.749969399142017 ], [ 4.295315, 51.749946599142021 ], [ 4.2953081, 51.749940699142023 ], [ 4.2953006, 51.749936999142015 ], [ 4.2952878, 51.749932799142016 ], [ 4.2952774, 51.749931599142009 ], [ 4.2952505, 51.749930399142002 ], [ 4.2952287, 51.749931899142005 ], [ 4.2951755, 51.749936399142008 ], [ 4.2951152, 51.749945899142006 ], [ 4.2950912, 51.749950999142015 ], [ 4.2950791, 51.749956099142004 ], [ 4.2950753, 51.749958299142008 ], [ 4.2950719, 51.749961499142003 ], [ 4.2950704, 51.749964899142007 ], [ 4.2950687, 51.749970899142014 ], [ 4.2950672, 51.749974299141996 ], [ 4.2950635, 51.749978799142013 ], [ 4.2950545, 51.749987299142013 ], [ 4.295053, 51.749990999142 ], [ 4.295053, 51.749993499142008 ], [ 4.295055, 51.749994999141997 ], [ 4.2950577, 51.749994999141997 ], [ 4.2950605, 51.749994599141999 ], [ 4.2950699, 51.749991799142002 ], [ 4.2950768, 51.749988799142002 ], [ 4.2950867, 51.74998579914201 ], [ 4.2950947, 51.749984899141992 ], [ 4.2951225, 51.749989299142008 ], [ 4.2951292, 51.749991299141982 ], [ 4.2951373, 51.749994999141997 ], [ 4.2951385, 51.749996199142004 ], [ 4.2951388, 51.749997499142012 ], [ 4.2951391, 51.749998899142 ], [ 4.295138, 51.749998999142001 ], [ 4.2950491, 51.750007399142 ], [ 4.2949918, 51.750017499142011 ], [ 4.2949385, 51.750022699142015 ], [ 4.294914, 51.750024099142003 ], [ 4.29491, 51.750023699142005 ], [ 4.2949086, 51.750022599142007 ], [ 4.2949088, 51.750020699142013 ], [ 4.294911, 51.750019099142008 ], [ 4.2949148, 51.750017399141996 ], [ 4.2949276, 51.750015999142008 ], [ 4.2949613, 51.750013499142 ], [ 4.2949849, 51.750009699142005 ], [ 4.2949997, 51.750006699142013 ], [ 4.2950136, 51.750003299142016 ], [ 4.2950211, 51.750000499142018 ], [ 4.295025, 51.749998299142007 ], [ 4.2950297, 51.749993799141997 ], [ 4.2950327, 51.749986299142016 ], [ 4.2950325, 51.749981199141999 ], [ 4.2950305, 51.749974699142022 ], [ 4.2950252, 51.749970199142027 ], [ 4.2950173, 51.749967799142006 ], [ 4.2950094, 51.749967199142006 ], [ 4.2949997, 51.749967899142007 ], [ 4.2949881, 51.749969399142017 ], [ 4.2949306, 51.749977099142008 ], [ 4.2948634, 51.749991799142002 ], [ 4.2948054, 51.750005299141996 ], [ 4.2947836, 51.750010899141991 ], [ 4.2947668, 51.750010899141991 ], [ 4.2947554, 51.750007399142 ], [ 4.2947491, 51.750004899141999 ], [ 4.2947447, 51.750003599142012 ], [ 4.294737, 51.750003399142003 ], [ 4.2947355, 51.750003799142014 ], [ 4.2947336, 51.750004199141998 ], [ 4.2947273, 51.750007999142007 ], [ 4.2947259, 51.750011699141993 ], [ 4.2947252, 51.750017899142001 ], [ 4.2947199, 51.750023499142003 ], [ 4.2947125, 51.750030399141991 ], [ 4.2947028, 51.750035399142007 ], [ 4.2946763, 51.750045799142008 ], [ 4.2946243, 51.750058199141996 ], [ 4.2945546, 51.750070699142 ], [ 4.2943829, 51.750087299141995 ], [ 4.2942488, 51.750104699142007 ], [ 4.294104, 51.750132099142 ], [ 4.2938191, 51.750174099141994 ], [ 4.2931697, 51.750287099141985 ], [ 4.2924528, 51.75041529914197 ], [ 4.2922266, 51.750460099141947 ], [ 4.2920207, 51.750503099141952 ], [ 4.2918488, 51.750528999141956 ], [ 4.2910387, 51.750621199141932 ], [ 4.2908061, 51.75065409914194 ], [ 4.2905128, 51.750700199141917 ], [ 4.2900587, 51.75079379914191 ], [ 4.2899237, 51.750819699141893 ], [ 4.2896235, 51.750869699141923 ], [ 4.2889775, 51.750981099141896 ], [ 4.2884849, 51.75107029914188 ], [ 4.2881608, 51.751139499141878 ], [ 4.2877498, 51.751215599141887 ], [ 4.2874548, 51.751265399141857 ], [ 4.2862885, 51.751463999141848 ], [ 4.285737, 51.751558599141816 ], [ 4.2854403, 51.751602699141827 ], [ 4.2849308, 51.751720399141824 ], [ 4.2844098, 51.751810499141797 ], [ 4.2843541, 51.75181959914179 ], [ 4.2843153, 51.751824599141813 ], [ 4.2842643, 51.751826199141803 ], [ 4.2842093, 51.751829999141805 ], [ 4.284157, 51.751837899141812 ], [ 4.2840591, 51.751850299141793 ], [ 4.2839022, 51.751874799141817 ], [ 4.2834248, 51.751957399141794 ], [ 4.283286, 51.751976499141797 ], [ 4.2830392, 51.752013399141781 ], [ 4.2829487, 51.752030899141779 ], [ 4.2827938, 51.752061199141778 ], [ 4.2826758, 51.752089399141795 ], [ 4.282604, 51.752112199141791 ], [ 4.2825899, 51.752123899141779 ], [ 4.2825772, 51.752131799141786 ], [ 4.2825638, 51.752137999141766 ], [ 4.2825463, 51.752141299141755 ], [ 4.2825048, 51.752140499141767 ], [ 4.2824471, 51.752144599141779 ], [ 4.2824243, 51.752149599141774 ], [ 4.2823653, 51.75216449914177 ], [ 4.2823197, 51.752189499141764 ], [ 4.282262, 51.752216899141764 ], [ 4.2822084, 51.752230099141762 ], [ 4.2821494, 51.752235099141757 ], [ 4.2820515, 51.752247599141754 ], [ 4.2795892, 51.75268589914171 ], [ 4.2794994, 51.752695099141704 ], [ 4.2793391, 51.752723299141714 ], [ 4.2793136, 51.752730799141702 ], [ 4.2791896, 51.752764799141701 ], [ 4.2790621, 51.75279719914171 ], [ 4.2788503, 51.752843699141707 ], [ 4.2784935, 51.752910099141673 ], [ 4.2781851, 51.752954899141677 ], [ 4.2779504, 51.75298309914168 ], [ 4.2777894, 51.752996399141679 ], [ 4.2774951, 51.753012599141655 ], [ 4.2771135, 51.753037099141665 ], [ 4.2770142, 51.753044799141669 ], [ 4.27697, 51.753047499141672 ], [ 4.2769331, 51.753048699141686 ], [ 4.2769036, 51.753047099141675 ], [ 4.2768755, 51.75304459914166 ], [ 4.2768446, 51.753037099141665 ], [ 4.2768118, 51.753027599141681 ], [ 4.276787, 51.753018799141664 ], [ 4.2767655, 51.753008099141653 ], [ 4.2767229, 51.752979299141664 ], [ 4.2767125, 51.752973999141673 ], [ 4.2766871, 51.752959099141684 ], [ 4.2766576, 51.752942499141682 ], [ 4.2766173, 51.752922099141692 ], [ 4.2765791, 51.752907599141679 ], [ 4.2765301, 51.752890599141701 ], [ 4.2764913, 51.75287939914169 ], [ 4.2764604, 51.752873099141688 ], [ 4.2764131, 51.752869599141711 ], [ 4.2757479, 51.752901299141676 ], [ 4.2751005, 51.75292589914168 ], [ 4.2744616, 51.752953899141687 ], [ 4.2744233, 51.752954099141675 ], [ 4.2743944, 51.752950799141679 ], [ 4.2743662, 51.752946899141698 ], [ 4.2743448, 51.752941399141669 ], [ 4.2743291, 51.752935399141691 ], [ 4.2743181, 51.752928999141687 ], [ 4.2743139, 51.752924099141694 ], [ 4.2742466, 51.752939899141673 ], [ 4.2742472, 51.752940999141686 ], [ 4.2742471, 51.752942199141657 ], [ 4.2742467, 51.752949399141684 ], [ 4.2742461, 51.752958299141675 ], [ 4.2742437, 51.752970399141681 ], [ 4.2742421, 51.752976199141663 ], [ 4.2742385, 51.752980399141684 ], [ 4.2742348, 51.75298309914168 ], [ 4.27423, 51.752984999141688 ], [ 4.2742223, 51.752986299141682 ], [ 4.2742011, 51.752990199141678 ], [ 4.2724891, 51.753138499141663 ], [ 4.2724285, 51.753142799141649 ], [ 4.2724066, 51.753144199141666 ], [ 4.2723868, 51.753143799141654 ], [ 4.2723727, 51.753142799141649 ], [ 4.2723566, 51.753139999141659 ], [ 4.2723137, 51.753129399141649 ], [ 4.2722996, 51.75312399914165 ], [ 4.2722959, 51.753121999141655 ], [ 4.2722939, 51.753119599141655 ], [ 4.2722715, 51.753114299141671 ], [ 4.2722312, 51.753110999141661 ], [ 4.2721843, 51.753108499141661 ], [ 4.2721447, 51.753111799141656 ], [ 4.2721213, 51.753120999141672 ], [ 4.2721018, 51.75314129914166 ], [ 4.2720924, 51.753162899141664 ], [ 4.2720804, 51.753198199141643 ], [ 4.2720629, 51.75322699914166 ], [ 4.2720292, 51.753255499141659 ], [ 4.2720242, 51.753258799141662 ], [ 4.2720133, 51.753262699141644 ], [ 4.2716492, 51.75330919914164 ], [ 4.27139, 51.753341599141635 ], [ 4.2710662, 51.753379999141629 ], [ 4.2710293, 51.753386599141621 ], [ 4.2710236, 51.753388299141626 ], [ 4.2710118, 51.753389299141666 ], [ 4.2709079, 51.753400299141646 ], [ 4.2708201, 51.753411499141642 ], [ 4.2707476, 51.753420899141638 ], [ 4.2706891, 51.753427099141625 ], [ 4.2706873, 51.75342729914162 ], [ 4.2705864, 51.753439599141629 ], [ 4.2704359, 51.753456199141631 ], [ 4.2690427, 51.753637399141603 ], [ 4.2688221, 51.753673499141605 ], [ 4.2688114, 51.753677599141596 ], [ 4.268796, 51.753680099141597 ], [ 4.2678532, 51.7538091991416 ], [ 4.2670619, 51.753917999141592 ], [ 4.2666978, 51.753963599141564 ], [ 4.2663941, 51.754002599141572 ], [ 4.2663766, 51.754007999141564 ], [ 4.2652152, 51.75416699914156 ], [ 4.2647278, 51.754236299141539 ], [ 4.2646835, 51.754243799141527 ], [ 4.2646533, 51.754251299141544 ], [ 4.2646299, 51.754259599141534 ], [ 4.2646158, 51.75426289914153 ], [ 4.2645863, 51.754264199141538 ], [ 4.2645454, 51.754265399141524 ], [ 4.2644917, 51.754269499141529 ], [ 4.2643704, 51.75428319914154 ], [ 4.2640083, 51.754340499141527 ], [ 4.2638775, 51.754366299141523 ], [ 4.2638574, 51.754368299141532 ], [ 4.2635355, 51.754381999141522 ], [ 4.2635181, 51.754383499141525 ], [ 4.2634953, 51.754384699141525 ], [ 4.2634564, 51.754384299141513 ], [ 4.2634168, 51.754382899141532 ], [ 4.2633773, 51.754379299141533 ], [ 4.2633146, 51.754372499141517 ], [ 4.2632324, 51.754362099141517 ], [ 4.2631583, 51.754351299141511 ], [ 4.2629287, 51.75431559914152 ], [ 4.2627101, 51.754275799141531 ], [ 4.2625424, 51.754240099141533 ], [ 4.2623881, 51.754199399141548 ], [ 4.2613146, 51.753897499141587 ], [ 4.2612161, 51.753864799141581 ], [ 4.261121, 51.753827999141571 ], [ 4.261031, 51.7537842991416 ], [ 4.2609572, 51.753742799141591 ], [ 4.2607976, 51.753641499141594 ], [ 4.2604561, 51.753415599141626 ], [ 4.2596551, 51.752860699141699 ], [ 4.2591387, 51.752722499141697 ], [ 4.2591198, 51.752719599141706 ], [ 4.2591015, 51.752713499141699 ], [ 4.259083, 51.752705399141689 ], [ 4.2590549, 51.752691299141723 ], [ 4.2590321, 51.752677999141703 ], [ 4.258963, 51.752631499141721 ], [ 4.2588859, 51.752578799141723 ], [ 4.2587766, 51.752496599141722 ], [ 4.2586666, 51.75241689914175 ], [ 4.2585909, 51.752366299141734 ], [ 4.2585272, 51.752328499141733 ], [ 4.2584507, 51.752286599141748 ], [ 4.2583253, 51.752216899141764 ], [ 4.2579693, 51.751994299141778 ], [ 4.2578593, 51.751929999141787 ], [ 4.2577976, 51.751891399141797 ], [ 4.2577617, 51.751868999141799 ], [ 4.2577225, 51.751847599141804 ], [ 4.2576762, 51.751825799141798 ], [ 4.257636, 51.751803799141818 ], [ 4.2575629, 51.751756899141789 ], [ 4.2574677, 51.751693799141798 ], [ 4.2574147, 51.751653099141819 ], [ 4.2573738, 51.751618299141825 ], [ 4.2573416, 51.751585899141865 ], [ 4.2571928, 51.751396799141851 ], [ 4.2570881, 51.75126279914187 ], [ 4.2570294, 51.751181899141869 ], [ 4.2569768, 51.751105599141894 ], [ 4.2569177, 51.751010899141889 ], [ 4.2568547, 51.750873499141896 ], [ 4.2568092, 51.750790899141911 ], [ 4.2567871, 51.75074569914193 ], [ 4.256777, 51.750711999141934 ], [ 4.256771, 51.750676799141935 ], [ 4.2567676, 51.750642699141927 ] ] ] ] } },
{ "type": "Feature", "properties": { "@id": "relation/2746116", "name": "Weerribben-Wieden" }, "geometry": { "type": "MultiPolygon", "coordinates": [ [ [ [ 5.8923945, 52.792406999084221 ], [ 5.8924794, 52.792341599084253 ], [ 5.8925285, 52.792330999084228 ], [ 5.8925738, 52.792341599084253 ], [ 5.8926661, 52.792392899084241 ], [ 5.8944643, 52.793381499084241 ], [ 5.8945034, 52.793446699084242 ], [ 5.8944215, 52.793528799084228 ], [ 5.8942814, 52.793695299084249 ], [ 5.8941411, 52.793815199084236 ], [ 5.8939941, 52.793926999084235 ], [ 5.8939046, 52.794068599084248 ], [ 5.8938322, 52.794149999084247 ], [ 5.8937176, 52.794269699084246 ], [ 5.8936225, 52.794360999084255 ], [ 5.8950211, 52.795136199084247 ], [ 5.8963672, 52.795874299084247 ], [ 5.8964724, 52.795823099084252 ], [ 5.8968588, 52.796042599084245 ], [ 5.8968581, 52.79619199908425 ], [ 5.8971927, 52.796340599084246 ], [ 5.8975002, 52.796486199084256 ], [ 5.8976316, 52.796572599084257 ], [ 5.8976324, 52.796627099084247 ], [ 5.897773, 52.79670999908425 ], [ 5.8986915, 52.797149799084238 ], [ 5.8990712, 52.797333599084261 ], [ 5.8998278, 52.797716499084252 ], [ 5.9000623, 52.797502799084256 ], [ 5.9001762, 52.797380299084274 ], [ 5.9002293, 52.79736909908425 ], [ 5.9004194, 52.797457099084248 ], [ 5.9005515, 52.797528199084255 ], [ 5.9011525, 52.797834599084283 ], [ 5.9014726, 52.798008399084253 ], [ 5.9018116, 52.798169899084265 ], [ 5.9020583, 52.798257199084269 ], [ 5.9022173, 52.798323899084259 ], [ 5.9027682, 52.798607399084275 ], [ 5.9030557, 52.798760599084282 ], [ 5.9033665, 52.798925099084258 ], [ 5.9038193, 52.799165799084271 ], [ 5.904473, 52.799494699084256 ], [ 5.9049003, 52.799708299084266 ], [ 5.9053044, 52.79993359908427 ], [ 5.9055315, 52.800045499084291 ], [ 5.9056814, 52.800103699084275 ], [ 5.905756, 52.800126399084299 ], [ 5.9057711, 52.800129699084266 ], [ 5.9062856, 52.800368499084279 ], [ 5.9064021, 52.800426999084273 ], [ 5.9065631, 52.800495899084304 ], [ 5.9067658, 52.800596199084282 ], [ 5.9068334, 52.800627899084297 ], [ 5.90761, 52.800989599084261 ], [ 5.9076714, 52.801022599084256 ], [ 5.9085559, 52.801406799084283 ], [ 5.9093811, 52.801777899084293 ], [ 5.910165, 52.802128499084283 ], [ 5.9102442, 52.802134199084293 ], [ 5.9108107, 52.801299799084276 ], [ 5.9109182, 52.801129399084274 ], [ 5.9115327, 52.801455599084271 ], [ 5.9110932, 52.802099999084284 ], [ 5.9109309, 52.802366899084284 ], [ 5.9110429, 52.802441999084301 ], [ 5.9123161, 52.802994899084283 ], [ 5.9130376, 52.80331879908428 ], [ 5.9138251, 52.803649199084298 ], [ 5.9139739, 52.803733499084302 ], [ 5.9143063, 52.803919499084294 ], [ 5.9146838, 52.804088499084294 ], [ 5.9147977, 52.804126599084277 ], [ 5.9148877, 52.804102499084294 ], [ 5.9149676, 52.804060399084292 ], [ 5.9150772, 52.804063399084285 ], [ 5.9153109, 52.80404059908431 ], [ 5.9154416, 52.804025299084287 ], [ 5.9155664, 52.804045499084296 ], [ 5.9157755, 52.804129299084295 ], [ 5.915917, 52.804148099084301 ], [ 5.9160593, 52.8041327990843 ], [ 5.9161565, 52.804125299084312 ], [ 5.9162182, 52.804131499084306 ], [ 5.9164432, 52.804199499084291 ], [ 5.9167808, 52.804305199084297 ], [ 5.9168875, 52.804304299084308 ], [ 5.9169702, 52.804299499084301 ], [ 5.9170515, 52.804312699084299 ], [ 5.9171509, 52.804366699084298 ], [ 5.917744, 52.8046544990843 ], [ 5.917765, 52.804670299084286 ], [ 5.9177665, 52.804690499084273 ], [ 5.91772, 52.804740499084311 ], [ 5.9176068, 52.804817299084291 ], [ 5.9175843, 52.804845799084298 ], [ 5.9175995, 52.804872199084294 ], [ 5.917773, 52.804959899084295 ], [ 5.9187045, 52.805362799084286 ], [ 5.9196964, 52.805789799084302 ], [ 5.920246, 52.8060401990843 ], [ 5.9206964, 52.806234699084293 ], [ 5.9209718, 52.806343399084305 ], [ 5.9210914, 52.806390699084311 ], [ 5.9211599, 52.806417699084307 ], [ 5.9213594, 52.806515999084304 ], [ 5.9213525, 52.80652279908432 ], [ 5.9213301, 52.806550399084301 ], [ 5.9212767, 52.806639399084297 ], [ 5.9209169, 52.806986999084309 ], [ 5.9208684, 52.807016999084318 ], [ 5.9208195, 52.807036899084295 ], [ 5.9204612, 52.807399099084307 ], [ 5.920435, 52.8074750990843 ], [ 5.9204588, 52.80765979908432 ], [ 5.9204493, 52.807758199084326 ], [ 5.9203743, 52.80786069908433 ], [ 5.9202773, 52.807920699084313 ], [ 5.920088, 52.808000799084326 ], [ 5.9199038, 52.808044299084315 ], [ 5.9197957, 52.808090799084326 ], [ 5.9197205, 52.808176499084325 ], [ 5.9196572, 52.808328499084325 ], [ 5.9196227, 52.808447099084326 ], [ 5.9200289, 52.808495499084323 ], [ 5.9202164, 52.808520199084313 ], [ 5.920297, 52.808551399084322 ], [ 5.9203325, 52.808558599084321 ], [ 5.9204088, 52.808582399084322 ], [ 5.9207797, 52.808264499084316 ], [ 5.9208409, 52.808226599084307 ], [ 5.9208505, 52.808220399084334 ], [ 5.9209055, 52.808168999084323 ], [ 5.9210068, 52.80820949908432 ], [ 5.9211906, 52.80814749908432 ], [ 5.9211721, 52.80813349908432 ], [ 5.9211902, 52.808101399084308 ], [ 5.9213235, 52.808043499084306 ], [ 5.9217955, 52.807845899084306 ], [ 5.9220975, 52.807600099084311 ], [ 5.9225897, 52.807472399084311 ], [ 5.9227959, 52.807442599084318 ], [ 5.9229367, 52.807417999084329 ], [ 5.9231036, 52.807393399084312 ], [ 5.9234056, 52.807371499084326 ], [ 5.9236829, 52.807367999084306 ], [ 5.9239921, 52.807380299084322 ], [ 5.9241721, 52.807390799084317 ], [ 5.9243869, 52.807409199084319 ], [ 5.9246511, 52.807433799084308 ], [ 5.9248928, 52.807451799084312 ], [ 5.9249858, 52.807475499084326 ], [ 5.9249458, 52.807594399084316 ], [ 5.9249937, 52.80760179908431 ], [ 5.9249153, 52.807722499084328 ], [ 5.924784, 52.807889699084321 ], [ 5.9246867, 52.807982199084307 ], [ 5.9245996, 52.808060299084296 ], [ 5.9243688, 52.808206499084314 ], [ 5.9255248, 52.808738699084323 ], [ 5.926418, 52.809136799084328 ], [ 5.9265523, 52.809196899084334 ], [ 5.9263781, 52.809357199084332 ], [ 5.9255746, 52.809019299084312 ], [ 5.9252492, 52.80933419908434 ], [ 5.9288445, 52.811055999084346 ], [ 5.9286128, 52.81134189908434 ], [ 5.9266747, 52.810524299084328 ], [ 5.9264186, 52.810933299084361 ], [ 5.9266639, 52.811045999084342 ], [ 5.9269325, 52.811179399084352 ], [ 5.9269659, 52.811290899084341 ], [ 5.9275756, 52.811591399084321 ], [ 5.9283631, 52.811942399084359 ], [ 5.9290683, 52.812289899084355 ], [ 5.9293038, 52.812402999084355 ], [ 5.9294882, 52.812515399084361 ], [ 5.9299934, 52.812745199084361 ], [ 5.9306162, 52.812887399084346 ], [ 5.9307787, 52.812875499084328 ], [ 5.9309936, 52.812884799084344 ], [ 5.9315017, 52.81309969908434 ], [ 5.9322667, 52.813445399084351 ], [ 5.9324816, 52.813271699084382 ], [ 5.9325491, 52.813223899084363 ], [ 5.9325919, 52.81323089908436 ], [ 5.9334695, 52.813629699084359 ], [ 5.934469, 52.814083299084352 ], [ 5.9355432, 52.814566799084389 ], [ 5.936603, 52.815052799084356 ], [ 5.9378296, 52.815603799084357 ], [ 5.9381243, 52.815716599084375 ], [ 5.9381331, 52.815642899084374 ], [ 5.938181, 52.815324799084365 ], [ 5.9382477, 52.815015599084383 ], [ 5.9382688, 52.81489969908435 ], [ 5.9383087, 52.814764199084358 ], [ 5.9383239, 52.814699199084366 ], [ 5.9383283, 52.814625499084364 ], [ 5.9382942, 52.814450499084352 ], [ 5.9382202, 52.814243899084353 ], [ 5.9382013, 52.81411229908435 ], [ 5.9382187, 52.814031499084358 ], [ 5.9383247, 52.813819599084347 ], [ 5.9384481, 52.813583199084356 ], [ 5.9385076, 52.813448099084354 ], [ 5.9385395, 52.81333309908436 ], [ 5.9386121, 52.812994399084346 ], [ 5.9387137, 52.812546499084348 ], [ 5.9388226, 52.812030099084353 ], [ 5.9388705, 52.811762499084345 ], [ 5.9389532, 52.81140819908434 ], [ 5.9385383, 52.811216699084341 ], [ 5.9384182, 52.811170199084323 ], [ 5.938583, 52.810967299084353 ], [ 5.9385865, 52.810953399084347 ], [ 5.9383459, 52.810837699084345 ], [ 5.9383334, 52.810926299084329 ], [ 5.9381258, 52.810888499084335 ], [ 5.9379908, 52.810991199084327 ], [ 5.9363029, 52.810217599084325 ], [ 5.9354129, 52.809821699084324 ], [ 5.9344907, 52.809408499084334 ], [ 5.934089, 52.809237399084324 ], [ 5.9345491, 52.809261099084324 ], [ 5.9347107, 52.809274399084316 ], [ 5.9348422, 52.809285399084324 ], [ 5.9350651, 52.809301999084326 ], [ 5.9352999, 52.809318699084329 ], [ 5.935566, 52.809331199084347 ], [ 5.9361658, 52.809329999084341 ], [ 5.9366824, 52.80931489908432 ], [ 5.9369253, 52.80929649908434 ], [ 5.9371802, 52.809267199084346 ], [ 5.9374601, 52.809228599084328 ], [ 5.9378464, 52.80918959908432 ], [ 5.9382903, 52.809096499084333 ], [ 5.9385583, 52.809038199084355 ], [ 5.9387004, 52.809004099084326 ], [ 5.9389803, 52.808935599084336 ], [ 5.939304, 52.808845599084336 ], [ 5.9398262, 52.808658999084329 ], [ 5.9404618, 52.808419799084312 ], [ 5.940494, 52.808413099084333 ], [ 5.9405159, 52.808431299084319 ], [ 5.9405175, 52.808449099084328 ], [ 5.9406437, 52.808464399084322 ], [ 5.940679, 52.80840709908432 ], [ 5.9407673, 52.808301299084306 ], [ 5.9408731, 52.808226699084308 ], [ 5.9409867, 52.808159399084325 ], [ 5.9419795, 52.807582099084314 ], [ 5.9422362, 52.807433699084307 ], [ 5.9423902, 52.807505399084327 ], [ 5.9444531, 52.808396499084317 ], [ 5.9449639, 52.808619599084324 ], [ 5.945026, 52.808616199084319 ], [ 5.9453879, 52.808330299084325 ], [ 5.9458886, 52.80788779908432 ], [ 5.9459445, 52.807851699084324 ], [ 5.9459901, 52.807842799084312 ], [ 5.9460569, 52.807847599084326 ], [ 5.9462563, 52.807932299084335 ], [ 5.9470697, 52.808285199084324 ], [ 5.9482632, 52.808805299084312 ], [ 5.9483166, 52.808819999084328 ], [ 5.9483657, 52.808813099084311 ], [ 5.9484428, 52.808760999084328 ], [ 5.9490246, 52.808305799084316 ], [ 5.9490706, 52.808259899084319 ], [ 5.9490724, 52.808221299084302 ], [ 5.9490356, 52.808190899084309 ], [ 5.9489134, 52.808129599084324 ], [ 5.9488209, 52.808085699084316 ], [ 5.9487746, 52.808035399084332 ], [ 5.9487918, 52.80798109908433 ], [ 5.9488891, 52.807905099084309 ], [ 5.9492702, 52.807600399084308 ], [ 5.9493038, 52.807559699084308 ], [ 5.9493034, 52.807525299084318 ], [ 5.9492543, 52.807479899084299 ], [ 5.9486193, 52.807206499084316 ], [ 5.9476867, 52.80679159908432 ], [ 5.9470509, 52.806512199084295 ], [ 5.9462122, 52.806146599084322 ], [ 5.9458987, 52.806005599084301 ], [ 5.9457166, 52.805926499084315 ], [ 5.9456299, 52.805877599084326 ], [ 5.9455786, 52.805844899084292 ], [ 5.9455664, 52.805795499084297 ], [ 5.9455606, 52.805717799084313 ], [ 5.9455996, 52.80566099908431 ], [ 5.9455994, 52.805585799084312 ], [ 5.9460191, 52.805332199084297 ], [ 5.9468415, 52.804876899084299 ], [ 5.9473718, 52.804589899084291 ], [ 5.9477228, 52.804413299084288 ], [ 5.9480726, 52.804242199084293 ], [ 5.9485293, 52.804041099084287 ], [ 5.9489471, 52.803869499084293 ], [ 5.9494607, 52.803676199084279 ], [ 5.9499625, 52.803493999084282 ], [ 5.9503747, 52.803353499084288 ], [ 5.9508713, 52.803194899084289 ], [ 5.9509448, 52.803229299084286 ], [ 5.951582, 52.803531499084293 ], [ 5.9519591, 52.803703599084294 ], [ 5.9527689, 52.804093599084311 ], [ 5.9530506, 52.804195299084299 ], [ 5.9531669, 52.804187899084297 ], [ 5.9532984, 52.804149899084287 ], [ 5.9534162, 52.804067399084303 ], [ 5.9536546, 52.803876999084281 ], [ 5.9538923, 52.803688699084312 ], [ 5.9543438, 52.803332799084288 ], [ 5.9545439, 52.803169899084274 ], [ 5.9547332, 52.803030099084289 ], [ 5.9548516, 52.802952399084297 ], [ 5.9549701, 52.802925299084265 ], [ 5.9550669, 52.802921799084281 ], [ 5.9551738, 52.80293669908427 ], [ 5.9555177, 52.803110499084305 ], [ 5.9557106, 52.803199999084271 ], [ 5.9559186, 52.80325939908429 ], [ 5.9563593, 52.803472099084296 ], [ 5.9568578, 52.803719299084278 ], [ 5.9572602, 52.803902699084297 ], [ 5.9573646, 52.803925399084285 ], [ 5.9574982, 52.803902599084289 ], [ 5.9576214, 52.803826299084278 ], [ 5.9580751, 52.803495299084304 ], [ 5.958523, 52.803154999084285 ], [ 5.9588849, 52.802877699084306 ], [ 5.9590792, 52.802746199084297 ], [ 5.9591825, 52.802699099084279 ], [ 5.9593111, 52.802685999084289 ], [ 5.9594181, 52.802700399084294 ], [ 5.9604836, 52.80323319908431 ], [ 5.9610348, 52.803515799084288 ], [ 5.9618432, 52.803920199084288 ], [ 5.9619891, 52.803984799084297 ], [ 5.9621156, 52.804002799084287 ], [ 5.9622456, 52.803983999084309 ], [ 5.9624804, 52.803850799084287 ], [ 5.9626278, 52.803744199084292 ], [ 5.9637461, 52.802927899084288 ], [ 5.9642156, 52.802595099084286 ], [ 5.9644266, 52.802441399084287 ], [ 5.9649193, 52.802090199084276 ], [ 5.965503, 52.801681399084281 ], [ 5.9658628, 52.801421099084294 ], [ 5.9659733, 52.801387899084283 ], [ 5.9660925, 52.80137699908429 ], [ 5.9661951, 52.801399299084267 ], [ 5.9667304, 52.801673099084283 ], [ 5.9667745, 52.801672699084293 ], [ 5.9671458, 52.80141939908426 ], [ 5.9674665, 52.801212399084299 ], [ 5.9658122, 52.800309599084251 ], [ 5.9646097, 52.799639999084263 ], [ 5.9651349, 52.79929679908426 ], [ 5.9654032, 52.799444399084265 ], [ 5.9656875, 52.799269299084266 ], [ 5.9661488, 52.798933599084279 ], [ 5.9654354, 52.798561199084261 ], [ 5.965607, 52.798523699084257 ], [ 5.9663768, 52.798375699084275 ], [ 5.9667309, 52.798313299084271 ], [ 5.9669568, 52.798271099084268 ], [ 5.9671198, 52.798247599084256 ], [ 5.9672767, 52.798227099084244 ], [ 5.9675422, 52.798185099084272 ], [ 5.9679566, 52.798144599084274 ], [ 5.9683268, 52.798112999084275 ], [ 5.9690107, 52.798058599084243 ], [ 5.9694868, 52.798035099084267 ], [ 5.9701064, 52.798024599084243 ], [ 5.9705275, 52.798017299084258 ], [ 5.9711887, 52.798010799084253 ], [ 5.9722267, 52.798001099084246 ], [ 5.9727172, 52.798295899084273 ], [ 5.9741727, 52.79909649908425 ], [ 5.9749129, 52.799512499084265 ], [ 5.9754534, 52.79982749908428 ], [ 5.97556, 52.799816999084264 ], [ 5.9756814, 52.799779699084283 ], [ 5.9760194, 52.799662499084263 ], [ 5.9768938, 52.799371399084272 ], [ 5.9778781, 52.799044599084283 ], [ 5.9787633, 52.798748699084264 ], [ 5.9793748, 52.798541899084256 ], [ 5.9803873, 52.798206199084255 ], [ 5.9807494, 52.798103199084274 ], [ 5.9812282, 52.797973499084272 ], [ 5.981943, 52.797789399084238 ], [ 5.983889, 52.797760199084273 ], [ 5.9845521, 52.797727799084278 ], [ 5.9846695, 52.797724599084269 ], [ 5.9846742, 52.797748099084252 ], [ 5.9846849, 52.797801599084274 ], [ 5.9847406, 52.797883899084248 ], [ 5.9848626, 52.797960099084257 ], [ 5.9850457, 52.798072799084245 ], [ 5.9852703, 52.798200499084267 ], [ 5.9854158, 52.798281599084255 ], [ 5.9856438, 52.798407699084258 ], [ 5.9861316, 52.798679399084264 ], [ 5.9862091, 52.798675899084287 ], [ 5.9862865, 52.798640499084271 ], [ 5.9863539, 52.798617299084263 ], [ 5.9873363, 52.798229299084255 ], [ 5.9882227, 52.797915899084273 ], [ 5.9884809, 52.797798799084269 ], [ 5.9894981, 52.797795499084252 ], [ 5.9905073, 52.797783799084257 ], [ 5.9907199, 52.797782499084263 ], [ 5.9908205, 52.797811699084249 ], [ 5.9908634, 52.797851099084255 ], [ 5.9908674, 52.797924399084252 ], [ 5.9910759, 52.799220199084274 ], [ 5.9911202, 52.799268799084267 ], [ 5.9911939, 52.799289099084284 ], [ 5.9912932, 52.799289099084284 ], [ 5.9926148, 52.799308199084258 ], [ 5.9937897, 52.79932399908428 ], [ 5.9939184, 52.799313399084269 ], [ 5.9939573, 52.799299699084258 ], [ 5.9939754, 52.799265199084275 ], [ 5.993972, 52.799021899084266 ], [ 5.9939486, 52.798510699084275 ], [ 5.9939392, 52.798330299084256 ], [ 5.9939425, 52.798237399084258 ], [ 5.9939613, 52.798194099084263 ], [ 5.994013, 52.798168899084267 ], [ 5.9941974, 52.798124699084262 ], [ 5.9948236, 52.797980799084257 ], [ 5.9949752, 52.797960499084269 ], [ 5.9951013, 52.797954899084274 ], [ 5.9954526, 52.79799049908425 ], [ 5.9958335, 52.798032699084253 ], [ 5.9963116, 52.79804569908427 ], [ 5.9968856, 52.798051299084257 ], [ 5.9973087, 52.798045299084272 ], [ 5.9973878, 52.798052999084277 ], [ 5.9974241, 52.798075699084251 ], [ 5.9974442, 52.79810929908426 ], [ 5.9975287, 52.798359899084275 ], [ 5.9976165, 52.798618099084251 ], [ 5.9976561, 52.798638399084268 ], [ 5.9976943, 52.798642099084255 ], [ 5.9977734, 52.798625799084263 ], [ 5.9982616, 52.798523699084257 ], [ 5.9994176, 52.79826619908426 ], [ 6.0003691, 52.798015699084267 ], [ 6.0011114, 52.797807699084267 ], [ 6.0012898, 52.797746499084241 ], [ 6.0007896, 52.797271299084265 ], [ 6.0003416, 52.796835799084256 ], [ 5.9997368, 52.79624879908426 ], [ 6.0005951, 52.795981199084245 ], [ 6.0013823, 52.795723299084258 ], [ 6.0017109, 52.795604899084246 ], [ 6.0022219, 52.79542889908425 ], [ 6.0033055, 52.795065199084249 ], [ 6.0036445, 52.795458599084256 ], [ 6.0039378, 52.795457699084253 ], [ 6.0051522, 52.795472699084236 ], [ 6.0053493, 52.795473499084245 ], [ 6.0060748, 52.795481599084262 ], [ 6.0062157, 52.795492599084255 ], [ 6.0063679, 52.795534699084264 ], [ 6.0075574, 52.795874099084259 ], [ 6.0076869, 52.795895199084249 ], [ 6.0078404, 52.795906499084253 ], [ 6.0084647, 52.795936999084262 ], [ 6.0086813, 52.795944699084238 ], [ 6.0092191, 52.795968199084271 ], [ 6.0093988, 52.795957199084242 ], [ 6.0101578, 52.795882199084247 ], [ 6.0103872, 52.795855899084259 ], [ 6.0107593, 52.795818599084264 ], [ 6.0118979, 52.795712699084248 ], [ 6.0123861, 52.795661199084257 ], [ 6.0123338, 52.795473899084243 ], [ 6.0122889, 52.795192099084247 ], [ 6.0122956, 52.795124399084258 ], [ 6.0123298, 52.795094399084256 ], [ 6.01238, 52.795083899084254 ], [ 6.0124733, 52.795089599084243 ], [ 6.0126684, 52.795096399084251 ], [ 6.0136829, 52.795126899084224 ], [ 6.0138928, 52.79512769908424 ], [ 6.0138814, 52.795017399084252 ], [ 6.0137446, 52.793994799084231 ], [ 6.0136655, 52.793386999084227 ], [ 6.0136119, 52.792952299084234 ], [ 6.0135756, 52.792800699084232 ], [ 6.0122587, 52.792901999084222 ], [ 6.011568, 52.792950699084244 ], [ 6.0111254, 52.792986399084235 ], [ 6.0107499, 52.793027699084242 ], [ 6.0101974, 52.793099099084237 ], [ 6.0099882, 52.79312909908424 ], [ 6.0096154, 52.79319319908425 ], [ 6.0092318, 52.793258899084229 ], [ 6.0089006, 52.793331799084243 ], [ 6.0085814, 52.793392699084244 ], [ 6.0081938, 52.793479399084255 ], [ 6.0079175, 52.793546699084239 ], [ 6.0076936, 52.793604299084222 ], [ 6.0074012, 52.793695199084233 ], [ 6.0071772, 52.793762499084252 ], [ 6.0070056, 52.793819999084235 ], [ 6.005922, 52.794192299084237 ], [ 6.0051548, 52.794435499084251 ], [ 6.0048679, 52.794125799084242 ], [ 6.0046573, 52.794175199084236 ], [ 6.0041544, 52.793693499084249 ], [ 6.0041074, 52.793609999084239 ], [ 6.0041329, 52.793537799084248 ], [ 6.0045326, 52.793294499084226 ], [ 6.0045755, 52.793249099084257 ], [ 6.0045634, 52.793204499084226 ], [ 6.0044065, 52.793118599084231 ], [ 6.0036944, 52.792760099084227 ], [ 6.0031204, 52.79249409908423 ], [ 6.0029554, 52.792420299084242 ], [ 6.0028307, 52.792352999084237 ], [ 6.0026899, 52.79221679908423 ], [ 6.0029222, 52.792136099084225 ], [ 6.0038137, 52.791769899084223 ], [ 6.0042429, 52.79157199908424 ], [ 6.0044092, 52.791478799084231 ], [ 6.0048223, 52.791212799084221 ], [ 6.0059179, 52.790426099084222 ], [ 6.0071343, 52.789529899084229 ], [ 6.0076949, 52.789090299084208 ], [ 6.0078733, 52.788876199084221 ], [ 6.0090038, 52.788093599084227 ], [ 6.009905, 52.787395199084209 ], [ 6.0106198, 52.786846199084195 ], [ 6.0110584, 52.786507899084214 ], [ 6.0118322, 52.785907699084213 ], [ 6.0122573, 52.785573599084202 ], [ 6.0124773, 52.785412099084219 ], [ 6.0128394, 52.785133099084199 ], [ 6.0133383, 52.784736499084204 ], [ 6.0165596, 52.782096199084187 ], [ 6.016911, 52.78181799908419 ], [ 6.0178296, 52.78104979908418 ], [ 6.0182964, 52.780650099084191 ], [ 6.0183257, 52.780614399084172 ], [ 6.0182171, 52.780582999084181 ], [ 6.0171868, 52.780289799084166 ], [ 6.0134093, 52.779208299084196 ], [ 6.0109547, 52.778495999084186 ], [ 6.0085334, 52.777802499084181 ], [ 6.0069568, 52.777356499084199 ], [ 6.0109888, 52.774013599084171 ], [ 6.011209, 52.773818499084165 ], [ 6.0098766, 52.773449999084164 ], [ 6.0097308, 52.773406299084158 ], [ 6.0058054, 52.772252299084172 ], [ 6.005635, 52.772240299084189 ], [ 6.0053708, 52.772403799084174 ], [ 6.0052668, 52.772495499084179 ], [ 6.0051917, 52.772581499084168 ], [ 6.0050851, 52.772668299084174 ], [ 6.0049108, 52.772819199084175 ], [ 6.0042691, 52.773344899084172 ], [ 6.0039988, 52.773623599084175 ], [ 6.0029823, 52.774464899084158 ], [ 6.0026443, 52.774752999084164 ], [ 6.0023533, 52.775004499084183 ], [ 6.0021883, 52.775147199084174 ], [ 6.0020837, 52.775242199084182 ], [ 6.0019885, 52.775353299084166 ], [ 6.0018028, 52.77553539908417 ], [ 6.001711, 52.775610199084184 ], [ 6.0014688, 52.775820999084175 ], [ 5.9977251, 52.778857099084192 ], [ 5.9970036, 52.779454999084187 ], [ 5.9962834, 52.780043899084191 ], [ 5.9932386, 52.782548299084205 ], [ 5.9927699, 52.782362799084197 ], [ 5.9926529, 52.782474499084188 ], [ 5.9926755, 52.782483899084191 ], [ 5.992437, 52.782688099084211 ], [ 5.9900528, 52.78445999908422 ], [ 5.9903962, 52.784614899084197 ], [ 5.9906495, 52.784740599084202 ], [ 5.9918963, 52.785360599084193 ], [ 5.9926958, 52.785757599084214 ], [ 5.994562, 52.786672199084201 ], [ 5.9948792, 52.786827299084223 ], [ 5.9949983, 52.786891099084194 ], [ 5.9945903, 52.787198299084224 ], [ 5.9942351, 52.787021099084207 ], [ 5.9933035, 52.786552099084226 ], [ 5.9928207, 52.786319399084199 ], [ 5.991719, 52.7857819990842 ], [ 5.9905422, 52.785203699084192 ], [ 5.9902643, 52.785063199084199 ], [ 5.9896887, 52.784772099084194 ], [ 5.9880926, 52.783981699084201 ], [ 5.9868997, 52.783387999084198 ], [ 5.9855901, 52.782744799084206 ], [ 5.9844609, 52.782189099084178 ], [ 5.9843262, 52.782123799084175 ], [ 5.9842189, 52.782088099084206 ], [ 5.9838507, 52.781967299084201 ], [ 5.9835812, 52.781842699084187 ], [ 5.9833658, 52.781744799084208 ], [ 5.9832573, 52.781695499084186 ], [ 5.9831567, 52.781652099084191 ], [ 5.9831178, 52.781598599084212 ], [ 5.9831426, 52.781541799084188 ], [ 5.98324, 52.781353599084198 ], [ 5.983159, 52.781322399084182 ], [ 5.9830913, 52.781193899084194 ], [ 5.98295, 52.781168999084201 ], [ 5.9828048, 52.781151499084174 ], [ 5.9827005, 52.781154899084186 ], [ 5.9825703, 52.781174999084193 ], [ 5.9824649, 52.781199399084208 ], [ 5.9823876, 52.781202299084157 ], [ 5.9823614, 52.78119419908419 ], [ 5.9822803, 52.781233599084182 ], [ 5.9822273, 52.781270099084196 ], [ 5.9822501, 52.781300899084201 ], [ 5.9822227, 52.781338099084202 ], [ 5.9817821, 52.781128099084185 ], [ 5.9812741, 52.780885699084195 ], [ 5.9811575, 52.780829699084187 ], [ 5.9810217, 52.780766699084211 ], [ 5.980909, 52.780715599084175 ], [ 5.9808058, 52.78066979908418 ], [ 5.9807776, 52.780613399084181 ], [ 5.9808151, 52.780552999084186 ], [ 5.9807454, 52.780544399084192 ], [ 5.9806374, 52.780493299084192 ], [ 5.9804423, 52.780365999084204 ], [ 5.9801674, 52.780116899084199 ], [ 5.9800997, 52.779982299084182 ], [ 5.9801345, 52.779856099084171 ], [ 5.9802197, 52.77985169908419 ], [ 5.9803967, 52.779818399084178 ], [ 5.9805127, 52.779767299084192 ], [ 5.9807099, 52.7796354990842 ], [ 5.9808031, 52.779558399084181 ], [ 5.9808829, 52.779470399084182 ], [ 5.9809211, 52.779364599084175 ], [ 5.980966, 52.779154899084169 ], [ 5.9810109, 52.778906599084188 ], [ 5.9810619, 52.778746799084168 ], [ 5.9812255, 52.778549699084181 ], [ 5.9816614, 52.778102699084172 ], [ 5.9818773, 52.777826099084166 ], [ 5.9820248, 52.777492599084198 ], [ 5.9821509, 52.777172199084177 ], [ 5.9821723, 52.777023699084175 ], [ 5.9821925, 52.776768999084183 ], [ 5.9821428, 52.776498799084187 ], [ 5.9819792, 52.775929299084183 ], [ 5.9819618, 52.775673799084174 ], [ 5.9819846, 52.775407699084177 ], [ 5.9820342, 52.775186199084182 ], [ 5.9822005, 52.774899799084167 ], [ 5.9823507, 52.774712399084159 ], [ 5.9826994, 52.774312399084181 ], [ 5.983205, 52.773864599084177 ], [ 5.9837347, 52.773355899084173 ], [ 5.9841129, 52.772974499084164 ], [ 5.9843704, 52.77259649908418 ], [ 5.9846199, 52.772237799084174 ], [ 5.9847352, 52.77189549908416 ], [ 5.9848532, 52.771520599084162 ], [ 5.9849659, 52.771217199084177 ], [ 5.9853038, 52.770801699084153 ], [ 5.9855989, 52.770404199084183 ], [ 5.9859985, 52.769858899084163 ], [ 5.9863338, 52.76934609908416 ], [ 5.9871358, 52.768468199084154 ], [ 5.987758, 52.767867699084157 ], [ 5.9879062, 52.76769929908415 ], [ 5.9879901, 52.767600699084149 ], [ 5.9861808, 52.767097799084162 ], [ 5.985254, 52.766848499084162 ], [ 5.9841007, 52.766522299084166 ], [ 5.9829272, 52.766186599084158 ], [ 5.9824467, 52.766050799084162 ], [ 5.9816988, 52.765839999084143 ], [ 5.9799596, 52.765343599084147 ], [ 5.9780329, 52.764797599084147 ], [ 5.9778242, 52.76473849908416 ], [ 5.9773457, 52.764600999084173 ], [ 5.9776729, 52.764135399084147 ], [ 5.9777467, 52.764155299084159 ], [ 5.9778506, 52.764047299084162 ], [ 5.9777956, 52.764015299084157 ], [ 5.9777635, 52.763986899084159 ], [ 5.9777527, 52.763940599084165 ], [ 5.9777782, 52.763892299084169 ], [ 5.977864, 52.76378599908417 ], [ 5.9780833, 52.763508899084144 ], [ 5.9782858, 52.763248799084145 ], [ 5.9785031, 52.762966399084156 ], [ 5.9787418, 52.762662499084151 ], [ 5.9789912, 52.762345199084166 ], [ 5.9792668, 52.761979199084159 ], [ 5.9795042, 52.761684999084153 ], [ 5.9796926, 52.761446799084169 ], [ 5.9798643, 52.761222399084176 ], [ 5.9800447, 52.760977299084153 ], [ 5.9802753, 52.760675799084161 ], [ 5.9804732, 52.760402299084163 ], [ 5.9807139, 52.760091099084157 ], [ 5.9809318, 52.759815599084149 ], [ 5.9812436, 52.759419099084141 ], [ 5.9814904, 52.75908959908417 ], [ 5.9817358, 52.758782799084159 ], [ 5.9819712, 52.758476799084143 ], [ 5.9825157, 52.757773999084165 ], [ 5.9827629, 52.757456699084152 ], [ 5.9826051, 52.757413799084162 ], [ 5.9826245, 52.757377199084146 ], [ 5.9825439, 52.757357899084163 ], [ 5.9825266, 52.757400099084158 ], [ 5.9812711, 52.757053299084141 ], [ 5.9798422, 52.756640399084169 ], [ 5.977777, 52.756054099084167 ], [ 5.9772613, 52.755917399084147 ], [ 5.9772965, 52.755878499084147 ], [ 5.9771937, 52.755848699084154 ], [ 5.9770962, 52.755820499084159 ], [ 5.9772411, 52.755635299084162 ], [ 5.977575, 52.755205499084155 ], [ 5.9777936, 52.754945399084143 ], [ 5.9779277, 52.754817999084153 ], [ 5.9780813, 52.754717699084161 ], [ 5.9782322, 52.754638199084162 ], [ 5.978331, 52.754595499084147 ], [ 5.978401, 52.754568199084169 ], [ 5.978454, 52.754547699084164 ], [ 5.9786546, 52.754494099084155 ], [ 5.9788048, 52.75446449908415 ], [ 5.979002, 52.754438899084157 ], [ 5.9791864, 52.754433199084168 ], [ 5.9794412, 52.754441799084155 ], [ 5.9798294, 52.75445469908415 ], [ 5.9821918, 52.754529399084163 ], [ 5.9829413, 52.754554799084161 ], [ 5.9829437, 52.75449239908415 ], [ 5.98307, 52.75450279908415 ], [ 5.9831728, 52.754511199084156 ], [ 5.983846, 52.754531399084158 ], [ 5.9855291, 52.754584199084142 ], [ 5.986602, 52.754615899084143 ], [ 5.9881812, 52.754664199084154 ], [ 5.9881993, 52.754347199084158 ], [ 5.9882314, 52.753983599084144 ], [ 5.9882542, 52.753648299084155 ], [ 5.9882864, 52.75327089908415 ], [ 5.9883186, 52.752933999084149 ], [ 5.9883361, 52.752562299084154 ], [ 5.9883656, 52.752196199084153 ], [ 5.988391, 52.751825999084161 ], [ 5.9884232, 52.751467299084148 ], [ 5.9884366, 52.751124699084166 ], [ 5.9884715, 52.75074479908416 ], [ 5.9884943, 52.750371399084159 ], [ 5.9885278, 52.749980899084157 ], [ 5.9885614, 52.749629399084171 ], [ 5.9885909, 52.749206499084146 ], [ 5.9886163, 52.748895599084165 ], [ 5.9886512, 52.748555499084155 ], [ 5.988678, 52.74819499908417 ], [ 5.9887049, 52.747831299084147 ], [ 5.9887384, 52.747370199084159 ], [ 5.9887665, 52.747018699084151 ], [ 5.988788, 52.746764599084166 ], [ 5.9888175, 52.74642929908417 ], [ 5.9888631, 52.746033199084174 ], [ 5.9888953, 52.745594799084174 ], [ 5.9889168, 52.745210799084148 ], [ 5.9889503, 52.744777999084157 ], [ 5.9889784, 52.744544999084169 ], [ 5.9889825, 52.744258399084167 ], [ 5.9889851, 52.744143199084156 ], [ 5.9890093, 52.74397589908417 ], [ 5.9890509, 52.743832199084153 ], [ 5.9892287, 52.743596799084166 ], [ 5.9893372, 52.743629599084159 ], [ 5.9894956, 52.743482699084161 ], [ 5.989583, 52.743507899084157 ], [ 5.9901193, 52.743654099084168 ], [ 5.9905708, 52.743767499084186 ], [ 5.9910745, 52.74388299908415 ], [ 5.9914894, 52.743965699084171 ], [ 5.9916581, 52.743997399084158 ], [ 5.9917901, 52.744021999084168 ], [ 5.9920956, 52.744074999084162 ], [ 5.9922101, 52.744091799084181 ], [ 5.9927094, 52.744166199084162 ], [ 5.9929539, 52.744188599084175 ], [ 5.9931905, 52.744202599084169 ], [ 5.9934301, 52.74422379908416 ], [ 5.9936889, 52.744258399084167 ], [ 5.9939323, 52.744274899084168 ], [ 5.9940895, 52.744284999084165 ], [ 5.9943693, 52.744301399084165 ], [ 5.994858, 52.744323099084163 ], [ 5.9953032, 52.744394599084146 ], [ 5.9960247, 52.74441769908416 ], [ 5.9961857, 52.74441989908415 ], [ 5.9962763, 52.74442559908416 ], [ 5.9969997, 52.744456699084161 ], [ 5.9970281, 52.744334699084149 ], [ 5.9970349, 52.74426389908416 ], [ 5.9969507, 52.744222499084159 ], [ 5.9969411, 52.743954299084187 ], [ 5.9970081, 52.74391569908417 ], [ 5.9970006, 52.743854499084172 ], [ 5.9969306, 52.743282499084167 ], [ 5.9969163, 52.743200499084175 ], [ 5.996882, 52.74311019908415 ], [ 5.9968365, 52.743016699084166 ], [ 5.9967731, 52.742917599084159 ], [ 5.9966496, 52.742773799084162 ], [ 5.9965741, 52.742702299084165 ], [ 5.9964959, 52.742638699084161 ], [ 5.9965574, 52.74260009908415 ], [ 5.9965571, 52.742577699084165 ], [ 5.9965787, 52.742548899084163 ], [ 5.9966307, 52.742514899084163 ], [ 5.996702, 52.742481399084177 ], [ 5.9967845, 52.742455699084161 ], [ 5.9968864, 52.742431599084178 ], [ 5.9969827, 52.742417699084164 ], [ 5.9971594, 52.742408299084175 ], [ 5.9974906, 52.74239649908418 ], [ 5.9977513, 52.742389599084163 ], [ 5.9979335, 52.742380199084167 ], [ 5.998027, 52.742366299084154 ], [ 5.998104, 52.742345599084175 ], [ 5.9981836, 52.742310399084175 ], [ 5.9982466, 52.742266299084172 ], [ 5.9982983, 52.742217699084172 ], [ 5.9983335, 52.74215679908415 ], [ 5.9983626, 52.742067899084176 ], [ 5.9983839, 52.742018899084165 ], [ 5.9984114, 52.741999099084147 ], [ 5.9984552, 52.741985399084164 ], [ 5.9985588, 52.741985499084159 ], [ 5.9987909, 52.741999399084172 ], [ 5.9989897, 52.742001799084164 ], [ 5.9991221, 52.741984299084166 ], [ 5.9992129, 52.741957399084164 ], [ 5.9992977, 52.741918199084161 ], [ 5.9993743, 52.741870599084166 ], [ 5.9994206, 52.741816999084172 ], [ 5.9994663, 52.741731399084152 ], [ 5.9994825, 52.741598199084187 ], [ 5.9995011, 52.741356499084162 ], [ 5.9995134, 52.741235699084164 ], [ 5.9995214, 52.741213699084163 ], [ 5.9995597, 52.741188799084163 ], [ 5.9996614, 52.74116469908418 ], [ 5.9998627, 52.741145099084143 ], [ 6.0001262, 52.741143699084162 ], [ 6.0001746, 52.741143499084174 ], [ 6.0001961, 52.741144599084159 ], [ 6.0003142, 52.74115009908418 ], [ 6.0005767, 52.741174099084169 ], [ 6.0007385, 52.74117719908417 ], [ 6.000779, 52.741176999084168 ], [ 6.0009162, 52.741163899084164 ], [ 6.0010236, 52.741146499084159 ], [ 6.0011747, 52.741099099084167 ], [ 6.001442, 52.740997699084161 ], [ 6.0021809, 52.740725399084184 ], [ 6.0022885, 52.740686599084157 ], [ 6.0023603, 52.740674999084156 ], [ 6.0024568, 52.740674499084164 ], [ 6.0024813, 52.740676099084176 ], [ 6.0026958, 52.740723899084166 ], [ 6.0030693, 52.740822999084152 ], [ 6.003359, 52.740890099084154 ], [ 6.0035143, 52.740926899084158 ], [ 6.0036096, 52.740921399084193 ], [ 6.0043371, 52.741103599084163 ], [ 6.0044619, 52.740898399084166 ], [ 6.0034884, 52.740666399084169 ], [ 6.0032032, 52.740590399084155 ], [ 6.0029665, 52.740509599084163 ], [ 6.0027175, 52.740423199084177 ], [ 6.0025438, 52.740347699084161 ], [ 6.0023648, 52.740271099084168 ], [ 6.0021815, 52.74017089908417 ], [ 6.0019791, 52.740073099084171 ], [ 6.001702, 52.739917199084161 ], [ 6.0015886, 52.739833599084157 ], [ 6.0015016, 52.739702599084168 ], [ 6.0009877, 52.738920399084165 ], [ 6.0005765, 52.738291099084172 ], [ 6.0005252, 52.738211099084161 ], [ 6.0006011, 52.738112399084166 ], [ 6.0008089, 52.738033799084171 ], [ 6.0011288, 52.737940599084183 ], [ 6.0013286, 52.737836199084171 ], [ 6.0013974, 52.737790299084189 ], [ 6.0014239, 52.737749199084178 ], [ 6.0016039, 52.737497699084166 ], [ 6.0017747, 52.737240699084175 ], [ 6.0018722, 52.73712779908417 ], [ 6.0020407, 52.736984299084178 ], [ 6.0021697, 52.736896499084182 ], [ 6.0022913, 52.736837499084167 ], [ 6.0024258, 52.736776699084182 ], [ 6.0025605, 52.73672989908416 ], [ 6.0027448, 52.736689699084167 ], [ 6.0030499, 52.736634699084171 ], [ 6.0032811, 52.736587999084165 ], [ 6.0035829, 52.736512299084183 ], [ 6.0035387, 52.736463099084176 ], [ 6.0035785, 52.736461199084175 ], [ 6.0037025, 52.736425199084167 ], [ 6.0051848, 52.736007399084187 ], [ 6.0054277, 52.735951699084183 ], [ 6.0056905, 52.735901499084171 ], [ 6.0060341, 52.735854699084193 ], [ 6.0064199, 52.735799399084172 ], [ 6.0071508, 52.73570009908417 ], [ 6.0078394, 52.735603799084167 ], [ 6.0080481, 52.735570699084178 ], [ 6.0081721, 52.735534699084177 ], [ 6.0082813, 52.735485199084174 ], [ 6.0083991, 52.735392999084183 ], [ 6.0084562, 52.735302899084168 ], [ 6.0086238, 52.734985199084171 ], [ 6.0090076, 52.734227599084178 ], [ 6.0090562, 52.734098699084178 ], [ 6.0091063, 52.733811399084175 ], [ 6.0090933, 52.733447999084191 ], [ 6.0091153, 52.733220399084189 ], [ 6.0091452, 52.733093299084189 ], [ 6.0091962, 52.732957599084195 ], [ 6.0092878, 52.732789199084181 ], [ 6.0093994, 52.73261499908417 ], [ 6.0095601, 52.732382699084205 ], [ 6.0097679, 52.73213669908418 ], [ 6.0099422, 52.731966699084197 ], [ 6.0100785, 52.731874399084177 ], [ 6.0101646, 52.731823399084178 ], [ 6.0102612, 52.731766799084205 ], [ 6.0104216, 52.731690099084211 ], [ 6.0105746, 52.731650499084189 ], [ 6.01063, 52.731640699084181 ], [ 6.0108153, 52.731639699084177 ], [ 6.0109824, 52.731661299084195 ], [ 6.011422, 52.731746599084204 ], [ 6.0116636, 52.731795399084184 ], [ 6.0118225, 52.731796199084194 ], [ 6.0119254, 52.731777699084176 ], [ 6.0120636, 52.731715199084192 ], [ 6.0124213, 52.731541399084193 ], [ 6.0125348, 52.731518399084187 ], [ 6.0126916, 52.731515899084194 ], [ 6.0136582, 52.731697999084183 ], [ 6.0150594, 52.731986299084177 ], [ 6.0160385, 52.73219599908419 ], [ 6.0208739, 52.733182099084175 ], [ 6.0218352, 52.733375299084187 ], [ 6.0227808, 52.733570299084178 ], [ 6.023721, 52.733758499084189 ], [ 6.024677, 52.733953399084179 ], [ 6.0255647, 52.734130699084197 ], [ 6.0274295, 52.734511099084173 ], [ 6.0304424, 52.735119599084165 ], [ 6.0317311, 52.735372099084188 ], [ 6.0322521, 52.735448999084184 ], [ 6.0327747, 52.735546699084196 ], [ 6.0331029, 52.735608899084177 ], [ 6.0334281, 52.735679199084167 ], [ 6.0344226, 52.735857499084197 ], [ 6.0352626, 52.736007499084181 ], [ 6.0363106, 52.736201799084192 ], [ 6.037301, 52.73639749908417 ], [ 6.0382518, 52.736592299084158 ], [ 6.0392515, 52.736801999084165 ], [ 6.0403869, 52.737054199084184 ], [ 6.0408054, 52.737146299084181 ], [ 6.0413671, 52.737264499084183 ], [ 6.0420097, 52.737391299084173 ], [ 6.0431767, 52.737620899084192 ], [ 6.0469279, 52.738366399084164 ], [ 6.0488876, 52.738758399084162 ], [ 6.0519966, 52.739372499084183 ], [ 6.0519885, 52.739224799084177 ], [ 6.0519698, 52.739210899084163 ], [ 6.0519494, 52.738809299084167 ], [ 6.0519296, 52.738277399084176 ], [ 6.0518994, 52.737764699084174 ], [ 6.0518803, 52.737222699084185 ], [ 6.0517275, 52.733664899084175 ], [ 6.0516807, 52.732679199084188 ], [ 6.0516635, 52.732151799084185 ], [ 6.0516141, 52.731149899084194 ], [ 6.0515946, 52.730641699084202 ], [ 6.0515587, 52.729858799084184 ], [ 6.0514974, 52.728556399084212 ], [ 6.0514903, 52.728391299084187 ], [ 6.0515181, 52.7283941990842 ], [ 6.0515085, 52.7283844990842 ], [ 6.0514467, 52.727039799084203 ], [ 6.0513669, 52.725179899084203 ], [ 6.0513305, 52.724142999084208 ], [ 6.0512508, 52.722634999084207 ], [ 6.0512072, 52.721799299084218 ], [ 6.0511954, 52.721365699084231 ], [ 6.0513815, 52.721345799084219 ], [ 6.051493, 52.721187999084229 ], [ 6.0514159, 52.720195399084233 ], [ 6.0513975, 52.719667499084238 ], [ 6.0513936, 52.719403599084238 ], [ 6.0512879, 52.717543699084253 ], [ 6.051188, 52.71538219908426 ], [ 6.0511345, 52.71423849908426 ], [ 6.0511952, 52.714150199084273 ], [ 6.0513187, 52.714099199084266 ], [ 6.0519683, 52.713938499084243 ], [ 6.0531026, 52.713668199084289 ], [ 6.0548968, 52.713230799084258 ], [ 6.0583557, 52.712350299084278 ], [ 6.0595671, 52.71204799908427 ], [ 6.0601756, 52.711912599084265 ], [ 6.0604235, 52.711879799084279 ], [ 6.0608685, 52.711877299084271 ], [ 6.061055, 52.711895099084281 ], [ 6.0612315, 52.711931799084283 ], [ 6.0617512, 52.712079699084263 ], [ 6.0620526, 52.712159699084275 ], [ 6.0623325, 52.712189599084269 ], [ 6.0624567, 52.712188899084275 ], [ 6.0632895, 52.712171599084265 ], [ 6.0637855, 52.712124799084272 ], [ 6.0643635, 52.712020899084258 ], [ 6.0647141, 52.711937199084289 ], [ 6.0657524, 52.711485099084285 ], [ 6.0661227, 52.711338399084269 ], [ 6.0664009, 52.711261399084279 ], [ 6.0681795, 52.710836399084272 ], [ 6.0703139, 52.710327699084289 ], [ 6.0720724, 52.709946799084278 ], [ 6.0730627, 52.70973999908427 ], [ 6.0731444, 52.709669399084284 ], [ 6.0731545, 52.709657699084289 ], [ 6.0731628, 52.709658499084291 ], [ 6.0734801, 52.709469199084282 ], [ 6.0731152, 52.709158399084288 ], [ 6.073066, 52.70911819908428 ], [ 6.0729752, 52.709047399084284 ], [ 6.0726627, 52.708717199084305 ], [ 6.0725233, 52.708524799084294 ], [ 6.0725535, 52.708426299084294 ], [ 6.0724915, 52.708367099084292 ], [ 6.0724544, 52.708314499084295 ], [ 6.072417, 52.708243899084287 ], [ 6.0724103, 52.70817089908428 ], [ 6.0724324, 52.708167499084283 ], [ 6.0724632, 52.708170599084305 ], [ 6.072483, 52.70818059908428 ], [ 6.0724864, 52.708217699084301 ], [ 6.0726314, 52.708206799084294 ], [ 6.072678, 52.708152599084293 ], [ 6.0727609, 52.708084099084289 ], [ 6.0728412, 52.708049399084274 ], [ 6.0728512, 52.708047599084296 ], [ 6.0729415, 52.708028599084294 ], [ 6.0730529, 52.708011099084295 ], [ 6.0731226, 52.708002299084306 ], [ 6.0732195, 52.707943799084291 ], [ 6.0732195, 52.707942699084285 ], [ 6.0736342, 52.707921799084275 ], [ 6.0736828, 52.707923199084313 ], [ 6.0739169, 52.707901599084288 ], [ 6.0740492, 52.707965499084303 ], [ 6.0741155, 52.707972999084262 ], [ 6.0742687, 52.707909199084298 ], [ 6.0743367, 52.707891299084295 ], [ 6.0750171, 52.707844699084291 ], [ 6.0753551, 52.707837699084287 ], [ 6.0769676, 52.707736299084303 ], [ 6.0773076, 52.707694399084311 ], [ 6.0774261, 52.707690899084305 ], [ 6.0775957, 52.707683199084293 ], [ 6.0778602, 52.707677199084287 ], [ 6.0781496, 52.707660899084303 ], [ 6.0785165, 52.707639699084311 ], [ 6.0787817, 52.707624099084299 ], [ 6.0787936, 52.707719499084284 ], [ 6.079139, 52.707688899084296 ], [ 6.0791244, 52.707610899084294 ], [ 6.07908, 52.707434199084311 ], [ 6.0795265, 52.707393399084296 ], [ 6.0795256, 52.707390599084292 ], [ 6.0796842, 52.707378999084312 ], [ 6.0796852, 52.70738009908429 ], [ 6.0797303, 52.707426999084284 ], [ 6.0797852, 52.707450899084307 ], [ 6.0798299, 52.707456199084291 ], [ 6.0798746, 52.707455999084289 ], [ 6.0799388, 52.707440399084312 ], [ 6.079973, 52.707410499084304 ], [ 6.0799827, 52.707395199084289 ], [ 6.0816677, 52.707219699084298 ], [ 6.0817372, 52.707231099084296 ], [ 6.0818866, 52.707260599084293 ], [ 6.082326, 52.707426599084293 ], [ 6.0824907, 52.707473899084299 ], [ 6.0826149, 52.707494499084291 ], [ 6.0827093, 52.707496799084304 ], [ 6.082883, 52.707483999084296 ], [ 6.0836166, 52.707405499084295 ], [ 6.0838648, 52.707383299084292 ], [ 6.084579, 52.707324599084295 ], [ 6.0849574, 52.707301099084319 ], [ 6.0862452, 52.707222199084292 ], [ 6.0869225, 52.707197499084295 ], [ 6.0870833, 52.707187499084306 ], [ 6.0878611, 52.707140299084301 ], [ 6.0882782, 52.707114799084295 ], [ 6.0891281, 52.70706259908431 ], [ 6.0892985, 52.7070519990843 ], [ 6.0895019, 52.707029499084292 ], [ 6.0896609, 52.706996499084298 ], [ 6.089916, 52.706897899084296 ], [ 6.0902152, 52.706766899084286 ], [ 6.0904431, 52.70663629908433 ], [ 6.0905919, 52.706522499084294 ], [ 6.0906154, 52.706490399084302 ], [ 6.0907939, 52.706516499084309 ], [ 6.0908086, 52.706501299084302 ], [ 6.0916367, 52.705207399084308 ], [ 6.0924248, 52.703938299084321 ], [ 6.0926432, 52.703691499084314 ], [ 6.0928334, 52.703632299084333 ], [ 6.0928051, 52.703597899084322 ], [ 6.0928457, 52.703317899084347 ], [ 6.0930414, 52.702921199084315 ], [ 6.0932667, 52.702567699084334 ], [ 6.0937774, 52.701715499084337 ], [ 6.0940469, 52.701275999084345 ], [ 6.0941036, 52.701178499084342 ], [ 6.0941963, 52.701049599084349 ], [ 6.0944655, 52.700596899084339 ], [ 6.0955727, 52.698816799084355 ], [ 6.0957088, 52.698683499084353 ], [ 6.0957586, 52.698607899084351 ], [ 6.0957289, 52.698568199084349 ], [ 6.0959692, 52.698115599084367 ], [ 6.0960965, 52.697884799084342 ], [ 6.0961308, 52.697760799084357 ], [ 6.0961726, 52.697641199084352 ], [ 6.0961865, 52.69760119908436 ], [ 6.0962004, 52.697556999084384 ], [ 6.096221, 52.697490599084361 ], [ 6.0963287, 52.697388299084366 ], [ 6.0964505, 52.697268199084363 ], [ 6.0965935, 52.697108099084353 ], [ 6.0967803, 52.696947699084376 ], [ 6.0969159, 52.696783099084364 ], [ 6.0970089, 52.69667639908436 ], [ 6.097122, 52.696481099084359 ], [ 6.0971211, 52.696419299084369 ], [ 6.0971198, 52.696343999084377 ], [ 6.0970136, 52.696278899084362 ], [ 6.0969982, 52.696267499084357 ], [ 6.0969733, 52.696246899084358 ], [ 6.0968768, 52.696235399084365 ], [ 6.0968044, 52.696193699084375 ], [ 6.0967601, 52.696168399084371 ], [ 6.0967477, 52.696143199084389 ], [ 6.0967318, 52.696104499084356 ], [ 6.0965303, 52.69606409908436 ], [ 6.0963751, 52.696030199084376 ], [ 6.0963278, 52.696021799084363 ], [ 6.096238, 52.696002699084367 ], [ 6.0960228, 52.695974999084378 ], [ 6.095965, 52.695945299084364 ], [ 6.0959339, 52.695879699084365 ], [ 6.0956967, 52.695837299084374 ], [ 6.0957553, 52.695743199084376 ], [ 6.0956852, 52.695726199084383 ], [ 6.0956536, 52.695717099084398 ], [ 6.0956112, 52.695707499084357 ], [ 6.0955431, 52.695688299084381 ], [ 6.0954933, 52.695681799084376 ], [ 6.0954478, 52.695694399084374 ], [ 6.0954105, 52.695703699084383 ], [ 6.0953437, 52.695705999084375 ], [ 6.0952524, 52.695679899084375 ], [ 6.095202, 52.695675699084369 ], [ 6.0951543, 52.695672299084364 ], [ 6.0950963, 52.695759399084366 ], [ 6.0950876, 52.695762899084386 ], [ 6.0950733, 52.695767699084371 ], [ 6.0947365, 52.695692199084377 ], [ 6.0947876, 52.695623399084376 ], [ 6.0948057, 52.695543999084386 ], [ 6.0948238, 52.695461099084376 ], [ 6.0948695, 52.695382999084366 ], [ 6.0947432, 52.695360999084386 ], [ 6.0944689, 52.695326399084387 ], [ 6.0942456, 52.695754899084378 ], [ 6.0935614, 52.69560029908439 ], [ 6.0932445, 52.695605499084373 ], [ 6.0932706, 52.695559599084362 ], [ 6.0932793, 52.695522199084365 ], [ 6.0932909, 52.695470699084375 ], [ 6.0932996, 52.695391499084373 ], [ 6.0932964, 52.695377199084398 ], [ 6.0932748, 52.695215499084384 ], [ 6.0931569, 52.695211999084378 ], [ 6.093108, 52.695406899084389 ], [ 6.0930861, 52.695423599084364 ], [ 6.093049, 52.695421899084373 ], [ 6.0930172, 52.695438599084376 ], [ 6.0929741, 52.695492499084388 ], [ 6.0929481, 52.695510699084387 ], [ 6.0929149, 52.695518499084379 ], [ 6.0928152, 52.695511199084372 ], [ 6.0926949, 52.695491899084381 ], [ 6.0926676, 52.695552799084361 ], [ 6.0921963, 52.695476899084362 ], [ 6.0922082, 52.695440599084371 ], [ 6.0921975, 52.695440999084376 ], [ 6.0919501, 52.695436799084383 ], [ 6.0918735, 52.695562499084367 ], [ 6.0916379, 52.695511099084378 ], [ 6.0915257, 52.69548089908438 ], [ 6.0916459, 52.695263299084374 ], [ 6.0916709, 52.695238499084397 ], [ 6.0917649, 52.695144699084388 ], [ 6.0913362, 52.69512129908437 ], [ 6.0909966, 52.695642999084377 ], [ 6.090691, 52.695609999084397 ], [ 6.0906233, 52.695611799084389 ], [ 6.09056, 52.695614099084374 ], [ 6.0905508, 52.695586099084373 ], [ 6.0904037, 52.695542599084384 ], [ 6.0903834, 52.695542799084379 ], [ 6.0903621, 52.695538899084376 ], [ 6.0900436, 52.695500599084369 ], [ 6.0897335, 52.695432199084387 ], [ 6.089771, 52.695335899084384 ], [ 6.0895352, 52.695322099084358 ], [ 6.0893698, 52.695315499084373 ], [ 6.0893698, 52.69531269908439 ], [ 6.0893696, 52.695273099084382 ], [ 6.0893717, 52.695173099084379 ], [ 6.0893862, 52.695094899084388 ], [ 6.0894096, 52.694968699084384 ], [ 6.0892992, 52.69497159908439 ], [ 6.0892453, 52.694972399084364 ], [ 6.0891919, 52.694974199084371 ], [ 6.0890073, 52.694979499084383 ], [ 6.0886813, 52.694988099084391 ], [ 6.0885617, 52.694994399084386 ], [ 6.0883682, 52.695011299084392 ], [ 6.0882627, 52.695020099084374 ], [ 6.0878185, 52.695098499084388 ], [ 6.0875785, 52.695151099084356 ], [ 6.0874069, 52.695202299084372 ], [ 6.0873926, 52.695207999084381 ], [ 6.0873451, 52.695182199084378 ], [ 6.0873071, 52.695160799084384 ], [ 6.0872956, 52.69507739908439 ], [ 6.0872715, 52.695001199084381 ], [ 6.0871979, 52.694927499084358 ], [ 6.0871, 52.694842099084376 ], [ 6.0869735, 52.694767499084385 ], [ 6.0869096, 52.694744899084398 ], [ 6.0868758, 52.694730999084371 ], [ 6.0868345, 52.694718099084405 ], [ 6.0866785, 52.694704699084383 ], [ 6.0863977, 52.694680199084388 ], [ 6.086278, 52.694669899084388 ], [ 6.0861536, 52.694652999084383 ], [ 6.0861219, 52.694648699084382 ], [ 6.0861121, 52.694647299084387 ], [ 6.0860267, 52.694635999084376 ], [ 6.0860267, 52.694637399084392 ], [ 6.0860223, 52.694637199084383 ], [ 6.0859178, 52.694623999084385 ], [ 6.0853476, 52.694552599084403 ], [ 6.084299, 52.694387299084404 ], [ 6.0839256, 52.694922499084385 ], [ 6.0834539, 52.69605519908437 ], [ 6.0833851, 52.696115199084367 ], [ 6.0833443, 52.69620019908438 ], [ 6.0831983, 52.696265699084364 ], [ 6.082581, 52.696201599084361 ], [ 6.0820643, 52.696124799084373 ], [ 6.0809708, 52.695983699084387 ], [ 6.0806149, 52.695931899084364 ], [ 6.0799986, 52.695841899084364 ], [ 6.0789253, 52.695694799084364 ], [ 6.0784897, 52.695629599084377 ], [ 6.0779824, 52.695503599084361 ], [ 6.0779323, 52.695507299084369 ], [ 6.0779237, 52.695455399084388 ], [ 6.0776072, 52.695352099084381 ], [ 6.076942, 52.695108499084384 ], [ 6.0766719, 52.694983999084393 ], [ 6.0766487, 52.694975099084388 ], [ 6.0765895, 52.694945999084382 ], [ 6.076572, 52.69494969908439 ], [ 6.0764958, 52.694894799084388 ], [ 6.0763603, 52.694906899084366 ], [ 6.0762257, 52.694697299084382 ], [ 6.076174, 52.694628699084369 ], [ 6.0761399, 52.694606999084392 ], [ 6.0760611, 52.694565599084378 ], [ 6.075982, 52.69453179908438 ], [ 6.0758396, 52.694498899084401 ], [ 6.0757797, 52.694394799084378 ], [ 6.0758181, 52.694304999084387 ], [ 6.0758122, 52.694256699084384 ], [ 6.0756014, 52.694213499084384 ], [ 6.0756132, 52.69419579908439 ], [ 6.0756496, 52.694113499084395 ], [ 6.0756997, 52.693994099084385 ], [ 6.0757323, 52.693804399084399 ], [ 6.0757661, 52.693610599084387 ], [ 6.0758081, 52.693193599084402 ], [ 6.0758653, 52.693069099084397 ], [ 6.0759001, 52.692991399084399 ], [ 6.0759206, 52.692922999084402 ], [ 6.0759648, 52.692738199084395 ], [ 6.0759872, 52.692663099084413 ], [ 6.0760449, 52.692580199084389 ], [ 6.0760676, 52.6925263990844 ], [ 6.0773242, 52.692888499084404 ], [ 6.0775832, 52.692950699084385 ], [ 6.0778417, 52.69297059908439 ], [ 6.0779946, 52.692964399084396 ], [ 6.0782419, 52.692977799084403 ], [ 6.0783398, 52.692997999084398 ], [ 6.0785228, 52.693009899084394 ], [ 6.0786592, 52.69297059908439 ], [ 6.0788211, 52.6929738990844 ], [ 6.0790327, 52.693011199084395 ], [ 6.0791848, 52.693067899084411 ], [ 6.0792314, 52.69312319908439 ], [ 6.079386, 52.693120299084399 ], [ 6.0795732, 52.693176599084403 ], [ 6.0796227, 52.693191399084405 ], [ 6.0799413, 52.693328599084396 ], [ 6.0800329, 52.693332299084403 ], [ 6.0800578, 52.693388599084379 ], [ 6.0801952, 52.693409399084388 ], [ 6.0803509, 52.693432999084408 ], [ 6.0804325, 52.693417599084398 ], [ 6.0806536, 52.693473099084414 ], [ 6.0809558, 52.6935490990844 ], [ 6.0811194, 52.693589999084388 ], [ 6.0811742, 52.69353069908437 ], [ 6.0812633, 52.693454099084384 ], [ 6.0813257, 52.693449499084394 ], [ 6.0813198, 52.693517199084383 ], [ 6.0810953, 52.693818199084383 ], [ 6.0810831, 52.693841099084366 ], [ 6.0811732, 52.693865499084389 ], [ 6.0815406, 52.693372399084389 ], [ 6.0822301, 52.693503799084397 ], [ 6.0820223, 52.69384039908438 ], [ 6.0825008, 52.693928299084391 ], [ 6.0824729, 52.694008799084394 ], [ 6.0825616, 52.694015899084391 ], [ 6.0825961, 52.693917099084388 ], [ 6.0827991, 52.693892899084396 ], [ 6.083189, 52.69393129908439 ], [ 6.0837668, 52.693988599084392 ], [ 6.0839651, 52.694016899084382 ], [ 6.0841319, 52.694007499084364 ], [ 6.0842639, 52.694010999084384 ], [ 6.0842862, 52.69401819908439 ], [ 6.0844317, 52.694064799084401 ], [ 6.084541, 52.69399279908437 ], [ 6.0846037, 52.693953899084377 ], [ 6.084698, 52.69376349908439 ], [ 6.0847358, 52.693621699084389 ], [ 6.0847606, 52.693626899084386 ], [ 6.0849148, 52.693659199084401 ], [ 6.0851614, 52.693698999084397 ], [ 6.0853778, 52.693700599084401 ], [ 6.0854307, 52.69371479908439 ], [ 6.0855657, 52.693641299084376 ], [ 6.0858035, 52.693665499084382 ], [ 6.085961, 52.693441499084393 ], [ 6.0861228, 52.693470899084396 ], [ 6.0862638, 52.693516199084392 ], [ 6.0863962, 52.693536999084394 ], [ 6.0864191, 52.693570599084396 ], [ 6.0864473, 52.693597399084389 ], [ 6.0864808, 52.693610699084388 ], [ 6.0865422, 52.69362239908439 ], [ 6.0867275, 52.693657499084402 ], [ 6.086966, 52.693702499084395 ], [ 6.086983, 52.693722899084399 ], [ 6.0869723, 52.693749899084381 ], [ 6.0869022, 52.693892199084381 ], [ 6.0869026, 52.69391239908439 ], [ 6.0869249, 52.693922399084386 ], [ 6.086964, 52.693922099084389 ], [ 6.0870081, 52.693904999084381 ], [ 6.0870525, 52.693891299084385 ], [ 6.0871855, 52.693882399084387 ], [ 6.0873245, 52.693872799084396 ], [ 6.0874115, 52.693853199084373 ], [ 6.0874709, 52.693850899084374 ], [ 6.0875504, 52.693848199084393 ], [ 6.0876483, 52.693885499084395 ], [ 6.0876642, 52.694012099084404 ], [ 6.0877968, 52.69403659908437 ], [ 6.0877961, 52.69399029908439 ], [ 6.0878581, 52.693964599084396 ], [ 6.0879072, 52.693989599084382 ], [ 6.0879011, 52.694040199084391 ], [ 6.0879776, 52.694056899084387 ], [ 6.088026, 52.694058599084372 ], [ 6.0881655, 52.694064199084387 ], [ 6.0884718, 52.694055399084391 ], [ 6.0885337, 52.694053599084398 ], [ 6.088568, 52.694027899084375 ], [ 6.0886791, 52.69402219908438 ], [ 6.0889429, 52.694008799084394 ], [ 6.088836, 52.694219599084384 ], [ 6.0888781, 52.694226599084381 ], [ 6.0888353, 52.694321199084385 ], [ 6.0888925, 52.694330199084398 ], [ 6.0889221, 52.694287299084401 ], [ 6.0890027, 52.694296899084378 ], [ 6.0891135, 52.694301099084385 ], [ 6.0899325, 52.694363699084384 ], [ 6.0898165, 52.694637599084366 ], [ 6.0899704, 52.694648199084391 ], [ 6.0900807, 52.694374899084387 ], [ 6.0901243, 52.694300399084391 ], [ 6.0901592, 52.694241299084375 ], [ 6.0902753, 52.694043399084386 ], [ 6.0913455, 52.692190299084409 ], [ 6.0914246, 52.692047999084402 ], [ 6.0914637, 52.691977799084391 ], [ 6.091474, 52.691959199084401 ], [ 6.0915671, 52.69175019908441 ], [ 6.091655, 52.691614299084421 ], [ 6.0916654, 52.691540699084399 ], [ 6.0917806, 52.691562499084398 ], [ 6.092017, 52.691659699084411 ], [ 6.0921867, 52.691731999084404 ], [ 6.0924343, 52.691983299084391 ], [ 6.0924881, 52.692080699084393 ], [ 6.0925031, 52.69213369908438 ], [ 6.0925385, 52.692167499084398 ], [ 6.0925708, 52.692222399084393 ], [ 6.0926036, 52.692304999084392 ], [ 6.0926386, 52.692310999084384 ], [ 6.0927499, 52.692291199084401 ], [ 6.0928247, 52.692369399084392 ], [ 6.0928562, 52.692377699084382 ], [ 6.0929295, 52.692375299084411 ], [ 6.0929753, 52.692404499084397 ], [ 6.0930003, 52.692438299084401 ], [ 6.0931475, 52.692696399084404 ], [ 6.0931594, 52.692772799084409 ], [ 6.0931563, 52.692800299084389 ], [ 6.0930911, 52.692866399084416 ], [ 6.0931053, 52.692891899084387 ], [ 6.0931026, 52.692936599084419 ], [ 6.0930651, 52.692994099084387 ], [ 6.0931664, 52.693035599084396 ], [ 6.0934018, 52.693146899084411 ], [ 6.093427, 52.693161899084402 ], [ 6.0936594, 52.693235799084391 ], [ 6.0941929, 52.693195299084408 ], [ 6.0946255, 52.693186499084383 ], [ 6.0947512, 52.693129599084401 ], [ 6.0948327, 52.693181699084398 ], [ 6.0948681, 52.693226999084402 ], [ 6.0948522, 52.693311299084371 ], [ 6.094923, 52.693302199084393 ], [ 6.0949384, 52.693300099084396 ], [ 6.0949726, 52.6932717990844 ], [ 6.0950303, 52.6932784990844 ], [ 6.0952687, 52.693396199084397 ], [ 6.0952808, 52.693431199084372 ], [ 6.0952522, 52.693452499084394 ], [ 6.0952033, 52.693443499084388 ], [ 6.095121, 52.693498799084395 ], [ 6.0950535, 52.693612299084386 ], [ 6.0952834, 52.693666599084381 ], [ 6.0954104, 52.693686599084373 ], [ 6.0954644, 52.6936949990844 ], [ 6.0955059, 52.693686299084398 ], [ 6.0955265, 52.693677799084391 ], [ 6.0955951, 52.693626799084377 ], [ 6.0956367, 52.693613899084404 ], [ 6.0956937, 52.693620899084387 ], [ 6.0958124, 52.693645199084379 ], [ 6.0958723, 52.693591499084384 ], [ 6.0959343, 52.693565499084393 ], [ 6.0959897, 52.69356099908439 ], [ 6.0962682, 52.693597599084377 ], [ 6.0963097, 52.693593099084396 ], [ 6.0963425, 52.693579399084385 ], [ 6.096351, 52.693575999084395 ], [ 6.0964036, 52.693498399084397 ], [ 6.0964459, 52.693436099084394 ], [ 6.0964943, 52.693414799084373 ], [ 6.0965497, 52.69341019908439 ], [ 6.0966126, 52.693439299084382 ], [ 6.0966477, 52.69346859908439 ], [ 6.0966666, 52.693594299084388 ], [ 6.0966226, 52.693633399084398 ], [ 6.0966345, 52.693751299084383 ], [ 6.0966726, 52.693752399084396 ], [ 6.0967088, 52.693760899084388 ], [ 6.0970305, 52.693845299084401 ], [ 6.0970742, 52.693844999084398 ], [ 6.0971119, 52.69385599908437 ], [ 6.0971497, 52.693882499084403 ], [ 6.0971997, 52.693885799084391 ], [ 6.0974797, 52.693831099084406 ], [ 6.0975349, 52.69381389908439 ], [ 6.0974951, 52.693771699084394 ], [ 6.0974925, 52.693754599084393 ], [ 6.0975249, 52.693737499084392 ], [ 6.097657, 52.693705599084396 ], [ 6.0976733, 52.693709699084394 ], [ 6.0976974, 52.69375619908439 ], [ 6.0977135, 52.693753299084392 ], [ 6.0977744, 52.693715499084412 ], [ 6.0977516, 52.693695199084388 ], [ 6.097863, 52.69360879908438 ], [ 6.0979371, 52.693555299084395 ], [ 6.0980052, 52.693520599084401 ], [ 6.0981231, 52.693481999084391 ], [ 6.0986419, 52.693355899084395 ], [ 6.0988262, 52.693303099084403 ], [ 6.0989375, 52.693358599084391 ], [ 6.0990134, 52.693360399084384 ], [ 6.0990647, 52.693328699084375 ], [ 6.0992494, 52.693402799084382 ], [ 6.0993663, 52.69341699908437 ], [ 6.0992931, 52.693521999084396 ], [ 6.1005989, 52.693666099084382 ], [ 6.1005771, 52.69371479908439 ], [ 6.1005286, 52.69386259908439 ], [ 6.1007098, 52.693943499084398 ], [ 6.1007738, 52.69393129908439 ], [ 6.1012103, 52.693893599084376 ], [ 6.101287, 52.693861999084376 ], [ 6.1013247, 52.693822699084386 ], [ 6.1013431, 52.693759999084385 ], [ 6.1013617, 52.693720799084403 ], [ 6.1013998, 52.693689399084384 ], [ 6.1014381, 52.693673399084382 ], [ 6.1016047, 52.693639899084395 ], [ 6.1019462, 52.693457499084381 ], [ 6.1019635, 52.693474799084399 ], [ 6.1020717, 52.693474199084378 ], [ 6.1021682, 52.693463199084384 ], [ 6.1022095, 52.693448599084405 ], [ 6.1022418, 52.693441999084392 ], [ 6.1022524, 52.693442499084398 ], [ 6.1023158, 52.693444899084398 ], [ 6.1024933, 52.693502799084392 ], [ 6.1027267, 52.693527799084379 ], [ 6.1027875, 52.69352829908437 ], [ 6.1030057, 52.693539599084396 ], [ 6.1031773, 52.693560799084388 ], [ 6.1032536, 52.693577199084395 ], [ 6.1034063, 52.693609999084387 ], [ 6.1036411, 52.693680699084382 ], [ 6.1040844, 52.693817099084391 ], [ 6.1043244, 52.693907199084386 ], [ 6.1043909, 52.693945599084394 ], [ 6.1044973, 52.694006999084401 ], [ 6.1046865, 52.69415419908438 ], [ 6.1047243, 52.694176999084384 ], [ 6.1048912, 52.694277699084395 ], [ 6.1049475, 52.694327599084396 ], [ 6.1049609, 52.694339599084373 ], [ 6.1050599, 52.69446039908437 ], [ 6.1051697, 52.694660799084375 ], [ 6.1052089, 52.694867299084379 ], [ 6.1052736, 52.694949799084384 ], [ 6.1053408, 52.695073199084398 ], [ 6.1054341, 52.69503699908438 ], [ 6.1055061, 52.695129299084385 ], [ 6.1062873, 52.694853799084385 ], [ 6.1072439, 52.694548899084396 ], [ 6.1076995, 52.694446399084363 ], [ 6.108038, 52.694351699084379 ], [ 6.1089034, 52.69419669908438 ], [ 6.1089879, 52.694345899084389 ], [ 6.1071595, 52.697684099084377 ], [ 6.1072357, 52.697734399084347 ], [ 6.1072565, 52.697807599084342 ], [ 6.1072328, 52.697895999084352 ], [ 6.1071671, 52.697977799084349 ], [ 6.1071987, 52.698032099084358 ], [ 6.107289, 52.698084099084348 ], [ 6.1074876, 52.698086299084359 ], [ 6.107607, 52.698103799084365 ], [ 6.1077459, 52.698145899084366 ], [ 6.10781, 52.69813709908437 ], [ 6.1078873, 52.698082199084375 ], [ 6.1079442, 52.697998399084369 ], [ 6.1080616, 52.697972399084342 ], [ 6.108115, 52.697982499084361 ], [ 6.1081625, 52.697978499084364 ], [ 6.1082588, 52.697888099084373 ], [ 6.1085548, 52.697378699084354 ], [ 6.1088679, 52.696839799084358 ], [ 6.1089466, 52.696859499084375 ], [ 6.1093085, 52.696259599084378 ], [ 6.1098084, 52.696369199084373 ], [ 6.1100046, 52.696423399084381 ], [ 6.1106212, 52.696549999084368 ], [ 6.1107845, 52.696583499084383 ], [ 6.1100403, 52.69792139908435 ], [ 6.1106344, 52.698044799084343 ], [ 6.1107331, 52.698044699084356 ], [ 6.1107694, 52.698042799084362 ], [ 6.1108645, 52.697659399084365 ], [ 6.1116081, 52.697756699084337 ], [ 6.1117506, 52.697771599084376 ], [ 6.1120253, 52.697825899084336 ], [ 6.1125346, 52.697006599084368 ], [ 6.1132915, 52.697105899084356 ], [ 6.1138465, 52.697173799084375 ], [ 6.1140353, 52.697196899084346 ], [ 6.1140936, 52.697090599084369 ], [ 6.1144909, 52.696273599084385 ], [ 6.114508, 52.69610359908436 ], [ 6.1146487, 52.695914799084363 ], [ 6.1153111, 52.696059999084376 ], [ 6.1156969, 52.69614459908437 ], [ 6.115863, 52.696180999084376 ], [ 6.1159534, 52.696124799084373 ], [ 6.116854, 52.694452799084374 ], [ 6.1170516, 52.694494299084383 ], [ 6.1182365, 52.691777099084405 ], [ 6.1186275, 52.69086549908441 ], [ 6.1187849, 52.690868999084415 ], [ 6.1188832, 52.690883799084418 ], [ 6.1189645, 52.690879999084423 ], [ 6.1190209, 52.690883599084408 ], [ 6.1192946, 52.690925699084396 ], [ 6.1205318, 52.691145099084402 ], [ 6.1215681, 52.6913583990844 ], [ 6.1239032, 52.691790599084399 ], [ 6.1240175, 52.691811799084405 ], [ 6.1264492, 52.692262099084395 ], [ 6.126908, 52.692343599084417 ], [ 6.1279787, 52.692533499084384 ], [ 6.1281704, 52.6925676990844 ], [ 6.1301641, 52.692927199084401 ], [ 6.130327, 52.692954599084395 ], [ 6.1301023, 52.693553999084379 ], [ 6.1293709, 52.695443799084387 ], [ 6.1289992, 52.69625339908437 ], [ 6.1287774, 52.696781699084376 ], [ 6.128714, 52.696932999084368 ], [ 6.128748, 52.697111899084369 ], [ 6.12881, 52.697124799084385 ], [ 6.1289132, 52.697145699084366 ], [ 6.1293041, 52.697216599084349 ], [ 6.1299432, 52.697332299084373 ], [ 6.1305602, 52.697443899084355 ], [ 6.1312976, 52.697577499084346 ], [ 6.1315079, 52.697629199084346 ], [ 6.1315281, 52.697634199084355 ], [ 6.1316433, 52.697662399084372 ], [ 6.1316034, 52.697763799084349 ], [ 6.1316039, 52.697765499084355 ], [ 6.1315484, 52.697892499084375 ], [ 6.1313504, 52.698346799084362 ], [ 6.1312633, 52.69837679908435 ], [ 6.1312246, 52.698400699084345 ], [ 6.1311114, 52.698608399084343 ], [ 6.1310642, 52.698688399084361 ], [ 6.1310457, 52.69875959908434 ], [ 6.1309815, 52.698978799084365 ], [ 6.1307586, 52.699377099084344 ], [ 6.1317501, 52.699562799084354 ], [ 6.1321245, 52.699632899084342 ], [ 6.1322682, 52.699659799084351 ], [ 6.1330163, 52.698213399084359 ], [ 6.1330559, 52.698136699084351 ], [ 6.1330415, 52.698132899084349 ], [ 6.133097, 52.698037299084355 ], [ 6.1341409, 52.698307399084356 ], [ 6.1348305, 52.698481499084345 ], [ 6.1377026, 52.699211699084351 ], [ 6.1379, 52.699254599084355 ], [ 6.1381088, 52.699350999084352 ], [ 6.1381595, 52.699379399084357 ], [ 6.138915, 52.699829099084347 ], [ 6.1394269, 52.700077499084337 ], [ 6.1397523, 52.700232499084358 ], [ 6.1397635, 52.700237699084347 ], [ 6.1399149, 52.700292599084364 ], [ 6.1400055, 52.700325499084329 ], [ 6.1400792, 52.700340799084344 ], [ 6.1401785, 52.700361499084352 ], [ 6.1408042, 52.700485399084336 ], [ 6.14107, 52.700537899084324 ], [ 6.1411724, 52.700252699084352 ], [ 6.1413259, 52.699915799084359 ], [ 6.1414737, 52.699703099084353 ], [ 6.1414817, 52.699684199084338 ], [ 6.1416236, 52.699356099084348 ], [ 6.1417069, 52.699162899084342 ], [ 6.1417295, 52.699115799084346 ], [ 6.1437731, 52.699421999084358 ], [ 6.1438146, 52.699324799084344 ], [ 6.1451934, 52.696612799084349 ], [ 6.1452598, 52.696644699084352 ], [ 6.145457, 52.696713699084363 ], [ 6.1456974, 52.696751499084364 ], [ 6.14596, 52.696788799084359 ], [ 6.1461089, 52.696779499084371 ], [ 6.1462366, 52.696756499084373 ], [ 6.1463616, 52.696729499084356 ], [ 6.1465064, 52.696690699084357 ], [ 6.1469356, 52.69657789908436 ], [ 6.1471726, 52.696517399084378 ], [ 6.1470815, 52.696490099084393 ], [ 6.1470433, 52.696460299084364 ], [ 6.1468447, 52.696267799084382 ], [ 6.1467914, 52.696236899084376 ], [ 6.1479931, 52.693082299084395 ], [ 6.1478255, 52.693067599084401 ], [ 6.1478407, 52.693021999084387 ], [ 6.1478622, 52.692957799084397 ], [ 6.146137, 52.692749699084409 ], [ 6.1471631, 52.690460699084412 ], [ 6.1474455, 52.689939299084422 ], [ 6.1475714, 52.689893199084437 ], [ 6.1476625, 52.689864899084419 ], [ 6.1477645, 52.68984399908441 ], [ 6.1478792, 52.689832599084426 ], [ 6.1481584, 52.68986249908442 ], [ 6.1490632, 52.688134899084439 ], [ 6.1494416, 52.68741329908444 ], [ 6.1492479, 52.687379899084448 ], [ 6.1497565, 52.686462799084438 ], [ 6.1500695, 52.686346799084447 ], [ 6.1501591, 52.686433299084456 ], [ 6.1503309, 52.686609199084458 ], [ 6.1541128, 52.690098799084417 ], [ 6.1542109, 52.690064499084436 ], [ 6.1542382, 52.69004239908444 ], [ 6.1542475, 52.690017099084422 ], [ 6.1542466, 52.689886199084405 ], [ 6.1542688, 52.689818599084411 ], [ 6.154391, 52.689604399084409 ], [ 6.1545235, 52.689273499084429 ], [ 6.154604, 52.689087799084433 ], [ 6.154616, 52.689060199084423 ], [ 6.154695, 52.688877999084426 ], [ 6.1547456, 52.688690299084435 ], [ 6.1548038, 52.688611899084435 ], [ 6.1548282, 52.688511699084422 ], [ 6.1548209, 52.688474699084416 ], [ 6.1548089, 52.688422799084421 ], [ 6.1548056, 52.688396699084407 ], [ 6.1548025, 52.688377299084443 ], [ 6.1548826, 52.688371799084422 ], [ 6.1547322, 52.688095799084437 ], [ 6.1546593, 52.688048499084438 ], [ 6.1545545, 52.687962099084444 ], [ 6.1544141, 52.687809599084432 ], [ 6.1541707, 52.687387299084435 ], [ 6.1539802, 52.687078799084453 ], [ 6.153325, 52.686016699084448 ], [ 6.1529095, 52.685363799084449 ], [ 6.1526482, 52.685062399084458 ], [ 6.1521402, 52.684516799084463 ], [ 6.1516215, 52.684126899084475 ], [ 6.1508584, 52.683632099084456 ], [ 6.1461254, 52.680874199084492 ], [ 6.1456915, 52.68062699908451 ], [ 6.1424683, 52.6792629990845 ], [ 6.14202, 52.679069999084518 ], [ 6.1417971, 52.678985199084529 ], [ 6.1401692, 52.678548599084515 ], [ 6.1387556, 52.678218199084519 ], [ 6.1381599, 52.678082099084527 ], [ 6.1379465, 52.678034799084521 ], [ 6.1378994, 52.678023299084529 ], [ 6.1378293, 52.678138099084521 ], [ 6.1375635, 52.678060199084534 ], [ 6.1375582, 52.678070199084523 ], [ 6.1371296, 52.678625899084516 ], [ 6.1371217, 52.678636099084514 ], [ 6.1381622, 52.679276199084519 ], [ 6.1379291, 52.679694799084487 ], [ 6.1374958, 52.680448499084513 ], [ 6.1363598, 52.680246999084495 ], [ 6.1333917, 52.685355199084462 ], [ 6.1330822, 52.685315399084459 ], [ 6.1284568, 52.683779899084435 ], [ 6.1284883, 52.683612799084457 ], [ 6.1323968, 52.677268199084544 ], [ 6.1314664, 52.677044499084545 ], [ 6.1324886, 52.675516499084537 ], [ 6.1311105, 52.674680399084565 ], [ 6.1293723, 52.673567699084565 ], [ 6.1280916, 52.672797799084577 ], [ 6.1274923, 52.672398499084579 ], [ 6.1267813, 52.671996199084575 ], [ 6.125847, 52.671227899084592 ], [ 6.1249653, 52.670535399084606 ], [ 6.1249568, 52.670540899084614 ], [ 6.1240362, 52.671183299084589 ], [ 6.1238068, 52.671348599084602 ], [ 6.1231984, 52.672282699084576 ], [ 6.1220896, 52.672151799084574 ], [ 6.1213136, 52.673356699084557 ], [ 6.1195333, 52.672901499084567 ], [ 6.1190637, 52.672743499084582 ], [ 6.1179755, 52.672400599084582 ], [ 6.1173133, 52.672270599084577 ], [ 6.1176238, 52.671729299084589 ], [ 6.1167854, 52.671559299084599 ], [ 6.1145732, 52.671223999084596 ], [ 6.1141095, 52.671968999084569 ], [ 6.1119201, 52.671443999084588 ], [ 6.1109333, 52.671230499084594 ], [ 6.1104228, 52.671217699084579 ], [ 6.1101281, 52.671190299084593 ], [ 6.1098364, 52.671116899084595 ], [ 6.1053196, 52.670116399084598 ], [ 6.1054974, 52.669820399084607 ], [ 6.1055011, 52.669778899084605 ], [ 6.1054191, 52.669748899084617 ], [ 6.1053934, 52.669714699084601 ], [ 6.1053867, 52.669688099084603 ], [ 6.1054048, 52.669642199084599 ], [ 6.1055284, 52.669530899084606 ], [ 6.1055649, 52.669458199084616 ], [ 6.1055507, 52.66935919908461 ], [ 6.1055749, 52.669305699084589 ], [ 6.1056364, 52.669228999084623 ], [ 6.1056604, 52.669164099084618 ], [ 6.1056281, 52.669107099084606 ], [ 6.1056029, 52.669099599084618 ], [ 6.1055526, 52.669092299084618 ], [ 6.1054458, 52.669081499084612 ], [ 6.1051303, 52.668965199084596 ], [ 6.1050612, 52.66895419908461 ], [ 6.1050176, 52.668973499084622 ], [ 6.1049366, 52.669004499084608 ], [ 6.1048488, 52.669004999084628 ], [ 6.1046786, 52.668956499084608 ], [ 6.1045985, 52.669044599084607 ], [ 6.104383, 52.669286099084609 ], [ 6.1038537, 52.66990699908461 ], [ 6.1034823, 52.669825299084621 ], [ 6.103728, 52.669507399084608 ], [ 6.1032303, 52.669373099084609 ], [ 6.1031771, 52.66937729908463 ], [ 6.1030485, 52.669568699084614 ], [ 6.1021415, 52.669330099084618 ], [ 6.1022456, 52.669173199084618 ], [ 6.1018489, 52.669076399084602 ], [ 6.1020748, 52.668697599084624 ], [ 6.1021932, 52.668534899084626 ], [ 6.1022126, 52.668529399084633 ], [ 6.1023307, 52.668560399084619 ], [ 6.104467, 52.665808299084659 ], [ 6.1045941, 52.665593099084653 ], [ 6.1047843, 52.665380599084656 ], [ 6.1038348, 52.665009799084665 ], [ 6.1029654, 52.664633099084675 ], [ 6.102454, 52.664411799084668 ], [ 6.1018809, 52.664087099084689 ], [ 6.1017363, 52.663968199084678 ], [ 6.1016244, 52.663918299084685 ], [ 6.1010881, 52.664198299084674 ], [ 6.101048, 52.664219299084678 ], [ 6.1008173, 52.664339799084672 ], [ 6.100191, 52.664666799084642 ], [ 6.0982387, 52.667407599084633 ], [ 6.0977878, 52.667323899084643 ], [ 6.0967092, 52.668885999084615 ], [ 6.096199, 52.668751699084616 ], [ 6.0961858, 52.668713699084606 ], [ 6.0961102, 52.668691299084628 ], [ 6.0958773, 52.668639299084624 ], [ 6.0957663, 52.668559899084627 ], [ 6.0955562, 52.668362799084605 ], [ 6.0954394, 52.668123299084613 ], [ 6.0954101, 52.667856599084629 ], [ 6.0953817, 52.667650899084641 ], [ 6.0954146, 52.667360899084635 ], [ 6.0955295, 52.667093399084649 ], [ 6.0958145, 52.666679899084635 ], [ 6.0958579, 52.666649099084637 ], [ 6.0959202, 52.666622099084627 ], [ 6.0960514, 52.666594599084661 ], [ 6.0962521, 52.66659339908464 ], [ 6.0966219, 52.66657979908463 ], [ 6.0968244, 52.666303999084619 ], [ 6.0963017, 52.666166099084627 ], [ 6.0962198, 52.666143699084643 ], [ 6.0961942, 52.66611329908465 ], [ 6.0961933, 52.666059999084638 ], [ 6.0962308, 52.666048299084636 ], [ 6.0962743, 52.66602519908465 ], [ 6.0962929, 52.666009799084655 ], [ 6.0963234, 52.66595619908464 ], [ 6.0962905, 52.665864899084632 ], [ 6.0962388, 52.665769899084658 ], [ 6.0962134, 52.665750999084658 ], [ 6.0961127, 52.665724899084658 ], [ 6.0960277, 52.665706399084655 ], [ 6.0957619, 52.665555399084646 ], [ 6.0954396, 52.66540099908466 ], [ 6.0948593, 52.665194799084652 ], [ 6.0955519, 52.663997299084663 ], [ 6.0957349, 52.663679699084696 ], [ 6.0957212, 52.66361119908467 ], [ 6.0957257, 52.663500599084678 ], [ 6.0965481, 52.662191699084687 ], [ 6.0969946, 52.661491299084702 ], [ 6.0977806, 52.660262699084711 ], [ 6.0976101, 52.660187499084714 ], [ 6.0982028, 52.65922309908472 ], [ 6.0985753, 52.658616099084725 ], [ 6.0991638, 52.657558299084755 ], [ 6.098842, 52.65744119908473 ], [ 6.0983024, 52.657337699084742 ], [ 6.0974291, 52.658817899084717 ], [ 6.0967594, 52.65856449908474 ], [ 6.0970824, 52.657986799084739 ], [ 6.0971923, 52.657756299084724 ], [ 6.0972368, 52.657452099084729 ], [ 6.0972357, 52.657383499084752 ], [ 6.0972155, 52.65729589908473 ], [ 6.0972132, 52.657154899084745 ], [ 6.0974451, 52.656756999084742 ], [ 6.0968189, 52.656573599084751 ], [ 6.0961413, 52.657682399084749 ], [ 6.09466, 52.657355199084726 ], [ 6.0948778, 52.656974299084744 ], [ 6.0953794, 52.656006199084779 ], [ 6.0952796, 52.655899499084761 ], [ 6.0950749, 52.655845199084787 ], [ 6.0949255, 52.655895599084765 ], [ 6.0944076, 52.656696699084748 ], [ 6.0926063, 52.656356399084764 ], [ 6.0918336, 52.656210899084762 ], [ 6.0920906, 52.655765699084775 ], [ 6.0917173, 52.655665399084768 ], [ 6.0906415, 52.655411799084781 ], [ 6.0891525, 52.655001999084767 ], [ 6.0887205, 52.654385999084781 ], [ 6.0872375, 52.653422099084786 ], [ 6.0865265, 52.652848599084784 ], [ 6.0862299, 52.652530099084807 ], [ 6.0864125, 52.652181299084816 ], [ 6.0856431, 52.651988499084815 ], [ 6.0862621, 52.650984599084843 ], [ 6.0847523, 52.650586599084832 ], [ 6.0851381, 52.649988199084831 ], [ 6.0836596, 52.649694899084835 ], [ 6.0826869, 52.649376399084851 ], [ 6.0820423, 52.649169199084866 ], [ 6.0825656, 52.64807319908487 ], [ 6.0801959, 52.647614699084862 ], [ 6.0797584, 52.647190799084875 ], [ 6.080053, 52.646673999084889 ], [ 6.0786665, 52.646389799084886 ], [ 6.0785459, 52.646305499084896 ], [ 6.0785297, 52.646254299084902 ], [ 6.0773838, 52.646366599084878 ], [ 6.077148, 52.646395699084863 ], [ 6.0770551, 52.646394299084882 ], [ 6.0770999, 52.646540299084883 ], [ 6.0768904, 52.646886899084883 ], [ 6.0765462, 52.646846999084879 ], [ 6.0755296, 52.64859479908484 ], [ 6.0750448, 52.648526899084864 ], [ 6.073533, 52.648241799084857 ], [ 6.0730192, 52.648152099084847 ], [ 6.0727276, 52.648096699084874 ], [ 6.0726902, 52.648107599084867 ], [ 6.0724758, 52.648060599084864 ], [ 6.0722715, 52.648015699084858 ], [ 6.0717767, 52.647915099084855 ], [ 6.0714929, 52.647856699084855 ], [ 6.0713893, 52.647814599084853 ], [ 6.0712847, 52.647712899084844 ], [ 6.071284, 52.647663499084878 ], [ 6.0714269, 52.647438499084863 ], [ 6.0718624, 52.646622599084878 ], [ 6.0719611, 52.646437699084885 ], [ 6.0719603, 52.646384099084877 ], [ 6.0719318, 52.646317399084872 ], [ 6.0718927, 52.646287299084875 ], [ 6.0716932, 52.64625449908489 ], [ 6.0708325, 52.646112199084889 ], [ 6.0703105, 52.646026199084908 ], [ 6.0699311, 52.645963699084895 ], [ 6.0699035, 52.645957099084903 ], [ 6.0698539, 52.645960799084904 ], [ 6.0694343, 52.64589939908489 ], [ 6.0693076, 52.645886999084887 ], [ 6.0691417, 52.645847499084901 ], [ 6.0689157, 52.645838899084893 ], [ 6.068888, 52.64582559908488 ], [ 6.068833, 52.645819199084883 ], [ 6.0686342, 52.64579359908489 ], [ 6.068518, 52.645754099084904 ], [ 6.0682392, 52.645702399084904 ], [ 6.0681201, 52.645679199084888 ], [ 6.0680433, 52.645686299084879 ], [ 6.0679605, 52.645676699084888 ], [ 6.0676953, 52.645624599084911 ], [ 6.0676182, 52.645624999084895 ], [ 6.067552, 52.645615499084904 ], [ 6.0674308, 52.645612899084888 ], [ 6.0673538, 52.645623099084894 ], [ 6.0673443, 52.645631899084876 ], [ 6.0672584, 52.645290299084898 ], [ 6.0672432, 52.645229399084918 ], [ 6.0672485, 52.645215899084882 ], [ 6.0672978, 52.645209199084881 ], [ 6.0673032, 52.645198999084911 ], [ 6.0672513, 52.645041699084921 ], [ 6.0672062, 52.644971799084892 ], [ 6.0671392, 52.644925199084902 ], [ 6.0670583, 52.6448447990849 ], [ 6.0670292, 52.644786799084905 ], [ 6.0670065, 52.644763099084898 ], [ 6.0669333, 52.644749699084898 ], [ 6.0668935, 52.644733099084903 ], [ 6.066825, 52.644644499084905 ], [ 6.0667741, 52.644620899084913 ], [ 6.0666953, 52.644621299084896 ], [ 6.0666113, 52.644638899084903 ], [ 6.0665448, 52.644694099084901 ], [ 6.0664825, 52.64466689908491 ], [ 6.0664036, 52.64464689908489 ], [ 6.0663192, 52.644637199084883 ], [ 6.0662298, 52.644661599084884 ], [ 6.0662019, 52.644677499084906 ], [ 6.0660961, 52.644737699084907 ], [ 6.0660065, 52.644751599084898 ], [ 6.0659276, 52.644738599084896 ], [ 6.0659048, 52.644714599084928 ], [ 6.0659267, 52.644680499084892 ], [ 6.0659429, 52.644639399084902 ], [ 6.0659135, 52.644560899084915 ], [ 6.0658792, 52.644520099084914 ], [ 6.0659014, 52.644492699084907 ], [ 6.0659798, 52.644485199084897 ], [ 6.0659672, 52.644185799084923 ], [ 6.0662478, 52.644215399084906 ], [ 6.0664647, 52.643698299084924 ], [ 6.0665868, 52.643714599084937 ], [ 6.0667077, 52.643303199084912 ], [ 6.0664002, 52.643277199084928 ], [ 6.0662939, 52.643634499084925 ], [ 6.0662226, 52.643625199084937 ], [ 6.0661674, 52.643561399084916 ], [ 6.0661348, 52.643489199084925 ], [ 6.0661994, 52.643273099084936 ], [ 6.0650758, 52.643254199084922 ], [ 6.0646292, 52.643228599084949 ], [ 6.0641245, 52.643155499084941 ], [ 6.0640897, 52.643196699084911 ], [ 6.0637841, 52.643150099084913 ], [ 6.0638299, 52.643104899084939 ], [ 6.0638563, 52.643062099084936 ], [ 6.0635397, 52.643089699084925 ], [ 6.0634962, 52.643014799084931 ], [ 6.0633337, 52.642989899084924 ], [ 6.0630757, 52.642949599084929 ], [ 6.0630354, 52.64303089908492 ], [ 6.0631527, 52.643052999084915 ], [ 6.062911, 52.643896199084921 ], [ 6.0638578, 52.644061899084917 ], [ 6.0637784, 52.644216899084903 ], [ 6.0638186, 52.644288599084923 ], [ 6.063835, 52.644330099084904 ], [ 6.0635628, 52.645265199084896 ], [ 6.0633733, 52.64570949908488 ], [ 6.0631989, 52.645750399084882 ], [ 6.0632318, 52.645844599084882 ], [ 6.0632597, 52.645951499084894 ], [ 6.0632459, 52.646029599084905 ], [ 6.0631893, 52.646132199084875 ], [ 6.0630156, 52.646143899084883 ], [ 6.0630111, 52.646225099084887 ], [ 6.0631163, 52.646219099084895 ], [ 6.063184, 52.646208599084886 ], [ 6.0631845, 52.646239799084867 ], [ 6.0628543, 52.647038799084882 ], [ 6.0628117, 52.647049499084872 ], [ 6.0626252, 52.647018199084876 ], [ 6.0620411, 52.646937299084875 ], [ 6.0612914, 52.646833399084869 ], [ 6.0589261, 52.646510899084866 ], [ 6.0588929, 52.646566899084895 ], [ 6.0587923, 52.646791099084879 ], [ 6.05863, 52.647183299084887 ], [ 6.0584852, 52.647491699084881 ], [ 6.0579856, 52.648666999084853 ], [ 6.0578656, 52.648841499084853 ], [ 6.0577979, 52.648900099084848 ], [ 6.0577328, 52.648941599084836 ], [ 6.0576725, 52.648971699084832 ], [ 6.0576343, 52.648985499084851 ], [ 6.0575706, 52.648998599084855 ], [ 6.0573728, 52.648991599084859 ], [ 6.0569577, 52.648967199084865 ], [ 6.0564548, 52.648932199084854 ], [ 6.0560833, 52.648909099084847 ], [ 6.0558882, 52.648898499084865 ], [ 6.0557923, 52.648897699084856 ], [ 6.0557165, 52.648902499084834 ], [ 6.0555925, 52.648911699084849 ], [ 6.0555062, 52.648970899084837 ], [ 6.0554669, 52.649016899084835 ], [ 6.0554257, 52.649101699084845 ], [ 6.0545563, 52.651342399084797 ], [ 6.0541429, 52.652790999084786 ], [ 6.0538592, 52.653821499084785 ], [ 6.0536757, 52.654454499084785 ], [ 6.0526736, 52.654425799084784 ], [ 6.0515989, 52.654427599084769 ], [ 6.0507056, 52.654432599084778 ], [ 6.0501332, 52.654437199084782 ], [ 6.0498364, 52.654447199084778 ], [ 6.0496573, 52.654454099084795 ], [ 6.0493513, 52.654470199084784 ], [ 6.0490615, 52.654491699084801 ], [ 6.0483247, 52.654546099084762 ], [ 6.0478679, 52.654574499084774 ], [ 6.0474209, 52.654613999084781 ], [ 6.0454906, 52.654782299084772 ], [ 6.0433919, 52.655006199084767 ], [ 6.0416907, 52.655188799084769 ], [ 6.0406837, 52.655307599084757 ], [ 6.0405049, 52.655338599084779 ], [ 6.0404181, 52.655359299084765 ], [ 6.0403479, 52.655388299084763 ], [ 6.0401535, 52.655467999084763 ], [ 6.0399941, 52.655529299084762 ], [ 6.0398531, 52.655570199084778 ], [ 6.0397451, 52.655587999084759 ], [ 6.0395005, 52.65561939908477 ], [ 6.0372986, 52.65590219908475 ], [ 6.0360257, 52.656045299084752 ], [ 6.0356845, 52.656091599084768 ], [ 6.0267002, 52.657216499084754 ], [ 6.0266058, 52.657222899084736 ], [ 6.02654, 52.657235799084745 ], [ 6.0265548, 52.657353499084756 ], [ 6.0266287, 52.657558099084753 ], [ 6.0267443, 52.657979899084737 ], [ 6.0267497, 52.658005199084741 ], [ 6.0268037, 52.658287199084725 ], [ 6.0268142, 52.658343899084734 ], [ 6.0268493, 52.658737799084733 ], [ 6.0268613, 52.658925599084718 ], [ 6.0268639, 52.659108199084734 ], [ 6.0268556, 52.659364099084719 ], [ 6.0268509, 52.659439399084718 ], [ 6.0267997, 52.659667999084732 ], [ 6.0267118, 52.660020199084691 ], [ 6.0266911, 52.660174499084732 ], [ 6.0267039, 52.660291599084715 ], [ 6.0267354, 52.660440499084707 ], [ 6.026851, 52.6607353990847 ], [ 6.0268979, 52.660849199084716 ], [ 6.0270133, 52.661206099084708 ], [ 6.0270688, 52.661431999084698 ], [ 6.0270782, 52.661667299084705 ], [ 6.0270594, 52.661789599084699 ], [ 6.0270287, 52.661913599084691 ], [ 6.026983, 52.662026999084688 ], [ 6.0268826, 52.662224999084685 ], [ 6.0267145, 52.662450699084687 ], [ 6.0262806, 52.662953499084658 ], [ 6.0261627, 52.663094899084683 ], [ 6.0259165, 52.663428499084688 ], [ 6.02582, 52.663594199084685 ], [ 6.0257585, 52.663703199084672 ], [ 6.025733, 52.663742399084661 ], [ 6.0256164, 52.663968299084658 ], [ 6.0254581, 52.664299399084669 ], [ 6.0250374, 52.665252699084654 ], [ 6.0248134, 52.665782599084636 ], [ 6.0245913, 52.66624099908465 ], [ 6.0243761, 52.666582899084645 ], [ 6.0242737, 52.666705099084659 ], [ 6.0240193, 52.667018199084637 ], [ 6.0235503, 52.667590599084626 ], [ 6.0229306, 52.668240799084636 ], [ 6.0228471, 52.668332299084639 ], [ 6.0225265, 52.668684199084616 ], [ 6.022216, 52.669052999084613 ], [ 6.0220622, 52.669248799084599 ], [ 6.0220139, 52.669312999084603 ], [ 6.0218176, 52.669604199084603 ], [ 6.0216953, 52.669841699084607 ], [ 6.0211468, 52.670449099084607 ], [ 6.0210113, 52.670587699084592 ], [ 6.0208728, 52.670687599084594 ], [ 6.0207423, 52.670757899084592 ], [ 6.020589, 52.670814599084586 ], [ 6.0204521, 52.67086539908459 ], [ 6.0202641, 52.670921999084591 ], [ 6.0201435, 52.670951599084582 ], [ 6.0200102, 52.67098259908461 ], [ 6.01904, 52.671185999084585 ], [ 6.0187219, 52.671255399084593 ], [ 6.0184655, 52.671322799084592 ], [ 6.0182234, 52.671388399084584 ], [ 6.0179868, 52.671463499084602 ], [ 6.0176628, 52.671573899084592 ], [ 6.0174751, 52.671644599084594 ], [ 6.0172961, 52.671727299084601 ], [ 6.0171287, 52.671820299084573 ], [ 6.0170013, 52.671904399084589 ], [ 6.0169051, 52.671981299084578 ], [ 6.0168463, 52.672056599084577 ], [ 6.0167918, 52.672185499084584 ], [ 6.0167852, 52.672253799084572 ], [ 6.0167614, 52.672676699084576 ], [ 6.0167588, 52.672736499084593 ], [ 6.0167506, 52.67292639908456 ], [ 6.0167106, 52.673242599084588 ], [ 6.0166427, 52.673425799084569 ], [ 6.0166088, 52.673491799084566 ], [ 6.0165512, 52.673603599084565 ], [ 6.0164205, 52.673801199084558 ], [ 6.0163227, 52.673938999084562 ], [ 6.016254, 52.674035699084548 ], [ 6.0160689, 52.674256899084561 ], [ 6.0158836, 52.674449499084567 ], [ 6.0158438, 52.674500499084566 ], [ 6.0156826, 52.674709199084553 ], [ 6.0156143, 52.674851999084552 ], [ 6.0155178, 52.67501899908455 ], [ 6.015444, 52.675122199084555 ], [ 6.0153025, 52.675275199084524 ], [ 6.0151742, 52.675402599084563 ], [ 6.0149794, 52.67559599908455 ], [ 6.0149222, 52.675652499084549 ], [ 6.0144539, 52.676109699084527 ], [ 6.0143952, 52.676158899084541 ], [ 6.0140239, 52.676468099084545 ], [ 6.0139186, 52.676539199084552 ], [ 6.0137496, 52.676661099084534 ], [ 6.0135021, 52.676816899084535 ], [ 6.013236, 52.67696969908453 ], [ 6.0131618, 52.676999899084528 ], [ 6.0129539, 52.677084099084531 ], [ 6.0126959, 52.677188499084515 ], [ 6.0125703, 52.677234099084544 ], [ 6.0120268, 52.677438699084526 ], [ 6.0118583, 52.677498799084518 ], [ 6.0115353, 52.677597699084536 ], [ 6.0113632, 52.677639299084532 ], [ 6.011282, 52.677659099084522 ], [ 6.0111904, 52.677672499084522 ], [ 6.0110589, 52.677684699084537 ], [ 6.0107345, 52.67768919908454 ], [ 6.0105108, 52.677672399084521 ], [ 6.0103014, 52.677662799084537 ], [ 6.0101793, 52.677674999084523 ], [ 6.0100687, 52.677699399084517 ], [ 6.0098795, 52.677762199084512 ], [ 6.0095175, 52.677903999084521 ], [ 6.0092474, 52.678016099084516 ], [ 6.009049, 52.678091299084521 ], [ 6.0086369, 52.678210499084528 ], [ 6.0085449, 52.678244399084534 ], [ 6.0082882, 52.678342399084521 ], [ 6.0080778, 52.678429399084536 ], [ 6.0079378, 52.678495899084517 ], [ 6.0070959, 52.679046899084526 ], [ 6.0070219, 52.679094499084506 ], [ 6.0068418, 52.67920179908451 ], [ 6.006308, 52.679546399084508 ], [ 6.0060471, 52.679727799084503 ], [ 6.0058798, 52.679871699084501 ], [ 6.0058239, 52.679909299084507 ], [ 6.0057418, 52.679986699084502 ], [ 6.0056985, 52.680027399084516 ], [ 6.0056401, 52.680082699084494 ], [ 6.0055498, 52.680201499084497 ], [ 6.0053058, 52.680529699084502 ], [ 6.0052785, 52.680612699084499 ], [ 6.0052752, 52.680707099084529 ], [ 6.0053142, 52.680798399084509 ], [ 6.0053609, 52.680850199084489 ], [ 6.005381, 52.680872199084519 ], [ 6.0055247, 52.680861799084504 ], [ 6.005579, 52.680916399084502 ], [ 6.0056263, 52.681006099084513 ], [ 6.0055797, 52.681049299084492 ], [ 6.0055608, 52.681132299084503 ], [ 6.0055683, 52.681306899084504 ], [ 6.0055291, 52.681396199084496 ], [ 6.005449, 52.681436499084491 ], [ 6.0053233, 52.681464599084492 ], [ 6.0047242, 52.681559599084487 ], [ 6.0043718, 52.681622899084502 ], [ 6.0043527, 52.681627499084478 ], [ 6.0041254, 52.681682399084487 ], [ 6.0037958, 52.681764099084482 ], [ 6.0031167, 52.68194599908449 ], [ 6.0029657, 52.681988299084502 ], [ 6.0028167, 52.682051199084476 ], [ 6.0026865, 52.682148399084497 ], [ 6.0026073, 52.682258199084472 ], [ 6.0025435, 52.682469599084484 ], [ 6.002471, 52.68274339908448 ], [ 6.002415, 52.682906199084478 ], [ 6.0023064, 52.683119599084478 ], [ 6.0017915, 52.683841999084471 ], [ 6.0016028, 52.684256099084465 ], [ 6.0014613, 52.684586599084462 ], [ 6.0013613, 52.684792999084465 ], [ 6.0012509, 52.685009699084475 ], [ 6.0011944, 52.685110299084471 ], [ 6.0009472, 52.685316199084447 ], [ 6.0007133, 52.685526599084454 ], [ 6.0005605, 52.685642099084468 ], [ 6.0003492, 52.685778199084453 ], [ 6.000021, 52.685964599084457 ], [ 5.9998267, 52.686058299084458 ], [ 5.9995607, 52.686165799084463 ], [ 5.9993286, 52.686244699084448 ], [ 5.9991136, 52.686317899084457 ], [ 5.998874, 52.686392299084453 ], [ 5.9979063, 52.68669239908445 ], [ 5.9975233, 52.686808499084442 ], [ 5.9973828, 52.686881099084459 ], [ 5.9972799, 52.686982299084441 ], [ 5.9972186, 52.687063499084431 ], [ 5.9971913, 52.687165799084447 ], [ 5.9971998, 52.687289899084433 ], [ 5.9972413, 52.687397399084432 ], [ 5.9972988, 52.68748719908443 ], [ 5.9973554, 52.687580399084439 ], [ 5.9974214, 52.687668999084416 ], [ 5.9976572, 52.68799429908443 ], [ 5.997794, 52.688189899084435 ], [ 5.9978902, 52.688330499084415 ], [ 5.9979063, 52.688404799084438 ], [ 5.9978959, 52.688495699084442 ], [ 5.9978449, 52.688580299084428 ], [ 5.9977402, 52.688704999084429 ], [ 5.9976789, 52.688824099084428 ], [ 5.9978001, 52.688907699084432 ], [ 5.997954, 52.689030099084427 ], [ 5.9981704, 52.689196799084421 ], [ 5.9983525, 52.689325999084431 ], [ 5.998415, 52.689359899084423 ], [ 5.9986645, 52.689474999084439 ], [ 5.9981481, 52.689820099084407 ], [ 5.9974891, 52.690251499084411 ], [ 5.9977116, 52.69039879908442 ], [ 5.9977507, 52.690424699084417 ], [ 5.9979895, 52.690574199084402 ], [ 5.9971145, 52.691071699084404 ], [ 5.9966785, 52.691327299084399 ], [ 5.9950744, 52.69228389908438 ], [ 5.9951855, 52.692368999084408 ], [ 5.9954359, 52.692545699084398 ], [ 5.9962926, 52.693167899084393 ], [ 5.996612, 52.693851099084377 ], [ 5.9961832, 52.694226499084365 ], [ 5.9951488, 52.69420439908437 ], [ 5.9946303, 52.694200199084364 ], [ 5.9945293, 52.694234899084371 ], [ 5.9945809, 52.694292899084395 ], [ 5.9945592, 52.694354599084377 ], [ 5.994905, 52.694506899084395 ], [ 5.9946755, 52.694617699084404 ], [ 5.9930824, 52.694540199084372 ], [ 5.9925185, 52.694515599084383 ], [ 5.9924117, 52.694536699084395 ], [ 5.9908469, 52.694469299084389 ], [ 5.9887437, 52.694380699084384 ], [ 5.9887272, 52.694616999084388 ], [ 5.9894885, 52.694654199084404 ], [ 5.9898608, 52.694679699084382 ], [ 5.9898849, 52.694795999084377 ], [ 5.9899986, 52.694863899084382 ], [ 5.989999, 52.694898199084363 ], [ 5.9900058, 52.694983699084389 ], [ 5.9902499, 52.695109199084378 ], [ 5.9904679, 52.695392299084389 ], [ 5.9905653, 52.695508199084358 ], [ 5.9913492, 52.695548799084378 ], [ 5.991325, 52.695836499084379 ], [ 5.9909443, 52.695817899084375 ], [ 5.9887251, 52.695705799084365 ], [ 5.9861648, 52.695578299084382 ], [ 5.9861404, 52.695852399084366 ], [ 5.9855595, 52.695827899084371 ], [ 5.9855473, 52.696170299084372 ], [ 5.9861111, 52.696188099084374 ], [ 5.988311, 52.696327599084341 ], [ 5.9884122, 52.69631689908438 ], [ 5.9883271, 52.696683699084382 ], [ 5.9879774, 52.696664899084375 ], [ 5.9879888, 52.696877099084354 ], [ 5.9892411, 52.696963199084358 ], [ 5.9891998, 52.697240799084369 ], [ 5.9891541, 52.697610799084359 ], [ 5.9900787, 52.697630099084343 ], [ 5.9903377, 52.698025999084372 ], [ 5.990158, 52.698074799084345 ], [ 5.9895012, 52.698054199084353 ], [ 5.9877133, 52.697960499084367 ], [ 5.9876913, 52.698001699084351 ], [ 5.9876472, 52.69827919908434 ], [ 5.9874272, 52.698263199084352 ], [ 5.9873063, 52.698493199084353 ], [ 5.987352, 52.698537499084352 ], [ 5.9873527, 52.698588899084342 ], [ 5.9873501, 52.698814799084339 ], [ 5.9873402, 52.698910799084345 ], [ 5.9874311, 52.698965099084347 ], [ 5.9874066, 52.699239099084352 ], [ 5.9873225, 52.699475799084368 ], [ 5.9873577, 52.699578299084344 ], [ 5.987337, 52.69971199908435 ], [ 5.9891983, 52.699812199084327 ], [ 5.9893003, 52.699852699084346 ], [ 5.9892287, 52.699969499084354 ], [ 5.9891622, 52.700058899084333 ], [ 5.9889903, 52.700261799084345 ], [ 5.988544, 52.70059959908432 ], [ 5.9883506, 52.700679299084342 ], [ 5.9884338, 52.700990399084333 ], [ 5.9884869, 52.701164799084346 ], [ 5.9885248, 52.701465899084354 ], [ 5.9884697, 52.701558599084336 ], [ 5.9884203, 52.701654799084309 ], [ 5.9883654, 52.701966599084315 ], [ 5.987153, 52.701924799084345 ], [ 5.9872142, 52.702280599084325 ], [ 5.9866331, 52.702242399084348 ], [ 5.9867399, 52.702635599084317 ], [ 5.9866965, 52.702755699084335 ], [ 5.9866759, 52.702899599084333 ], [ 5.9866546, 52.702992099084348 ], [ 5.9866018, 52.703047199084324 ], [ 5.986506, 52.703047699084323 ], [ 5.9864997, 52.703417499084317 ], [ 5.9868946, 52.703435999084306 ], [ 5.9868475, 52.703706799084323 ], [ 5.9868172, 52.703967099084331 ], [ 5.9869648, 52.70403829908431 ], [ 5.9879524, 52.704125799084331 ], [ 5.9877775, 52.704523799084313 ], [ 5.9876979, 52.705337699084311 ], [ 5.9899646, 52.705452099084297 ], [ 5.9920392, 52.70555169908431 ], [ 5.9945202, 52.705673899084303 ], [ 5.994519, 52.705689099084324 ], [ 5.99666, 52.70578439908428 ], [ 6.0022792, 52.706036999084283 ], [ 6.0038915, 52.7061752990843 ], [ 6.0044376, 52.706367899084292 ], [ 6.0045056, 52.706918099084312 ], [ 6.0045673, 52.708433399084292 ], [ 6.0045737, 52.708886199084297 ], [ 6.0049781, 52.709018299084278 ], [ 6.0076126, 52.709548999084291 ], [ 6.0091267, 52.709858499084284 ], [ 6.0093705, 52.710016199084293 ], [ 6.0094538, 52.710211799084284 ], [ 6.0138147, 52.71110579908428 ], [ 6.0138566, 52.711227999084279 ], [ 6.0142011, 52.71138469908427 ], [ 6.0146871, 52.711589999084261 ], [ 6.0151924, 52.71172209908427 ], [ 6.0153253, 52.711861899084298 ], [ 6.0157327, 52.712202399084283 ], [ 6.0159966, 52.712347599084261 ], [ 6.0163009, 52.712529099084271 ], [ 6.0165268, 52.712833499084269 ], [ 6.0164917, 52.713188199084286 ], [ 6.0165873, 52.713536599084257 ], [ 6.0168345, 52.713938599084258 ], [ 6.016898, 52.714158499084249 ], [ 6.0167412, 52.71445249908426 ], [ 6.0168249, 52.714672299084249 ], [ 6.0169936, 52.715197199084272 ], [ 6.0170602, 52.71563669908425 ], [ 6.0171047, 52.715930299084249 ], [ 6.0174525, 52.716319399084249 ], [ 6.0174348, 52.716490899084249 ], [ 6.0178227, 52.716867399084236 ], [ 6.0178896, 52.717319899084252 ], [ 6.0180361, 52.717697699084233 ], [ 6.0177404, 52.71813969908424 ], [ 6.0172619, 52.718484299084245 ], [ 6.0169226, 52.718693999084223 ], [ 6.016757, 52.719080199084232 ], [ 6.0165964, 52.719105199084254 ], [ 6.0165581, 52.71924019908424 ], [ 6.0166192, 52.719288799084232 ], [ 6.0163232, 52.719718399084236 ], [ 6.0159691, 52.720294399084231 ], [ 6.0158686, 52.72030729908424 ], [ 6.0157699, 52.720442599084222 ], [ 6.0158319, 52.72055179908422 ], [ 6.0155543, 52.720859499084227 ], [ 6.0153356, 52.721056099084215 ], [ 6.0153184, 52.721263999084208 ], [ 6.0149633, 52.721779399084227 ], [ 6.0148664, 52.72203659908422 ], [ 6.0146269, 52.722196799084216 ], [ 6.0144887, 52.722380699084226 ], [ 6.0142493, 52.722540899084215 ], [ 6.0142416, 52.722539199084224 ], [ 6.0140049, 52.722775899084226 ], [ 6.013564, 52.723036899084207 ], [ 6.0133426, 52.723094299084224 ], [ 6.013177, 52.723173899084223 ], [ 6.0131061, 52.723157699084233 ], [ 6.0130846, 52.723182999084216 ], [ 6.0130047, 52.723204299084223 ], [ 6.0127884, 52.723309799084213 ], [ 6.0123458, 52.723611299084212 ], [ 6.0120962, 52.723786499084227 ], [ 6.0120291, 52.723898199084225 ], [ 6.0120189, 52.723988699084209 ], [ 6.011997, 52.724058399084207 ], [ 6.0118147, 52.724135799084216 ], [ 6.0114155, 52.724263199084213 ], [ 6.0110849, 52.724383199084208 ], [ 6.010777, 52.724489099084202 ], [ 6.010537, 52.7245320990842 ], [ 6.0103991, 52.724504999084218 ], [ 6.0103528, 52.724477399084201 ], [ 6.0102027, 52.724394699084222 ], [ 6.0100875, 52.724353599084218 ], [ 6.0098919, 52.724291999084201 ], [ 6.0096615, 52.724209699084234 ], [ 6.0094885, 52.724127099084214 ], [ 6.0096962, 52.723423399084204 ], [ 6.0098289, 52.723081799084234 ], [ 6.0100078, 52.722767699084194 ], [ 6.0100193, 52.722745899084209 ], [ 6.0100819, 52.722626999084241 ], [ 6.0101587, 52.722481099084206 ], [ 6.0067092, 52.721689199084224 ], [ 6.0028437, 52.720809399084239 ], [ 6.003243, 52.720222399084228 ], [ 6.0032421, 52.720154899084228 ], [ 6.0033091, 52.720039899084227 ], [ 6.0033082, 52.720039699084232 ], [ 6.0033202, 52.720016899084243 ], [ 6.0032957, 52.72001969908424 ], [ 6.0030355, 52.71995349908422 ], [ 5.998985, 52.719074499084236 ], [ 5.9930391, 52.717743799084253 ], [ 5.9929344, 52.717721899084239 ], [ 5.9926894, 52.718175099084249 ], [ 5.992402, 52.718701199084251 ], [ 5.9923266, 52.718820699084233 ], [ 5.9922324, 52.718951499084241 ], [ 5.9921183, 52.71909309908424 ], [ 5.9919924, 52.719226299084241 ], [ 5.9918676, 52.719349399084237 ], [ 5.9916754, 52.719514399084225 ], [ 5.9914111, 52.719720199084229 ], [ 5.9912372, 52.719861499084246 ], [ 5.9909674, 52.720102699084222 ], [ 5.9908012, 52.720260899084245 ], [ 5.9904535, 52.720646299084223 ], [ 5.9903079, 52.720819499084243 ], [ 5.9901257, 52.721030499084229 ], [ 5.9900825, 52.721080699084226 ], [ 5.9896958, 52.721526499084227 ], [ 5.9894631, 52.721812499084209 ], [ 5.989311, 52.722019499084219 ], [ 5.9894365, 52.722018799084218 ], [ 5.9897104, 52.722153499084229 ], [ 5.9901609, 52.722326099084228 ], [ 5.990385, 52.722324999084229 ], [ 5.990577, 52.722323999084203 ], [ 5.9907204, 52.722274699084224 ], [ 5.9909112, 52.7221862990842 ], [ 5.9909208, 52.722054999084214 ], [ 5.9956908, 52.723995999084217 ], [ 5.995717, 52.724006699084221 ], [ 5.995847, 52.724045299084217 ], [ 5.9961904, 52.723912599084208 ], [ 5.9969385, 52.72495679908419 ], [ 5.9962515, 52.725209199084205 ], [ 5.9977267, 52.72733709908421 ], [ 5.9979273, 52.727794599084213 ], [ 5.9992174, 52.730054399084203 ], [ 5.9992323, 52.73008049908421 ], [ 5.9992555, 52.730256799084181 ], [ 5.9992499, 52.730258099084196 ], [ 5.9991231, 52.730346199084181 ], [ 5.9990763, 52.730433899084197 ], [ 5.9989666, 52.730599699084202 ], [ 5.9989526, 52.730745499084193 ], [ 5.9988725, 52.730745899084205 ], [ 5.9988245, 52.730746199084201 ], [ 5.9987442, 52.730727199084185 ], [ 5.9986798, 52.730698299084189 ], [ 5.9985828, 52.730630799084196 ], [ 5.9983909, 52.7306414990842 ], [ 5.9983435, 52.730690299084195 ], [ 5.9983287, 52.730777899084181 ], [ 5.998394, 52.730864999084176 ], [ 5.9984431, 52.730942499084215 ], [ 5.9984439, 52.731000799084178 ], [ 5.9984445, 52.731049399084213 ], [ 5.9984298, 52.731136899084184 ], [ 5.9984474, 52.731253399084174 ], [ 5.9984809, 52.731360199084179 ], [ 5.9984505, 52.731476899084186 ], [ 5.9983384, 52.731477499084178 ], [ 5.9976364, 52.731646299084197 ], [ 5.9971412, 52.731716799084175 ], [ 5.9969811, 52.731717699084193 ], [ 5.9969158, 52.731630499084183 ], [ 5.9968829, 52.731562699084193 ], [ 5.9968022, 52.731514499084206 ], [ 5.9967381, 52.731514799084181 ], [ 5.9966104, 52.731534899084188 ], [ 5.9964826, 52.731554999084182 ], [ 5.9962754, 52.731624099084186 ], [ 5.9959243, 52.731703599084206 ], [ 5.9954443, 52.731715799084192 ], [ 5.9947239, 52.731719499084186 ], [ 5.9942281, 52.731751099084178 ], [ 5.9938598, 52.731743299084187 ], [ 5.9934589, 52.731686999084189 ], [ 5.9931059, 52.731630499084183 ], [ 5.9929289, 52.73156339908418 ], [ 5.9927676, 52.731476699084197 ], [ 5.9925732, 52.731312499084197 ], [ 5.9923314, 52.731187399084192 ], [ 5.9919937, 52.731072499084199 ], [ 5.9914466, 52.730871199084199 ], [ 5.9909964, 52.730727699084206 ], [ 5.9906109, 52.73063249908418 ], [ 5.9903219, 52.730565899084198 ], [ 5.9898894, 52.730548699084181 ], [ 5.9895213, 52.730550499084202 ], [ 5.9886409, 52.730554999084184 ], [ 5.987682, 52.73066669908421 ], [ 5.9870905, 52.730727999084209 ], [ 5.985796, 52.730880299084198 ], [ 5.9853643, 52.730921299084166 ], [ 5.9849805, 52.730952399084188 ], [ 5.984263, 52.731159999084205 ], [ 5.9839925, 52.731277999084199 ], [ 5.9837539, 52.73139579908419 ], [ 5.9832144, 52.731748299084195 ], [ 5.9828345, 52.7320611990842 ], [ 5.9824074, 52.73244229908417 ], [ 5.9819322, 52.732813999084172 ], [ 5.9814555, 52.733078699084196 ], [ 5.9808661, 52.733295399084184 ], [ 5.9803867, 52.73335609908419 ], [ 5.9798431, 52.733407399084179 ], [ 5.9791546, 52.733401099084197 ], [ 5.9783061, 52.733395599084176 ], [ 5.9778893, 52.733358799084179 ], [ 5.9774716, 52.733244199084176 ], [ 5.9771825, 52.733177599084193 ], [ 5.9767568, 52.732979999084186 ], [ 5.9766026, 52.732908399084188 ], [ 5.9761687, 52.7327841990842 ], [ 5.9757183, 52.732621199084178 ], [ 5.9752995, 52.732428999084171 ], [ 5.9748173, 52.732285599084186 ], [ 5.9744641, 52.732209599084179 ], [ 5.9740306, 52.732114499084197 ], [ 5.9737085, 52.731970299084189 ], [ 5.9735374, 52.731897699084179 ], [ 5.9731932, 52.732348299084194 ], [ 5.9713241, 52.734610099084179 ], [ 5.9714618, 52.734668399084178 ], [ 5.9710281, 52.735181699084166 ], [ 5.9696693, 52.736822499084177 ], [ 5.9693229, 52.737270199084179 ], [ 5.969932, 52.73742169908418 ], [ 5.9700502, 52.737492499084169 ], [ 5.9702928, 52.737564899084177 ], [ 5.970806, 52.73772359908417 ], [ 5.9735542, 52.738547099084172 ], [ 5.9736352, 52.738601199084165 ], [ 5.9738664, 52.738657999084175 ], [ 5.9742789, 52.738759299084165 ], [ 5.9749232, 52.738919799084172 ], [ 5.9748015, 52.739110199084173 ], [ 5.9747802, 52.739851399084159 ], [ 5.974756, 52.740398599084173 ], [ 5.9747346, 52.741104199084162 ], [ 5.9747171, 52.741821099084177 ], [ 5.9747031, 52.742307999084176 ], [ 5.974685, 52.742789799084157 ], [ 5.9746622, 52.743343499084183 ], [ 5.9746622, 52.743359099084159 ], [ 5.9746622, 52.743641399084161 ], [ 5.9746501, 52.743979199084158 ], [ 5.974638, 52.744319299084161 ], [ 5.9746259, 52.744652199084157 ], [ 5.9745991, 52.745010999084144 ], [ 5.974575, 52.745024799084156 ], [ 5.9739514, 52.744831599084151 ], [ 5.9731427, 52.744578299084168 ], [ 5.9718968, 52.744202399084159 ], [ 5.9718934, 52.744300299084145 ], [ 5.971883, 52.744532299084163 ], [ 5.9718797, 52.744632699084157 ], [ 5.9718847, 52.744718799084154 ], [ 5.9718748, 52.745191899084162 ], [ 5.9718198, 52.74518319908416 ], [ 5.9716373, 52.745141999084161 ], [ 5.971435, 52.745100799084163 ], [ 5.9696612, 52.744674899084167 ], [ 5.969574, 52.744834099084159 ], [ 5.9694064, 52.745142599084168 ], [ 5.9692588, 52.745393399084158 ], [ 5.9691127, 52.745649999084172 ], [ 5.9690912, 52.745715699084158 ], [ 5.9692106, 52.745763599084157 ], [ 5.9698449, 52.74594299908415 ], [ 5.9698851, 52.745964199084142 ], [ 5.9698664, 52.74599819908417 ], [ 5.9696142, 52.74630509908414 ], [ 5.9695472, 52.74642929908417 ], [ 5.9694949, 52.74660869908417 ], [ 5.9694399, 52.74676709908416 ], [ 5.9693755, 52.746898599084176 ], [ 5.9693849, 52.746957799084143 ], [ 5.9702177, 52.747237899084162 ], [ 5.9702486, 52.747258199084158 ], [ 5.9702526, 52.747287399084172 ], [ 5.9693795, 52.747933599084163 ], [ 5.9684327, 52.748656899084146 ], [ 5.9675853, 52.749312999084147 ], [ 5.9675449, 52.74933309908414 ], [ 5.9675025, 52.749322899084149 ], [ 5.9669508, 52.749042499084155 ], [ 5.9663728, 52.748729999084155 ], [ 5.9662521, 52.748666699084161 ], [ 5.9661528, 52.748606599084155 ], [ 5.9660858, 52.748548199084162 ], [ 5.9660275, 52.748455999084157 ], [ 5.9658726, 52.748561499084147 ], [ 5.9656754, 52.74877059908416 ], [ 5.9651443, 52.749232499084151 ], [ 5.9646696, 52.749656999084152 ], [ 5.9644134, 52.749909499084161 ], [ 5.9637858, 52.750515899084164 ], [ 5.9633701, 52.750877899084138 ], [ 5.9631488, 52.751083299084151 ], [ 5.9629677, 52.751207499084174 ], [ 5.9628738, 52.751254599084156 ], [ 5.9628457, 52.75129109908417 ], [ 5.9628457, 52.751306499084151 ], [ 5.9630334, 52.75142669908417 ], [ 5.9630643, 52.751448599084178 ], [ 5.9630683, 52.751463999084159 ], [ 5.9630616, 52.751480199084149 ], [ 5.9629717, 52.751528099084148 ], [ 5.9629033, 52.75159309908414 ], [ 5.962792, 52.75185929908416 ], [ 5.9627612, 52.751881999084141 ], [ 5.9627357, 52.751889399084163 ], [ 5.9626271, 52.751882499084154 ], [ 5.9628953, 52.752458399084162 ], [ 5.9631743, 52.752678299084153 ], [ 5.9636289, 52.753038699084158 ], [ 5.9639119, 52.753255499084148 ], [ 5.964333, 52.753554199084157 ], [ 5.9647326, 52.753842299084155 ], [ 5.9649914, 52.754024099084155 ], [ 5.9651871, 52.754171799084162 ], [ 5.9652302, 52.754204299084151 ], [ 5.9653438, 52.754265699084158 ], [ 5.9653851, 52.754330599084156 ], [ 5.9654005, 52.754388999084156 ], [ 5.965387, 52.754471599084148 ], [ 5.9653386, 52.754538699084144 ], [ 5.9652552, 52.754605399084141 ], [ 5.9651165, 52.754671799084157 ], [ 5.9647993, 52.754823299084158 ], [ 5.9648236, 52.754843999084166 ], [ 5.9647658, 52.75486389908415 ], [ 5.9647473, 52.754847699084159 ], [ 5.9644906, 52.754970299084164 ], [ 5.9642413, 52.755091699084161 ], [ 5.9636509, 52.755378799084156 ], [ 5.9633391, 52.755526399084161 ], [ 5.9632763, 52.755568199084145 ], [ 5.9631545, 52.755532299084152 ], [ 5.9630402, 52.755493199084142 ], [ 5.962725, 52.755383299084166 ], [ 5.9622965, 52.755232699084146 ], [ 5.9622616, 52.755215699084154 ], [ 5.9622616, 52.755202699084137 ], [ 5.9622777, 52.75518159908416 ], [ 5.9623609, 52.755101599084163 ], [ 5.9615924, 52.754838299084156 ], [ 5.9616018, 52.754778199084143 ], [ 5.9616394, 52.754742099084154 ], [ 5.9618586, 52.754503799084169 ], [ 5.961862, 52.754491699084156 ], [ 5.9618378, 52.754478299084155 ], [ 5.960949, 52.754218499084139 ], [ 5.9606982, 52.754160899084177 ], [ 5.9604424, 52.754115199084161 ], [ 5.9604144, 52.75411869908416 ], [ 5.9604094, 52.754125399084138 ], [ 5.9602198, 52.754079299084175 ], [ 5.9603217, 52.753926299084178 ], [ 5.9602513, 52.753904399084142 ], [ 5.9607529, 52.75314259908415 ], [ 5.9606697, 52.75311789908416 ], [ 5.9603351, 52.753023299084148 ], [ 5.9602025, 52.752986899084142 ], [ 5.9601018, 52.752959199084138 ], [ 5.9579493, 52.752091499084145 ], [ 5.9576382, 52.752017599084148 ], [ 5.95774, 52.751741799084158 ], [ 5.9577162, 52.751736599084168 ], [ 5.9577542, 52.751648499084162 ], [ 5.9576187, 52.75159849908416 ], [ 5.9574853, 52.751521999084169 ], [ 5.9574283, 52.751486299084149 ], [ 5.9573451, 52.751450199084154 ], [ 5.9572452, 52.751435999084151 ], [ 5.9571554, 52.751431899084167 ], [ 5.9569837, 52.751437999084168 ], [ 5.9568268, 52.751446999084152 ], [ 5.9566551, 52.751453499084164 ], [ 5.9565251, 52.751472499084159 ], [ 5.9562828, 52.751583299084174 ], [ 5.9562046, 52.751614599084164 ], [ 5.9561513, 52.751629999084159 ], [ 5.9561009, 52.751637599084148 ], [ 5.9560087, 52.751640199084157 ], [ 5.9558887, 52.751637699084171 ], [ 5.9556849, 52.751636099084145 ], [ 5.9554481, 52.751677099084134 ], [ 5.9552283, 52.751730399084153 ], [ 5.9551811, 52.751736199084156 ], [ 5.9551244, 52.751734799084147 ], [ 5.9550187, 52.751719299084144 ], [ 5.954852, 52.751678299084162 ], [ 5.9546904, 52.751633699084167 ], [ 5.9545784, 52.751601599084161 ], [ 5.954504, 52.751578899084144 ], [ 5.9544229, 52.751551299084142 ], [ 5.9543491, 52.751507399084147 ], [ 5.9542666, 52.751408799084146 ], [ 5.954137, 52.751100999084144 ], [ 5.9540398, 52.751118899084176 ], [ 5.9539287, 52.750880199084165 ], [ 5.9538462, 52.750722499084162 ], [ 5.9538066, 52.750641699084156 ], [ 5.9537818, 52.750602299084143 ], [ 5.9537027, 52.750542699084164 ], [ 5.9536209, 52.750500899084166 ], [ 5.9535538, 52.750458699084142 ], [ 5.9535056, 52.750370199084145 ], [ 5.953466, 52.750279299084156 ], [ 5.9534573, 52.750234199084147 ], [ 5.9534432, 52.750215899084161 ], [ 5.953405, 52.75020699908417 ], [ 5.9533077, 52.750204199084152 ], [ 5.9532474, 52.750191199084178 ], [ 5.9532041, 52.750169199084155 ], [ 5.9531582, 52.750117699084164 ], [ 5.9531106, 52.750089699084157 ], [ 5.9530516, 52.750064999084152 ], [ 5.9527646, 52.749933299084141 ], [ 5.9527415, 52.749913699084154 ], [ 5.9527411, 52.749886199084159 ], [ 5.9527538, 52.749864199084151 ], [ 5.9528846, 52.749755699084147 ], [ 5.952892, 52.749723199084158 ], [ 5.9528779, 52.749695999084146 ], [ 5.9528337, 52.749659899084165 ], [ 5.9527881, 52.749631099084162 ], [ 5.9527552, 52.749602699084143 ], [ 5.9527284, 52.749543799084158 ], [ 5.9526781, 52.749417599084161 ], [ 5.9525628, 52.749218299084163 ], [ 5.9523301, 52.748788399084177 ], [ 5.9522308, 52.748630999084156 ], [ 5.9521839, 52.748509199084168 ], [ 5.9521477, 52.74840849908415 ], [ 5.9521021, 52.748338699084151 ], [ 5.9518741, 52.748107399084162 ], [ 5.9513249, 52.748336299084144 ], [ 5.9506336, 52.748638299084149 ], [ 5.9503432, 52.748759599084153 ], [ 5.9495855, 52.749093699084156 ], [ 5.9495882, 52.749203299084158 ], [ 5.9496492, 52.749970399084177 ], [ 5.9496599, 52.750133599084151 ], [ 5.9496519, 52.750238299084153 ], [ 5.9497163, 52.750829999084146 ], [ 5.9497444, 52.751328399084159 ], [ 5.9497391, 52.751385299084163 ], [ 5.9497149, 52.751399099084161 ], [ 5.9495272, 52.751419399084163 ], [ 5.9485455, 52.751503799084169 ], [ 5.948526, 52.751516399084139 ], [ 5.9485307, 52.75157439908417 ], [ 5.9485736, 52.751994499084162 ], [ 5.9486487, 52.752847199084172 ], [ 5.9487104, 52.753329299084157 ], [ 5.9487762, 52.753979499084132 ], [ 5.9488057, 52.754292799084162 ], [ 5.948811, 52.754551699084161 ], [ 5.9488446, 52.75471159908416 ], [ 5.9488834, 52.754813899084155 ], [ 5.9489384, 52.754933199084164 ], [ 5.9490792, 52.755309199084159 ], [ 5.9491936, 52.755578199084148 ], [ 5.9491909, 52.755618099084153 ], [ 5.9491229, 52.755662299084129 ], [ 5.9489653, 52.755736599084152 ], [ 5.9487594, 52.755834199084156 ], [ 5.9485776, 52.755912599084141 ], [ 5.9477341, 52.756358499084136 ], [ 5.9474015, 52.756476999084164 ], [ 5.946857, 52.75675939908416 ], [ 5.9452611, 52.757530499084162 ], [ 5.944832, 52.757725299084157 ], [ 5.943692, 52.758256099084143 ], [ 5.943051, 52.758564499084166 ], [ 5.9424314, 52.758858299084139 ], [ 5.9418279, 52.759135899084143 ], [ 5.9413102, 52.759400399084143 ], [ 5.9408113, 52.759611399084136 ], [ 5.9402985, 52.75983959908416 ], [ 5.9417392, 52.761787699084159 ], [ 5.9414997, 52.761875199084159 ], [ 5.9412635, 52.761918299084158 ], [ 5.9408917, 52.762048899084157 ], [ 5.9402465, 52.762306699084156 ], [ 5.9396866, 52.762495699084141 ], [ 5.9382962, 52.760650599084144 ], [ 5.9375998, 52.760992799084157 ], [ 5.9370382, 52.761219499084156 ], [ 5.9367437, 52.761329299084153 ], [ 5.9349958, 52.76204739908416 ], [ 5.9346358, 52.762197299084143 ], [ 5.9337413, 52.76256939908415 ], [ 5.933548, 52.762649499084162 ], [ 5.9333746, 52.762720499084153 ], [ 5.932825, 52.762948199084157 ], [ 5.9320262, 52.763274299084145 ], [ 5.930924, 52.763728799084141 ], [ 5.9305608, 52.763883199084148 ], [ 5.9298705, 52.76420709908416 ], [ 5.9290093, 52.764601999084142 ], [ 5.9287871, 52.764705199084169 ], [ 5.928565, 52.764808999084153 ], [ 5.9279186, 52.765132199084157 ], [ 5.9275384, 52.765315899084158 ], [ 5.9274674, 52.765345399084183 ], [ 5.927379, 52.765382899084173 ], [ 5.9272011, 52.765452199084152 ], [ 5.9269651, 52.765538699084161 ], [ 5.9265266, 52.765709799084156 ], [ 5.9262246, 52.765854899084161 ], [ 5.9260963, 52.765888599084143 ], [ 5.925623, 52.76612899908416 ], [ 5.9254661, 52.766210599084168 ], [ 5.922875, 52.76739849908418 ], [ 5.9226196, 52.767555299084165 ], [ 5.9224184, 52.767633099084151 ], [ 5.921925, 52.767859499084146 ], [ 5.921124, 52.768232099084173 ], [ 5.9201132, 52.768698899084157 ], [ 5.9197869, 52.768846999084175 ], [ 5.9193881, 52.769027399084152 ], [ 5.918654, 52.769381199084158 ], [ 5.9182924, 52.769560299084176 ], [ 5.9182107, 52.769587699084163 ], [ 5.9177991, 52.769784399084166 ], [ 5.9173538, 52.769991999084169 ], [ 5.9164736, 52.770445299084159 ], [ 5.9154304, 52.77101449908416 ], [ 5.9144729, 52.771559099084151 ], [ 5.9140985, 52.77176799908419 ], [ 5.9130296, 52.77237159908416 ], [ 5.9125663, 52.772626999084167 ], [ 5.9121052, 52.772890199084173 ], [ 5.9114455, 52.773259299084167 ], [ 5.9107528, 52.773662899084158 ], [ 5.9102193, 52.773979799084159 ], [ 5.9097588, 52.77425649908416 ], [ 5.908336, 52.775115999084157 ], [ 5.9079251, 52.775360499084172 ], [ 5.9077747, 52.775449899084201 ], [ 5.9068295, 52.776025299084189 ], [ 5.9068007, 52.776019299084176 ], [ 5.9066933, 52.776098899084197 ], [ 5.9060041, 52.776549099084193 ], [ 5.9051506, 52.777172399084165 ], [ 5.9044499, 52.77768439908418 ], [ 5.9043906, 52.777727299084177 ], [ 5.9035605, 52.778468999084176 ], [ 5.9031278, 52.778837699084185 ], [ 5.9023654, 52.779486999084178 ], [ 5.9013392, 52.780361599084181 ], [ 5.901258, 52.780427599084192 ], [ 5.9001862, 52.781302999084183 ], [ 5.8986901, 52.782585599084193 ], [ 5.8983873, 52.782832399084192 ], [ 5.8983812, 52.782832499084201 ], [ 5.8978923, 52.78324799908421 ], [ 5.8976366, 52.783505799084203 ], [ 5.8974043, 52.783749499084202 ], [ 5.8970082, 52.784064599084196 ], [ 5.8958444, 52.785113799084193 ], [ 5.8958338, 52.785118399084219 ], [ 5.8957022, 52.785238599084202 ], [ 5.8957022, 52.785241999084199 ], [ 5.895053, 52.78582669908419 ], [ 5.8947156, 52.786153199084204 ], [ 5.893425, 52.78740199908421 ], [ 5.889523, 52.791181799084221 ], [ 5.8923945, 52.792406999084221 ] ] ], [ [ [ 6.0829451, 52.756051299084163 ], [ 6.0829688, 52.756116299084162 ], [ 6.083287, 52.75694759908415 ], [ 6.0835316, 52.757600599084164 ], [ 6.0836348, 52.757884199084145 ], [ 6.0837549, 52.758164999084151 ], [ 6.0838814, 52.75847319908415 ], [ 6.0840593, 52.758949699084162 ], [ 6.0841019, 52.759063999084148 ], [ 6.0842672, 52.759447299084172 ], [ 6.0844457, 52.759929299084149 ], [ 6.0845299, 52.760129399084143 ], [ 6.0846925, 52.760530699084157 ], [ 6.0847589, 52.760702199084164 ], [ 6.0848652, 52.760953799084149 ], [ 6.0849032, 52.761043999084151 ], [ 6.0850187, 52.761334299084133 ], [ 6.0851986, 52.761787199084154 ], [ 6.0853492, 52.762153099084131 ], [ 6.0853941, 52.762229199084167 ], [ 6.0854555, 52.76228669908415 ], [ 6.0855855, 52.762425899084143 ], [ 6.0855444, 52.762447499084146 ], [ 6.085533, 52.762487999084144 ], [ 6.0855375, 52.762510999084157 ], [ 6.0855418, 52.762533999084177 ], [ 6.0855668, 52.762606899084162 ], [ 6.0855729, 52.762623699084152 ], [ 6.0858051, 52.763146999084142 ], [ 6.0858915, 52.763341399084155 ], [ 6.0859258, 52.763418699084156 ], [ 6.0860855, 52.763780699084151 ], [ 6.0863644, 52.764411599084163 ], [ 6.0865065, 52.764715799084151 ], [ 6.0868334, 52.765428999084158 ], [ 6.087148, 52.766152899084148 ], [ 6.0871853, 52.766238699084163 ], [ 6.0873051, 52.766508199084143 ], [ 6.0873885, 52.766695899084169 ], [ 6.0891371, 52.770510599084169 ], [ 6.0896131, 52.770604099084153 ], [ 6.0906317, 52.770604799084161 ], [ 6.0912388, 52.770605199084159 ], [ 6.0936765, 52.770598099084154 ], [ 6.0947607, 52.770526499084177 ], [ 6.0962147, 52.770404999084171 ], [ 6.0964781, 52.770383199084172 ], [ 6.1004852, 52.770069999084171 ], [ 6.1033781, 52.769836999084163 ], [ 6.104181, 52.76977259908417 ], [ 6.1047672, 52.769725299084165 ], [ 6.1047767, 52.769771299084169 ], [ 6.1048909, 52.76975769908416 ], [ 6.1042595, 52.767716099084161 ], [ 6.103872, 52.766487699084166 ], [ 6.103716, 52.766009999084154 ], [ 6.1035166, 52.765369699084154 ], [ 6.1034034, 52.765030499084162 ], [ 6.1033561, 52.764609999084151 ], [ 6.1033233, 52.764258499084157 ], [ 6.1033739, 52.764195299084143 ], [ 6.1033895, 52.764176099084153 ], [ 6.1034431, 52.764167399084158 ], [ 6.103478, 52.764165499084164 ], [ 6.1034894, 52.764111499084166 ], [ 6.1034999, 52.764029399084166 ], [ 6.1037651, 52.764036199084138 ], [ 6.1050353, 52.764040999084166 ], [ 6.1055234, 52.764044799084154 ], [ 6.1055215, 52.763959399084172 ], [ 6.1055016, 52.763009599084171 ], [ 6.1054798, 52.761961499084158 ], [ 6.1054759, 52.760108799084158 ], [ 6.1054234, 52.757435799084156 ], [ 6.1054139, 52.757274599084148 ], [ 6.1053372, 52.757213299084128 ], [ 6.1052364, 52.757182999084151 ], [ 6.1049394, 52.757166799084139 ], [ 6.1049081, 52.75716529908415 ], [ 6.1049199, 52.757092799084162 ], [ 6.1050325, 52.756401099084144 ], [ 6.1051627, 52.755600399084166 ], [ 6.1075403, 52.755681599084156 ], [ 6.1080759, 52.755688999084143 ], [ 6.1083329, 52.755681299084138 ], [ 6.1086649, 52.755670799084157 ], [ 6.1090929, 52.755657599084145 ], [ 6.1092407, 52.75565279908416 ], [ 6.1098343, 52.755584599084166 ], [ 6.1099905, 52.755566199084164 ], [ 6.1101002, 52.755550399084136 ], [ 6.1104906, 52.755492999084154 ], [ 6.1106269, 52.755472499084149 ], [ 6.1106126, 52.755240599084132 ], [ 6.1106009, 52.754526599084166 ], [ 6.1106425, 52.75408989908415 ], [ 6.1106911, 52.753640199084145 ], [ 6.1107995, 52.753120999084153 ], [ 6.1112261, 52.753125199084131 ], [ 6.1113449, 52.753126199084157 ], [ 6.1114911, 52.753133699084145 ], [ 6.111562, 52.753141699084146 ], [ 6.1116803, 52.753166799084163 ], [ 6.1118849, 52.753179599084149 ], [ 6.112779, 52.753235999084147 ], [ 6.1136484, 52.753290599084153 ], [ 6.1136724, 52.753318999084144 ], [ 6.117278, 52.753562699084149 ], [ 6.1177086, 52.750193799084144 ], [ 6.1176541, 52.749839699084163 ], [ 6.1174064, 52.749575499084152 ], [ 6.1170623, 52.74937089908417 ], [ 6.1156915, 52.748877299084157 ], [ 6.1153962, 52.748672399084157 ], [ 6.1152463, 52.74843699908417 ], [ 6.1151932, 52.748171599084159 ], [ 6.1153772, 52.747921699084152 ], [ 6.1155241, 52.74767589908415 ], [ 6.1170373, 52.745723999084149 ], [ 6.1184283, 52.743722399084156 ], [ 6.1184263, 52.74360429908414 ], [ 6.1187576, 52.743041199084161 ], [ 6.1186509, 52.742480799084163 ], [ 6.1200681, 52.73993259908417 ], [ 6.1200156, 52.739696599084184 ], [ 6.1205806, 52.738570999084175 ], [ 6.1210567, 52.737947999084163 ], [ 6.1199836, 52.737777399084145 ], [ 6.1183281, 52.737698999084159 ], [ 6.1173552, 52.737704899084179 ], [ 6.1173543, 52.737704899084179 ], [ 6.1173732, 52.737671399084171 ], [ 6.1173751, 52.737667999084167 ], [ 6.1170876, 52.737242299084173 ], [ 6.1171649, 52.737130699084176 ], [ 6.1175908, 52.736516199084171 ], [ 6.1197446, 52.73338529908419 ], [ 6.1211711, 52.731469299084175 ], [ 6.1218068, 52.73157939908419 ], [ 6.1223943, 52.731710599084181 ], [ 6.1239887, 52.729272899084194 ], [ 6.1241248, 52.729073199084198 ], [ 6.1242558, 52.728896499084186 ], [ 6.1244131, 52.72869049908418 ], [ 6.1244552, 52.728631799084205 ], [ 6.124685, 52.728265299084192 ], [ 6.1247687, 52.728127099084212 ], [ 6.1249249, 52.72786939908422 ], [ 6.1251228, 52.7275429990842 ], [ 6.12528, 52.727291999084201 ], [ 6.1252851, 52.727292499084207 ], [ 6.1253102, 52.727252499084223 ], [ 6.1251734, 52.727239299084204 ], [ 6.125107, 52.727234599084198 ], [ 6.125079, 52.727232599084189 ], [ 6.1249479, 52.727212599084197 ], [ 6.1248705, 52.727189499084226 ], [ 6.1254657, 52.726308899084223 ], [ 6.1254157, 52.726290099084217 ], [ 6.1255803, 52.726035199084215 ], [ 6.126132, 52.725209299084227 ], [ 6.126201, 52.725118999084188 ], [ 6.1261963, 52.725071299084213 ], [ 6.1259207, 52.724999999084211 ], [ 6.1259089, 52.7249837990842 ], [ 6.1260556, 52.72476879908421 ], [ 6.1262581, 52.724472099084203 ], [ 6.1264161, 52.724250899084211 ], [ 6.1264787, 52.724149899084217 ], [ 6.1266334, 52.72390119908421 ], [ 6.1267493, 52.723704499084221 ], [ 6.1270118, 52.723293899084233 ], [ 6.1272276, 52.722935799084212 ], [ 6.1268815, 52.72287389908422 ], [ 6.1266472, 52.722832699084215 ], [ 6.1265381, 52.722813099084227 ], [ 6.1265644, 52.722766399084207 ], [ 6.1266883, 52.722597099084233 ], [ 6.1269756, 52.72222449908422 ], [ 6.1271917, 52.721955199084221 ], [ 6.1272107, 52.721929799084236 ], [ 6.1273756, 52.721711399084207 ], [ 6.1276731, 52.721326399084226 ], [ 6.1279359, 52.720929899084226 ], [ 6.1280154, 52.720820399084225 ], [ 6.1281227, 52.720656499084207 ], [ 6.1281435, 52.720565599084232 ], [ 6.1279435, 52.720318499084236 ], [ 6.1281734, 52.720053999084222 ], [ 6.1282443, 52.719974899084228 ], [ 6.1286579, 52.719746899084221 ], [ 6.1290794, 52.71953059908423 ], [ 6.1291517, 52.71949829908425 ], [ 6.1291885, 52.719493799084233 ], [ 6.1292218, 52.71949469908423 ], [ 6.1295818, 52.719607999084225 ], [ 6.1296039, 52.71958859908424 ], [ 6.1296266, 52.719563199084241 ], [ 6.1296992, 52.719444299084238 ], [ 6.1296912, 52.719406999084207 ], [ 6.1296614, 52.719366699084233 ], [ 6.1296466, 52.719330399084228 ], [ 6.1297508, 52.719080499084221 ], [ 6.1298878, 52.718988699084235 ], [ 6.13001, 52.718910699084248 ], [ 6.1300891, 52.71885449908423 ], [ 6.1301303, 52.718811599084212 ], [ 6.1301751, 52.718762699084223 ], [ 6.1303295, 52.718636199084237 ], [ 6.1304536, 52.718596399084248 ], [ 6.1305649, 52.718443999084229 ], [ 6.1305826, 52.718400099084228 ], [ 6.1305146, 52.718364199084228 ], [ 6.1304447, 52.718333499084238 ], [ 6.1304128, 52.718322199084241 ], [ 6.130376, 52.718317399084214 ], [ 6.130297, 52.718330799084228 ], [ 6.130163, 52.718325999084257 ], [ 6.1300143, 52.718304599084249 ], [ 6.1299549, 52.718275499084243 ], [ 6.129941, 52.718251599084255 ], [ 6.1299352, 52.718220799084229 ], [ 6.1300604, 52.717912799084239 ], [ 6.1300882, 52.717841899084235 ], [ 6.1301733, 52.71766699908423 ], [ 6.1302267, 52.717549799084253 ], [ 6.1302449, 52.717526299084241 ], [ 6.1302704, 52.717508999084252 ], [ 6.130413, 52.717444199084234 ], [ 6.1304892, 52.71741009908424 ], [ 6.1305268, 52.717386699084244 ], [ 6.1305236, 52.717350399084253 ], [ 6.1304925, 52.717316199084244 ], [ 6.1304585, 52.717296699084251 ], [ 6.1302828, 52.717225199084233 ], [ 6.1302442, 52.717191199084255 ], [ 6.1302254, 52.717137999084244 ], [ 6.1302529, 52.71708499908425 ], [ 6.1303261, 52.716988899084249 ], [ 6.1301692, 52.716930899084247 ], [ 6.1302197, 52.716858899084244 ], [ 6.1305661, 52.716343299084258 ], [ 6.1307977, 52.716004199084239 ], [ 6.1308658, 52.715897099084231 ], [ 6.130819, 52.715860199084254 ], [ 6.1305374, 52.715762399084269 ], [ 6.1305061, 52.715737399084247 ], [ 6.1305113, 52.715701599084248 ], [ 6.1306749, 52.715498299084253 ], [ 6.130675, 52.715483699084253 ], [ 6.1306651, 52.715472099084259 ], [ 6.1306081, 52.71546969908426 ], [ 6.1304572, 52.715482999084252 ], [ 6.1302243, 52.715449199084269 ], [ 6.1299636, 52.715405799084245 ], [ 6.1299256, 52.715388599084243 ], [ 6.1299166, 52.715361199084242 ], [ 6.1301976, 52.71492529908425 ], [ 6.1302034, 52.714886599084245 ], [ 6.1301489, 52.71486839908426 ], [ 6.1299081, 52.714808399084248 ], [ 6.1287102, 52.714526899084262 ], [ 6.1284132, 52.714455699084276 ], [ 6.1277209, 52.714297999084259 ], [ 6.1263112, 52.713978799084266 ], [ 6.1235611, 52.713489399084288 ], [ 6.1235246, 52.713451999084263 ], [ 6.1232743, 52.713201299084268 ], [ 6.1231215, 52.713035999084262 ], [ 6.1229509, 52.712847199084266 ], [ 6.1228571, 52.712756699084267 ], [ 6.1227597, 52.712684899084266 ], [ 6.1226666, 52.712636599084277 ], [ 6.1225039, 52.712569599084283 ], [ 6.1222255, 52.712475799084267 ], [ 6.1220279, 52.712399499084263 ], [ 6.1218614, 52.712333099084269 ], [ 6.1217607, 52.712279799084286 ], [ 6.1216441, 52.712222099084286 ], [ 6.1215048, 52.712162299084284 ], [ 6.1213113, 52.712095499084271 ], [ 6.1211909, 52.712033299084268 ], [ 6.1211055, 52.711984999084265 ], [ 6.1210162, 52.711929399084276 ], [ 6.1209536, 52.711866299084271 ], [ 6.1208366, 52.711766999084283 ], [ 6.1206688, 52.711632099084277 ], [ 6.1205872, 52.711581499084282 ], [ 6.1205462, 52.711546299084283 ], [ 6.1204259, 52.711474599084276 ], [ 6.1203172, 52.711421899084264 ], [ 6.1202088, 52.71137819908428 ], [ 6.120116, 52.711346199084275 ], [ 6.1199075, 52.71129579908429 ], [ 6.1197977, 52.711274499084276 ], [ 6.1196295, 52.711238999084273 ], [ 6.1194946, 52.711221299084272 ], [ 6.1194326, 52.71122169908427 ], [ 6.119419, 52.711210599084282 ], [ 6.1191552, 52.711140299084278 ], [ 6.1191406, 52.711138099084266 ], [ 6.1191139, 52.711102299084274 ], [ 6.1189106, 52.711034499084278 ], [ 6.1188841, 52.710999799084298 ], [ 6.1189294, 52.710925899084266 ], [ 6.1190215, 52.710783899084255 ], [ 6.1193191, 52.710320199084272 ], [ 6.1190324, 52.71025179908429 ], [ 6.1190319, 52.710219699084277 ], [ 6.1190189, 52.710219799084264 ], [ 6.118972, 52.710287499084288 ], [ 6.118661, 52.710237199084283 ], [ 6.1185892, 52.710225799084263 ], [ 6.1185972, 52.710206699084274 ], [ 6.1184841, 52.710179799084273 ], [ 6.1183739, 52.710155799084284 ], [ 6.1179731, 52.710066699084273 ], [ 6.1172552, 52.709908199084275 ], [ 6.117202, 52.709895599084284 ], [ 6.1166605, 52.709769699084276 ], [ 6.1167195, 52.70967719908429 ], [ 6.1161137, 52.709594399084281 ], [ 6.1159647, 52.709574499084283 ], [ 6.1155277, 52.709478899084267 ], [ 6.1154555, 52.709462999084295 ], [ 6.1153618, 52.709442799084265 ], [ 6.1142056, 52.709190299084284 ], [ 6.1139608, 52.709586699084277 ], [ 6.1134819, 52.709476699084277 ], [ 6.1122601, 52.709196599084294 ], [ 6.1122258, 52.709249599084288 ], [ 6.1120756, 52.709480799084304 ], [ 6.1117855, 52.709428599084291 ], [ 6.1114987, 52.70935289908428 ], [ 6.111325, 52.709661199084294 ], [ 6.1111606, 52.70961839908427 ], [ 6.1110921, 52.709617099084277 ], [ 6.1107382, 52.710270299084272 ], [ 6.1106318, 52.710449599084285 ], [ 6.110537, 52.710450199084278 ], [ 6.1105019, 52.710534699084285 ], [ 6.1102021, 52.710471299084283 ], [ 6.1101838, 52.710503499084275 ], [ 6.1097232, 52.710418099084279 ], [ 6.1096509, 52.710477999084304 ], [ 6.1095298, 52.710527099084281 ], [ 6.1094083, 52.710560999084279 ], [ 6.1093273, 52.710568799084264 ], [ 6.1092843, 52.710557799084292 ], [ 6.108988, 52.710479799084297 ], [ 6.1089366, 52.710466099084265 ], [ 6.1086215, 52.710383699084304 ], [ 6.1084164, 52.710329899084272 ], [ 6.1082714, 52.710285299084283 ], [ 6.1082709, 52.710384099084258 ], [ 6.1081927, 52.710536299084275 ], [ 6.1081526, 52.710643299084282 ], [ 6.1081054, 52.71072279908428 ], [ 6.1080287, 52.710814199084268 ], [ 6.1079826, 52.710881399084272 ], [ 6.1079532, 52.710930999084283 ], [ 6.1079435, 52.710950699084272 ], [ 6.107925, 52.710989599084286 ], [ 6.1078361, 52.71098279908427 ], [ 6.1076949, 52.710960099084289 ], [ 6.1075472, 52.71092219908428 ], [ 6.1073542, 52.710857599084285 ], [ 6.1071733, 52.710771699084269 ], [ 6.1066429, 52.710941699084273 ], [ 6.1062751, 52.710879299084283 ], [ 6.1058207, 52.710804499084276 ], [ 6.1056228, 52.710850099084261 ], [ 6.1054778, 52.71082289908427 ], [ 6.1053781, 52.710808299084256 ], [ 6.1049505, 52.710859199084283 ], [ 6.1047925, 52.71084439908428 ], [ 6.1045402, 52.71099759908428 ], [ 6.1043522, 52.711023499084284 ], [ 6.1042248, 52.711015199084287 ], [ 6.1040257, 52.711259699084273 ], [ 6.1037018, 52.711739099084298 ], [ 6.1035434, 52.711711999084287 ], [ 6.1034174, 52.711786899084245 ], [ 6.1032486, 52.711744699084271 ], [ 6.1029522, 52.711690799084273 ], [ 6.1027025, 52.711679999084275 ], [ 6.1016568, 52.711452499084281 ], [ 6.1016728, 52.711424899084264 ], [ 6.101547, 52.711422799084261 ], [ 6.1011715, 52.711952899084274 ], [ 6.1002852, 52.711674499084282 ], [ 6.0989242, 52.713753799084252 ], [ 6.097812, 52.715504699084235 ], [ 6.0979126, 52.715533299084257 ], [ 6.097896, 52.715583399084238 ], [ 6.097989, 52.715686199084253 ], [ 6.098073, 52.715759899084254 ], [ 6.098226, 52.715798299084248 ], [ 6.0983826, 52.715800099084262 ], [ 6.0986339, 52.715722799084269 ], [ 6.0990111, 52.715637999084251 ], [ 6.098621, 52.715952099084248 ], [ 6.0984148, 52.716117899084267 ], [ 6.0983161, 52.716188699084249 ], [ 6.0982375, 52.716221199084238 ], [ 6.098122, 52.716244399084246 ], [ 6.0980033, 52.716227699084243 ], [ 6.0979004, 52.716213699084243 ], [ 6.0975228, 52.716299099084253 ], [ 6.0973122, 52.716293599084253 ], [ 6.0971882, 52.716491999084248 ], [ 6.0971016, 52.716630799084257 ], [ 6.0970494, 52.716643999084248 ], [ 6.0969902, 52.716574099084255 ], [ 6.0969676, 52.716480999084254 ], [ 6.0969662, 52.716391699084255 ], [ 6.0968873, 52.716392199084261 ], [ 6.0968383, 52.716389099084267 ], [ 6.0967962, 52.716391599084247 ], [ 6.0966734, 52.716265299084263 ], [ 6.0966173, 52.716182499084269 ], [ 6.0966378, 52.71609249908424 ], [ 6.0969205, 52.715923999084254 ], [ 6.0971872, 52.715438699084253 ], [ 6.0970219, 52.715399799084246 ], [ 6.096669, 52.71598899908426 ], [ 6.0964826, 52.71600639908425 ], [ 6.0963071, 52.716017499084259 ], [ 6.0962243, 52.715988299084245 ], [ 6.0961787, 52.71588849908423 ], [ 6.0960692, 52.715895399084246 ], [ 6.0960591, 52.715955499084259 ], [ 6.0960821, 52.71602219908425 ], [ 6.0961545, 52.716078599084248 ], [ 6.0962751, 52.71607449908425 ], [ 6.0964014, 52.716073699084255 ], [ 6.0964513, 52.716099799084255 ], [ 6.0965069, 52.716146099084249 ], [ 6.0965241, 52.716199399084253 ], [ 6.0964922, 52.716256299084222 ], [ 6.0964039, 52.716298999084252 ], [ 6.0963006, 52.716307999084243 ], [ 6.0961902, 52.716285599084244 ], [ 6.0960867, 52.71628009908423 ], [ 6.0959525, 52.716291499084242 ], [ 6.0959042, 52.71629179908426 ], [ 6.0958833, 52.716272799084237 ], [ 6.0958913, 52.716119999084256 ], [ 6.0958077, 52.716072699084258 ], [ 6.0957206, 52.716223799084254 ], [ 6.0956488, 52.716255699084265 ], [ 6.0956182, 52.71627999908425 ], [ 6.0955892, 52.71630769908424 ], [ 6.0955586, 52.716331499084241 ], [ 6.0954737, 52.716384299084254 ], [ 6.0953722, 52.716389399084242 ], [ 6.0952008, 52.716385899084251 ], [ 6.0950207, 52.716344299084248 ], [ 6.0948557, 52.716264299084258 ], [ 6.0946655, 52.716071699084246 ], [ 6.0947633, 52.716331199084252 ], [ 6.0947804, 52.716430499084254 ], [ 6.094758, 52.716487899084242 ], [ 6.0946961, 52.716525899084246 ], [ 6.0946344, 52.716554999084252 ], [ 6.0947358, 52.716563299084243 ], [ 6.0947831, 52.716596199084258 ], [ 6.0948069, 52.716624699084242 ], [ 6.0948079, 52.716690999084236 ], [ 6.0947788, 52.716804699084257 ], [ 6.0947177, 52.716890399084249 ], [ 6.0945939, 52.716957399084237 ], [ 6.0944927, 52.716980499084258 ], [ 6.0943485, 52.717012199084238 ], [ 6.0941472, 52.717076899084262 ], [ 6.0941479, 52.717121299084248 ], [ 6.0944361, 52.717141499084249 ], [ 6.0945161, 52.717153399084246 ], [ 6.0945593, 52.717176699084249 ], [ 6.0945701, 52.717203599084243 ], [ 6.0946184, 52.717199999084237 ], [ 6.0946807, 52.717218699084221 ], [ 6.0947362, 52.717247599084232 ], [ 6.0948065, 52.717336999084246 ], [ 6.0948949, 52.717480899084251 ], [ 6.0949654, 52.717580999084262 ], [ 6.0950503, 52.717712499084236 ], [ 6.0950496, 52.717740599084259 ], [ 6.095035, 52.717765999084243 ], [ 6.0950166, 52.717798699084248 ], [ 6.0949351, 52.71782389908423 ], [ 6.0948332, 52.71783289908425 ], [ 6.0946912, 52.717816899084255 ], [ 6.0946092, 52.717808399084241 ], [ 6.0943971, 52.717809699084228 ], [ 6.0941997, 52.71781589908425 ], [ 6.0940168, 52.717832699084241 ], [ 6.0938603, 52.717849899084229 ], [ 6.0937358, 52.717875399084228 ], [ 6.093983, 52.71788459908425 ], [ 6.0941199, 52.717911899084243 ], [ 6.0942942, 52.717910799084237 ], [ 6.0945118, 52.717895499084236 ], [ 6.0946306, 52.71787509908426 ], [ 6.0947004, 52.717883699084247 ], [ 6.0947432, 52.717913199084236 ], [ 6.0947517, 52.717994599084236 ], [ 6.0947831, 52.718021399084236 ], [ 6.0948488, 52.718037899084244 ], [ 6.0949211, 52.718035199084241 ], [ 6.0949658, 52.71802259908425 ], [ 6.0949893, 52.717988699084231 ], [ 6.0950199, 52.717963799084231 ], [ 6.0950817, 52.717952799084237 ], [ 6.0951059, 52.717961099084242 ], [ 6.0951275, 52.718010899084241 ], [ 6.0951451, 52.718039999084247 ], [ 6.0951631, 52.718078099084252 ], [ 6.0951426, 52.718100699084204 ], [ 6.0950947, 52.718111699084268 ], [ 6.0950119, 52.718109899084233 ], [ 6.0949188, 52.718104299084231 ], [ 6.0948358, 52.718090199084237 ], [ 6.094739, 52.718067699084237 ], [ 6.0946115, 52.718064599084236 ], [ 6.0944152, 52.718067399084241 ], [ 6.0943774, 52.718076099084236 ], [ 6.0943502, 52.718095299084247 ], [ 6.0943438, 52.71813299908424 ], [ 6.094365, 52.718182299084255 ], [ 6.0949111, 52.718175099084249 ], [ 6.0949188, 52.718294199084241 ], [ 6.0946015, 52.718305599084232 ], [ 6.0945346, 52.71842059908424 ], [ 6.0946551, 52.718417599084255 ], [ 6.0948133, 52.718402099084244 ], [ 6.0949365, 52.718342899084249 ], [ 6.0950293, 52.718333999084237 ], [ 6.0950426, 52.718313099084249 ], [ 6.0950624, 52.718247799084246 ], [ 6.0951033, 52.718214399084232 ], [ 6.0951785, 52.718188699084251 ], [ 6.0952542, 52.718182099084245 ], [ 6.0953095, 52.718198599084253 ], [ 6.0954247, 52.71828559908424 ], [ 6.0955102, 52.718352999084239 ], [ 6.0955386, 52.718403399084252 ], [ 6.0955944, 52.718438499084236 ], [ 6.0956984, 52.718492299084232 ], [ 6.0957786, 52.718546399084254 ], [ 6.0958662, 52.718625099084235 ], [ 6.0959395, 52.718699899084235 ], [ 6.0960302, 52.718758299084222 ], [ 6.096107, 52.718830899084246 ], [ 6.0962344, 52.719031299084222 ], [ 6.0962597, 52.719108099084224 ], [ 6.0963119, 52.719145399084255 ], [ 6.0963815, 52.719184899084226 ], [ 6.0964063, 52.719220699084225 ], [ 6.0965274, 52.71925759908423 ], [ 6.0966826, 52.719271299084241 ], [ 6.0968414, 52.719278799084236 ], [ 6.0968511, 52.719452299084232 ], [ 6.0966827, 52.719477999084226 ], [ 6.0965107, 52.719498099084227 ], [ 6.0964421, 52.719517599084213 ], [ 6.09635, 52.719570399084212 ], [ 6.0962491, 52.719609199084239 ], [ 6.0960658, 52.71953059908423 ], [ 6.0960326, 52.719550999084241 ], [ 6.0960079, 52.719553399084226 ], [ 6.0961341, 52.719696399084221 ], [ 6.0959261, 52.719787499084234 ], [ 6.095892, 52.719810199084215 ], [ 6.0958196, 52.719812899084246 ], [ 6.0957575, 52.719803199084247 ], [ 6.0957192, 52.719781999084233 ], [ 6.0956163, 52.719799499084225 ], [ 6.0953761, 52.71986159908424 ], [ 6.0953864, 52.719867699084233 ], [ 6.0956794, 52.719868199084225 ], [ 6.0956802, 52.71991819908424 ], [ 6.0956116, 52.719935499084222 ], [ 6.0954637, 52.719961599084243 ], [ 6.0953953, 52.719991199084234 ], [ 6.0953444, 52.720031399084256 ], [ 6.0953485, 52.720075199084221 ], [ 6.095421, 52.72009389908424 ], [ 6.0954796, 52.720085099084223 ], [ 6.0955136, 52.720055699084234 ], [ 6.0955472, 52.720000999084228 ], [ 6.0955984, 52.719977699084225 ], [ 6.0956397, 52.719972899084226 ], [ 6.0956605, 52.719987399084239 ], [ 6.0956371, 52.720023499084235 ], [ 6.0955792, 52.720061499084238 ], [ 6.0955014, 52.720157999084236 ], [ 6.095452, 52.720296499084256 ], [ 6.0954189, 52.720378199084237 ], [ 6.095447, 52.720415599084234 ], [ 6.0954885, 52.720423799084223 ], [ 6.09564, 52.720422899084213 ], [ 6.0957366, 52.720430799084234 ], [ 6.0957714, 52.720451299084225 ], [ 6.0958216, 52.720566199084217 ], [ 6.0958367, 52.720658199084234 ], [ 6.0958551, 52.720721099084237 ], [ 6.0958558, 52.72076709908422 ], [ 6.0958395, 52.720834099084222 ], [ 6.0957648, 52.720886699084225 ], [ 6.0956685, 52.72090189908424 ], [ 6.0955308, 52.720907199084223 ], [ 6.0955064, 52.720903999084214 ], [ 6.0955382, 52.720954399084214 ], [ 6.0955598, 52.721000299084217 ], [ 6.0955467, 52.721050399084213 ], [ 6.0954993, 52.721092199084232 ], [ 6.0954409, 52.721113899084223 ], [ 6.0952379, 52.721135899084238 ], [ 6.0950695, 52.721159999084222 ], [ 6.0948218, 52.721173799084234 ], [ 6.0948238, 52.72130299908423 ], [ 6.0950902, 52.721339599084239 ], [ 6.0953612, 52.721419999084212 ], [ 6.0954831, 52.721464199084231 ], [ 6.0955446, 52.721508799084226 ], [ 6.0956481, 52.721655899084226 ], [ 6.0956974, 52.72178649908421 ], [ 6.0957126, 52.721897099084224 ], [ 6.0956797, 52.721950699084218 ], [ 6.0955899, 52.721978199084241 ], [ 6.095701, 52.7220117990842 ], [ 6.0957961, 52.722056199084221 ], [ 6.0958316, 52.722166599084218 ], [ 6.0958474, 52.722313699084239 ], [ 6.0958277, 52.722338499084223 ], [ 6.0957876, 52.722359599084214 ], [ 6.0957201, 52.722367799084225 ], [ 6.095646, 52.722360399084224 ], [ 6.0955787, 52.722372599084224 ], [ 6.0955722, 52.722389499084208 ], [ 6.0955456, 52.722418299084211 ], [ 6.0955839, 52.722435999084205 ], [ 6.0956165, 52.722463899084232 ], [ 6.095658, 52.722484999084223 ], [ 6.0956992, 52.722492099084221 ], [ 6.0957231, 52.72250599908422 ], [ 6.0957354, 52.722537899084216 ], [ 6.0957181, 52.722573999084211 ], [ 6.0957013, 52.722616799084228 ], [ 6.0956195, 52.722653199084228 ], [ 6.0955432, 52.722667699084219 ], [ 6.0954375, 52.722682999084221 ], [ 6.0953556, 52.722712099084212 ], [ 6.0953683, 52.722768799084228 ], [ 6.0952949, 52.722794499084223 ], [ 6.0952403, 52.722891399084219 ], [ 6.0952392, 52.722895899084222 ], [ 6.0952617, 52.722912599084239 ], [ 6.0952739, 52.722937299084208 ], [ 6.0952741, 52.722951899084222 ], [ 6.0952551, 52.722994699084239 ], [ 6.0952344, 52.72304139908421 ], [ 6.095216, 52.723179199084207 ], [ 6.0952678, 52.723318799084225 ], [ 6.0953148, 52.723435899084208 ], [ 6.0953112, 52.723461199084213 ], [ 6.0952786, 52.723491199084222 ], [ 6.0953287, 52.723528499084203 ], [ 6.0953665, 52.723578299084217 ], [ 6.0953724, 52.723685499084212 ], [ 6.0953445, 52.723748099084219 ], [ 6.0953631, 52.723781599084212 ], [ 6.0953869, 52.723825299084211 ], [ 6.0953835, 52.723867999084227 ], [ 6.095388, 52.723893299084224 ], [ 6.0954588, 52.723937799084226 ], [ 6.0954715, 52.723965299084227 ], [ 6.095468, 52.72400239908422 ], [ 6.0954233, 52.724027899084206 ], [ 6.0953495, 52.724058099084225 ], [ 6.0952353, 52.724116699084192 ], [ 6.0951783, 52.72415409908421 ], [ 6.0951494, 52.724154199084197 ], [ 6.0951287, 52.72414709908422 ], [ 6.0951117, 52.724112299084197 ], [ 6.0950949, 52.724092199084197 ], [ 6.0950699, 52.724072699084232 ], [ 6.0950454, 52.724072799084219 ], [ 6.0950166, 52.724082599084205 ], [ 6.0947772, 52.724296899084209 ], [ 6.0947409, 52.724340399084213 ], [ 6.0947061, 52.724364199084199 ], [ 6.0947246, 52.724406699084206 ], [ 6.0947253, 52.724449999084207 ], [ 6.0946907, 52.724500199084225 ], [ 6.0946094, 52.724568099084223 ], [ 6.0945167, 52.724586599084226 ], [ 6.0945089, 52.724689999084205 ], [ 6.0945296, 52.72472589908422 ], [ 6.094713, 52.724829399084207 ], [ 6.0944167, 52.724951199084209 ], [ 6.0944055, 52.725007999084198 ], [ 6.0943818, 52.725099199084212 ], [ 6.094362, 52.725191399084231 ], [ 6.0943162, 52.725309099084221 ], [ 6.0942868, 52.725336199084211 ], [ 6.0942158, 52.725407399084204 ], [ 6.094222, 52.725474799084203 ], [ 6.0941579, 52.725663399084205 ], [ 6.0941048, 52.725895699084212 ], [ 6.0940936, 52.725992399084205 ], [ 6.09406, 52.726134199084221 ], [ 6.0940494, 52.726207299084223 ], [ 6.0940176, 52.726260299084217 ], [ 6.094001, 52.726377799084219 ], [ 6.0944805, 52.726402999084215 ], [ 6.0945263, 52.726375799084202 ], [ 6.0945287, 52.726339799084208 ], [ 6.0946819, 52.726257399084197 ], [ 6.0948544, 52.726261999084215 ], [ 6.0949316, 52.726263799084201 ], [ 6.0950179, 52.726318899084205 ], [ 6.0950723, 52.72635399908421 ], [ 6.0950616, 52.726506299084207 ], [ 6.0950149, 52.726533499084205 ], [ 6.0949101, 52.726593699084212 ], [ 6.0948439, 52.726592399084204 ], [ 6.0946641, 52.726587299084201 ], [ 6.0946122, 52.726854999084203 ], [ 6.0945955, 52.726935399084205 ], [ 6.0944324, 52.726935799084202 ], [ 6.0944139, 52.727011799084224 ], [ 6.0944997, 52.727023599084212 ], [ 6.094475, 52.727123799084225 ], [ 6.0941268, 52.72713709908421 ], [ 6.0940827, 52.727183399084204 ], [ 6.0940529, 52.727258899084219 ], [ 6.0940432, 52.72730269908422 ], [ 6.0941043, 52.727404599084203 ], [ 6.0940912, 52.727443399084208 ], [ 6.0939302, 52.727438799084204 ], [ 6.0937208, 52.727611399084189 ], [ 6.0936537, 52.727722999084214 ], [ 6.0936218, 52.727886099084195 ], [ 6.0936135, 52.72800349908421 ], [ 6.0935643, 52.728194299084194 ], [ 6.0935405, 52.728265199084206 ], [ 6.0934788, 52.7284166990842 ], [ 6.0934241, 52.72865349908421 ], [ 6.0934073, 52.728907499084208 ], [ 6.0934096, 52.7289602990842 ], [ 6.0934131, 52.729051899084197 ], [ 6.0934181, 52.729088899084203 ], [ 6.0934085, 52.729182799084199 ], [ 6.0933912, 52.729269899084194 ], [ 6.0933918, 52.72931089908419 ], [ 6.0933616, 52.729359999084181 ], [ 6.0933126, 52.729401899084195 ], [ 6.0932765, 52.729473999084192 ], [ 6.0932672, 52.729658899084178 ], [ 6.0932929, 52.729718799084189 ], [ 6.0933682, 52.729771199084198 ], [ 6.0934559, 52.729812199084193 ], [ 6.0934449, 52.729822399084213 ], [ 6.0936392, 52.729931399084208 ], [ 6.093644, 52.729931899084193 ], [ 6.0936627, 52.729942999084201 ], [ 6.0936692, 52.729958099084179 ], [ 6.0936448, 52.72998079908421 ], [ 6.0934092, 52.730004599084204 ], [ 6.0933229, 52.730042799084217 ], [ 6.0932682, 52.730111099084212 ], [ 6.09331, 52.730126999084199 ], [ 6.0932972, 52.730157699084188 ], [ 6.093319, 52.730195899084208 ], [ 6.0933383, 52.730262999084196 ], [ 6.0933133, 52.730453099084194 ], [ 6.0933153, 52.730507399084196 ], [ 6.0933724, 52.730591299084196 ], [ 6.0935024, 52.730651799084193 ], [ 6.0935321, 52.73066559908419 ], [ 6.0934247, 52.730722499084187 ], [ 6.0932068, 52.730781399084194 ], [ 6.0928266, 52.730871899084192 ], [ 6.0923222, 52.730945999084192 ], [ 6.0919846, 52.731011299084187 ], [ 6.0917422, 52.73103069908418 ], [ 6.0914994, 52.731039399084189 ], [ 6.0909678, 52.731071399084193 ], [ 6.0907622, 52.731061799084181 ], [ 6.090657, 52.731464599084191 ], [ 6.0906123, 52.732012599084179 ], [ 6.0905681, 52.732275199084185 ], [ 6.0904599, 52.73279829908418 ], [ 6.0904342, 52.733012999084202 ], [ 6.0903844, 52.733244699084182 ], [ 6.0903401, 52.733465199084165 ], [ 6.0902674, 52.733794299084181 ], [ 6.0902226, 52.734049599084187 ], [ 6.0902194, 52.734080499084186 ], [ 6.0902016, 52.734256999084181 ], [ 6.0901858, 52.734498599084176 ], [ 6.0901703, 52.735044199084157 ], [ 6.0901823, 52.735494699084171 ], [ 6.0901869, 52.735781699084157 ], [ 6.0902488, 52.735816699084168 ], [ 6.0903839, 52.735870399084185 ], [ 6.0905232, 52.735875799084162 ], [ 6.0906528, 52.735890199084174 ], [ 6.0910715, 52.735960199084175 ], [ 6.0915249, 52.736026599084191 ], [ 6.091585, 52.736050399084192 ], [ 6.0916304, 52.736080499084181 ], [ 6.0917197, 52.736082699084172 ], [ 6.0917447, 52.736082599084178 ], [ 6.0918244, 52.736088299084159 ], [ 6.0918893, 52.736109299084177 ], [ 6.0919691, 52.736120599084174 ], [ 6.0921635, 52.736155999084176 ], [ 6.0924711, 52.73620469908419 ], [ 6.0923787, 52.736415299084179 ], [ 6.0923789, 52.736427099084175 ], [ 6.0922494, 52.736777299084203 ], [ 6.0921844, 52.736941699084191 ], [ 6.0920661, 52.737308099084181 ], [ 6.091989, 52.737396199084174 ], [ 6.091922, 52.737450299084152 ], [ 6.0918339, 52.737516199084162 ], [ 6.0918009, 52.737512499084168 ], [ 6.0916696, 52.73760649908418 ], [ 6.0916866, 52.737899099084181 ], [ 6.0916944, 52.738125399084176 ], [ 6.0916923, 52.738252999084175 ], [ 6.0916937, 52.738342299084159 ], [ 6.0917139, 52.738578699084165 ], [ 6.0917226, 52.738618499084176 ], [ 6.0917687, 52.73867549908416 ], [ 6.0917746, 52.738784999084181 ], [ 6.0917941, 52.738959599084176 ], [ 6.091799, 52.73902139908418 ], [ 6.0918269, 52.739230799084176 ], [ 6.0918613, 52.73932659908418 ], [ 6.091883, 52.739401199084178 ], [ 6.0918848, 52.739512999084177 ], [ 6.0918362, 52.739553199084177 ], [ 6.0918367, 52.739585699084174 ], [ 6.0918618, 52.739620399084174 ], [ 6.0918684, 52.739931599084166 ], [ 6.0918853, 52.740058499084171 ], [ 6.0918692, 52.740083299084169 ], [ 6.0918707, 52.740173099084153 ], [ 6.0918684, 52.740289999084183 ], [ 6.0918474, 52.740514299084161 ], [ 6.0918269, 52.74086489908418 ], [ 6.0918225, 52.740939099084173 ], [ 6.0918202, 52.74098119908416 ], [ 6.0917935, 52.741121299084163 ], [ 6.0917799, 52.741192099084174 ], [ 6.0917528, 52.74133499908416 ], [ 6.0917362, 52.741440099084159 ], [ 6.0917237, 52.741515999084157 ], [ 6.0916836, 52.741671899084153 ], [ 6.0916023, 52.741911699084163 ], [ 6.0915463, 52.742038999084166 ], [ 6.091524, 52.742065499084177 ], [ 6.0914924, 52.742153899084151 ], [ 6.0914994, 52.742176299084143 ], [ 6.0913973, 52.742372999084154 ], [ 6.0913742, 52.742416399084156 ], [ 6.0912378, 52.742614899084188 ], [ 6.0911089, 52.74278699908416 ], [ 6.0910133, 52.742858299084155 ], [ 6.0909709, 52.742884399084154 ], [ 6.0908371, 52.742981299084164 ], [ 6.0906152, 52.743027499084171 ], [ 6.0905733, 52.743115399084168 ], [ 6.0905024, 52.743194499084176 ], [ 6.0904742, 52.743238499084164 ], [ 6.0902959, 52.743375499084173 ], [ 6.0901659, 52.743380699084163 ], [ 6.0900719, 52.743381299084149 ], [ 6.0899627, 52.743320699084151 ], [ 6.0898686, 52.743299299084164 ], [ 6.0896979, 52.74320199908415 ], [ 6.0895161, 52.743222199084158 ], [ 6.0893339, 52.743218199084168 ], [ 6.0891828, 52.743200599084155 ], [ 6.0891123, 52.743165599084172 ], [ 6.089069, 52.743121499084161 ], [ 6.0890449, 52.743058099084152 ], [ 6.0889867, 52.743053399084168 ], [ 6.088921, 52.743065599084154 ], [ 6.0888555, 52.743079999084152 ], [ 6.088774, 52.743078299084168 ], [ 6.0887312, 52.743066699084167 ], [ 6.0886922, 52.743041099084174 ], [ 6.0886795, 52.742989499084175 ], [ 6.0886636, 52.742959299084163 ], [ 6.0886047, 52.742912399084169 ], [ 6.0885695, 52.742879499084168 ], [ 6.0885689, 52.742844599084151 ], [ 6.0885991, 52.742794999084161 ], [ 6.0886565, 52.742749799084173 ], [ 6.0887035, 52.742735399084161 ], [ 6.0887915, 52.742709099084159 ], [ 6.0888066, 52.742685399084181 ], [ 6.0887827, 52.742655199084162 ], [ 6.0887321, 52.742645999084161 ], [ 6.0886513, 52.74266999908415 ], [ 6.0885701, 52.742686799084183 ], [ 6.0884813, 52.742687299084182 ], [ 6.0884228, 52.742678099084166 ], [ 6.0883722, 52.742652599084167 ], [ 6.0883403, 52.742596599084145 ], [ 6.0883234, 52.742511799084184 ], [ 6.0882997, 52.742476599084164 ], [ 6.0882063, 52.742454099084163 ], [ 6.0880723, 52.742437999084174 ], [ 6.0880536, 52.742439799084153 ], [ 6.0879526, 52.742448299084145 ], [ 6.087914, 52.742467599084165 ], [ 6.0878796, 52.74250039908415 ], [ 6.087861, 52.74253589908416 ], [ 6.0877064, 52.742564899084165 ], [ 6.0876641, 52.742584299084164 ], [ 6.087622, 52.742614799084159 ], [ 6.0876, 52.742680699084168 ], [ 6.0875731, 52.742711699084161 ], [ 6.0875231, 52.742723799084153 ], [ 6.0872984, 52.742722299084164 ], [ 6.0872596, 52.742710799084165 ], [ 6.0872437, 52.742684999084148 ], [ 6.0872312, 52.742631199084165 ], [ 6.0871999, 52.742612799084164 ], [ 6.087071, 52.742554599084173 ], [ 6.0870396, 52.742526699084159 ], [ 6.0870387, 52.742472799084169 ], [ 6.0870614, 52.742429899084158 ], [ 6.0871107, 52.742373499084167 ], [ 6.0871179, 52.742328499084174 ], [ 6.0870979, 52.742295999084185 ], [ 6.0870315, 52.742251499084176 ], [ 6.0869533, 52.742209799084158 ], [ 6.0868597, 52.742172699084165 ], [ 6.0867891, 52.742116399084153 ], [ 6.0867259, 52.742039199084175 ], [ 6.0866789, 52.742011399084156 ], [ 6.0865895, 52.741990599084161 ], [ 6.0865433, 52.742007699084162 ], [ 6.0864549, 52.742050399084142 ], [ 6.0863892, 52.74205519908417 ], [ 6.086323, 52.74203709908415 ], [ 6.0862683, 52.742004299084165 ], [ 6.0862288, 52.74194829908415 ], [ 6.0862204, 52.741912999084164 ], [ 6.0861542, 52.74189929908416 ], [ 6.0860458, 52.741895499084166 ], [ 6.0859392, 52.741886499084167 ], [ 6.0858264, 52.741865899084146 ], [ 6.0856555, 52.741826999084175 ], [ 6.0855195, 52.741799699084183 ], [ 6.0854223, 52.741788499084159 ], [ 6.0853062, 52.741791399084164 ], [ 6.0852559, 52.741787199084165 ], [ 6.08517, 52.741752299084169 ], [ 6.0851117, 52.74173629908416 ], [ 6.0850614, 52.741733799084166 ], [ 6.08493, 52.741751399084173 ], [ 6.084868, 52.741748999084159 ], [ 6.0847823, 52.741719199084159 ], [ 6.0847199, 52.741693699084159 ], [ 6.0846418, 52.741654299084161 ], [ 6.08456, 52.741621599084155 ], [ 6.0845212, 52.741624099084184 ], [ 6.0845022, 52.741652799084164 ], [ 6.0845147, 52.741692599084175 ], [ 6.0845886, 52.741718599084159 ], [ 6.084618, 52.741755299084176 ], [ 6.0846208, 52.741794499084165 ], [ 6.0845261, 52.741901299084184 ], [ 6.0844736, 52.741905199084151 ], [ 6.0844435, 52.74189079908416 ], [ 6.0843469, 52.741811599084144 ], [ 6.0843203, 52.741814499084164 ], [ 6.084302, 52.741832899084159 ], [ 6.0842954, 52.741857299084174 ], [ 6.0843074, 52.741873599084165 ], [ 6.0843555, 52.741904199084168 ], [ 6.0846065, 52.742051999084168 ], [ 6.0846142, 52.742099199084166 ], [ 6.0845963, 52.742158499084177 ], [ 6.0845264, 52.742210299084157 ], [ 6.0844858, 52.742207899084157 ], [ 6.0844482, 52.742276099084179 ], [ 6.0845536, 52.742305499084182 ], [ 6.0846826, 52.742350999084152 ], [ 6.0846921, 52.742399599084159 ], [ 6.0846619, 52.742490799084166 ], [ 6.0846215, 52.742552999084175 ], [ 6.0845617, 52.742625699084158 ], [ 6.0845319, 52.742688099084184 ], [ 6.0845571, 52.74272559908416 ], [ 6.0846091, 52.742761799084164 ], [ 6.0846851, 52.742769299084152 ], [ 6.0850269, 52.742771399084162 ], [ 6.0851123, 52.742778999084166 ], [ 6.0852435, 52.742831499084176 ], [ 6.0858103, 52.743095099084151 ], [ 6.0859111, 52.743126699084158 ], [ 6.0859462, 52.743156099084167 ], [ 6.0860102, 52.743207099084145 ], [ 6.0860656, 52.743226299084156 ], [ 6.0861522, 52.743264799084152 ], [ 6.0861785, 52.743327799084156 ], [ 6.0861821, 52.743350599084167 ], [ 6.086219, 52.743362699084166 ], [ 6.086261, 52.743376499084171 ], [ 6.0863271, 52.743400999084159 ], [ 6.0863892, 52.743454799084169 ], [ 6.0863258, 52.743553799084168 ], [ 6.0863227, 52.74358869908415 ], [ 6.0863267, 52.743609999084157 ], [ 6.0862848, 52.743652399084162 ], [ 6.086227, 52.743666799084153 ], [ 6.0860064, 52.743679799084155 ], [ 6.0860964, 52.743722599084187 ], [ 6.0861539, 52.743755899084164 ], [ 6.0861904, 52.743781599084151 ], [ 6.0862039, 52.743815799084167 ], [ 6.0862078, 52.743843799084154 ], [ 6.0861999, 52.743871999084178 ], [ 6.0861834, 52.743898499084146 ], [ 6.0861544, 52.743936299084162 ], [ 6.0861194, 52.743961199084161 ], [ 6.0860369, 52.743965599084163 ], [ 6.0859215, 52.743958999084143 ], [ 6.0857971, 52.743934399084161 ], [ 6.085563, 52.743884099084141 ], [ 6.0853558, 52.743851099084161 ], [ 6.085217, 52.743837799084183 ], [ 6.0851459, 52.743835999084155 ], [ 6.0851086, 52.743860399084163 ], [ 6.0851142, 52.743881099084163 ], [ 6.085147, 52.743900599084149 ], [ 6.085212, 52.743904099084176 ], [ 6.0853097, 52.743915899084158 ], [ 6.0854739, 52.743939099084166 ], [ 6.0855746, 52.743959899084167 ], [ 6.0856049, 52.744002999084167 ], [ 6.0855997, 52.74404959908415 ], [ 6.0855649, 52.744089099084164 ], [ 6.0854594, 52.744132999084165 ], [ 6.085371, 52.744147599084158 ], [ 6.0851701, 52.744145399084147 ], [ 6.0849926, 52.74412109908414 ], [ 6.0848028, 52.744072299084152 ], [ 6.0843645, 52.743984899084161 ], [ 6.0842521, 52.743974899084172 ], [ 6.0841222, 52.743986299084163 ], [ 6.0843354, 52.744021099084165 ], [ 6.0844897, 52.744056099084162 ], [ 6.0846143, 52.744091299084161 ], [ 6.0848275, 52.74414349908416 ], [ 6.085041, 52.744192799084146 ], [ 6.0851416, 52.744206199084175 ], [ 6.0851743, 52.744207099084164 ], [ 6.0852597, 52.744209499084157 ], [ 6.0856842, 52.744274399084169 ], [ 6.0857747, 52.744288499084156 ], [ 6.085982, 52.744326599084168 ], [ 6.0861322, 52.744385799084164 ], [ 6.0862242, 52.744467799084156 ], [ 6.0863536, 52.744574899084157 ], [ 6.0864717, 52.744682699084152 ], [ 6.0865897, 52.74479709908416 ], [ 6.0866991, 52.744864499084166 ], [ 6.0868202, 52.744924999084141 ], [ 6.0871295, 52.745120899084156 ], [ 6.0872837, 52.745200899084153 ], [ 6.0874316, 52.745247199084183 ], [ 6.0875561, 52.745288599084176 ], [ 6.0876694, 52.745339599084168 ], [ 6.0877822, 52.745404099084155 ], [ 6.0878897, 52.74547199908416 ], [ 6.088021, 52.745550499084153 ], [ 6.0881225, 52.745599899084162 ], [ 6.0882118, 52.745638699084139 ], [ 6.0883723, 52.745691699084155 ], [ 6.0885809, 52.74579829908415 ], [ 6.0886587, 52.745847799084153 ], [ 6.0886742, 52.745947699084155 ], [ 6.0886286, 52.746048599084162 ], [ 6.0885731, 52.746125899084163 ], [ 6.0885463, 52.746229399084136 ], [ 6.0885349, 52.74625419908417 ], [ 6.0884787, 52.746282599084125 ], [ 6.0883609, 52.746301199084158 ], [ 6.0878322, 52.746304899084144 ], [ 6.0878215, 52.746303299084182 ], [ 6.0874022, 52.746389999084151 ], [ 6.0861128, 52.746544699084147 ], [ 6.0860296, 52.746553699084167 ], [ 6.0858008, 52.746573499084164 ], [ 6.0857992, 52.746572399084137 ], [ 6.0857006, 52.746658999084183 ], [ 6.0856353, 52.746671699084153 ], [ 6.0856001, 52.746700499084163 ], [ 6.0854516, 52.74702439908414 ], [ 6.085366, 52.747218699084144 ], [ 6.0853004, 52.747413999084138 ], [ 6.0852078, 52.747686499084161 ], [ 6.0851029, 52.747976399084131 ], [ 6.0850889, 52.748015799084158 ], [ 6.0850432, 52.748119999084153 ], [ 6.0850389, 52.748217199084152 ], [ 6.0850162, 52.748285299084159 ], [ 6.0850169, 52.748331899084171 ], [ 6.0850193, 52.748335299084147 ], [ 6.0849599, 52.748461499084158 ], [ 6.0848676, 52.748605799084153 ], [ 6.0847413, 52.748843599084161 ], [ 6.0846372, 52.748994799084144 ], [ 6.0844404, 52.749264999084176 ], [ 6.0843828, 52.749353499084158 ], [ 6.0842156, 52.749626999084157 ], [ 6.0841641, 52.749693599084175 ], [ 6.0840597, 52.749868899084156 ], [ 6.0840036, 52.749977599084154 ], [ 6.083823, 52.750338799084162 ], [ 6.0837616, 52.75046269908416 ], [ 6.0836047, 52.750815799084172 ], [ 6.0834993, 52.751075999084151 ], [ 6.083448, 52.751194799084161 ], [ 6.0834031, 52.751356899084151 ], [ 6.0833803, 52.75140759908416 ], [ 6.0833357, 52.751576299084157 ], [ 6.0833207, 52.751748899084141 ], [ 6.083318, 52.751949499084162 ], [ 6.0833033, 52.752145599084137 ], [ 6.0832832, 52.75236819908416 ], [ 6.0832852, 52.752404099084131 ], [ 6.0832913, 52.752511899084148 ], [ 6.0833055, 52.752662399084144 ], [ 6.0833487, 52.752776699084158 ], [ 6.0834035, 52.752870199084136 ], [ 6.0834535, 52.753031199084148 ], [ 6.0834915, 52.753199999084146 ], [ 6.0835356, 52.753364899084147 ], [ 6.0835612, 52.753491699084137 ], [ 6.0836565, 52.75390799908417 ], [ 6.0837184, 52.754076199084167 ], [ 6.0838681, 52.75442299908417 ], [ 6.0838946, 52.754518399084141 ], [ 6.0839012, 52.754541899084145 ], [ 6.0839074, 52.754655399084164 ], [ 6.0839092, 52.754765999084142 ], [ 6.0839459, 52.75483379908416 ], [ 6.0839557, 52.754840999084145 ], [ 6.0839221, 52.755009699084155 ], [ 6.083869, 52.755034199084143 ], [ 6.0837854, 52.755104899084138 ], [ 6.0837244, 52.75518619908415 ], [ 6.0836855, 52.755256599084149 ], [ 6.0835854, 52.755411699084156 ], [ 6.0835356, 52.755499599084146 ], [ 6.0834644, 52.75556409908414 ], [ 6.083463, 52.755565199084167 ], [ 6.0834224, 52.755676099084155 ], [ 6.0834139, 52.755676699084155 ], [ 6.0833786, 52.755702199084155 ], [ 6.0833093, 52.755827299084153 ], [ 6.0832443, 52.755869299084146 ], [ 6.0831707, 52.755884299084158 ], [ 6.0830419, 52.755879999084151 ], [ 6.0828724, 52.755847299084166 ], [ 6.0829451, 52.756051299084163 ] ] ] ] } }
]
}
